Evidence_ID,Title,DOI,PMID,PMCID,Year,Study_Design,Population,Domain,LOOP3X_Class,Priority_Previous,Claim_Relevance,Gap_Closure_Potential,Replacement_Potential,Contradictory_Potential,Population_Directness,Brazil_Relevance,International_Relevance,Study_Design_Value,Incremental_Value,Integrity_Status,Known_Access_Status,Access_Priority_Score,Access_Priority_Class,Access_Rationale,Preferred_Access_Route,Full_Text_Recovery_Status,Next_Action
EV-1066,Body mass index predicts selected physical fitness attributes but is not associated with performance on military relevant tasks in U.S. Army Soldiers.,10.1016/j.jsams.2017.08.021,28919497,,2017,,,Physical / academy readiness,CONTRADICTORY_CANDIDATE,P0 — CRITICAL,HIGH,HIGH,NO,YES,DIRECT,NOT_IDENTIFIED,HIGH,UNRESOLVED_UNTIL_FULL_TEXT,HIGH,Verified — clear,FULL_TEXT_UNAVAILABLE,93,HIGH_IMPACT_ACCESS_REQUIRED,contradictory candidate; P0 critical; direct tactical/occupational population,Publisher OA / PubMed LinkOut / institutional or government repository; record version provenance before use,NOT_ATTEMPTED_IN_FT2,Attempt lawful route only if queued by class; do not appraise in FT2.
EV-0052,Psychological Self-Report Questionnaires Are Not Associated With Decrements in Physical Performance Following Special Operations Forces Unit Training.,10.1519/jsc.0000000000005436,42489479,,2026,,,Physical / academy readiness,CONTRADICTORY_CANDIDATE,P0 — CRITICAL,MODERATE,HIGH,NO,YES,INDIRECT_OR_UNRESOLVED,NOT_IDENTIFIED,MODERATE,UNRESOLVED_UNTIL_FULL_TEXT,HIGH,Verified — clear,FULL_TEXT_UNAVAILABLE,83,HIGH_IMPACT_ACCESS_REQUIRED,contradictory candidate; P0 critical,Publisher OA / PubMed LinkOut / institutional or government repository; record version provenance before use,NOT_ATTEMPTED_IN_FT2,Attempt lawful route only if queued by class; do not appraise in FT2.
EV-0140,Short-Term Moderately High-Fat Diet Has No Effect on Physical Performance.,10.1249/mss.0000000000003908,41843415,,2026,,,Nutrition / shift work,CONTRADICTORY_CANDIDATE,P1 — HIGH,MODERATE,HIGH,NO,YES,INDIRECT_OR_UNRESOLVED,NOT_IDENTIFIED,MODERATE,HIGH,HIGH,Verified — clear,FULL_TEXT_UNAVAILABLE,70,HIGH_IMPACT_ACCESS_REQUIRED,contradictory candidate; potentially high-value design,Publisher OA / PubMed LinkOut / institutional or government repository; record version provenance before use,NOT_ATTEMPTED_IN_FT2,Attempt lawful route only if queued by class; do not appraise in FT2.
EV-0716,Effect of Exercise Training Programs on Physical Fitness Domains in Military Personnel: A Systematic Review and Meta-Analysis.,10.1093/milmed/usac040,35247052,,2022,,,Physical / academy readiness,REPLACE_EXISTING_CANDIDATE,P1 — HIGH,HIGH,HIGH,YES,NO,DIRECT,NOT_IDENTIFIED,HIGH,HIGH,HIGH,Verified — clear,FULL_TEXT_UNAVAILABLE,65,HIGH_IMPACT_ACCESS_REQUIRED,unresolved replacement candidate; potentially high-value design; direct tactical/occupational population,Publisher OA / PubMed LinkOut / institutional or government repository; record version provenance before use,NOT_ATTEMPTED_IN_FT2,Attempt lawful route only if queued by class; do not appraise in FT2.
EV-0893,Influence of a Multitask Paradigm on Motor and Cognitive Performance of Military and Law Enforcement Personnel: A Systematic Review.,10.55460/ii7l-nfhc,32203610,,2020,,,Cognition / firearm performance,REPLACE_EXISTING_CANDIDATE,P1 — HIGH,HIGH,HIGH,YES,NO,DIRECT,NOT_IDENTIFIED,HIGH,HIGH,HIGH,Verified — clear,FULL_TEXT_UNAVAILABLE,65,HIGH_IMPACT_ACCESS_REQUIRED,unresolved replacement candidate; potentially high-value design; direct tactical/occupational population,Publisher OA / PubMed LinkOut / institutional or government repository; record version provenance before use,NOT_ATTEMPTED_IN_FT2,Attempt lawful route only if queued by class; do not appraise in FT2.
EV-0959,Effects of sleep extension on cognitive/motor performance and motivation in military tactical athletes.,10.1016/j.sleep.2019.03.013,31096123,,2019,,,Cognition / firearm performance,REPLACE_EXISTING_CANDIDATE,P1 — HIGH,HIGH,HIGH,YES,NO,DIRECT,NOT_IDENTIFIED,HIGH,HIGH,HIGH,Verified — clear,FULL_TEXT_UNAVAILABLE,65,HIGH_IMPACT_ACCESS_REQUIRED,unresolved replacement candidate; potentially high-value design; direct tactical/occupational population,Publisher OA / PubMed LinkOut / institutional or government repository; record version provenance before use,NOT_ATTEMPTED_IN_FT2,Attempt lawful route only if queued by class; do not appraise in FT2.
EV-1062,Whole dietary patterns to optimize cognitive function for military mission-readiness: a systematic review and recommendations for the field.,10.1093/nutrit/nux009,28969343,,2017,,,Nutrition / shift work,REPLACE_EXISTING_CANDIDATE,P1 — HIGH,HIGH,HIGH,YES,NO,DIRECT,NOT_IDENTIFIED,HIGH,HIGH,HIGH,Verified — clear,FULL_TEXT_UNAVAILABLE,65,HIGH_IMPACT_ACCESS_REQUIRED,unresolved replacement candidate; potentially high-value design; direct tactical/occupational population,Publisher OA / PubMed LinkOut / institutional or government repository; record version provenance before use,NOT_ATTEMPTED_IN_FT2,Attempt lawful route only if queued by class; do not appraise in FT2.
EV-1063,Omega-3 polyunsaturated fatty acids to optimize cognitive function for military mission-readiness: a systematic review and recommendations for the field.,10.1093/nutrit/nux008,28969342,,2017,,,Cognition / firearm performance,REPLACE_EXISTING_CANDIDATE,P1 — HIGH,HIGH,HIGH,YES,NO,DIRECT,NOT_IDENTIFIED,HIGH,HIGH,HIGH,Verified — clear,FULL_TEXT_UNAVAILABLE,65,HIGH_IMPACT_ACCESS_REQUIRED,unresolved replacement candidate; potentially high-value design; direct tactical/occupational population,Publisher OA / PubMed LinkOut / institutional or government repository; record version provenance before use,NOT_ATTEMPTED_IN_FT2,Attempt lawful route only if queued by class; do not appraise in FT2.
EV-1064,Caffeine to optimize cognitive function for military mission-readiness: a systematic review and recommendations for the field.,10.1093/nutrit/nux007,28969341,,2017,,,Cognition / firearm performance,REPLACE_EXISTING_CANDIDATE,P1 — HIGH,HIGH,HIGH,YES,NO,DIRECT,NOT_IDENTIFIED,HIGH,HIGH,HIGH,Verified — clear,FULL_TEXT_UNAVAILABLE,65,HIGH_IMPACT_ACCESS_REQUIRED,unresolved replacement candidate; potentially high-value design; direct tactical/occupational population,Publisher OA / PubMed LinkOut / institutional or government repository; record version provenance before use,NOT_ATTEMPTED_IN_FT2,Attempt lawful route only if queued by class; do not appraise in FT2.
EV-1065,Phytochemicals to optimize cognitive function for military mission-readiness: a systematic review and recommendations for the field.,10.1093/nutrit/nux005,28969340,,2017,,,Cognition / firearm performance,REPLACE_EXISTING_CANDIDATE,P1 — HIGH,HIGH,HIGH,YES,NO,DIRECT,NOT_IDENTIFIED,HIGH,HIGH,HIGH,Verified — clear,FULL_TEXT_UNAVAILABLE,65,HIGH_IMPACT_ACCESS_REQUIRED,unresolved replacement candidate; potentially high-value design; direct tactical/occupational population,Publisher OA / PubMed LinkOut / institutional or government repository; record version provenance before use,NOT_ATTEMPTED_IN_FT2,Attempt lawful route only if queued by class; do not appraise in FT2.
EV-1122,Sustained Military Operations and Cognitive Performance.,10.3357/amhp.4468.2016,27634607,,2016,,,Cognition / firearm performance,REPLACE_EXISTING_CANDIDATE,P1 — HIGH,HIGH,HIGH,YES,NO,DIRECT,NOT_IDENTIFIED,HIGH,HIGH,HIGH,Verified — clear,FULL_TEXT_UNAVAILABLE,65,HIGH_IMPACT_ACCESS_REQUIRED,unresolved replacement candidate; potentially high-value design; direct tactical/occupational population,Publisher OA / PubMed LinkOut / institutional or government repository; record version provenance before use,NOT_ATTEMPTED_IN_FT2,Attempt lawful route only if queued by class; do not appraise in FT2.
EV-1457,Characterization of the Physical Fitness of Police Officers: A Systematic Review,10.1519/jsc.0000000000003177,31045682,,2019,Systematic review,Police officers,Physical / academy readiness,REPLACE_EXISTING_CANDIDATE,P1 — HIGH,HIGH,HIGH,YES,NO,DIRECT,NOT_IDENTIFIED,HIGH,HIGH,HIGH,Yes,FULL_TEXT_UNAVAILABLE,65,HIGH_IMPACT_ACCESS_REQUIRED,unresolved replacement candidate; potentially high-value design; direct tactical/occupational population,Publisher OA / PubMed LinkOut / institutional or government repository; record version provenance before use,NOT_ATTEMPTED_IN_FT2,Attempt lawful route only if queued by class; do not appraise in FT2.
EV-1462,Acute caffeine supplementation as a nutrition-based strategy to mitigate sleep-loss-related cognitive and operational performance impairments in military personnel: a systematic review and meta-analysis,10.3389/fnut.2026.1893033,,,2026,Systematic review and meta-analysis,Military personnel,Nutrition / shift work,REPLACE_EXISTING_CANDIDATE,P1 — HIGH,HIGH,HIGH,YES,NO,DIRECT,NOT_IDENTIFIED,HIGH,HIGH,HIGH,Yes,FULL_TEXT_UNAVAILABLE,65,HIGH_IMPACT_ACCESS_REQUIRED,unresolved replacement candidate; potentially high-value design; direct tactical/occupational population,Publisher OA / PubMed LinkOut / institutional or government repository; record version provenance before use,NOT_ATTEMPTED_IN_FT2,Attempt lawful route only if queued by class; do not appraise in FT2.
EV-0164,The Effectiveness of a 10-Week Concurrent Strength and Endurance Training Program on the Physical Readiness of Trained British Army Soldiers.,10.1519/jsc.0000000000005275,41576259,,2026,,,Physical / academy readiness,REPLACE_EXISTING_CANDIDATE,P1 — HIGH,MODERATE,HIGH,YES,NO,INDIRECT_OR_UNRESOLVED,NOT_IDENTIFIED,MODERATE,HIGH,HIGH,Verified — clear,FULL_TEXT_UNAVAILABLE,55,HIGH_IMPACT_ACCESS_REQUIRED,unresolved replacement candidate; potentially high-value design,Publisher OA / PubMed LinkOut / institutional or government repository; record version provenance before use,NOT_ATTEMPTED_IN_FT2,Attempt lawful route only if queued by class; do not appraise in FT2.
EV-0971,External Soft-Tissue Hemostatic Clamp Compared to a Compression Tourniquet as Primary Hemorrhage Control Device in Pilot Flow Model Study.,10.1017/s1049023x19000037,30915938,,2019,,,Tactical medicine / TCCC / TECC / APH,FULL_TEXT_REVIEW,P0 — CRITICAL,HIGH,HIGH,NO,NO,DIRECT,NOT_IDENTIFIED,HIGH,HIGH,HIGH,Verified — clear,FULL_TEXT_UNAVAILABLE,55,HIGH_IMPACT_ACCESS_REQUIRED,P0 critical; potentially high-value design; direct tactical/occupational population,Publisher OA / PubMed LinkOut / institutional or government repository; record version provenance before use,NOT_ATTEMPTED_IN_FT2,Attempt lawful route only if queued by class; do not appraise in FT2.
EV-1330,Hydration status of Air Force military basic trainees after implementation of the back-mounted hydration system.,10.7205/milmed-d-03-2508,19743737,,2009,,,Hydration / heat / thermoregulation,FULL_TEXT_REVIEW,P0 — CRITICAL,HIGH,HIGH,NO,NO,DIRECT,NOT_IDENTIFIED,HIGH,HIGH,HIGH,Verified — clear,FULL_TEXT_UNAVAILABLE,55,HIGH_IMPACT_ACCESS_REQUIRED,P0 critical; potentially high-value design; direct tactical/occupational population,Publisher OA / PubMed LinkOut / institutional or government repository; record version provenance before use,NOT_ATTEMPTED_IN_FT2,Attempt lawful route only if queued by class; do not appraise in FT2.
EV-0001,Prehospital Tranexamic Acid Administration in Deployed Military Settings: A Review of the Department of Defense Trauma Registry.,,42658917,,2025,,,Tactical medicine / TCCC / TECC / APH,FULL_TEXT_REVIEW,P0 — CRITICAL,HIGH,HIGH,NO,NO,DIRECT,NOT_IDENTIFIED,HIGH,UNRESOLVED_UNTIL_FULL_TEXT,HIGH,Verified — clear,FULL_TEXT_UNAVAILABLE,43,HIGH_IMPACT_ACCESS_REQUIRED,P0 critical; direct tactical/occupational population,Publisher OA / PubMed LinkOut / institutional or government repository; record version provenance before use,NOT_ATTEMPTED_IN_FT2,Attempt lawful route only if queued by class; do not appraise in FT2.
EV-0334,CounterFlow Hemostatic Gauze Provides Military Medics Confidence and Demonstrates Effective Hemorrhage Control in a Live Tissue Simulation.,10.1093/milmed/usaf057,40156908,,2025,,,Tactical medicine / TCCC / TECC / APH,FULL_TEXT_REVIEW,P0 — CRITICAL,HIGH,HIGH,NO,NO,DIRECT,NOT_IDENTIFIED,HIGH,UNRESOLVED_UNTIL_FULL_TEXT,HIGH,Verified — clear,FULL_TEXT_UNAVAILABLE,43,HIGH_IMPACT_ACCESS_REQUIRED,P0 critical; direct tactical/occupational population,Publisher OA / PubMed LinkOut / institutional or government repository; record version provenance before use,NOT_ATTEMPTED_IN_FT2,Attempt lawful route only if queued by class; do not appraise in FT2.
EV-1010,Hydration Strategies for the Female Tactical Athlete.,,30165726,,2018,,,Hydration / heat / thermoregulation,FULL_TEXT_REVIEW,P0 — CRITICAL,HIGH,HIGH,NO,NO,DIRECT,NOT_IDENTIFIED,HIGH,UNRESOLVED_UNTIL_FULL_TEXT,HIGH,Verified — clear,FULL_TEXT_UNAVAILABLE,43,HIGH_IMPACT_ACCESS_REQUIRED,P0 critical; direct tactical/occupational population,Publisher OA / PubMed LinkOut / institutional or government repository; record version provenance before use,NOT_ATTEMPTED_IN_FT2,Attempt lawful route only if queued by class; do not appraise in FT2.
EV-1119,TCCC Updates: Translating Military Advances in Exdternal Hemorrhage Control to Law Enforcement.,10.55460/arzp-rfk1,27689379,,2015,,,Tactical medicine / TCCC / TECC / APH,FULL_TEXT_REVIEW,P0 — CRITICAL,HIGH,HIGH,NO,NO,DIRECT,NOT_IDENTIFIED,HIGH,UNRESOLVED_UNTIL_FULL_TEXT,HIGH,Verified — clear,FULL_TEXT_UNAVAILABLE,43,HIGH_IMPACT_ACCESS_REQUIRED,P0 critical; direct tactical/occupational population,Publisher OA / PubMed LinkOut / institutional or government repository; record version provenance before use,NOT_ATTEMPTED_IN_FT2,Attempt lawful route only if queued by class; do not appraise in FT2.
EV-1165,The Ranger First Responder Program and Tactical Emergency Casualty Care Implementation: A Whole-Community Approach to Reducing Mortality From Active Violent Incidents.,10.55460/j3tf-9ekv,26360353,,2015,,,Tactical medicine / TCCC / TECC / APH,FULL_TEXT_REVIEW,P0 — CRITICAL,HIGH,HIGH,NO,NO,DIRECT,NOT_IDENTIFIED,HIGH,UNRESOLVED_UNTIL_FULL_TEXT,HIGH,Verified — clear,FULL_TEXT_UNAVAILABLE,43,HIGH_IMPACT_ACCESS_REQUIRED,P0 critical; direct tactical/occupational population,Publisher OA / PubMed LinkOut / institutional or government repository; record version provenance before use,NOT_ATTEMPTED_IN_FT2,Attempt lawful route only if queued by class; do not appraise in FT2.
EV-1303,Prehospital and emergency care research at the US Army Institute of Surgical Research: enabling the next great leap in combat casualty survival.,,21607910,,2011,,,Tactical medicine / TCCC / TECC / APH,FULL_TEXT_REVIEW,P0 — CRITICAL,HIGH,HIGH,NO,NO,DIRECT,NOT_IDENTIFIED,HIGH,UNRESOLVED_UNTIL_FULL_TEXT,HIGH,Verified — clear,FULL_TEXT_UNAVAILABLE,43,HIGH_IMPACT_ACCESS_REQUIRED,P0 critical; direct tactical/occupational population,Publisher OA / PubMed LinkOut / institutional or government repository; record version provenance before use,NOT_ATTEMPTED_IN_FT2,Attempt lawful route only if queued by class; do not appraise in FT2.
EV-1463,Cardiovascular risk factors across job roles and work shifts in a Brazilian Military Police cohort: a cross-sectional study,10.3389/fpubh.2025.1716547,,,2025,Cross-sectional study,PMDF active-duty male officers >40 years,Medical / cardiovascular readiness,FULL_TEXT_REVIEW,P1 — HIGH,HIGH,MODERATE,NO,NO,DIRECT,HIGH,HIGH,UNRESOLVED_UNTIL_FULL_TEXT,HIGH,Yes,FULL_TEXT_UNAVAILABLE,36,HIGH_IMPACT_ACCESS_REQUIRED,Brazil-specific relevance; direct tactical/occupational population,Publisher OA / PubMed LinkOut / institutional or government repository; record version provenance before use,NOT_ATTEMPTED_IN_FT2,Attempt lawful route only if queued by class; do not appraise in FT2.
EV-1464,"Occupational Stress and Sleep of Military Police Officers From Rio de Janeiro, Brazil",10.1002/ajhb.24184,39630574,,2025,Cross-sectional comparative study,Military police officers; elite and non-elite groups,Sleep / fatigue / recovery,FULL_TEXT_REVIEW,P1 — HIGH,HIGH,MODERATE,NO,NO,DIRECT,HIGH,HIGH,UNRESOLVED_UNTIL_FULL_TEXT,HIGH,Yes,FULL_TEXT_UNAVAILABLE,36,HIGH_IMPACT_ACCESS_REQUIRED,Brazil-specific relevance; direct tactical/occupational population,Publisher OA / PubMed LinkOut / institutional or government repository; record version provenance before use,NOT_ATTEMPTED_IN_FT2,Attempt lawful route only if queued by class; do not appraise in FT2.
EV-1466,Leisure-time physical activity as a discriminator of the absence of musculoskeletal pain in military police officers,10.63231/2595-0118.e202684-en,,,2026,Cross-sectional ROC analysis,Military police officers from Bahia,Musculoskeletal injury,FULL_TEXT_REVIEW,P1 — HIGH,HIGH,MODERATE,NO,NO,DIRECT,HIGH,HIGH,UNRESOLVED_UNTIL_FULL_TEXT,HIGH,Yes,FULL_TEXT_UNAVAILABLE,36,HIGH_IMPACT_ACCESS_REQUIRED,Brazil-specific relevance; direct tactical/occupational population,Publisher OA / PubMed LinkOut / institutional or government repository; record version provenance before use,NOT_ATTEMPTED_IN_FT2,Attempt lawful route only if queued by class; do not appraise in FT2.
EV-1244,Improving the adoption of evidence-based practice among nurses in Army outpatient medical treatment facilities.,10.7205/milmed-d-13-00191,24005550,,2013,,,Implementation science,FULL_TEXT_REVIEW,P0 — CRITICAL,MODERATE,HIGH,NO,NO,INDIRECT_OR_UNRESOLVED,NOT_IDENTIFIED,MODERATE,UNRESOLVED_UNTIL_FULL_TEXT,MODERATE,Verified — clear,FULL_TEXT_UNAVAILABLE,33,MEDIUM_IMPACT_ACCESS_REQUIRED,P0 critical,Publisher OA / PubMed LinkOut / institutional or government repository; record version provenance before use,NOT_ATTEMPTED_IN_FT2,Attempt lawful route only if queued by class; do not appraise in FT2.
EV-0027,Effects of Neurostimulation With Blood Flow Restriction on Physical and Mental Health-Related Quality of Life in Military Personnel With Patellofemoral Pain Syndrome: Secondary Data Analysis.,10.1093/milmed/usaf630,42560220,,2026,,,Musculoskeletal injury,FULL_TEXT_REVIEW,P1 — HIGH,HIGH,MODERATE,NO,NO,DIRECT,NOT_IDENTIFIED,HIGH,HIGH,MODERATE,Verified — clear,FULL_TEXT_UNAVAILABLE,30,MEDIUM_IMPACT_ACCESS_REQUIRED,potentially high-value design; direct tactical/occupational population,Publisher OA / PubMed LinkOut / institutional or government repository; record version provenance before use,NOT_ATTEMPTED_IN_FT2,Attempt lawful route only if queued by class; do not appraise in FT2.
EV-0141,Effectiveness of Structured Breathwork Interventions on Heart Rate Variability and Heart Rate Recovery Following Maximal Exertion in Tactical Athletes.,10.1249/mss.0000000000003972,41839180,,2026,,,Sleep / fatigue / recovery,FULL_TEXT_REVIEW,P1 — HIGH,HIGH,MODERATE,NO,NO,DIRECT,NOT_IDENTIFIED,HIGH,HIGH,MODERATE,Verified — clear,FULL_TEXT_UNAVAILABLE,30,MEDIUM_IMPACT_ACCESS_REQUIRED,potentially high-value design; direct tactical/occupational population,Publisher OA / PubMed LinkOut / institutional or government repository; record version provenance before use,NOT_ATTEMPTED_IN_FT2,Attempt lawful route only if queued by class; do not appraise in FT2.
EV-0222,Tailored strategies to increase the use of an evidence-based psychotherapy for posttraumatic stress disorder: A stepped-wedge randomized trial in military clinics.,10.1016/j.janxdis.2025.103080,41202565,,2025,,,Mental health / stress,FULL_TEXT_REVIEW,P1 — HIGH,HIGH,MODERATE,NO,NO,DIRECT,NOT_IDENTIFIED,HIGH,HIGH,MODERATE,Verified — clear,FULL_TEXT_UNAVAILABLE,30,MEDIUM_IMPACT_ACCESS_REQUIRED,potentially high-value design; direct tactical/occupational population,Publisher OA / PubMed LinkOut / institutional or government repository; record version provenance before use,NOT_ATTEMPTED_IN_FT2,Attempt lawful route only if queued by class; do not appraise in FT2.
EV-0651,"Speed, Skill Retention, and End User Perceptions of iTClamp Application by Navy Corpsmen on a Manikin Model of Femoral Hemorrhage.",10.1093/milmed/usac355,36424914,,2023,,,Tactical medicine / TCCC / TECC / APH,FULL_TEXT_REVIEW,P1 — HIGH,HIGH,MODERATE,NO,NO,DIRECT,NOT_IDENTIFIED,HIGH,HIGH,MODERATE,Verified — clear,FULL_TEXT_UNAVAILABLE,30,MEDIUM_IMPACT_ACCESS_REQUIRED,potentially high-value design; direct tactical/occupational population,Publisher OA / PubMed LinkOut / institutional or government repository; record version provenance before use,NOT_ATTEMPTED_IN_FT2,Attempt lawful route only if queued by class; do not appraise in FT2.
EV-0692,Simulation-based education improves military trainees' skill performance and self-confidence in tourniquet placement: A randomized controlled trial.,10.1097/ta.0000000000003702,35617462,,2022,,,Tactical medicine / TCCC / TECC / APH,FULL_TEXT_REVIEW,P1 — HIGH,HIGH,MODERATE,NO,NO,DIRECT,NOT_IDENTIFIED,HIGH,HIGH,MODERATE,Verified — clear,FULL_TEXT_UNAVAILABLE,30,MEDIUM_IMPACT_ACCESS_REQUIRED,potentially high-value design; direct tactical/occupational population,Publisher OA / PubMed LinkOut / institutional or government repository; record version provenance before use,NOT_ATTEMPTED_IN_FT2,Attempt lawful route only if queued by class; do not appraise in FT2.
EV-0747,Prescribed footwear and orthoses are not prophylactic in preventing lower extremity injuries in military tactical athletes: a systematic review with meta-analysis.,10.1136/bmjmilitary-2021-001955,34785586,,2024,,,Musculoskeletal injury,FULL_TEXT_REVIEW,P1 — HIGH,HIGH,MODERATE,NO,NO,DIRECT,NOT_IDENTIFIED,HIGH,HIGH,MODERATE,Verified — clear,FULL_TEXT_UNAVAILABLE,30,MEDIUM_IMPACT_ACCESS_REQUIRED,potentially high-value design; direct tactical/occupational population,Publisher OA / PubMed LinkOut / institutional or government repository; record version provenance before use,NOT_ATTEMPTED_IN_FT2,Attempt lawful route only if queued by class; do not appraise in FT2.
EV-0776,Is tactical combat casualty care in terrorist attacks suitable for civilian first responders?,10.1097/ta.0000000000003337,34238863,,2021,,,Tactical medicine / TCCC / TECC / APH,FULL_TEXT_REVIEW,P1 — HIGH,HIGH,MODERATE,NO,NO,DIRECT,NOT_IDENTIFIED,HIGH,HIGH,MODERATE,Verified — clear,FULL_TEXT_UNAVAILABLE,30,MEDIUM_IMPACT_ACCESS_REQUIRED,potentially high-value design; direct tactical/occupational population,Publisher OA / PubMed LinkOut / institutional or government repository; record version provenance before use,NOT_ATTEMPTED_IN_FT2,Attempt lawful route only if queued by class; do not appraise in FT2.
EV-0906,Mental Health Service Use in Depressed Military Personnel: A Systematic Review.,10.1093/milmed/usaa015,32073617,,2020,,,Mental health / stress,FULL_TEXT_REVIEW,P1 — HIGH,HIGH,MODERATE,NO,NO,DIRECT,NOT_IDENTIFIED,HIGH,HIGH,MODERATE,Verified — clear,FULL_TEXT_UNAVAILABLE,30,MEDIUM_IMPACT_ACCESS_REQUIRED,potentially high-value design; direct tactical/occupational population,Publisher OA / PubMed LinkOut / institutional or government repository; record version provenance before use,NOT_ATTEMPTED_IN_FT2,Attempt lawful route only if queued by class; do not appraise in FT2.
EV-1143,The Eagle Tactical Athlete Program Reduces Musculoskeletal Injuries in the 101st Airborne Division (Air Assault).,10.7205/milmed-d-14-00674,26926750,,2016,,,Musculoskeletal injury,FULL_TEXT_REVIEW,P1 — HIGH,HIGH,MODERATE,NO,NO,DIRECT,NOT_IDENTIFIED,HIGH,HIGH,MODERATE,Verified — clear,FULL_TEXT_UNAVAILABLE,30,MEDIUM_IMPACT_ACCESS_REQUIRED,potentially high-value design; direct tactical/occupational population,Publisher OA / PubMed LinkOut / institutional or government repository; record version provenance before use,NOT_ATTEMPTED_IN_FT2,Attempt lawful route only if queued by class; do not appraise in FT2.
EV-1307,Warrior Model for Human Performance and Injury Prevention: Eagle Tactical Athlete Program (ETAP) Part II.,10.55460/42ci-elhp,21442588,,2010,,,Musculoskeletal injury,FULL_TEXT_REVIEW,P1 — HIGH,HIGH,MODERATE,NO,NO,DIRECT,NOT_IDENTIFIED,HIGH,HIGH,MODERATE,Verified — clear,FULL_TEXT_UNAVAILABLE,30,MEDIUM_IMPACT_ACCESS_REQUIRED,potentially high-value design; direct tactical/occupational population,Publisher OA / PubMed LinkOut / institutional or government repository; record version provenance before use,NOT_ATTEMPTED_IN_FT2,Attempt lawful route only if queued by class; do not appraise in FT2.
EV-1308,Warrior Model for Human Performance and Injury Prevention: Eagle Tactical Athlete Program (ETAP) Part I.,10.55460/556o-k7n2,21442587,,2010,,,Musculoskeletal injury,FULL_TEXT_REVIEW,P1 — HIGH,HIGH,MODERATE,NO,NO,DIRECT,NOT_IDENTIFIED,HIGH,HIGH,MODERATE,Verified — clear,FULL_TEXT_UNAVAILABLE,30,MEDIUM_IMPACT_ACCESS_REQUIRED,potentially high-value design; direct tactical/occupational population,Publisher OA / PubMed LinkOut / institutional or government repository; record version provenance before use,NOT_ATTEMPTED_IN_FT2,Attempt lawful route only if queued by class; do not appraise in FT2.
EV-1465,Atividade física e qualidade de sono em policiais militares,10.1016/j.rbce.2018.01.011,,,2018,Cross-sectional study,Military police officers in Santa Catarina,Sleep / fatigue / recovery,FULL_TEXT_REVIEW,P1 — HIGH,MODERATE,MODERATE,NO,NO,INDIRECT_OR_UNRESOLVED,HIGH,MODERATE,UNRESOLVED_UNTIL_FULL_TEXT,MODERATE,Yes,FULL_TEXT_UNAVAILABLE,26,MEDIUM_IMPACT_ACCESS_REQUIRED,Brazil-specific relevance,Publisher OA / PubMed LinkOut / institutional or government repository; record version provenance before use,NOT_ATTEMPTED_IN_FT2,Attempt lawful route only if queued by class; do not appraise in FT2.
EV-0016,Body Composition and Physical Performance in Military Personnel: A Systematic Review of Anthropometric Predictors and Operational Implications.,10.1093/milmed/usag353,42580324,,2026,,,Physical / academy readiness,FULL_TEXT_REVIEW,P1 — HIGH,HIGH,MODERATE,NO,NO,DIRECT,NOT_IDENTIFIED,HIGH,UNRESOLVED_UNTIL_FULL_TEXT,MODERATE,Verified — clear,FULL_TEXT_UNAVAILABLE,18,MEDIUM_IMPACT_ACCESS_REQUIRED,direct tactical/occupational population,Publisher OA / PubMed LinkOut / institutional or government repository; record version provenance before use,NOT_ATTEMPTED_IN_FT2,Attempt lawful route only if queued by class; do not appraise in FT2.
EV-0018,Estimating the Causal Effect of Alcohol Consumption on Military-Relevant Mental Health Conditions: A Mendelian Randomization Study Using the All of Us Research Program.,10.1093/milmed/usag368,42565722,,2026,,,Mental health / stress,FULL_TEXT_REVIEW,P1 — HIGH,HIGH,MODERATE,NO,NO,DIRECT,NOT_IDENTIFIED,HIGH,UNRESOLVED_UNTIL_FULL_TEXT,MODERATE,Verified — clear,FULL_TEXT_UNAVAILABLE,18,MEDIUM_IMPACT_ACCESS_REQUIRED,direct tactical/occupational population,Publisher OA / PubMed LinkOut / institutional or government repository; record version provenance before use,NOT_ATTEMPTED_IN_FT2,Attempt lawful route only if queued by class; do not appraise in FT2.
EV-0023,Return to Push-ups After Distal Radius Fractures Among Active Duty Service Members in the United States Military: A 13-Year Population-Based Study.,10.1093/milmed/usag011,42560239,,2026,,,Musculoskeletal injury,FULL_TEXT_REVIEW,P1 — HIGH,HIGH,MODERATE,NO,NO,DIRECT,NOT_IDENTIFIED,HIGH,UNRESOLVED_UNTIL_FULL_TEXT,MODERATE,Verified — clear,FULL_TEXT_UNAVAILABLE,18,MEDIUM_IMPACT_ACCESS_REQUIRED,direct tactical/occupational population,Publisher OA / PubMed LinkOut / institutional or government repository; record version provenance before use,NOT_ATTEMPTED_IN_FT2,Attempt lawful route only if queued by class; do not appraise in FT2.
EV-0026,"Evaluation of Interprofessional Collaboration, Communication, Teamwork, and Prehospital Clinical Competencies Among Military Healthcare Providers During a Medical Trauma Simulation Exercise: A Cross-sectional Study.",10.1093/milmed/usag097,42560223,,2026,,,Tactical medicine / TCCC / TECC / APH,FULL_TEXT_REVIEW,P1 — HIGH,HIGH,MODERATE,NO,NO,DIRECT,NOT_IDENTIFIED,HIGH,UNRESOLVED_UNTIL_FULL_TEXT,MODERATE,Verified — clear,FULL_TEXT_UNAVAILABLE,18,MEDIUM_IMPACT_ACCESS_REQUIRED,direct tactical/occupational population,Publisher OA / PubMed LinkOut / institutional or government repository; record version provenance before use,NOT_ATTEMPTED_IN_FT2,Attempt lawful route only if queued by class; do not appraise in FT2.
EV-0031,Tactical Combat Casualty Care Training in the U.S. Military: A Comparative Cost Assessment Between Virtual Reality Simulation and Traditional Simulation.,10.1093/milmed/usag190,42560189,,2026,,,Tactical medicine / TCCC / TECC / APH,FULL_TEXT_REVIEW,P1 — HIGH,HIGH,MODERATE,NO,NO,DIRECT,NOT_IDENTIFIED,HIGH,UNRESOLVED_UNTIL_FULL_TEXT,MODERATE,Verified — clear,FULL_TEXT_UNAVAILABLE,18,MEDIUM_IMPACT_ACCESS_REQUIRED,direct tactical/occupational population,Publisher OA / PubMed LinkOut / institutional or government repository; record version provenance before use,NOT_ATTEMPTED_IN_FT2,Attempt lawful route only if queued by class; do not appraise in FT2.
EV-0066,Duckweed Proteins in Neuro-Nutrition: Mechanistic Insights and Translational Relevance for Military and Extreme Environments.,10.1007/s11130-026-01540-x,42390623,,2026,,,Nutrition / shift work,FULL_TEXT_REVIEW,P1 — HIGH,HIGH,MODERATE,NO,NO,DIRECT,NOT_IDENTIFIED,HIGH,UNRESOLVED_UNTIL_FULL_TEXT,MODERATE,Verified — clear,FULL_TEXT_UNAVAILABLE,18,MEDIUM_IMPACT_ACCESS_REQUIRED,direct tactical/occupational population,Publisher OA / PubMed LinkOut / institutional or government repository; record version provenance before use,NOT_ATTEMPTED_IN_FT2,Attempt lawful route only if queued by class; do not appraise in FT2.
EV-0089,Immersive virtual reality for assessing decision-making in mass casualty incident and tactical combat casualty care scenarios among military personnel.,10.1136/military-2026-003286,42209130,,2026,,,Tactical medicine / TCCC / TECC / APH,FULL_TEXT_REVIEW,P1 — HIGH,HIGH,MODERATE,NO,NO,DIRECT,NOT_IDENTIFIED,HIGH,UNRESOLVED_UNTIL_FULL_TEXT,MODERATE,Verified — clear,FULL_TEXT_UNAVAILABLE,18,MEDIUM_IMPACT_ACCESS_REQUIRED,direct tactical/occupational population,Publisher OA / PubMed LinkOut / institutional or government repository; record version provenance before use,NOT_ATTEMPTED_IN_FT2,Attempt lawful route only if queued by class; do not appraise in FT2.
EV-0093,Pre-Kinetic Military Care: Biosurveillance and Climate-Related Health Monitoring as Complements to Tactical Combat Casualty Care.,10.1093/milmed/usag229,42179269,,2026,,,Tactical medicine / TCCC / TECC / APH,FULL_TEXT_REVIEW,P1 — HIGH,HIGH,MODERATE,NO,NO,DIRECT,NOT_IDENTIFIED,HIGH,UNRESOLVED_UNTIL_FULL_TEXT,MODERATE,Verified — clear,FULL_TEXT_UNAVAILABLE,18,MEDIUM_IMPACT_ACCESS_REQUIRED,direct tactical/occupational population,Publisher OA / PubMed LinkOut / institutional or government repository; record version provenance before use,NOT_ATTEMPTED_IN_FT2,Attempt lawful route only if queued by class; do not appraise in FT2.
EV-0099,Implementation of post-traumatic stress injury programs in Alberta first responder organizations: a qualitative study.,10.1080/09638288.2026.2667689,42116711,,2026,,,Musculoskeletal injury,FULL_TEXT_REVIEW,P1 — HIGH,HIGH,MODERATE,NO,NO,DIRECT,NOT_IDENTIFIED,HIGH,UNRESOLVED_UNTIL_FULL_TEXT,MODERATE,Verified — clear,FULL_TEXT_UNAVAILABLE,18,MEDIUM_IMPACT_ACCESS_REQUIRED,direct tactical/occupational population,Publisher OA / PubMed LinkOut / institutional or government repository; record version provenance before use,NOT_ATTEMPTED_IN_FT2,Attempt lawful route only if queued by class; do not appraise in FT2.
EV-0123,Changes in Physical Fitness and Program Utilization During Professional Military Education.,10.1093/milmed/usag155,41964614,,2026,,,Physical / academy readiness,FULL_TEXT_REVIEW,P1 — HIGH,HIGH,MODERATE,NO,NO,DIRECT,NOT_IDENTIFIED,HIGH,UNRESOLVED_UNTIL_FULL_TEXT,MODERATE,Verified — clear,FULL_TEXT_UNAVAILABLE,18,MEDIUM_IMPACT_ACCESS_REQUIRED,direct tactical/occupational population,Publisher OA / PubMed LinkOut / institutional or government repository; record version provenance before use,NOT_ATTEMPTED_IN_FT2,Attempt lawful route only if queued by class; do not appraise in FT2.
EV-0125,Cross-Sectional and Longitudinal Validity of Automated Body Composition Methods in U.S. Air Force Reserve Officers' Training Corps Cadets Throughout a 12-Week Physical Training Program: The Supporting Tactical Athlete Readiness Program.,10.1093/milmed/usag107,41934316,,2026,,,Physical / academy readiness,FULL_TEXT_REVIEW,P1 — HIGH,HIGH,MODERATE,NO,NO,DIRECT,NOT_IDENTIFIED,HIGH,UNRESOLVED_UNTIL_FULL_TEXT,MODERATE,Verified — clear,FULL_TEXT_UNAVAILABLE,18,MEDIUM_IMPACT_ACCESS_REQUIRED,direct tactical/occupational population,Publisher OA / PubMed LinkOut / institutional or government repository; record version provenance before use,NOT_ATTEMPTED_IN_FT2,Attempt lawful route only if queued by class; do not appraise in FT2.
EV-0137,"Rehabilitative Interventions for Flight-Related Musculoskeletal Injuries in the Neck, Shoulder, and Back among Military Pilots and Aircrew: A Systematic Review With Meta-Analysis.",10.1093/milmed/usag098,41863396,,2026,,,Musculoskeletal injury,FULL_TEXT_REVIEW,P1 — HIGH,HIGH,MODERATE,NO,NO,DIRECT,NOT_IDENTIFIED,HIGH,UNRESOLVED_UNTIL_FULL_TEXT,MODERATE,Verified — clear,FULL_TEXT_UNAVAILABLE,18,MEDIUM_IMPACT_ACCESS_REQUIRED,direct tactical/occupational population,Publisher OA / PubMed LinkOut / institutional or government repository; record version provenance before use,NOT_ATTEMPTED_IN_FT2,Attempt lawful route only if queued by class; do not appraise in FT2.
EV-0149,Enhancing Military Musculoskeletal Readiness: A Proposal for Collaboration.,10.1093/milmed/usag006,41734198,,2026,,,Musculoskeletal injury,FULL_TEXT_REVIEW,P1 — HIGH,HIGH,MODERATE,NO,NO,DIRECT,NOT_IDENTIFIED,HIGH,UNRESOLVED_UNTIL_FULL_TEXT,MODERATE,Verified — clear,FULL_TEXT_UNAVAILABLE,18,MEDIUM_IMPACT_ACCESS_REQUIRED,direct tactical/occupational population,Publisher OA / PubMed LinkOut / institutional or government repository; record version provenance before use,NOT_ATTEMPTED_IN_FT2,Attempt lawful route only if queued by class; do not appraise in FT2.
EV-0158,TELE-SLEEP OSA: A protocol for a hybrid type I randomized clinical trial of telemedicine for obstructive sleep apnea among military dependents and retirees.,10.1016/j.cct.2026.108252,41651286,,2026,,,Sleep / fatigue / recovery,FULL_TEXT_REVIEW,P1 — HIGH,HIGH,MODERATE,NO,NO,DIRECT,NOT_IDENTIFIED,HIGH,UNRESOLVED_UNTIL_FULL_TEXT,MODERATE,Verified — clear,FULL_TEXT_UNAVAILABLE,18,MEDIUM_IMPACT_ACCESS_REQUIRED,direct tactical/occupational population,Publisher OA / PubMed LinkOut / institutional or government repository; record version provenance before use,NOT_ATTEMPTED_IN_FT2,Attempt lawful route only if queued by class; do not appraise in FT2.
EV-0169,"Risk Factors for Musculoskeletal Injuries in Military Recruits: The Impact of Sex, Body Fat Percentage, and Physical Fitness.",10.1093/milmed/usaf614,41528757,,2026,,,Physical / academy readiness,FULL_TEXT_REVIEW,P1 — HIGH,HIGH,MODERATE,NO,NO,DIRECT,NOT_IDENTIFIED,HIGH,UNRESOLVED_UNTIL_FULL_TEXT,MODERATE,Verified — clear,FULL_TEXT_UNAVAILABLE,18,MEDIUM_IMPACT_ACCESS_REQUIRED,direct tactical/occupational population,Publisher OA / PubMed LinkOut / institutional or government repository; record version provenance before use,NOT_ATTEMPTED_IN_FT2,Attempt lawful route only if queued by class; do not appraise in FT2.
EV-0177,The Effect of a Daily Undulating Periodization Program on the Physical Performance of Trainee Tactical Police Officers.,10.1519/jsc.0000000000005356,41489861,,2026,,,Physical / academy readiness,FULL_TEXT_REVIEW,P1 — HIGH,HIGH,MODERATE,NO,NO,DIRECT,NOT_IDENTIFIED,HIGH,UNRESOLVED_UNTIL_FULL_TEXT,MODERATE,Verified — clear,FULL_TEXT_UNAVAILABLE,18,MEDIUM_IMPACT_ACCESS_REQUIRED,direct tactical/occupational population,Publisher OA / PubMed LinkOut / institutional or government repository; record version provenance before use,NOT_ATTEMPTED_IN_FT2,Attempt lawful route only if queued by class; do not appraise in FT2.
EV-0211,Military Families: Resilience Through Strength.,10.1093/milmed/usaf467,41259130,,2025,,,Physical / academy readiness,FULL_TEXT_REVIEW,P1 — HIGH,HIGH,MODERATE,NO,NO,DIRECT,NOT_IDENTIFIED,HIGH,UNRESOLVED_UNTIL_FULL_TEXT,MODERATE,Verified — clear,FULL_TEXT_UNAVAILABLE,18,MEDIUM_IMPACT_ACCESS_REQUIRED,direct tactical/occupational population,Publisher OA / PubMed LinkOut / institutional or government repository; record version provenance before use,NOT_ATTEMPTED_IN_FT2,Attempt lawful route only if queued by class; do not appraise in FT2.
EV-0225,"Adaptation, implementation, and evaluation of a protective mental health intervention (Resilient minds) for Canadian volunteer firefighters.",10.1016/j.comppsych.2025.152643,41175613,,2026,,,Mental health / stress,FULL_TEXT_REVIEW,P1 — HIGH,HIGH,MODERATE,NO,NO,DIRECT,NOT_IDENTIFIED,HIGH,UNRESOLVED_UNTIL_FULL_TEXT,MODERATE,Verified — clear,FULL_TEXT_UNAVAILABLE,18,MEDIUM_IMPACT_ACCESS_REQUIRED,direct tactical/occupational population,Publisher OA / PubMed LinkOut / institutional or government repository; record version provenance before use,NOT_ATTEMPTED_IN_FT2,Attempt lawful route only if queued by class; do not appraise in FT2.
EV-0232,Impact of Acoustic Gunshot Detection Technology on Prehospital Transport and Time to Treatment: A Narrative Review With Directions for Future Military Conflicts.,10.1093/milmed/usaf505,41124342,,2026,,,Tactical medicine / TCCC / TECC / APH,FULL_TEXT_REVIEW,P1 — HIGH,HIGH,MODERATE,NO,NO,DIRECT,NOT_IDENTIFIED,HIGH,UNRESOLVED_UNTIL_FULL_TEXT,MODERATE,Verified — clear,FULL_TEXT_UNAVAILABLE,18,MEDIUM_IMPACT_ACCESS_REQUIRED,direct tactical/occupational population,Publisher OA / PubMed LinkOut / institutional or government repository; record version provenance before use,NOT_ATTEMPTED_IN_FT2,Attempt lawful route only if queued by class; do not appraise in FT2.
EV-0244,Comparison of Self-Reported Intake Versus Military Dietary Reference Intakes in Deployed Special Operations Forces Soldiers.,10.1093/milmed/usaf453,40997140,,2026,,,Nutrition / shift work,FULL_TEXT_REVIEW,P1 — HIGH,HIGH,MODERATE,NO,NO,DIRECT,NOT_IDENTIFIED,HIGH,UNRESOLVED_UNTIL_FULL_TEXT,MODERATE,Verified — clear,FULL_TEXT_UNAVAILABLE,18,MEDIUM_IMPACT_ACCESS_REQUIRED,direct tactical/occupational population,Publisher OA / PubMed LinkOut / institutional or government repository; record version provenance before use,NOT_ATTEMPTED_IN_FT2,Attempt lawful route only if queued by class; do not appraise in FT2.
EV-0246,Low-Carbohydrate High-Fat Diets for Military Performance: A Strategy for Realizing Performance Advantage on the Battlefield?,10.1093/milmed/usaf437,40990074,,2026,,,Nutrition / shift work,FULL_TEXT_REVIEW,P1 — HIGH,HIGH,MODERATE,NO,NO,DIRECT,NOT_IDENTIFIED,HIGH,UNRESOLVED_UNTIL_FULL_TEXT,MODERATE,Verified — clear,FULL_TEXT_UNAVAILABLE,18,MEDIUM_IMPACT_ACCESS_REQUIRED,direct tactical/occupational population,Publisher OA / PubMed LinkOut / institutional or government repository; record version provenance before use,NOT_ATTEMPTED_IN_FT2,Attempt lawful route only if queued by class; do not appraise in FT2.
EV-0266,Knee Injuries in First Responders.,10.5435/jaaos-d-25-00661,40854167,,2026,,,Musculoskeletal injury,FULL_TEXT_REVIEW,P1 — HIGH,HIGH,MODERATE,NO,NO,DIRECT,NOT_IDENTIFIED,HIGH,UNRESOLVED_UNTIL_FULL_TEXT,MODERATE,Verified — clear,FULL_TEXT_UNAVAILABLE,18,MEDIUM_IMPACT_ACCESS_REQUIRED,direct tactical/occupational population,Publisher OA / PubMed LinkOut / institutional or government repository; record version provenance before use,NOT_ATTEMPTED_IN_FT2,Attempt lawful route only if queued by class; do not appraise in FT2.
EV-0299,Combat Casualty Care in Arctic or Extreme Cold Environments: Considerations for the Army Health System.,10.55460/gvpx-ubr3,40540537,,2025,,,Tactical medicine / TCCC / TECC / APH,FULL_TEXT_REVIEW,P1 — HIGH,HIGH,MODERATE,NO,NO,DIRECT,NOT_IDENTIFIED,HIGH,UNRESOLVED_UNTIL_FULL_TEXT,MODERATE,Verified — clear,FULL_TEXT_UNAVAILABLE,18,MEDIUM_IMPACT_ACCESS_REQUIRED,direct tactical/occupational population,Publisher OA / PubMed LinkOut / institutional or government repository; record version provenance before use,NOT_ATTEMPTED_IN_FT2,Attempt lawful route only if queued by class; do not appraise in FT2.
EV-0328,Optimizing the Self-Directed Training Kiosk for Tactical Combat Casualty Care Skills Among Chinese Military Service Members: A Kano Model Approach.,10.1093/milmed/usaf130,40266606,,2025,,,Tactical medicine / TCCC / TECC / APH,FULL_TEXT_REVIEW,P1 — HIGH,HIGH,MODERATE,NO,NO,DIRECT,NOT_IDENTIFIED,HIGH,UNRESOLVED_UNTIL_FULL_TEXT,MODERATE,Verified — clear,FULL_TEXT_UNAVAILABLE,18,MEDIUM_IMPACT_ACCESS_REQUIRED,direct tactical/occupational population,Publisher OA / PubMed LinkOut / institutional or government repository; record version provenance before use,NOT_ATTEMPTED_IN_FT2,Attempt lawful route only if queued by class; do not appraise in FT2.
EV-0442,What About Water? Implications for Body Composition Assessment in Military Personnel.,10.1519/jsc.0000000000004840,39074192,,2024,,,Physical / academy readiness,FULL_TEXT_REVIEW,P1 — HIGH,HIGH,MODERATE,NO,NO,DIRECT,NOT_IDENTIFIED,HIGH,UNRESOLVED_UNTIL_FULL_TEXT,MODERATE,Verified — clear,FULL_TEXT_UNAVAILABLE,18,MEDIUM_IMPACT_ACCESS_REQUIRED,direct tactical/occupational population,Publisher OA / PubMed LinkOut / institutional or government repository; record version provenance before use,NOT_ATTEMPTED_IN_FT2,Attempt lawful route only if queued by class; do not appraise in FT2.
EV-0462,Personal protective equipment impacts firefighters' anaerobic fitness.,10.1093/occmed/kqae046,38917477,,2024,,,Physical / academy readiness,FULL_TEXT_REVIEW,P1 — HIGH,HIGH,MODERATE,NO,NO,DIRECT,NOT_IDENTIFIED,HIGH,UNRESOLVED_UNTIL_FULL_TEXT,MODERATE,Verified — clear,FULL_TEXT_UNAVAILABLE,18,MEDIUM_IMPACT_ACCESS_REQUIRED,direct tactical/occupational population,Publisher OA / PubMed LinkOut / institutional or government repository; record version provenance before use,NOT_ATTEMPTED_IN_FT2,Attempt lawful route only if queued by class; do not appraise in FT2.
EV-0473,Comparison of different periodization models on isotonic and isokinetic muscle strength and lean mass in tactical athletes.,10.1016/j.jbmt.2024.01.021,38763574,,2024,,,Physical / academy readiness,FULL_TEXT_REVIEW,P1 — HIGH,HIGH,MODERATE,NO,NO,DIRECT,NOT_IDENTIFIED,HIGH,UNRESOLVED_UNTIL_FULL_TEXT,MODERATE,Verified — clear,FULL_TEXT_UNAVAILABLE,18,MEDIUM_IMPACT_ACCESS_REQUIRED,direct tactical/occupational population,Publisher OA / PubMed LinkOut / institutional or government repository; record version provenance before use,NOT_ATTEMPTED_IN_FT2,Attempt lawful route only if queued by class; do not appraise in FT2.
EV-0475,"The Association Between Grip Strength, Upper Body Power, and Limb Dominance in a Military Population.",10.1093/milmed/usae227,38739492,,2024,,,Physical / academy readiness,FULL_TEXT_REVIEW,P1 — HIGH,HIGH,MODERATE,NO,NO,DIRECT,NOT_IDENTIFIED,HIGH,UNRESOLVED_UNTIL_FULL_TEXT,MODERATE,Verified — clear,FULL_TEXT_UNAVAILABLE,18,MEDIUM_IMPACT_ACCESS_REQUIRED,direct tactical/occupational population,Publisher OA / PubMed LinkOut / institutional or government repository; record version provenance before use,NOT_ATTEMPTED_IN_FT2,Attempt lawful route only if queued by class; do not appraise in FT2.
EV-0511,"The Tactical Athlete: Definitions, Cardiovascular Assessment, and Management, and ""Fit for Duty"" Standards.",10.1016/j.ccep.2023.09.010,38280817,,2024,,,Medical / cardiovascular readiness,FULL_TEXT_REVIEW,P1 — HIGH,HIGH,MODERATE,NO,NO,DIRECT,NOT_IDENTIFIED,HIGH,UNRESOLVED_UNTIL_FULL_TEXT,MODERATE,Verified — clear,FULL_TEXT_UNAVAILABLE,18,MEDIUM_IMPACT_ACCESS_REQUIRED,direct tactical/occupational population,Publisher OA / PubMed LinkOut / institutional or government repository; record version provenance before use,NOT_ATTEMPTED_IN_FT2,Attempt lawful route only if queued by class; do not appraise in FT2.
EV-0518,Macrotraumatic Fractures of the Multisegmented Ankle-Foot Complex in Military Tactical Athletes: A Cohort Study.,10.7547/22-114,38175726,,2023,,,Musculoskeletal injury,FULL_TEXT_REVIEW,P1 — HIGH,HIGH,MODERATE,NO,NO,DIRECT,NOT_IDENTIFIED,HIGH,UNRESOLVED_UNTIL_FULL_TEXT,MODERATE,Verified — clear,FULL_TEXT_UNAVAILABLE,18,MEDIUM_IMPACT_ACCESS_REQUIRED,direct tactical/occupational population,Publisher OA / PubMed LinkOut / institutional or government repository; record version provenance before use,NOT_ATTEMPTED_IN_FT2,Attempt lawful route only if queued by class; do not appraise in FT2.
EV-0528,Accuracy of heart rate measured by military-grade wearable ECG monitor compared with reference and commercial monitors.,10.1136/military-2023-002541,38053265,,2025,,,Monitoring / wearables,FULL_TEXT_REVIEW,P1 — HIGH,HIGH,MODERATE,NO,NO,DIRECT,NOT_IDENTIFIED,HIGH,UNRESOLVED_UNTIL_FULL_TEXT,MODERATE,Verified — clear,FULL_TEXT_UNAVAILABLE,18,MEDIUM_IMPACT_ACCESS_REQUIRED,direct tactical/occupational population,Publisher OA / PubMed LinkOut / institutional or government repository; record version provenance before use,NOT_ATTEMPTED_IN_FT2,Attempt lawful route only if queued by class; do not appraise in FT2.
EV-0543,Mental Health Predictors of Response to Standard Medical Intervention at a Military Pain Specialty Clinic.,10.1093/milmed/usad060,37948258,,2023,,,Mental health / stress,FULL_TEXT_REVIEW,P1 — HIGH,HIGH,MODERATE,NO,NO,DIRECT,NOT_IDENTIFIED,HIGH,UNRESOLVED_UNTIL_FULL_TEXT,MODERATE,Verified — clear,FULL_TEXT_UNAVAILABLE,18,MEDIUM_IMPACT_ACCESS_REQUIRED,direct tactical/occupational population,Publisher OA / PubMed LinkOut / institutional or government repository; record version provenance before use,NOT_ATTEMPTED_IN_FT2,Attempt lawful route only if queued by class; do not appraise in FT2.
EV-0567,Using Focus Groups to Identify Nutrition Education Needs and Implementation Strategies for the Wildland Firefighter.,10.1097/jom.0000000000002959,37696801,,2024,,,Nutrition / shift work,FULL_TEXT_REVIEW,P1 — HIGH,HIGH,MODERATE,NO,NO,DIRECT,NOT_IDENTIFIED,HIGH,UNRESOLVED_UNTIL_FULL_TEXT,MODERATE,Verified — clear,FULL_TEXT_UNAVAILABLE,18,MEDIUM_IMPACT_ACCESS_REQUIRED,direct tactical/occupational population,Publisher OA / PubMed LinkOut / institutional or government repository; record version provenance before use,NOT_ATTEMPTED_IN_FT2,Attempt lawful route only if queued by class; do not appraise in FT2.
EV-0590,Sex differences in musculoskeletal injury epidemiology and subsequent loss of tactical readiness during Marine Corps Officer Candidates School.,10.1136/military-2023-002392,37336580,,2024,,,Musculoskeletal injury,FULL_TEXT_REVIEW,P1 — HIGH,HIGH,MODERATE,NO,NO,DIRECT,NOT_IDENTIFIED,HIGH,UNRESOLVED_UNTIL_FULL_TEXT,MODERATE,Verified — clear,FULL_TEXT_UNAVAILABLE,18,MEDIUM_IMPACT_ACCESS_REQUIRED,direct tactical/occupational population,Publisher OA / PubMed LinkOut / institutional or government repository; record version provenance before use,NOT_ATTEMPTED_IN_FT2,Attempt lawful route only if queued by class; do not appraise in FT2.
EV-0611,Performance changes during repeated military occupational test and its associations to physical performance.,10.1080/00140139.2023.2193869,36939035,,2023,,,Physical / academy readiness,FULL_TEXT_REVIEW,P1 — HIGH,HIGH,MODERATE,NO,NO,DIRECT,NOT_IDENTIFIED,HIGH,UNRESOLVED_UNTIL_FULL_TEXT,MODERATE,Verified — clear,FULL_TEXT_UNAVAILABLE,18,MEDIUM_IMPACT_ACCESS_REQUIRED,direct tactical/occupational population,Publisher OA / PubMed LinkOut / institutional or government repository; record version provenance before use,NOT_ATTEMPTED_IN_FT2,Attempt lawful route only if queued by class; do not appraise in FT2.
EV-0646,Less daytime sleepiness and slow wave activity during sleep predict better physical readiness in military personnel.,10.1016/j.sleh.2022.10.013,36503874,,2023,,,Sleep / fatigue / recovery,FULL_TEXT_REVIEW,P1 — HIGH,HIGH,MODERATE,NO,NO,DIRECT,NOT_IDENTIFIED,HIGH,UNRESOLVED_UNTIL_FULL_TEXT,MODERATE,Verified — clear,FULL_TEXT_UNAVAILABLE,18,MEDIUM_IMPACT_ACCESS_REQUIRED,direct tactical/occupational population,Publisher OA / PubMed LinkOut / institutional or government repository; record version provenance before use,NOT_ATTEMPTED_IN_FT2,Attempt lawful route only if queued by class; do not appraise in FT2.
EV-0653,"The Tactical Athlete: Definitions, Cardiovascular Assessment, and Management, and ""Fit for Duty"" Standards.",10.1016/j.ccl.2022.08.008,36368814,,2023,,,Medical / cardiovascular readiness,FULL_TEXT_REVIEW,P1 — HIGH,HIGH,MODERATE,NO,NO,DIRECT,NOT_IDENTIFIED,HIGH,UNRESOLVED_UNTIL_FULL_TEXT,MODERATE,Verified — clear,FULL_TEXT_UNAVAILABLE,18,MEDIUM_IMPACT_ACCESS_REQUIRED,direct tactical/occupational population,Publisher OA / PubMed LinkOut / institutional or government repository; record version provenance before use,NOT_ATTEMPTED_IN_FT2,Attempt lawful route only if queued by class; do not appraise in FT2.
EV-0658,"Aerobic fitness predicted by demographics, anthropometrics, health behaviour, physical activity and muscle fitness in male and female recruits entering military service.",10.1136/military-2022-002267,36270735,,2024,,,Physical / academy readiness,FULL_TEXT_REVIEW,P1 — HIGH,HIGH,MODERATE,NO,NO,DIRECT,NOT_IDENTIFIED,HIGH,UNRESOLVED_UNTIL_FULL_TEXT,MODERATE,Verified — clear,FULL_TEXT_UNAVAILABLE,18,MEDIUM_IMPACT_ACCESS_REQUIRED,direct tactical/occupational population,Publisher OA / PubMed LinkOut / institutional or government repository; record version provenance before use,NOT_ATTEMPTED_IN_FT2,Attempt lawful route only if queued by class; do not appraise in FT2.
EV-0665,Musculoskeletal injury in military specialists: a 2-year retrospective study.,10.1136/military-2022-002165,36175032,,2024,,,Musculoskeletal injury,FULL_TEXT_REVIEW,P1 — HIGH,HIGH,MODERATE,NO,NO,DIRECT,NOT_IDENTIFIED,HIGH,UNRESOLVED_UNTIL_FULL_TEXT,MODERATE,Verified — clear,FULL_TEXT_UNAVAILABLE,18,MEDIUM_IMPACT_ACCESS_REQUIRED,direct tactical/occupational population,Publisher OA / PubMed LinkOut / institutional or government repository; record version provenance before use,NOT_ATTEMPTED_IN_FT2,Attempt lawful route only if queued by class; do not appraise in FT2.
EV-0685,"No pain, no gain: The military overtraining hypothesis of musculoskeletal stress and injury.",10.1080/09593985.2022.2082346,35695302,,2023,,,Musculoskeletal injury,FULL_TEXT_REVIEW,P1 — HIGH,HIGH,MODERATE,NO,NO,DIRECT,NOT_IDENTIFIED,HIGH,UNRESOLVED_UNTIL_FULL_TEXT,MODERATE,Verified — clear,FULL_TEXT_UNAVAILABLE,18,MEDIUM_IMPACT_ACCESS_REQUIRED,direct tactical/occupational population,Publisher OA / PubMed LinkOut / institutional or government repository; record version provenance before use,NOT_ATTEMPTED_IN_FT2,Attempt lawful route only if queued by class; do not appraise in FT2.
EV-0695,Recovery of Cognitive Performance Following Multi-Stressor Military Training.,10.1177/00187208221086686,35549578,,2024,,,Cognition / firearm performance,FULL_TEXT_REVIEW,P1 — HIGH,HIGH,MODERATE,NO,NO,DIRECT,NOT_IDENTIFIED,HIGH,UNRESOLVED_UNTIL_FULL_TEXT,MODERATE,Verified — clear,FULL_TEXT_UNAVAILABLE,18,MEDIUM_IMPACT_ACCESS_REQUIRED,direct tactical/occupational population,Publisher OA / PubMed LinkOut / institutional or government repository; record version provenance before use,NOT_ATTEMPTED_IN_FT2,Attempt lawful route only if queued by class; do not appraise in FT2.
EV-0725,Pilot outcomes of cognitive processing therapy implementation in military health system outpatient behavioral health clinics.,10.1037/ser0000611,35099229,,2023,,,Cognition / firearm performance,FULL_TEXT_REVIEW,P1 — HIGH,HIGH,MODERATE,NO,NO,DIRECT,NOT_IDENTIFIED,HIGH,UNRESOLVED_UNTIL_FULL_TEXT,MODERATE,Verified — clear,FULL_TEXT_UNAVAILABLE,18,MEDIUM_IMPACT_ACCESS_REQUIRED,direct tactical/occupational population,Publisher OA / PubMed LinkOut / institutional or government repository; record version provenance before use,NOT_ATTEMPTED_IN_FT2,Attempt lawful route only if queued by class; do not appraise in FT2.
EV-0726,"Active Duty Service Members, Primary Managers, and Administrators' Perspectives on a Novel Sleep Telehealth Management Platform in the U.S. Military Healthcare System.",10.1093/milmed/usac006,35089344,,2022,,,Sleep / fatigue / recovery,FULL_TEXT_REVIEW,P1 — HIGH,HIGH,MODERATE,NO,NO,DIRECT,NOT_IDENTIFIED,HIGH,UNRESOLVED_UNTIL_FULL_TEXT,MODERATE,Verified — clear,FULL_TEXT_UNAVAILABLE,18,MEDIUM_IMPACT_ACCESS_REQUIRED,direct tactical/occupational population,Publisher OA / PubMed LinkOut / institutional or government repository; record version provenance before use,NOT_ATTEMPTED_IN_FT2,Attempt lawful route only if queued by class; do not appraise in FT2.
EV-0759,Military Body Composition Standards and Physical Performance: Historical Perspectives and Future Directions.,10.1519/jsc.0000000000004142,34593729,,2022,,,Physical / academy readiness,FULL_TEXT_REVIEW,P1 — HIGH,HIGH,MODERATE,NO,NO,DIRECT,NOT_IDENTIFIED,HIGH,UNRESOLVED_UNTIL_FULL_TEXT,MODERATE,Verified — clear,FULL_TEXT_UNAVAILABLE,18,MEDIUM_IMPACT_ACCESS_REQUIRED,direct tactical/occupational population,Publisher OA / PubMed LinkOut / institutional or government repository; record version provenance before use,NOT_ATTEMPTED_IN_FT2,Attempt lawful route only if queued by class; do not appraise in FT2.
EV-0768,Can training trunk musculature influence musculoskeletal pain and physical performance in military police officers?,10.1080/00140139.2021.1973576,34445935,,2022,,,Physical / academy readiness,FULL_TEXT_REVIEW,P1 — HIGH,HIGH,MODERATE,NO,NO,DIRECT,NOT_IDENTIFIED,HIGH,UNRESOLVED_UNTIL_FULL_TEXT,MODERATE,Verified — clear,FULL_TEXT_UNAVAILABLE,18,MEDIUM_IMPACT_ACCESS_REQUIRED,direct tactical/occupational population,Publisher OA / PubMed LinkOut / institutional or government repository; record version provenance before use,NOT_ATTEMPTED_IN_FT2,Attempt lawful route only if queued by class; do not appraise in FT2.
EV-0771,A Threat to Military Combat Power: Dietary Supplements.,10.1016/j.amjmed.2021.07.026,34411520,,2021,,,Nutrition / shift work,FULL_TEXT_REVIEW,P1 — HIGH,HIGH,MODERATE,NO,NO,DIRECT,NOT_IDENTIFIED,HIGH,UNRESOLVED_UNTIL_FULL_TEXT,MODERATE,Verified — clear,FULL_TEXT_UNAVAILABLE,18,MEDIUM_IMPACT_ACCESS_REQUIRED,direct tactical/occupational population,Publisher OA / PubMed LinkOut / institutional or government repository; record version provenance before use,NOT_ATTEMPTED_IN_FT2,Attempt lawful route only if queued by class; do not appraise in FT2.
EV-0782,Dietary Intakes From Ad Libitum Consumption of Canadian Armed Forces Field Rations Compared With Usual Home Dietary Intakes and Military Dietary Reference Intakes.,10.1093/milmed/usab222,34117489,,2023,,,Nutrition / shift work,FULL_TEXT_REVIEW,P1 — HIGH,HIGH,MODERATE,NO,NO,DIRECT,NOT_IDENTIFIED,HIGH,UNRESOLVED_UNTIL_FULL_TEXT,MODERATE,Verified — clear,FULL_TEXT_UNAVAILABLE,18,MEDIUM_IMPACT_ACCESS_REQUIRED,direct tactical/occupational population,Publisher OA / PubMed LinkOut / institutional or government repository; record version provenance before use,NOT_ATTEMPTED_IN_FT2,Attempt lawful route only if queued by class; do not appraise in FT2.
EV-0800,Brief behavioral treatment for insomnia: Treatment schedule and training feasibility in the military.,10.1037/ser0000528,33779201,,2022,,,Sleep / fatigue / recovery,FULL_TEXT_REVIEW,P1 — HIGH,HIGH,MODERATE,NO,NO,DIRECT,NOT_IDENTIFIED,HIGH,UNRESOLVED_UNTIL_FULL_TEXT,MODERATE,Verified — clear,FULL_TEXT_UNAVAILABLE,18,MEDIUM_IMPACT_ACCESS_REQUIRED,direct tactical/occupational population,Publisher OA / PubMed LinkOut / institutional or government repository; record version provenance before use,NOT_ATTEMPTED_IN_FT2,Attempt lawful route only if queued by class; do not appraise in FT2.
EV-0804,Sex and occupation are salient factors associated with lateral ankle sprain risk in military tactical athletes.,10.1016/j.jsams.2021.02.016,33707156,,2021,,,Musculoskeletal injury,FULL_TEXT_REVIEW,P1 — HIGH,HIGH,MODERATE,NO,NO,DIRECT,NOT_IDENTIFIED,HIGH,UNRESOLVED_UNTIL_FULL_TEXT,MODERATE,Verified — clear,FULL_TEXT_UNAVAILABLE,18,MEDIUM_IMPACT_ACCESS_REQUIRED,direct tactical/occupational population,Publisher OA / PubMed LinkOut / institutional or government repository; record version provenance before use,NOT_ATTEMPTED_IN_FT2,Attempt lawful route only if queued by class; do not appraise in FT2.
EV-0809,Relationships between balance and physical fitness variables in firefighter recruits.,10.3233/wor-203401,33612511,,2021,,,Physical / academy readiness,FULL_TEXT_REVIEW,P1 — HIGH,HIGH,MODERATE,NO,NO,DIRECT,NOT_IDENTIFIED,HIGH,UNRESOLVED_UNTIL_FULL_TEXT,MODERATE,Verified — clear,FULL_TEXT_UNAVAILABLE,18,MEDIUM_IMPACT_ACCESS_REQUIRED,direct tactical/occupational population,Publisher OA / PubMed LinkOut / institutional or government repository; record version provenance before use,NOT_ATTEMPTED_IN_FT2,Attempt lawful route only if queued by class; do not appraise in FT2.
EV-0886,Implementation and Evaluation of Tactical Combat Casualty Care for Army Aviators.,10.1093/milmed/usz491,32314785,,2020,,,Tactical medicine / TCCC / TECC / APH,FULL_TEXT_REVIEW,P1 — HIGH,HIGH,MODERATE,NO,NO,DIRECT,NOT_IDENTIFIED,HIGH,UNRESOLVED_UNTIL_FULL_TEXT,MODERATE,Verified — clear,FULL_TEXT_UNAVAILABLE,18,MEDIUM_IMPACT_ACCESS_REQUIRED,direct tactical/occupational population,Publisher OA / PubMed LinkOut / institutional or government repository; record version provenance before use,NOT_ATTEMPTED_IN_FT2,Attempt lawful route only if queued by class; do not appraise in FT2.
EV-0904,"Tactical Combat Casualty Care Training, Knowledge, and Utilization in the US Army.",10.1093/milmed/usz303,32074304,,2020,,,Tactical medicine / TCCC / TECC / APH,FULL_TEXT_REVIEW,P1 — HIGH,HIGH,MODERATE,NO,NO,DIRECT,NOT_IDENTIFIED,HIGH,UNRESOLVED_UNTIL_FULL_TEXT,MODERATE,Verified — clear,FULL_TEXT_UNAVAILABLE,18,MEDIUM_IMPACT_ACCESS_REQUIRED,direct tactical/occupational population,Publisher OA / PubMed LinkOut / institutional or government repository; record version provenance before use,NOT_ATTEMPTED_IN_FT2,Attempt lawful route only if queued by class; do not appraise in FT2.
EV-0930,Hormonal balance and nutritional intake in elite tactical athletes.,10.1016/j.steroids.2019.108504,31586604,,2019,,,Nutrition / shift work,FULL_TEXT_REVIEW,P1 — HIGH,HIGH,MODERATE,NO,NO,DIRECT,NOT_IDENTIFIED,HIGH,UNRESOLVED_UNTIL_FULL_TEXT,MODERATE,Verified — clear,FULL_TEXT_UNAVAILABLE,18,MEDIUM_IMPACT_ACCESS_REQUIRED,direct tactical/occupational population,Publisher OA / PubMed LinkOut / institutional or government repository; record version provenance before use,NOT_ATTEMPTED_IN_FT2,Attempt lawful route only if queued by class; do not appraise in FT2.
EV-0944,Multiligamentous Knee Injuries in the Military Tactical Athlete.,10.1097/jsa.0000000000000253,31361717,,2019,,,Musculoskeletal injury,FULL_TEXT_REVIEW,P1 — HIGH,HIGH,MODERATE,NO,NO,DIRECT,NOT_IDENTIFIED,HIGH,UNRESOLVED_UNTIL_FULL_TEXT,MODERATE,Verified — clear,FULL_TEXT_UNAVAILABLE,18,MEDIUM_IMPACT_ACCESS_REQUIRED,direct tactical/occupational population,Publisher OA / PubMed LinkOut / institutional or government repository; record version provenance before use,NOT_ATTEMPTED_IN_FT2,Attempt lawful route only if queued by class; do not appraise in FT2.
EV-0951,Sleep health and its association with performance and motivation in tactical athletes enrolled in the Reserve Officers' Training Corps.,10.1016/j.sleh.2019.01.004,31208712,,2019,,,Sleep / fatigue / recovery,FULL_TEXT_REVIEW,P1 — HIGH,HIGH,MODERATE,NO,NO,DIRECT,NOT_IDENTIFIED,HIGH,UNRESOLVED_UNTIL_FULL_TEXT,MODERATE,Verified — clear,FULL_TEXT_UNAVAILABLE,18,MEDIUM_IMPACT_ACCESS_REQUIRED,direct tactical/occupational population,Publisher OA / PubMed LinkOut / institutional or government repository; record version provenance before use,NOT_ATTEMPTED_IN_FT2,Attempt lawful route only if queued by class; do not appraise in FT2.
EV-0954,Improvised Inguinal Junctional Tourniquets: Recommendations From the Special Operations Combat Medical Skills Sustainment Course.,10.55460/4qm4-j8mg,31201768,,2019,,,Tactical medicine / TCCC / TECC / APH,FULL_TEXT_REVIEW,P1 — HIGH,HIGH,MODERATE,NO,NO,DIRECT,NOT_IDENTIFIED,HIGH,UNRESOLVED_UNTIL_FULL_TEXT,MODERATE,Verified — clear,FULL_TEXT_UNAVAILABLE,18,MEDIUM_IMPACT_ACCESS_REQUIRED,direct tactical/occupational population,Publisher OA / PubMed LinkOut / institutional or government repository; record version provenance before use,NOT_ATTEMPTED_IN_FT2,Attempt lawful route only if queued by class; do not appraise in FT2.
EV-0980,Extended Ketogenic Diet and Physical Training Intervention in Military Personnel.,10.1093/milmed/usz046,30877806,,2019,,,Nutrition / shift work,FULL_TEXT_REVIEW,P1 — HIGH,HIGH,MODERATE,NO,NO,DIRECT,NOT_IDENTIFIED,HIGH,UNRESOLVED_UNTIL_FULL_TEXT,MODERATE,Verified — clear,FULL_TEXT_UNAVAILABLE,18,MEDIUM_IMPACT_ACCESS_REQUIRED,direct tactical/occupational population,Publisher OA / PubMed LinkOut / institutional or government repository; record version provenance before use,NOT_ATTEMPTED_IN_FT2,Attempt lawful route only if queued by class; do not appraise in FT2.
EV-0983,"Effects of 6-Month Military Deployment on Physical Fitness, Body Composition, and Selected Health-Related Biomarkers.",10.1519/jsc.0000000000002885,30829983,,2021,,,Physical / academy readiness,FULL_TEXT_REVIEW,P1 — HIGH,HIGH,MODERATE,NO,NO,DIRECT,NOT_IDENTIFIED,HIGH,UNRESOLVED_UNTIL_FULL_TEXT,MODERATE,Verified — clear,FULL_TEXT_UNAVAILABLE,18,MEDIUM_IMPACT_ACCESS_REQUIRED,direct tactical/occupational population,Publisher OA / PubMed LinkOut / institutional or government repository; record version provenance before use,NOT_ATTEMPTED_IN_FT2,Attempt lawful route only if queued by class; do not appraise in FT2.
EV-0991,Risk of post-traumatic knee osteoarthritis after knee injury in military service members.,10.1002/msc.1378,30609244,,2019,,,Musculoskeletal injury,FULL_TEXT_REVIEW,P1 — HIGH,HIGH,MODERATE,NO,NO,DIRECT,NOT_IDENTIFIED,HIGH,UNRESOLVED_UNTIL_FULL_TEXT,MODERATE,Verified — clear,FULL_TEXT_UNAVAILABLE,18,MEDIUM_IMPACT_ACCESS_REQUIRED,direct tactical/occupational population,Publisher OA / PubMed LinkOut / institutional or government repository; record version provenance before use,NOT_ATTEMPTED_IN_FT2,Attempt lawful route only if queued by class; do not appraise in FT2.
EV-1009,Effects of Tactical Emergency Casualty Care Training for Law Enforcement Officers.,10.1017/s1049023x18000730,30168405,,2018,,,Tactical medicine / TCCC / TECC / APH,FULL_TEXT_REVIEW,P1 — HIGH,HIGH,MODERATE,NO,NO,DIRECT,NOT_IDENTIFIED,HIGH,UNRESOLVED_UNTIL_FULL_TEXT,MODERATE,Verified — clear,FULL_TEXT_UNAVAILABLE,18,MEDIUM_IMPACT_ACCESS_REQUIRED,direct tactical/occupational population,Publisher OA / PubMed LinkOut / institutional or government repository; record version provenance before use,NOT_ATTEMPTED_IN_FT2,Attempt lawful route only if queued by class; do not appraise in FT2.
EV-1014,Neuromuscular Performance and Hormonal Profile During Military Training and Subsequent Recovery Period.,10.1093/milmed/usy176,30053107,,2019,,,Sleep / fatigue / recovery,FULL_TEXT_REVIEW,P1 — HIGH,HIGH,MODERATE,NO,NO,DIRECT,NOT_IDENTIFIED,HIGH,UNRESOLVED_UNTIL_FULL_TEXT,MODERATE,Verified — clear,FULL_TEXT_UNAVAILABLE,18,MEDIUM_IMPACT_ACCESS_REQUIRED,direct tactical/occupational population,Publisher OA / PubMed LinkOut / institutional or government repository; record version provenance before use,NOT_ATTEMPTED_IN_FT2,Attempt lawful route only if queued by class; do not appraise in FT2.
EV-1036,Changes in Physical Performance During 21 d of Military Field Training in Warfighters.,10.1093/milmed/usx049,29420780,,2018,,,Physical / academy readiness,FULL_TEXT_REVIEW,P1 — HIGH,HIGH,MODERATE,NO,NO,DIRECT,NOT_IDENTIFIED,HIGH,UNRESOLVED_UNTIL_FULL_TEXT,MODERATE,Verified — clear,FULL_TEXT_UNAVAILABLE,18,MEDIUM_IMPACT_ACCESS_REQUIRED,direct tactical/occupational population,Publisher OA / PubMed LinkOut / institutional or government repository; record version provenance before use,NOT_ATTEMPTED_IN_FT2,Attempt lawful route only if queued by class; do not appraise in FT2.
EV-1060,Priorities for implementing nutritional science into practice to optimize military performance.,10.1093/nutrit/nux019,28969346,,2017,,,Nutrition / shift work,FULL_TEXT_REVIEW,P1 — HIGH,HIGH,MODERATE,NO,NO,DIRECT,NOT_IDENTIFIED,HIGH,UNRESOLVED_UNTIL_FULL_TEXT,MODERATE,Verified — clear,FULL_TEXT_UNAVAILABLE,18,MEDIUM_IMPACT_ACCESS_REQUIRED,direct tactical/occupational population,Publisher OA / PubMed LinkOut / institutional or government repository; record version provenance before use,NOT_ATTEMPTED_IN_FT2,Attempt lawful route only if queued by class; do not appraise in FT2.
EV-1092,Trends and factors associated with insomnia and sleep apnea in all United States military service members from 2005 to 2014.,10.1111/jsr.12543,28448689,,2017,,,Sleep / fatigue / recovery,FULL_TEXT_REVIEW,P1 — HIGH,HIGH,MODERATE,NO,NO,DIRECT,NOT_IDENTIFIED,HIGH,UNRESOLVED_UNTIL_FULL_TEXT,MODERATE,Verified — clear,FULL_TEXT_UNAVAILABLE,18,MEDIUM_IMPACT_ACCESS_REQUIRED,direct tactical/occupational population,Publisher OA / PubMed LinkOut / institutional or government repository; record version provenance before use,NOT_ATTEMPTED_IN_FT2,Attempt lawful route only if queued by class; do not appraise in FT2.
EV-1105,"A Descriptive Analysis of Tactical Casualty Care Interventions Performed by Law Enforcement Personnel in the State of Wisconsin, 2010-2015.",10.1017/s1049023x17000103,28219471,,2017,,,Tactical medicine / TCCC / TECC / APH,FULL_TEXT_REVIEW,P1 — HIGH,HIGH,MODERATE,NO,NO,DIRECT,NOT_IDENTIFIED,HIGH,UNRESOLVED_UNTIL_FULL_TEXT,MODERATE,Verified — clear,FULL_TEXT_UNAVAILABLE,18,MEDIUM_IMPACT_ACCESS_REQUIRED,direct tactical/occupational population,Publisher OA / PubMed LinkOut / institutional or government repository; record version provenance before use,NOT_ATTEMPTED_IN_FT2,Attempt lawful route only if queued by class; do not appraise in FT2.
EV-1133,Military Sleep Management: An Operational Imperative.,,27215880,,2016,,,Sleep / fatigue / recovery,FULL_TEXT_REVIEW,P1 — HIGH,HIGH,MODERATE,NO,NO,DIRECT,NOT_IDENTIFIED,HIGH,UNRESOLVED_UNTIL_FULL_TEXT,MODERATE,Verified — clear,FULL_TEXT_UNAVAILABLE,18,MEDIUM_IMPACT_ACCESS_REQUIRED,direct tactical/occupational population,Publisher OA / PubMed LinkOut / institutional or government repository; record version provenance before use,NOT_ATTEMPTED_IN_FT2,Attempt lawful route only if queued by class; do not appraise in FT2.
EV-1140,Evaluation and Testing of Junctional Tourniquets by Special Operation Forces Personnel: A Comparison of the Combat Ready Clamp and the Junctional Emergency Treatment Tool.,,27045493,,2016,,,Tactical medicine / TCCC / TECC / APH,FULL_TEXT_REVIEW,P1 — HIGH,HIGH,MODERATE,NO,NO,DIRECT,NOT_IDENTIFIED,HIGH,UNRESOLVED_UNTIL_FULL_TEXT,MODERATE,Verified — clear,FULL_TEXT_UNAVAILABLE,18,MEDIUM_IMPACT_ACCESS_REQUIRED,direct tactical/occupational population,Publisher OA / PubMed LinkOut / institutional or government repository; record version provenance before use,NOT_ATTEMPTED_IN_FT2,Attempt lawful route only if queued by class; do not appraise in FT2.
EV-1142,Relationship between general nutrition knowledge and diet quality in Australian military personnel.,10.1017/s0007114516000532,26931550,,2016,,,Nutrition / shift work,FULL_TEXT_REVIEW,P1 — HIGH,HIGH,MODERATE,NO,NO,DIRECT,NOT_IDENTIFIED,HIGH,UNRESOLVED_UNTIL_FULL_TEXT,MODERATE,Verified — clear,FULL_TEXT_UNAVAILABLE,18,MEDIUM_IMPACT_ACCESS_REQUIRED,direct tactical/occupational population,Publisher OA / PubMed LinkOut / institutional or government repository; record version provenance before use,NOT_ATTEMPTED_IN_FT2,Attempt lawful route only if queued by class; do not appraise in FT2.
EV-1147,Effects of Age and Military Service on Strength and Physiological Characteristics of U.S. Army Soldiers.,10.7205/milmed-d-15-00036,26837087,,2016,,,Physical / academy readiness,FULL_TEXT_REVIEW,P1 — HIGH,HIGH,MODERATE,NO,NO,DIRECT,NOT_IDENTIFIED,HIGH,UNRESOLVED_UNTIL_FULL_TEXT,MODERATE,Verified — clear,FULL_TEXT_UNAVAILABLE,18,MEDIUM_IMPACT_ACCESS_REQUIRED,direct tactical/occupational population,Publisher OA / PubMed LinkOut / institutional or government repository; record version provenance before use,NOT_ATTEMPTED_IN_FT2,Attempt lawful route only if queued by class; do not appraise in FT2.
EV-1148,"Operational Physical Performance and Fitness in Military Women: Physiological, Musculoskeletal Injury, and Optimized Physical Training Considerations for Successfully Integrating Women Into Combat-Centric Military Occupations.",10.7205/milmed-d-15-00382,26741902,,2016,,,Physical / academy readiness,FULL_TEXT_REVIEW,P1 — HIGH,HIGH,MODERATE,NO,NO,DIRECT,NOT_IDENTIFIED,HIGH,UNRESOLVED_UNTIL_FULL_TEXT,MODERATE,Verified — clear,FULL_TEXT_UNAVAILABLE,18,MEDIUM_IMPACT_ACCESS_REQUIRED,direct tactical/occupational population,Publisher OA / PubMed LinkOut / institutional or government repository; record version provenance before use,NOT_ATTEMPTED_IN_FT2,Attempt lawful route only if queued by class; do not appraise in FT2.
EV-1150,"Relationships Between Physical Fitness, Demands of Flight Duty, and Musculoskeletal Symptoms Among Military Pilots.",10.7205/milmed-d-14-00467,26633667,,2015,,,Physical / academy readiness,FULL_TEXT_REVIEW,P1 — HIGH,HIGH,MODERATE,NO,NO,DIRECT,NOT_IDENTIFIED,HIGH,UNRESOLVED_UNTIL_FULL_TEXT,MODERATE,Verified — clear,FULL_TEXT_UNAVAILABLE,18,MEDIUM_IMPACT_ACCESS_REQUIRED,direct tactical/occupational population,Publisher OA / PubMed LinkOut / institutional or government repository; record version provenance before use,NOT_ATTEMPTED_IN_FT2,Attempt lawful route only if queued by class; do not appraise in FT2.
EV-1159,Perspectives on Aerobic and Strength Influences on Military Physical Readiness: Report of an International Military Physiology Roundtable.,10.1519/jsc.0000000000001025,26506170,,2015,,,Physical / academy readiness,FULL_TEXT_REVIEW,P1 — HIGH,HIGH,MODERATE,NO,NO,DIRECT,NOT_IDENTIFIED,HIGH,UNRESOLVED_UNTIL_FULL_TEXT,MODERATE,Verified — clear,FULL_TEXT_UNAVAILABLE,18,MEDIUM_IMPACT_ACCESS_REQUIRED,direct tactical/occupational population,Publisher OA / PubMed LinkOut / institutional or government repository; record version provenance before use,NOT_ATTEMPTED_IN_FT2,Attempt lawful route only if queued by class; do not appraise in FT2.
EV-1163,Evaluation of General Nutrition Knowledge in Australian Military Personnel.,10.1016/j.jand.2015.08.014,26384465,,2016,,,Nutrition / shift work,FULL_TEXT_REVIEW,P1 — HIGH,HIGH,MODERATE,NO,NO,DIRECT,NOT_IDENTIFIED,HIGH,UNRESOLVED_UNTIL_FULL_TEXT,MODERATE,Verified — clear,FULL_TEXT_UNAVAILABLE,18,MEDIUM_IMPACT_ACCESS_REQUIRED,direct tactical/occupational population,Publisher OA / PubMed LinkOut / institutional or government repository; record version provenance before use,NOT_ATTEMPTED_IN_FT2,Attempt lawful route only if queued by class; do not appraise in FT2.
EV-1176,"Musculoskeletal, biomechanical, and physiological gender differences in the US military.",,26101903,,2015,,,Musculoskeletal injury,FULL_TEXT_REVIEW,P1 — HIGH,HIGH,MODERATE,NO,NO,DIRECT,NOT_IDENTIFIED,HIGH,UNRESOLVED_UNTIL_FULL_TEXT,MODERATE,Verified — clear,FULL_TEXT_UNAVAILABLE,18,MEDIUM_IMPACT_ACCESS_REQUIRED,direct tactical/occupational population,Publisher OA / PubMed LinkOut / institutional or government repository; record version provenance before use,NOT_ATTEMPTED_IN_FT2,Attempt lawful route only if queued by class; do not appraise in FT2.
EV-1181,A study of prehospital medical documentation by military medical providers during precombat training.,,25770802,,2015,,,Tactical medicine / TCCC / TECC / APH,FULL_TEXT_REVIEW,P1 — HIGH,HIGH,MODERATE,NO,NO,DIRECT,NOT_IDENTIFIED,HIGH,UNRESOLVED_UNTIL_FULL_TEXT,MODERATE,Verified — clear,FULL_TEXT_UNAVAILABLE,18,MEDIUM_IMPACT_ACCESS_REQUIRED,direct tactical/occupational population,Publisher OA / PubMed LinkOut / institutional or government repository; record version provenance before use,NOT_ATTEMPTED_IN_FT2,Attempt lawful route only if queued by class; do not appraise in FT2.
EV-1184,Effects of two different 5 weeks training programs on the physical fitness of military recruits.,,25643544,,2014,,,Physical / academy readiness,FULL_TEXT_REVIEW,P1 — HIGH,HIGH,MODERATE,NO,NO,DIRECT,NOT_IDENTIFIED,HIGH,UNRESOLVED_UNTIL_FULL_TEXT,MODERATE,Verified — clear,FULL_TEXT_UNAVAILABLE,18,MEDIUM_IMPACT_ACCESS_REQUIRED,direct tactical/occupational population,Publisher OA / PubMed LinkOut / institutional or government repository; record version provenance before use,NOT_ATTEMPTED_IN_FT2,Attempt lawful route only if queued by class; do not appraise in FT2.
EV-1193,Utility of a sports medicine model in military combat concussion and musculoskeletal restoration care.,10.7205/milmed-d-14-00191,25373061,,2014,,,Musculoskeletal injury,FULL_TEXT_REVIEW,P1 — HIGH,HIGH,MODERATE,NO,NO,DIRECT,NOT_IDENTIFIED,HIGH,UNRESOLVED_UNTIL_FULL_TEXT,MODERATE,Verified — clear,FULL_TEXT_UNAVAILABLE,18,MEDIUM_IMPACT_ACCESS_REQUIRED,direct tactical/occupational population,Publisher OA / PubMed LinkOut / institutional or government repository; record version provenance before use,NOT_ATTEMPTED_IN_FT2,Attempt lawful route only if queued by class; do not appraise in FT2.
EV-1194,Law enforcement-applied tourniquets: a case series of life-saving interventions.,10.3109/10903127.2014.964893,25350269,,2015,,,Tactical medicine / TCCC / TECC / APH,FULL_TEXT_REVIEW,P1 — HIGH,HIGH,MODERATE,NO,NO,DIRECT,NOT_IDENTIFIED,HIGH,UNRESOLVED_UNTIL_FULL_TEXT,MODERATE,Verified — clear,FULL_TEXT_UNAVAILABLE,18,MEDIUM_IMPACT_ACCESS_REQUIRED,direct tactical/occupational population,Publisher OA / PubMed LinkOut / institutional or government repository; record version provenance before use,NOT_ATTEMPTED_IN_FT2,Attempt lawful route only if queued by class; do not appraise in FT2.
EV-1209,Clinical encounters in tactical medicine: a mission-specific analysis of the Maryland State Police experience.,10.55460/eryz-toma,24952050,,2014,,,Tactical medicine / TCCC / TECC / APH,FULL_TEXT_REVIEW,P1 — HIGH,HIGH,MODERATE,NO,NO,DIRECT,NOT_IDENTIFIED,HIGH,UNRESOLVED_UNTIL_FULL_TEXT,MODERATE,Verified — clear,FULL_TEXT_UNAVAILABLE,18,MEDIUM_IMPACT_ACCESS_REQUIRED,direct tactical/occupational population,Publisher OA / PubMed LinkOut / institutional or government repository; record version provenance before use,NOT_ATTEMPTED_IN_FT2,Attempt lawful route only if queued by class; do not appraise in FT2.
EV-1213,Attention and visual tracking degradation during acute sleep deprivation in a military sample.,10.3357/asem.3882.2014,24834562,,2014,,,Sleep / fatigue / recovery,FULL_TEXT_REVIEW,P1 — HIGH,HIGH,MODERATE,NO,NO,DIRECT,NOT_IDENTIFIED,HIGH,UNRESOLVED_UNTIL_FULL_TEXT,MODERATE,Verified — clear,FULL_TEXT_UNAVAILABLE,18,MEDIUM_IMPACT_ACCESS_REQUIRED,direct tactical/occupational population,Publisher OA / PubMed LinkOut / institutional or government repository; record version provenance before use,NOT_ATTEMPTED_IN_FT2,Attempt lawful route only if queued by class; do not appraise in FT2.
EV-1216,Relationships of physical performance tests to military-relevant tasks in women.,,24706238,,2014,,,Physical / academy readiness,FULL_TEXT_REVIEW,P1 — HIGH,HIGH,MODERATE,NO,NO,DIRECT,NOT_IDENTIFIED,HIGH,UNRESOLVED_UNTIL_FULL_TEXT,MODERATE,Verified — clear,FULL_TEXT_UNAVAILABLE,18,MEDIUM_IMPACT_ACCESS_REQUIRED,direct tactical/occupational population,Publisher OA / PubMed LinkOut / institutional or government repository; record version provenance before use,NOT_ATTEMPTED_IN_FT2,Attempt lawful route only if queued by class; do not appraise in FT2.
EV-1226,"Association among functional-movement ability, fatigue, sedentary time, and fitness in 40 years and older active duty military personnel.",10.7205/milmed-d-13-00186,24306020,,2013,,,Sleep / fatigue / recovery,FULL_TEXT_REVIEW,P1 — HIGH,HIGH,MODERATE,NO,NO,DIRECT,NOT_IDENTIFIED,HIGH,UNRESOLVED_UNTIL_FULL_TEXT,MODERATE,Verified — clear,FULL_TEXT_UNAVAILABLE,18,MEDIUM_IMPACT_ACCESS_REQUIRED,direct tactical/occupational population,Publisher OA / PubMed LinkOut / institutional or government repository; record version provenance before use,NOT_ATTEMPTED_IN_FT2,Attempt lawful route only if queued by class; do not appraise in FT2.
EV-1236,Strategies for optimizing military physical readiness and preventing musculoskeletal injuries in the 21st century.,,24146239,,2013,,,Musculoskeletal injury,FULL_TEXT_REVIEW,P1 — HIGH,HIGH,MODERATE,NO,NO,DIRECT,NOT_IDENTIFIED,HIGH,UNRESOLVED_UNTIL_FULL_TEXT,MODERATE,Verified — clear,FULL_TEXT_UNAVAILABLE,18,MEDIUM_IMPACT_ACCESS_REQUIRED,direct tactical/occupational population,Publisher OA / PubMed LinkOut / institutional or government repository; record version provenance before use,NOT_ATTEMPTED_IN_FT2,Attempt lawful route only if queued by class; do not appraise in FT2.
EV-1241,Blast-related ear injuries among U.S. military personnel.,10.1682/jrrd.2012.02.0024,24030196,,2013,,,Musculoskeletal injury,FULL_TEXT_REVIEW,P1 — HIGH,HIGH,MODERATE,NO,NO,DIRECT,NOT_IDENTIFIED,HIGH,UNRESOLVED_UNTIL_FULL_TEXT,MODERATE,Verified — clear,FULL_TEXT_UNAVAILABLE,18,MEDIUM_IMPACT_ACCESS_REQUIRED,direct tactical/occupational population,Publisher OA / PubMed LinkOut / institutional or government repository; record version provenance before use,NOT_ATTEMPTED_IN_FT2,Attempt lawful route only if queued by class; do not appraise in FT2.
EV-1245,Implementation outcomes of military provider training in cognitive processing therapy and prolonged exposure therapy for post-traumatic stress disorder.,10.7205/milmed-d-13-00072,24005540,,2013,,,Cognition / firearm performance,FULL_TEXT_REVIEW,P1 — HIGH,HIGH,MODERATE,NO,NO,DIRECT,NOT_IDENTIFIED,HIGH,UNRESOLVED_UNTIL_FULL_TEXT,MODERATE,Verified — clear,FULL_TEXT_UNAVAILABLE,18,MEDIUM_IMPACT_ACCESS_REQUIRED,direct tactical/occupational population,Publisher OA / PubMed LinkOut / institutional or government repository; record version provenance before use,NOT_ATTEMPTED_IN_FT2,Attempt lawful route only if queued by class; do not appraise in FT2.
EV-1273,Use of the dental disease nonbattle injury encounter module to assess the emergency rate on an Army military installation within the United States.,10.7205/milmed-d-12-00113,23025142,,2012,,,Musculoskeletal injury,FULL_TEXT_REVIEW,P1 — HIGH,HIGH,MODERATE,NO,NO,DIRECT,NOT_IDENTIFIED,HIGH,UNRESOLVED_UNTIL_FULL_TEXT,MODERATE,Verified — clear,FULL_TEXT_UNAVAILABLE,18,MEDIUM_IMPACT_ACCESS_REQUIRED,direct tactical/occupational population,Publisher OA / PubMed LinkOut / institutional or government repository; record version provenance before use,NOT_ATTEMPTED_IN_FT2,Attempt lawful route only if queued by class; do not appraise in FT2.
EV-1284,Donor performance of combat readiness skills of special forces soldiers are maintained immediately after whole blood donation: a study to support the development of a prehospital fresh whole blood transfusion program.,10.1111/j.1537-2995.2012.03767.x,22738468,,2013,,,Tactical medicine / TCCC / TECC / APH,FULL_TEXT_REVIEW,P1 — HIGH,HIGH,MODERATE,NO,NO,DIRECT,NOT_IDENTIFIED,HIGH,UNRESOLVED_UNTIL_FULL_TEXT,MODERATE,Verified — clear,FULL_TEXT_UNAVAILABLE,18,MEDIUM_IMPACT_ACCESS_REQUIRED,direct tactical/occupational population,Publisher OA / PubMed LinkOut / institutional or government repository; record version provenance before use,NOT_ATTEMPTED_IN_FT2,Attempt lawful route only if queued by class; do not appraise in FT2.
EV-1286,Physical training injuries and interventions for military recruits.,10.7205/milmed-d-11-00329,22645882,,2012,,,Musculoskeletal injury,FULL_TEXT_REVIEW,P1 — HIGH,HIGH,MODERATE,NO,NO,DIRECT,NOT_IDENTIFIED,HIGH,UNRESOLVED_UNTIL_FULL_TEXT,MODERATE,Verified — clear,FULL_TEXT_UNAVAILABLE,18,MEDIUM_IMPACT_ACCESS_REQUIRED,direct tactical/occupational population,Publisher OA / PubMed LinkOut / institutional or government repository; record version provenance before use,NOT_ATTEMPTED_IN_FT2,Attempt lawful route only if queued by class; do not appraise in FT2.
EV-1287,Body composition and military performance--many things to many people.,10.1519/jsc.0b013e31825ced6c,22643136,,2012,,,Physical / academy readiness,FULL_TEXT_REVIEW,P1 — HIGH,HIGH,MODERATE,NO,NO,DIRECT,NOT_IDENTIFIED,HIGH,UNRESOLVED_UNTIL_FULL_TEXT,MODERATE,Verified — clear,FULL_TEXT_UNAVAILABLE,18,MEDIUM_IMPACT_ACCESS_REQUIRED,direct tactical/occupational population,Publisher OA / PubMed LinkOut / institutional or government repository; record version provenance before use,NOT_ATTEMPTED_IN_FT2,Attempt lawful route only if queued by class; do not appraise in FT2.
EV-1323,A process to identify military injury prevention priorities based on injury type and limited duty days.,10.1016/j.amepre.2009.10.004,20117593,,2010,,,Musculoskeletal injury,FULL_TEXT_REVIEW,P1 — HIGH,HIGH,MODERATE,NO,NO,DIRECT,NOT_IDENTIFIED,HIGH,UNRESOLVED_UNTIL_FULL_TEXT,MODERATE,Verified — clear,FULL_TEXT_UNAVAILABLE,18,MEDIUM_IMPACT_ACCESS_REQUIRED,direct tactical/occupational population,Publisher OA / PubMed LinkOut / institutional or government repository; record version provenance before use,NOT_ATTEMPTED_IN_FT2,Attempt lawful route only if queued by class; do not appraise in FT2.
EV-1340,Physical fitness influences stress reactions to extreme military training.,10.7205/milmed.173.8.738,18751589,,2008,,,Physical / academy readiness,FULL_TEXT_REVIEW,P1 — HIGH,HIGH,MODERATE,NO,NO,DIRECT,NOT_IDENTIFIED,HIGH,UNRESOLVED_UNTIL_FULL_TEXT,MODERATE,Verified — clear,FULL_TEXT_UNAVAILABLE,18,MEDIUM_IMPACT_ACCESS_REQUIRED,direct tactical/occupational population,Publisher OA / PubMed LinkOut / institutional or government repository; record version provenance before use,NOT_ATTEMPTED_IN_FT2,Attempt lawful route only if queued by class; do not appraise in FT2.
EV-1353,"Acute gastrointestinal infection, respiratory illness, and noncombat injury among US military personnel during Operation Bright Star 2005, in Northern Egypt.",10.1111/j.1708-8305.2007.00159.x,17995535,,2007,,,Musculoskeletal injury,FULL_TEXT_REVIEW,P1 — HIGH,HIGH,MODERATE,NO,NO,DIRECT,NOT_IDENTIFIED,HIGH,UNRESOLVED_UNTIL_FULL_TEXT,MODERATE,Verified — clear,FULL_TEXT_UNAVAILABLE,18,MEDIUM_IMPACT_ACCESS_REQUIRED,direct tactical/occupational population,Publisher OA / PubMed LinkOut / institutional or government repository; record version provenance before use,NOT_ATTEMPTED_IN_FT2,Attempt lawful route only if queued by class; do not appraise in FT2.
EV-1377,Triage decisions of United Kingdom police firearms officers using a multiple-casualty scenario paper exercise.,10.1017/s1049023x00002132,15748014,,2005,,,Cognition / firearm performance,FULL_TEXT_REVIEW,P1 — HIGH,HIGH,MODERATE,NO,NO,DIRECT,NOT_IDENTIFIED,HIGH,UNRESOLVED_UNTIL_FULL_TEXT,MODERATE,Verified — clear,FULL_TEXT_UNAVAILABLE,18,MEDIUM_IMPACT_ACCESS_REQUIRED,direct tactical/occupational population,Publisher OA / PubMed LinkOut / institutional or government repository; record version provenance before use,NOT_ATTEMPTED_IN_FT2,Attempt lawful route only if queued by class; do not appraise in FT2.
EV-1408,Hospitalization due to injuries in the military. Evaluation of current data and recommendations on their use for injury prevention.,10.1016/s0749-3797(99)00171-3,10736540,,2000,,,Musculoskeletal injury,FULL_TEXT_REVIEW,P1 — HIGH,HIGH,MODERATE,NO,NO,DIRECT,NOT_IDENTIFIED,HIGH,UNRESOLVED_UNTIL_FULL_TEXT,MODERATE,Verified — clear,FULL_TEXT_UNAVAILABLE,18,MEDIUM_IMPACT_ACCESS_REQUIRED,direct tactical/occupational population,Publisher OA / PubMed LinkOut / institutional or government repository; record version provenance before use,NOT_ATTEMPTED_IN_FT2,Attempt lawful route only if queued by class; do not appraise in FT2.
EV-1417,Back pain in Australian military helicopter pilots: a preliminary study.,,9591616,,1998,,,Musculoskeletal injury,FULL_TEXT_REVIEW,P1 — HIGH,HIGH,MODERATE,NO,NO,DIRECT,NOT_IDENTIFIED,HIGH,UNRESOLVED_UNTIL_FULL_TEXT,MODERATE,Verified — clear,FULL_TEXT_UNAVAILABLE,18,MEDIUM_IMPACT_ACCESS_REQUIRED,direct tactical/occupational population,Publisher OA / PubMed LinkOut / institutional or government repository; record version provenance before use,NOT_ATTEMPTED_IN_FT2,Attempt lawful route only if queued by class; do not appraise in FT2.
EV-1438,[Physical readiness for military service based on health status indicators].,,6528505,,1984,,,Medical / cardiovascular readiness,FULL_TEXT_REVIEW,P1 — HIGH,HIGH,MODERATE,NO,NO,DIRECT,NOT_IDENTIFIED,HIGH,UNRESOLVED_UNTIL_FULL_TEXT,MODERATE,Verified — clear,FULL_TEXT_UNAVAILABLE,18,MEDIUM_IMPACT_ACCESS_REQUIRED,direct tactical/occupational population,Publisher OA / PubMed LinkOut / institutional or government repository; record version provenance before use,NOT_ATTEMPTED_IN_FT2,Attempt lawful route only if queued by class; do not appraise in FT2.
EV-0012,"Soldiers' Dietary Intake in 3 Settings: In the Field, on Base and at Home.",10.1093/milmed/usag387,42600053,,2026,,,Nutrition / shift work,FULL_TEXT_REVIEW,P1 — HIGH,MODERATE,MODERATE,NO,NO,INDIRECT_OR_UNRESOLVED,NOT_IDENTIFIED,MODERATE,UNRESOLVED_UNTIL_FULL_TEXT,LOW,Verified — clear,FULL_TEXT_UNAVAILABLE,8,LOW_INCREMENTAL_VALUE_ACCESS_PENDING,"No structural signal of material claim, certainty, or reference-selection impact in available metadata.",Publisher OA / PubMed LinkOut / institutional or government repository; record version provenance before use,NOT_ATTEMPTED_IN_FT2,Attempt lawful route only if queued by class; do not appraise in FT2.
EV-0022,"Shifting From Morning to Afternoon Physical Training Is Associated With Improved Sleep Health, Morale, and Operational Readiness in Soldiers.",10.1093/milmed/usag054,42560254,,2026,,,Sleep / fatigue / recovery,FULL_TEXT_REVIEW,P1 — HIGH,MODERATE,MODERATE,NO,NO,INDIRECT_OR_UNRESOLVED,NOT_IDENTIFIED,MODERATE,UNRESOLVED_UNTIL_FULL_TEXT,LOW,Verified — clear,FULL_TEXT_UNAVAILABLE,8,LOW_INCREMENTAL_VALUE_ACCESS_PENDING,"No structural signal of material claim, certainty, or reference-selection impact in available metadata.",Publisher OA / PubMed LinkOut / institutional or government repository; record version provenance before use,NOT_ATTEMPTED_IN_FT2,Attempt lawful route only if queued by class; do not appraise in FT2.
EV-0025,Perceived Barriers to PT Care for Musculoskeletal Injury in Active-Duty Service Members at a Navy Shore-Based Medical Clinic.,10.1093/milmed/usag084,42560229,,2026,,,Musculoskeletal injury,FULL_TEXT_REVIEW,P1 — HIGH,MODERATE,MODERATE,NO,NO,INDIRECT_OR_UNRESOLVED,NOT_IDENTIFIED,MODERATE,UNRESOLVED_UNTIL_FULL_TEXT,LOW,Verified — clear,FULL_TEXT_UNAVAILABLE,8,LOW_INCREMENTAL_VALUE_ACCESS_PENDING,"No structural signal of material claim, certainty, or reference-selection impact in available metadata.",Publisher OA / PubMed LinkOut / institutional or government repository; record version provenance before use,NOT_ATTEMPTED_IN_FT2,Attempt lawful route only if queued by class; do not appraise in FT2.
EV-0087,Isometric Strength Adaptations After Two Consecutive 12-week Strength and Conditioning Programs in U.S. Air Force ROTC Cadets: The STAR Program.,10.1519/jsc.0000000000005485,42223144,,2026,,,Physical / academy readiness,FULL_TEXT_REVIEW,P1 — HIGH,MODERATE,MODERATE,NO,NO,INDIRECT_OR_UNRESOLVED,NOT_IDENTIFIED,MODERATE,UNRESOLVED_UNTIL_FULL_TEXT,LOW,Verified — clear,FULL_TEXT_UNAVAILABLE,8,LOW_INCREMENTAL_VALUE_ACCESS_PENDING,"No structural signal of material claim, certainty, or reference-selection impact in available metadata.",Publisher OA / PubMed LinkOut / institutional or government repository; record version provenance before use,NOT_ATTEMPTED_IN_FT2,Attempt lawful route only if queued by class; do not appraise in FT2.
EV-0102,"Self-reported nutritional intake is associated with physical performance, but not musculoskeletal injury incidence in a cohort of United States Army Reserve Component Soldiers.",10.1016/j.nut.2026.113227,42096853,,2026,,,Nutrition / shift work,FULL_TEXT_REVIEW,P1 — HIGH,MODERATE,MODERATE,NO,NO,INDIRECT_OR_UNRESOLVED,NOT_IDENTIFIED,MODERATE,UNRESOLVED_UNTIL_FULL_TEXT,LOW,Verified — clear,FULL_TEXT_UNAVAILABLE,8,LOW_INCREMENTAL_VALUE_ACCESS_PENDING,"No structural signal of material claim, certainty, or reference-selection impact in available metadata.",Publisher OA / PubMed LinkOut / institutional or government repository; record version provenance before use,NOT_ATTEMPTED_IN_FT2,Attempt lawful route only if queued by class; do not appraise in FT2.
EV-0120,Anthropometrics and Physical Performance in Swedish Home Guard Soldiers.,10.1093/milmed/usag149,41984628,,2026,,,Physical / academy readiness,FULL_TEXT_REVIEW,P1 — HIGH,MODERATE,MODERATE,NO,NO,INDIRECT_OR_UNRESOLVED,NOT_IDENTIFIED,MODERATE,UNRESOLVED_UNTIL_FULL_TEXT,LOW,Verified — clear,FULL_TEXT_UNAVAILABLE,8,LOW_INCREMENTAL_VALUE_ACCESS_PENDING,"No structural signal of material claim, certainty, or reference-selection impact in available metadata.",Publisher OA / PubMed LinkOut / institutional or government repository; record version provenance before use,NOT_ATTEMPTED_IN_FT2,Attempt lawful route only if queued by class; do not appraise in FT2.
EV-0174,Trends in Upper Extremity Injuries in Female Marines following the Addition of the Pull-up as a Physical Fitness Test Event.,10.1093/milmed/usaf621,41503938,,2026,,,Physical / academy readiness,FULL_TEXT_REVIEW,P1 — HIGH,MODERATE,MODERATE,NO,NO,INDIRECT_OR_UNRESOLVED,NOT_IDENTIFIED,MODERATE,UNRESOLVED_UNTIL_FULL_TEXT,LOW,Verified — clear,FULL_TEXT_UNAVAILABLE,8,LOW_INCREMENTAL_VALUE_ACCESS_PENDING,"No structural signal of material claim, certainty, or reference-selection impact in available metadata.",Publisher OA / PubMed LinkOut / institutional or government repository; record version provenance before use,NOT_ATTEMPTED_IN_FT2,Attempt lawful route only if queued by class; do not appraise in FT2.
EV-0194,"Comparing Standard and Advanced Lipid Profiles in Law Enforcement Officers: A Pilot Study on the Links to Fitness, Body Composition, and Cardiometabolic Risk.",10.1097/jom.0000000000003637,41355034,,2026,,,Physical / academy readiness,FULL_TEXT_REVIEW,P1 — HIGH,MODERATE,MODERATE,NO,NO,INDIRECT_OR_UNRESOLVED,NOT_IDENTIFIED,MODERATE,UNRESOLVED_UNTIL_FULL_TEXT,LOW,Verified — clear,FULL_TEXT_UNAVAILABLE,8,LOW_INCREMENTAL_VALUE_ACCESS_PENDING,"No structural signal of material claim, certainty, or reference-selection impact in available metadata.",Publisher OA / PubMed LinkOut / institutional or government repository; record version provenance before use,NOT_ATTEMPTED_IN_FT2,Attempt lawful route only if queued by class; do not appraise in FT2.
EV-0273,Small Arms Marksmanship Accuracy Surrounding Fresh Whole Blood Donation in the U.S. Army Conventional Soldier.,10.1093/milmed/usaf402,40796102,,2026,,,Cognition / firearm performance,FULL_TEXT_REVIEW,P1 — HIGH,MODERATE,MODERATE,NO,NO,INDIRECT_OR_UNRESOLVED,NOT_IDENTIFIED,MODERATE,UNRESOLVED_UNTIL_FULL_TEXT,LOW,Verified — clear,FULL_TEXT_UNAVAILABLE,8,LOW_INCREMENTAL_VALUE_ACCESS_PENDING,"No structural signal of material claim, certainty, or reference-selection impact in available metadata.",Publisher OA / PubMed LinkOut / institutional or government repository; record version provenance before use,NOT_ATTEMPTED_IN_FT2,Attempt lawful route only if queued by class; do not appraise in FT2.
EV-0292,An Analysis of Research Trends on Sleep Hygiene in Soldiers Using a Scoping Review.,10.1093/milmed/usaf260,40581606,,2026,,,Sleep / fatigue / recovery,FULL_TEXT_REVIEW,P1 — HIGH,MODERATE,MODERATE,NO,NO,INDIRECT_OR_UNRESOLVED,NOT_IDENTIFIED,MODERATE,UNRESOLVED_UNTIL_FULL_TEXT,LOW,Verified — clear,FULL_TEXT_UNAVAILABLE,8,LOW_INCREMENTAL_VALUE_ACCESS_PENDING,"No structural signal of material claim, certainty, or reference-selection impact in available metadata.",Publisher OA / PubMed LinkOut / institutional or government repository; record version provenance before use,NOT_ATTEMPTED_IN_FT2,Attempt lawful route only if queued by class; do not appraise in FT2.
EV-0317,Leg Tuck or Plank? Critical Decisions to Optimize Physical Fitness Assessment in Army Personnel.,10.1519/jsc.0000000000005119,40403188,,2025,,,Physical / academy readiness,FULL_TEXT_REVIEW,P1 — HIGH,MODERATE,MODERATE,NO,NO,INDIRECT_OR_UNRESOLVED,NOT_IDENTIFIED,MODERATE,UNRESOLVED_UNTIL_FULL_TEXT,LOW,Verified — clear,FULL_TEXT_UNAVAILABLE,8,LOW_INCREMENTAL_VALUE_ACCESS_PENDING,"No structural signal of material claim, certainty, or reference-selection impact in available metadata.",Publisher OA / PubMed LinkOut / institutional or government repository; record version provenance before use,NOT_ATTEMPTED_IN_FT2,Attempt lawful route only if queued by class; do not appraise in FT2.
EV-0389,Likelihood of fitness improvements during a standardised physical fitness programme in US Army trainees of different fitness levels.,10.1136/military-2024-002763,39537367,,2025,,,Physical / academy readiness,FULL_TEXT_REVIEW,P1 — HIGH,MODERATE,MODERATE,NO,NO,INDIRECT_OR_UNRESOLVED,NOT_IDENTIFIED,MODERATE,UNRESOLVED_UNTIL_FULL_TEXT,LOW,Verified — clear,FULL_TEXT_UNAVAILABLE,8,LOW_INCREMENTAL_VALUE_ACCESS_PENDING,"No structural signal of material claim, certainty, or reference-selection impact in available metadata.",Publisher OA / PubMed LinkOut / institutional or government repository; record version provenance before use,NOT_ATTEMPTED_IN_FT2,Attempt lawful route only if queued by class; do not appraise in FT2.
EV-0482,Impact of a Special Operations Forces Basic Training on Body Composition and Energy Expenditure.,10.1093/milmed/usad494,38602455,,2024,,,Physical / academy readiness,FULL_TEXT_REVIEW,P1 — HIGH,MODERATE,MODERATE,NO,NO,INDIRECT_OR_UNRESOLVED,NOT_IDENTIFIED,MODERATE,UNRESOLVED_UNTIL_FULL_TEXT,LOW,Verified — clear,FULL_TEXT_UNAVAILABLE,8,LOW_INCREMENTAL_VALUE_ACCESS_PENDING,"No structural signal of material claim, certainty, or reference-selection impact in available metadata.",Publisher OA / PubMed LinkOut / institutional or government repository; record version provenance before use,NOT_ATTEMPTED_IN_FT2,Attempt lawful route only if queued by class; do not appraise in FT2.
EV-0507,Feeling the Strain: Understanding the Relationship between Stress and Physical Activity in Members of the Royal Canadian Navy.,10.1093/milmed/usae006,38302089,,2024,,,Musculoskeletal injury,FULL_TEXT_REVIEW,P1 — HIGH,MODERATE,MODERATE,NO,NO,INDIRECT_OR_UNRESOLVED,NOT_IDENTIFIED,MODERATE,UNRESOLVED_UNTIL_FULL_TEXT,LOW,Verified — clear,FULL_TEXT_UNAVAILABLE,8,LOW_INCREMENTAL_VALUE_ACCESS_PENDING,"No structural signal of material claim, certainty, or reference-selection impact in available metadata.",Publisher OA / PubMed LinkOut / institutional or government repository; record version provenance before use,NOT_ATTEMPTED_IN_FT2,Attempt lawful route only if queued by class; do not appraise in FT2.
EV-0564,"COVID-19 Concerns, Information Needs, and Adverse Mental Health Outcomes among U.S. Soldiers.",10.1093/milmed/usad350,37715687,,2024,,,Mental health / stress,FULL_TEXT_REVIEW,P1 — HIGH,MODERATE,MODERATE,NO,NO,INDIRECT_OR_UNRESOLVED,NOT_IDENTIFIED,MODERATE,UNRESOLVED_UNTIL_FULL_TEXT,LOW,Verified — clear,FULL_TEXT_UNAVAILABLE,8,LOW_INCREMENTAL_VALUE_ACCESS_PENDING,"No structural signal of material claim, certainty, or reference-selection impact in available metadata.",Publisher OA / PubMed LinkOut / institutional or government repository; record version provenance before use,NOT_ATTEMPTED_IN_FT2,Attempt lawful route only if queued by class; do not appraise in FT2.
EV-0619,Immediate Medical Care Rendered by US Law Enforcement Officers after Officer-Involved Shootings - An Open-Access Public Domain Video Analysis.,10.1017/s1049023x23000171,36872570,,2023,,,Cognition / firearm performance,FULL_TEXT_REVIEW,P1 — HIGH,MODERATE,MODERATE,NO,NO,INDIRECT_OR_UNRESOLVED,NOT_IDENTIFIED,MODERATE,UNRESOLVED_UNTIL_FULL_TEXT,LOW,Verified — clear,FULL_TEXT_UNAVAILABLE,8,LOW_INCREMENTAL_VALUE_ACCESS_PENDING,"No structural signal of material claim, certainty, or reference-selection impact in available metadata.",Publisher OA / PubMed LinkOut / institutional or government repository; record version provenance before use,NOT_ATTEMPTED_IN_FT2,Attempt lawful route only if queued by class; do not appraise in FT2.
EV-0728,"Moderate and Severe Acute Normobaric Hypoxia and the 3-Repetition Deadlift, Hand-Release Push-Up, and Leg Tuck Events From the Army Combat Fitness Test.",10.1093/milmed/usab399,35072728,,2023,,,Physical / academy readiness,FULL_TEXT_REVIEW,P1 — HIGH,MODERATE,MODERATE,NO,NO,INDIRECT_OR_UNRESOLVED,NOT_IDENTIFIED,MODERATE,UNRESOLVED_UNTIL_FULL_TEXT,LOW,Verified — clear,FULL_TEXT_UNAVAILABLE,8,LOW_INCREMENTAL_VALUE_ACCESS_PENDING,"No structural signal of material claim, certainty, or reference-selection impact in available metadata.",Publisher OA / PubMed LinkOut / institutional or government repository; record version provenance before use,NOT_ATTEMPTED_IN_FT2,Attempt lawful route only if queued by class; do not appraise in FT2.
EV-0729,Evaluation of Two Training Programs Designed to Enhance Performance on the Army Combat Fitness Test Among ROTC Cadets.,10.1093/milmed/usac015,35064262,,2022,,,Physical / academy readiness,FULL_TEXT_REVIEW,P1 — HIGH,MODERATE,MODERATE,NO,NO,INDIRECT_OR_UNRESOLVED,NOT_IDENTIFIED,MODERATE,UNRESOLVED_UNTIL_FULL_TEXT,LOW,Verified — clear,FULL_TEXT_UNAVAILABLE,8,LOW_INCREMENTAL_VALUE_ACCESS_PENDING,"No structural signal of material claim, certainty, or reference-selection impact in available metadata.",Publisher OA / PubMed LinkOut / institutional or government repository; record version provenance before use,NOT_ATTEMPTED_IN_FT2,Attempt lawful route only if queued by class; do not appraise in FT2.
EV-0757,A review of workplace mental health interventions and their implementation in public safety organizations.,10.1007/s00420-021-01772-1,34628523,,2022,,,Mental health / stress,FULL_TEXT_REVIEW,P1 — HIGH,MODERATE,MODERATE,NO,NO,INDIRECT_OR_UNRESOLVED,NOT_IDENTIFIED,MODERATE,UNRESOLVED_UNTIL_FULL_TEXT,LOW,Verified — clear,FULL_TEXT_UNAVAILABLE,8,LOW_INCREMENTAL_VALUE_ACCESS_PENDING,"No structural signal of material claim, certainty, or reference-selection impact in available metadata.",Publisher OA / PubMed LinkOut / institutional or government repository; record version provenance before use,NOT_ATTEMPTED_IN_FT2,Attempt lawful route only if queued by class; do not appraise in FT2.
EV-0780,Workplace mental health implementation strategies in public safety organizations: a scoping review protocol.,10.11124/jbies-20-00448,34137740,,2022,,,Mental health / stress,FULL_TEXT_REVIEW,P1 — HIGH,MODERATE,MODERATE,NO,NO,INDIRECT_OR_UNRESOLVED,NOT_IDENTIFIED,MODERATE,UNRESOLVED_UNTIL_FULL_TEXT,LOW,Verified — clear,FULL_TEXT_UNAVAILABLE,8,LOW_INCREMENTAL_VALUE_ACCESS_PENDING,"No structural signal of material claim, certainty, or reference-selection impact in available metadata.",Publisher OA / PubMed LinkOut / institutional or government repository; record version provenance before use,NOT_ATTEMPTED_IN_FT2,Attempt lawful route only if queued by class; do not appraise in FT2.
EV-0795,Physical fitness in Spanish naval cadets. A four-year study.,10.5603/imh.2021.0002,33829468,,2021,,,Physical / academy readiness,FULL_TEXT_REVIEW,P1 — HIGH,MODERATE,MODERATE,NO,NO,INDIRECT_OR_UNRESOLVED,NOT_IDENTIFIED,MODERATE,UNRESOLVED_UNTIL_FULL_TEXT,LOW,Verified — clear,FULL_TEXT_UNAVAILABLE,8,LOW_INCREMENTAL_VALUE_ACCESS_PENDING,"No structural signal of material claim, certainty, or reference-selection impact in available metadata.",Publisher OA / PubMed LinkOut / institutional or government repository; record version provenance before use,NOT_ATTEMPTED_IN_FT2,Attempt lawful route only if queued by class; do not appraise in FT2.
EV-0900,Identifying Risk and Resilience Factors Associated With the Likelihood of Seeking Mental Health Care Among U.S. Army Soldiers-in-Training.,10.1093/milmed/usz483,32077952,,2020,,,Mental health / stress,FULL_TEXT_REVIEW,P1 — HIGH,MODERATE,MODERATE,NO,NO,INDIRECT_OR_UNRESOLVED,NOT_IDENTIFIED,MODERATE,UNRESOLVED_UNTIL_FULL_TEXT,LOW,Verified — clear,FULL_TEXT_UNAVAILABLE,8,LOW_INCREMENTAL_VALUE_ACCESS_PENDING,"No structural signal of material claim, certainty, or reference-selection impact in available metadata.",Publisher OA / PubMed LinkOut / institutional or government repository; record version provenance before use,NOT_ATTEMPTED_IN_FT2,Attempt lawful route only if queued by class; do not appraise in FT2.
EV-0919,A Cross-Sectional Examination of the Association Between Social Media Use and Sleep Among a Sample of U.S. Army Soldiers.,10.1093/milmed/usz423,31822912,,2020,,,Sleep / fatigue / recovery,FULL_TEXT_REVIEW,P1 — HIGH,MODERATE,MODERATE,NO,NO,INDIRECT_OR_UNRESOLVED,NOT_IDENTIFIED,MODERATE,UNRESOLVED_UNTIL_FULL_TEXT,LOW,Verified — clear,FULL_TEXT_UNAVAILABLE,8,LOW_INCREMENTAL_VALUE_ACCESS_PENDING,"No structural signal of material claim, certainty, or reference-selection impact in available metadata.",Publisher OA / PubMed LinkOut / institutional or government repository; record version provenance before use,NOT_ATTEMPTED_IN_FT2,Attempt lawful route only if queued by class; do not appraise in FT2.
EV-0987,Relationship of Strength and Conditioning Metrics to Success on the Army Ranger Physical Assessment Test.,10.1519/jsc.0000000000003044,30789582,,2019,,,Physical / academy readiness,FULL_TEXT_REVIEW,P1 — HIGH,MODERATE,MODERATE,NO,NO,INDIRECT_OR_UNRESOLVED,NOT_IDENTIFIED,MODERATE,UNRESOLVED_UNTIL_FULL_TEXT,LOW,Verified — clear,FULL_TEXT_UNAVAILABLE,8,LOW_INCREMENTAL_VALUE_ACCESS_PENDING,"No structural signal of material claim, certainty, or reference-selection impact in available metadata.",Publisher OA / PubMed LinkOut / institutional or government repository; record version provenance before use,NOT_ATTEMPTED_IN_FT2,Attempt lawful route only if queued by class; do not appraise in FT2.
EV-0998,Fight load index and body composition are most associated with combat fitness in female Marines.,10.1016/j.jsams.2018.10.014,30448087,,2019,,,Physical / academy readiness,FULL_TEXT_REVIEW,P1 — HIGH,MODERATE,MODERATE,NO,NO,INDIRECT_OR_UNRESOLVED,NOT_IDENTIFIED,MODERATE,UNRESOLVED_UNTIL_FULL_TEXT,LOW,Verified — clear,FULL_TEXT_UNAVAILABLE,8,LOW_INCREMENTAL_VALUE_ACCESS_PENDING,"No structural signal of material claim, certainty, or reference-selection impact in available metadata.",Publisher OA / PubMed LinkOut / institutional or government repository; record version provenance before use,NOT_ATTEMPTED_IN_FT2,Attempt lawful route only if queued by class; do not appraise in FT2.
EV-1020,Risk for Lower Extremity Injury After Concussion: A Matched Cohort Study in Soldiers.,10.2519/jospt.2018.8053,29739302,,2018,,,Musculoskeletal injury,FULL_TEXT_REVIEW,P1 — HIGH,MODERATE,MODERATE,NO,NO,INDIRECT_OR_UNRESOLVED,NOT_IDENTIFIED,MODERATE,UNRESOLVED_UNTIL_FULL_TEXT,LOW,Verified — clear,FULL_TEXT_UNAVAILABLE,8,LOW_INCREMENTAL_VALUE_ACCESS_PENDING,"No structural signal of material claim, certainty, or reference-selection impact in available metadata.",Publisher OA / PubMed LinkOut / institutional or government repository; record version provenance before use,NOT_ATTEMPTED_IN_FT2,Attempt lawful route only if queued by class; do not appraise in FT2.
EV-1048,Effects of technique-focused training in conjunction with physical readiness training on Army physical fitness test performance.,,29214624,,2017,,,Physical / academy readiness,FULL_TEXT_REVIEW,P1 — HIGH,MODERATE,MODERATE,NO,NO,INDIRECT_OR_UNRESOLVED,NOT_IDENTIFIED,MODERATE,UNRESOLVED_UNTIL_FULL_TEXT,LOW,Verified — clear,FULL_TEXT_UNAVAILABLE,8,LOW_INCREMENTAL_VALUE_ACCESS_PENDING,"No structural signal of material claim, certainty, or reference-selection impact in available metadata.",Publisher OA / PubMed LinkOut / institutional or government repository; record version provenance before use,NOT_ATTEMPTED_IN_FT2,Attempt lawful route only if queued by class; do not appraise in FT2.
EV-1050,Sex and age differences in physical performance: A comparison of Army basic training and operational populations.,10.1016/j.jsams.2017.10.002,29100826,,2017,,,Physical / academy readiness,FULL_TEXT_REVIEW,P1 — HIGH,MODERATE,MODERATE,NO,NO,INDIRECT_OR_UNRESOLVED,NOT_IDENTIFIED,MODERATE,UNRESOLVED_UNTIL_FULL_TEXT,LOW,Verified — clear,FULL_TEXT_UNAVAILABLE,8,LOW_INCREMENTAL_VALUE_ACCESS_PENDING,"No structural signal of material claim, certainty, or reference-selection impact in available metadata.",Publisher OA / PubMed LinkOut / institutional or government repository; record version provenance before use,NOT_ATTEMPTED_IN_FT2,Attempt lawful route only if queued by class; do not appraise in FT2.
EV-1051,Poor anaerobic power/capability and static balance predicted prospective musculoskeletal injuries among Soldiers of the 101st Airborne (Air Assault) Division.,10.1016/j.jsams.2017.10.023,29097231,,2017,,,Musculoskeletal injury,FULL_TEXT_REVIEW,P1 — HIGH,MODERATE,MODERATE,NO,NO,INDIRECT_OR_UNRESOLVED,NOT_IDENTIFIED,MODERATE,UNRESOLVED_UNTIL_FULL_TEXT,LOW,Verified — clear,FULL_TEXT_UNAVAILABLE,8,LOW_INCREMENTAL_VALUE_ACCESS_PENDING,"No structural signal of material claim, certainty, or reference-selection impact in available metadata.",Publisher OA / PubMed LinkOut / institutional or government repository; record version provenance before use,NOT_ATTEMPTED_IN_FT2,Attempt lawful route only if queued by class; do not appraise in FT2.
EV-1052,"High-Mobility Multipurpose Wheeled Vehicle Rollover Accidents and Injuries to U.S. Army Soldiers by Reported Occupant Restraint Use, 1992-2013.",10.7205/milmed-d-16-00318,29087925,,2017,,,Musculoskeletal injury,FULL_TEXT_REVIEW,P1 — HIGH,MODERATE,MODERATE,NO,NO,INDIRECT_OR_UNRESOLVED,NOT_IDENTIFIED,MODERATE,UNRESOLVED_UNTIL_FULL_TEXT,LOW,Verified — clear,FULL_TEXT_UNAVAILABLE,8,LOW_INCREMENTAL_VALUE_ACCESS_PENDING,"No structural signal of material claim, certainty, or reference-selection impact in available metadata.",Publisher OA / PubMed LinkOut / institutional or government repository; record version provenance before use,NOT_ATTEMPTED_IN_FT2,Attempt lawful route only if queued by class; do not appraise in FT2.
EV-1107,"Reported Back Pain in Army Aircrew in Relation to Airframe, Gender, Age, and Experience.",10.3357/amhp.4740.2017,28095953,,2017,,,Musculoskeletal injury,FULL_TEXT_REVIEW,P1 — HIGH,MODERATE,MODERATE,NO,NO,INDIRECT_OR_UNRESOLVED,NOT_IDENTIFIED,MODERATE,UNRESOLVED_UNTIL_FULL_TEXT,LOW,Verified — clear,FULL_TEXT_UNAVAILABLE,8,LOW_INCREMENTAL_VALUE_ACCESS_PENDING,"No structural signal of material claim, certainty, or reference-selection impact in available metadata.",Publisher OA / PubMed LinkOut / institutional or government repository; record version provenance before use,NOT_ATTEMPTED_IN_FT2,Attempt lawful route only if queued by class; do not appraise in FT2.
EV-1145,Observed Rates of Lower Extremity Stress Fractures After Implementation of the Army Physical Readiness Training Program at JBSA Fort Sam Houston.,,26874090,,2016,,,Musculoskeletal injury,FULL_TEXT_REVIEW,P1 — HIGH,MODERATE,MODERATE,NO,NO,INDIRECT_OR_UNRESOLVED,NOT_IDENTIFIED,MODERATE,UNRESOLVED_UNTIL_FULL_TEXT,LOW,Verified — clear,FULL_TEXT_UNAVAILABLE,8,LOW_INCREMENTAL_VALUE_ACCESS_PENDING,"No structural signal of material claim, certainty, or reference-selection impact in available metadata.",Publisher OA / PubMed LinkOut / institutional or government repository; record version provenance before use,NOT_ATTEMPTED_IN_FT2,Attempt lawful route only if queued by class; do not appraise in FT2.
EV-1151,Preparing for Combat Readiness for the Fight: Physical Performance Profile of Female U.S. Marines.,10.1519/jsc.0000000000001269,26605806,,2016,,,Physical / academy readiness,FULL_TEXT_REVIEW,P1 — HIGH,MODERATE,MODERATE,NO,NO,INDIRECT_OR_UNRESOLVED,NOT_IDENTIFIED,MODERATE,UNRESOLVED_UNTIL_FULL_TEXT,LOW,Verified — clear,FULL_TEXT_UNAVAILABLE,8,LOW_INCREMENTAL_VALUE_ACCESS_PENDING,"No structural signal of material claim, certainty, or reference-selection impact in available metadata.",Publisher OA / PubMed LinkOut / institutional or government repository; record version provenance before use,NOT_ATTEMPTED_IN_FT2,Attempt lawful route only if queued by class; do not appraise in FT2.
EV-1179,"Nutritional and sports supplement use among deployed U.S. Army soldiers in a remote, austere combat outpost in eastern Afghanistan.",10.7205/milmed-d-14-00334,25826344,,2015,,,Nutrition / shift work,FULL_TEXT_REVIEW,P1 — HIGH,MODERATE,MODERATE,NO,NO,INDIRECT_OR_UNRESOLVED,NOT_IDENTIFIED,MODERATE,UNRESOLVED_UNTIL_FULL_TEXT,LOW,Verified — clear,FULL_TEXT_UNAVAILABLE,8,LOW_INCREMENTAL_VALUE_ACCESS_PENDING,"No structural signal of material claim, certainty, or reference-selection impact in available metadata.",Publisher OA / PubMed LinkOut / institutional or government repository; record version provenance before use,NOT_ATTEMPTED_IN_FT2,Attempt lawful route only if queued by class; do not appraise in FT2.
EV-1185,Body composition assessment failure rates and obesity in the United States Navy.,10.7205/milmed-d-14-00231,25643380,,2015,,,Physical / academy readiness,FULL_TEXT_REVIEW,P1 — HIGH,MODERATE,MODERATE,NO,NO,INDIRECT_OR_UNRESOLVED,NOT_IDENTIFIED,MODERATE,UNRESOLVED_UNTIL_FULL_TEXT,LOW,Verified — clear,FULL_TEXT_UNAVAILABLE,8,LOW_INCREMENTAL_VALUE_ACCESS_PENDING,"No structural signal of material claim, certainty, or reference-selection impact in available metadata.",Publisher OA / PubMed LinkOut / institutional or government repository; record version provenance before use,NOT_ATTEMPTED_IN_FT2,Attempt lawful route only if queued by class; do not appraise in FT2.
EV-1198,Injury epidemiology of U.S. Army Special Operations forces.,10.7205/milmed-d-14-00078,25269128,,2014,,,Musculoskeletal injury,FULL_TEXT_REVIEW,P1 — HIGH,MODERATE,MODERATE,NO,NO,INDIRECT_OR_UNRESOLVED,NOT_IDENTIFIED,MODERATE,UNRESOLVED_UNTIL_FULL_TEXT,LOW,Verified — clear,FULL_TEXT_UNAVAILABLE,8,LOW_INCREMENTAL_VALUE_ACCESS_PENDING,"No structural signal of material claim, certainty, or reference-selection impact in available metadata.",Publisher OA / PubMed LinkOut / institutional or government repository; record version provenance before use,NOT_ATTEMPTED_IN_FT2,Attempt lawful route only if queued by class; do not appraise in FT2.
EV-1217,History of United States Army physical fitness and physical readiness training.,,24706237,,2014,,,Physical / academy readiness,FULL_TEXT_REVIEW,P1 — HIGH,MODERATE,MODERATE,NO,NO,INDIRECT_OR_UNRESOLVED,NOT_IDENTIFIED,MODERATE,UNRESOLVED_UNTIL_FULL_TEXT,LOW,Verified — clear,FULL_TEXT_UNAVAILABLE,8,LOW_INCREMENTAL_VALUE_ACCESS_PENDING,"No structural signal of material claim, certainty, or reference-selection impact in available metadata.",Publisher OA / PubMed LinkOut / institutional or government repository; record version provenance before use,NOT_ATTEMPTED_IN_FT2,Attempt lawful route only if queued by class; do not appraise in FT2.
EV-1235,Extreme conditioning programs and injury risk in a US Army Brigade Combat Team.,,24146241,,2013,,,Musculoskeletal injury,FULL_TEXT_REVIEW,P1 — HIGH,MODERATE,MODERATE,NO,NO,INDIRECT_OR_UNRESOLVED,NOT_IDENTIFIED,MODERATE,UNRESOLVED_UNTIL_FULL_TEXT,LOW,Verified — clear,FULL_TEXT_UNAVAILABLE,8,LOW_INCREMENTAL_VALUE_ACCESS_PENDING,"No structural signal of material claim, certainty, or reference-selection impact in available metadata.",Publisher OA / PubMed LinkOut / institutional or government repository; record version provenance before use,NOT_ATTEMPTED_IN_FT2,Attempt lawful route only if queued by class; do not appraise in FT2.
EV-1277,"Injuries to deployed U.S. Army soldiers involved in HMMWV crashes, 2002-2006.",10.7205/milmed-d-11-00462,22934378,,2012,,,Musculoskeletal injury,FULL_TEXT_REVIEW,P1 — HIGH,MODERATE,MODERATE,NO,NO,INDIRECT_OR_UNRESOLVED,NOT_IDENTIFIED,MODERATE,UNRESOLVED_UNTIL_FULL_TEXT,LOW,Verified — clear,FULL_TEXT_UNAVAILABLE,8,LOW_INCREMENTAL_VALUE_ACCESS_PENDING,"No structural signal of material claim, certainty, or reference-selection impact in available metadata.",Publisher OA / PubMed LinkOut / institutional or government repository; record version provenance before use,NOT_ATTEMPTED_IN_FT2,Attempt lawful route only if queued by class; do not appraise in FT2.
EV-1297,Assessment of changes in mental health conditions among sailors and marines during postdeployment phase.,10.7205/milmed-d-10-00366,21882782,,2011,,,Mental health / stress,FULL_TEXT_REVIEW,P1 — HIGH,MODERATE,MODERATE,NO,NO,INDIRECT_OR_UNRESOLVED,NOT_IDENTIFIED,MODERATE,UNRESOLVED_UNTIL_FULL_TEXT,LOW,Verified — clear,FULL_TEXT_UNAVAILABLE,8,LOW_INCREMENTAL_VALUE_ACCESS_PENDING,"No structural signal of material claim, certainty, or reference-selection impact in available metadata.",Publisher OA / PubMed LinkOut / institutional or government repository; record version provenance before use,NOT_ATTEMPTED_IN_FT2,Attempt lawful route only if queued by class; do not appraise in FT2.
EV-1311,Sleep and fatigue issues in continuous operations: a survey of U.S. Army officers.,10.1080/15402002.2011.533994,21218294,,2011,,,Sleep / fatigue / recovery,FULL_TEXT_REVIEW,P1 — HIGH,MODERATE,MODERATE,NO,NO,INDIRECT_OR_UNRESOLVED,NOT_IDENTIFIED,MODERATE,UNRESOLVED_UNTIL_FULL_TEXT,LOW,Verified — clear,FULL_TEXT_UNAVAILABLE,8,LOW_INCREMENTAL_VALUE_ACCESS_PENDING,"No structural signal of material claim, certainty, or reference-selection impact in available metadata.",Publisher OA / PubMed LinkOut / institutional or government repository; record version provenance before use,NOT_ATTEMPTED_IN_FT2,Attempt lawful route only if queued by class; do not appraise in FT2.
EV-1325,How to stop fighting ourselves: removing the stigma of mental health treatment for soldiers.,,20084692,,2007,,,Mental health / stress,FULL_TEXT_REVIEW,P1 — HIGH,MODERATE,MODERATE,NO,NO,INDIRECT_OR_UNRESOLVED,NOT_IDENTIFIED,MODERATE,UNRESOLVED_UNTIL_FULL_TEXT,LOW,Verified — clear,FULL_TEXT_UNAVAILABLE,8,LOW_INCREMENTAL_VALUE_ACCESS_PENDING,"No structural signal of material claim, certainty, or reference-selection impact in available metadata.",Publisher OA / PubMed LinkOut / institutional or government repository; record version provenance before use,NOT_ATTEMPTED_IN_FT2,Attempt lawful route only if queued by class; do not appraise in FT2.
EV-1338,How stress fracture incidence was lowered in the Israeli army: a 25-yr struggle.,10.1249/mss.0b013e3181892dc2,18849873,,2008,,,Musculoskeletal injury,FULL_TEXT_REVIEW,P1 — HIGH,MODERATE,MODERATE,NO,NO,INDIRECT_OR_UNRESOLVED,NOT_IDENTIFIED,MODERATE,UNRESOLVED_UNTIL_FULL_TEXT,LOW,Verified — clear,FULL_TEXT_UNAVAILABLE,8,LOW_INCREMENTAL_VALUE_ACCESS_PENDING,"No structural signal of material claim, certainty, or reference-selection impact in available metadata.",Publisher OA / PubMed LinkOut / institutional or government repository; record version provenance before use,NOT_ATTEMPTED_IN_FT2,Attempt lawful route only if queued by class; do not appraise in FT2.
EV-1390,Musculoskeletal injuries in an Army airborne population.,,12502180,,2002,,,Musculoskeletal injury,FULL_TEXT_REVIEW,P1 — HIGH,MODERATE,MODERATE,NO,NO,INDIRECT_OR_UNRESOLVED,NOT_IDENTIFIED,MODERATE,UNRESOLVED_UNTIL_FULL_TEXT,LOW,Verified — clear,FULL_TEXT_UNAVAILABLE,8,LOW_INCREMENTAL_VALUE_ACCESS_PENDING,"No structural signal of material claim, certainty, or reference-selection impact in available metadata.",Publisher OA / PubMed LinkOut / institutional or government repository; record version provenance before use,NOT_ATTEMPTED_IN_FT2,Attempt lawful route only if queued by class; do not appraise in FT2.
EV-1392,"Body fat standards and individual physical readiness in a randomized Army sample: screening weights, methods of fat assessment, and linkage to physical fitness.",,12502174,,2002,,,Physical / academy readiness,FULL_TEXT_REVIEW,P1 — HIGH,MODERATE,MODERATE,NO,NO,INDIRECT_OR_UNRESOLVED,NOT_IDENTIFIED,MODERATE,UNRESOLVED_UNTIL_FULL_TEXT,LOW,Verified — clear,FULL_TEXT_UNAVAILABLE,8,LOW_INCREMENTAL_VALUE_ACCESS_PENDING,"No structural signal of material claim, certainty, or reference-selection impact in available metadata.",Publisher OA / PubMed LinkOut / institutional or government repository; record version provenance before use,NOT_ATTEMPTED_IN_FT2,Attempt lawful route only if queued by class; do not appraise in FT2.
EV-1400,Correlates of physical fitness improvement among a Navy remedial exercise sample.,,11413730,,2001,,,Physical / academy readiness,FULL_TEXT_REVIEW,P1 — HIGH,MODERATE,MODERATE,NO,NO,INDIRECT_OR_UNRESOLVED,NOT_IDENTIFIED,MODERATE,UNRESOLVED_UNTIL_FULL_TEXT,LOW,Verified — clear,FULL_TEXT_UNAVAILABLE,8,LOW_INCREMENTAL_VALUE_ACCESS_PENDING,"No structural signal of material claim, certainty, or reference-selection impact in available metadata.",Publisher OA / PubMed LinkOut / institutional or government repository; record version provenance before use,NOT_ATTEMPTED_IN_FT2,Attempt lawful route only if queued by class; do not appraise in FT2.
EV-1415,Longitudinal trends and gender differences in physical fitness and lifestyle factors in career U.S. Navy personnel (1983-1994).,,9640037,,1998,,,Physical / academy readiness,FULL_TEXT_REVIEW,P1 — HIGH,MODERATE,MODERATE,NO,NO,INDIRECT_OR_UNRESOLVED,NOT_IDENTIFIED,MODERATE,UNRESOLVED_UNTIL_FULL_TEXT,LOW,Verified — clear,FULL_TEXT_UNAVAILABLE,8,LOW_INCREMENTAL_VALUE_ACCESS_PENDING,"No structural signal of material claim, certainty, or reference-selection impact in available metadata.",Publisher OA / PubMed LinkOut / institutional or government repository; record version provenance before use,NOT_ATTEMPTED_IN_FT2,Attempt lawful route only if queued by class; do not appraise in FT2.
EV-1426,At work and play in a hazardous environment: injuries aboard a deployed U.S. Navy aircraft carrier.,,9006883,,1997,,,Musculoskeletal injury,FULL_TEXT_REVIEW,P1 — HIGH,MODERATE,MODERATE,NO,NO,INDIRECT_OR_UNRESOLVED,NOT_IDENTIFIED,MODERATE,UNRESOLVED_UNTIL_FULL_TEXT,LOW,Verified — clear,FULL_TEXT_UNAVAILABLE,8,LOW_INCREMENTAL_VALUE_ACCESS_PENDING,"No structural signal of material claim, certainty, or reference-selection impact in available metadata.",Publisher OA / PubMed LinkOut / institutional or government repository; record version provenance before use,NOT_ATTEMPTED_IN_FT2,Attempt lawful route only if queued by class; do not appraise in FT2.
EV-1428,The effect of command emphasis and monthly physical training on Army physical fitness scores in a National Guard Unit.,,8502390,,1993,,,Physical / academy readiness,FULL_TEXT_REVIEW,P1 — HIGH,MODERATE,MODERATE,NO,NO,INDIRECT_OR_UNRESOLVED,NOT_IDENTIFIED,MODERATE,UNRESOLVED_UNTIL_FULL_TEXT,LOW,Verified — clear,FULL_TEXT_UNAVAILABLE,8,LOW_INCREMENTAL_VALUE_ACCESS_PENDING,"No structural signal of material claim, certainty, or reference-selection impact in available metadata.",Publisher OA / PubMed LinkOut / institutional or government repository; record version provenance before use,NOT_ATTEMPTED_IN_FT2,Attempt lawful route only if queued by class; do not appraise in FT2.
EV-1429,A multifocal comparison of health status and physical readiness test results of Navy personnel.,,8479631,,1993,,,Medical / cardiovascular readiness,FULL_TEXT_REVIEW,P1 — HIGH,MODERATE,MODERATE,NO,NO,INDIRECT_OR_UNRESOLVED,NOT_IDENTIFIED,MODERATE,UNRESOLVED_UNTIL_FULL_TEXT,LOW,Verified — clear,FULL_TEXT_UNAVAILABLE,8,LOW_INCREMENTAL_VALUE_ACCESS_PENDING,"No structural signal of material claim, certainty, or reference-selection impact in available metadata.",Publisher OA / PubMed LinkOut / institutional or government repository; record version provenance before use,NOT_ATTEMPTED_IN_FT2,Attempt lawful route only if queued by class; do not appraise in FT2.
EV-1440,Physical fitness in a submarine community as determined by the U.S. Navy Health and Physical Readiness Test.,,3593147,,1987,,,Physical / academy readiness,FULL_TEXT_REVIEW,P1 — HIGH,MODERATE,MODERATE,NO,NO,INDIRECT_OR_UNRESOLVED,NOT_IDENTIFIED,MODERATE,UNRESOLVED_UNTIL_FULL_TEXT,LOW,Verified — clear,FULL_TEXT_UNAVAILABLE,8,LOW_INCREMENTAL_VALUE_ACCESS_PENDING,"No structural signal of material claim, certainty, or reference-selection impact in available metadata.",Publisher OA / PubMed LinkOut / institutional or government repository; record version provenance before use,NOT_ATTEMPTED_IN_FT2,Attempt lawful route only if queued by class; do not appraise in FT2.
