Evidence_ID,Title,DOI,PMID,PMCID,Zotero_Key,Year,Country,Population,Study_Design,Canonical_Status,Canonical_Source,Canonical_Source_File,Canonical_Source_Version,Canonicalization_Batch,Provenance,Baseline_or_Addition,Addition_Number,LOOP3X_Pass1,LOOP3X_Pass2,LOOP3X_Final_Class,LOOP3X_Priority,Domain,Manuscript_Layer,Section,Full_Text_Required,Contradictory_Flag,Replace_Existing_Flag,Integrity_Status,Freeze_Change_Candidate,Overlap_Family,Human_Review_Status,Notes,Batch_Order,Batch,Primary_Metadata_Source,Abstract,Publication_Types,PMCID_Verified,Integrity_Notices,Funding,Full_Text_Status,Full_Text_URL,Exact_Location,Results_Excerpt,COI,Retrieval_Error,Appraisal_Instrument,Appraisal_Status,Citation_Fitness_Provisional,Final_Decision_AI_Provisional,Claim_Ready,Decision_Rationale
EV-0052,Psychological Self-Report Questionnaires Are Not Associated With Decrements in Physical Performance Following Special Operations Forces Unit Training.,10.1519/jsc.0000000000005436,42489479,,3P7JQVMJ,2026,,,,CANONICAL_BASELINE,LOOP3X full-universe authoritative materialization,https://docs.google.com/spreadsheets/d/1PsCIFKpNMjrpsaHVu2mGKFYlRboKvNGgorZocCILnoY/edit#FULL_UNIVERSE_SCREENING,Drive modified 2026-09-21T02:35:49.190Z,PubMed A/B/C baseline,"Evidence Command Center 1,456 baseline; LOOP3X materialization",BASELINE,,HIGH_RELEVANCE,CONTRADICTORY_FIT,CONTRADICTORY_CANDIDATE,P0 — CRITICAL,Physical / academy readiness,International,Physical and Academy Readiness / Aptidao e academia,YES,YES,NO,Verified — clear,YES — REVIEW REQUIRED,,PENDING,Refined 3-pass screen; scientific text separated from workflow/admin metadata,1,LOT-01-TIER0,https://pubmed.ncbi.nlm.nih.gov/42489479/,"Rooks, MDL, Winters, JD, Royer, SD, Hoch, MC, Bergin, R, Morelli, N, Conley, C, Djafar, TE, Sheppard, LR, Flaherty, CW, and Heebner, NR. Psychological self-report questionnaires are not associated with decrements in physical performance in special operations forces unit training. J Strength Cond Res 40(8): e777-e783, 2026-Special Operations Forces (SOF) unit training may elicit nonfunctional overreaching (nFOR). Although psychological self-report (PSR) tools are commonly used to screen for nFOR, their utility in SOF settings remains unclear. This study aimed to assess performance decrements after deployment training and correlations with PSR questionnaires. Fifty-four male, active-duty SOF operators underwent performance and PSR assessments before and after an 8-month training phase. Performance measures included body fat, agility, vertical jump (VJ), anaerobic capacity, 30 yd sprint and a 10 yd split time, ball toss, isometric midthigh pull (IMTP), and aerobic capacity. Psychological self-report measures included depression, sleep quality, alertness, post-traumatic stress, and the Defense and Veterans Pain Rating Scale. Spearman's rank correlations were calculated between changes in performance and PSR as well as changes in performance with post-training PSR. Alpha was p < 0.05 a priori. After unit training phase, subjects demonstrated poorer scores in body fat, agility, VJ, anaerobic capacity, 10 and 30 yd sprints; and improved IMTP and pain subscales for sleep, mood, and stress. Agility changes were correlated with changes in alertness and pain affecting mood and stress. Aerobic capacity changes were correlated with changes in alertness. When observing PSR at post-training, changes in agility were correlated with depression, changes in anaerobic capacity were correlated with overall pain, and changes in 30 and 10 yd sprints were correlated with sleep quality. No other significant correlations were observed. Coaches should be aware that SOF operator training could result in nFOR, but exercise caution using PSR as a screen. Future research should identify other screens sensitive to nFOR in SOF.",Journal Article,,,N00014-18-C-2025 Office of Naval Research,FULL_TEXT_UNAVAILABLE,,,,,NO_PMCID_IN_PRIMARY_METADATA,Design classification required before appraisal,NOT_POSSIBLE_WITHOUT_LAWFUL_FULL_TEXT,CONTRADICTORY_AWAITING_APPRAISAL,FULL_TEXT_UNAVAILABLE,NO,"Source discovery completed; no final scientific inclusion without full-text appraisal, exact claim mapping and human confirmation."
EV-1066,Body mass index predicts selected physical fitness attributes but is not associated with performance on military relevant tasks in U.S. Army Soldiers.,10.1016/j.jsams.2017.08.021,28919497,,LIS2569V,2017,,,,CANONICAL_BASELINE,LOOP3X full-universe authoritative materialization,https://docs.google.com/spreadsheets/d/1PsCIFKpNMjrpsaHVu2mGKFYlRboKvNGgorZocCILnoY/edit#FULL_UNIVERSE_SCREENING,Drive modified 2026-09-21T02:35:49.190Z,PubMed A/B/C baseline,"Evidence Command Center 1,456 baseline; LOOP3X materialization",BASELINE,,HIGH_RELEVANCE,CONTRADICTORY_FIT,CONTRADICTORY_CANDIDATE,P0 — CRITICAL,Physical / academy readiness,International,Physical and Academy Readiness / Aptidao e academia,YES,YES,NO,Verified — clear,YES — REVIEW REQUIRED,,PENDING,Refined 3-pass screen; scientific text separated from admin metadata,2,LOT-01-TIER0,https://pubmed.ncbi.nlm.nih.gov/28919497/,"Army body composition standards are based upon validated criteria; however, certain field-expedient methodologies (e.g., weight-for-height, body mass index [BMI]) may disqualify individuals from service who may otherwise excel on physical performance and military-relevant tasks. The purpose was to assess soldier physical performance and military-specific task/fitness performance stratified by BMI. Cross-sectional observational study. Male (n=275) and female (n=46) soldiers performed a wide-array of physical fitness tests and military-specific tasks, including the Army physical fitness test (APFT). Within-sex performance data were analyzed by BMI tertile stratification or by Army Body Composition Program (ABCP) weight-for-height (calculated BMI) screening standards using ANOVA/Tukey post-hoc or independent t-tests, respectively. BMI stratification (higher vs. lower BMI) was associated with significant improvements in muscular strength and power, but also with decrements in speed/agility in male and female soldiers. Within the military specific tasks, a higher BMI was associated with an increased APFT 2-Mile Run time; however, performance on a 1600-m Loaded March or a Warrior Task and Battle Drill obstacle course was not related to BMI in either sex. Male and Female soldiers who did not meet ABCP screening standards demonstrated a slower 2-Mile Run time; however, not meeting the ABCP BMI standard only affected a minimal number (∼6%) of soldiers' ability to pass the APFT. Military body composition standards require a careful balance between physical performance, health, and military readiness. Allowances should be considered where tradeoffs exist between body composition classifications and performance on physical tasks with high military relevance.",Journal Article; Observational Study,,,,FULL_TEXT_UNAVAILABLE,,,,,NO_PMCID_IN_PRIMARY_METADATA,JBI analytical cross-sectional/cohort checklist as applicable,NOT_POSSIBLE_WITHOUT_LAWFUL_FULL_TEXT,CONTRADICTORY_AWAITING_APPRAISAL,FULL_TEXT_UNAVAILABLE,NO,"Source discovery completed; no final scientific inclusion without full-text appraisal, exact claim mapping and human confirmation."
EV-0140,Short-Term Moderately High-Fat Diet Has No Effect on Physical Performance.,10.1249/mss.0000000000003908,41843415,,AF6I7YGY,2026,,,,CANONICAL_BASELINE,LOOP3X full-universe authoritative materialization,https://docs.google.com/spreadsheets/d/1PsCIFKpNMjrpsaHVu2mGKFYlRboKvNGgorZocCILnoY/edit#FULL_UNIVERSE_SCREENING,Drive modified 2026-09-21T02:35:49.190Z,PubMed A/B/C baseline,"Evidence Command Center 1,456 baseline; LOOP3X materialization",BASELINE,,MODERATE_RELEVANCE,CONTRADICTORY_FIT,CONTRADICTORY_CANDIDATE,P1 — HIGH,Nutrition / shift work,International,Nutrition and Schedule Load / Nutricao e jornadas,YES,YES,NO,Verified — clear,YES — REVIEW REQUIRED,,PENDING,Refined 3-pass screen; scientific text separated from workflow/admin metadata,3,LOT-01-TIER0,https://pubmed.ncbi.nlm.nih.gov/41843415/,"Military personnel and first responders engage in physically demanding activities resulting in high daily energy expenditures, often coupled with inadequate energy intake. Increasing dietary fat for short durations (<6 d) is one strategy to increase energy intake. However, some studies suggest that short-term high-fat diets may impair endurance performance, while other research indicates that longer-term high-fat diets appear to have no effect on performance. This randomized crossover study aimed to determine the impact of a short-term moderately high-fat diet (MHF; 40% of total kcal) compared with a standard fat diet (SF; 30% of total kcal) on multiple dimensions of physical performance. Twenty healthy adults (22 ± 5 y, body mass: 80.3 ± 12.2 kg, : 47.9 ± 9.0 mL·kg·min-1] consumed controlled, weight-maintaining, isocaloric, protein-matched MHF and SF diets for 5 d, separated by ≥7 d. To assess physical performance, participants completed vertical jump, 4-mile time trial, and time to exhaustion (85% ) tests and the six-event Army Combat Fitness Test before and immediately after each intervention. Consistent with the experimental design, the MHF diet resulted in a higher proportional energy intake from fat (41 ± 1% vs 30 ± 3%; P < 0.001) and less from carbohydrate (40 ± 1% vs 52 ± 4%; P < 0.001) versus the SF diet, without differences in energy intake (MHF: 2474 ± 297 vs SF: 2493 ± 303 kcal·d-1; P = 0.25). No between-group differences in any performance measure were observed (P ≥ 0.05). Short-term consumption of a higher-fat diet neither impaired nor meaningfully improved measures of physical performance.","Journal Article; Randomized Controlled Trial; Research Support, U.S. Gov't, Non-P.H.S.",,,,FULL_TEXT_UNAVAILABLE,,,,,NO_PMCID_IN_PRIMARY_METADATA,RoB 2,NOT_POSSIBLE_WITHOUT_LAWFUL_FULL_TEXT,CONTRADICTORY_AWAITING_APPRAISAL,FULL_TEXT_UNAVAILABLE,NO,"Source discovery completed; no final scientific inclusion without full-text appraisal, exact claim mapping and human confirmation."
EV-0164,The Effectiveness of a 10-Week Concurrent Strength and Endurance Training Program on the Physical Readiness of Trained British Army Soldiers.,10.1519/jsc.0000000000005275,41576259,,XBIVSVIR,2026,,,,CANONICAL_BASELINE,LOOP3X full-universe authoritative materialization,https://docs.google.com/spreadsheets/d/1PsCIFKpNMjrpsaHVu2mGKFYlRboKvNGgorZocCILnoY/edit#FULL_UNIVERSE_SCREENING,Drive modified 2026-09-21T02:35:49.190Z,PubMed A/B/C baseline,"Evidence Command Center 1,456 baseline; LOOP3X materialization",BASELINE,,HIGH_RELEVANCE,DIRECT_MANUSCRIPT_FIT,REPLACE_EXISTING_CANDIDATE,P1 — HIGH,Physical / academy readiness,Both,Physical and Academy Readiness / Aptidao e academia,YES,NO,YES,Verified — clear,YES — REVIEW REQUIRED,,PENDING,Refined 3-pass screen; scientific text separated from workflow/admin metadata,4,LOT-01-TIER0,https://pubmed.ncbi.nlm.nih.gov/41576259/,"Nevin, J, Suffield, C, Mutch, S, Glass, M, Sadler, S, Mclay, W, Coonan, L, Glass, M, Sadler, S, Penver, R, and Beckingham, J. The effectiveness of a 10-week concurrent strength and endurance training program on the physical readiness of trained British Army soldiers. J Strength Cond Res 40(2): e189-e196, 2026-The aim of this study was to investigate the efficacy of a 10-week concurrent strength and endurance training program in comparison with traditional military physical training (PT) practices on the physical readiness of trained British Army personnel. Forty-eight, fully trained British Army infantry soldiers (men: n = 45; women: n = 3) were randomly assigned into either an experimental or control group. Baseline and post-testing measures included body mass, standing broad jump, seated medicine ball throw, 1 repetition maximum (1RM) hex bar deadlift, 100-m shuttle run, pull-ups, and 2-km run. Subjects in the experimental group followed a 10-week concurrent strength and endurance training program based on a block periodization model, whereas subjects in the control group completed a 10-week program based on traditional military PT practices (i.e., circuit training, steady-state running). Results indicated a greater effect size in all measures in the experimental group than in the control group with a significant (p < 0.001) improvement observed in 1RM hex bar deadlift and pull-up performance. Findings from this study demonstrate that a concurrent training program based on a block periodization model elicits superior improvements in certain components of physical than traditional military PT practices. However, data suggest that a greater frequency and/or volume of endurance training may be required to elicit improvements in aerobic capacity. As such, it is recommended that warfighters conduct at least 2 strength and 2 endurance training sessions per week in addition to occupational task-specific training.",Journal Article; Randomized Controlled Trial,,,,FULL_TEXT_UNAVAILABLE,,,,,NO_PMCID_IN_PRIMARY_METADATA,RoB 2,NOT_POSSIBLE_WITHOUT_LAWFUL_FULL_TEXT,REPLACE_EXISTING_AWAITING_APPRAISAL,FULL_TEXT_UNAVAILABLE,NO,"Source discovery completed; no final scientific inclusion without full-text appraisal, exact claim mapping and human confirmation."
EV-0386,Impact of astaxanthin supplementation on markers of cardiometabolic health and tactical performance among firefighters.,10.1080/15502783.2024.2427751,39568140,PMC11583326,G9P7QFPB,2024,,,,CANONICAL_BASELINE,LOOP3X full-universe authoritative materialization,https://docs.google.com/spreadsheets/d/1PsCIFKpNMjrpsaHVu2mGKFYlRboKvNGgorZocCILnoY/edit#FULL_UNIVERSE_SCREENING,Drive modified 2026-09-21T02:35:49.190Z,PubMed A/B/C baseline,"Evidence Command Center 1,456 baseline; LOOP3X materialization",BASELINE,,HIGH_RELEVANCE,DIRECT_MANUSCRIPT_FIT,REPLACE_EXISTING_CANDIDATE,P1 — HIGH,Medical / cardiovascular readiness,Both,Medical and Cardiovascular Readiness / Saude e prontidao medica,YES,NO,YES,Verified — clear,YES — REVIEW REQUIRED,,PENDING,Refined 3-pass screen; scientific text separated from workflow/admin metadata,5,LOT-01-TIER0,https://pubmed.ncbi.nlm.nih.gov/39568140/,"Firefighters are at risk for cardiovascular disease due to occupational-related inflammation, oxidative stress, and lifestyle practices. Astaxanthin (AX) possesses anti-inflammatory/antioxidant and purported ergogenic properties. This study examined the impact of supplementing the diet with 12 mg/d AX for four weeks on markers of inflammation, oxidative stress, cardiometabolic health, exercise capacity, and occupation-related performance in career firefighters. In a randomized, double-blinded, placebo-controlled, crossover fashion, 15 male career firefighters (34.5 ± 7.4 years; 177.7 ± 7.0 cm; 95.6 ± 12.0 kg; 30.1 ± 2.9 kg/m 2 ; 11.03 ± 6.85 years of service) ingested 12 mg/d of AX (AstaReal®, AstaReal AB, Nacka, SWE) or placebo (PLA) for four weeks while following a standardized resistance training program. After each treatment, testing sessions were completed to assess inflammatory markers, oxidative stress markers, cardiopulmonary exercise capacity, and performance to a fire ground test (FGT) consisting of nine fire suppressive activities. Data were analyzed using general linear model (GLM) analysis with repeated measures. Clinical significance was assessed via mean changes from baseline with 95% confidence intervals. Analysis of mean percent changes from baseline revealed that AX supplementation lessened the inflammatory response to to performing an incremental maximal exercise test and attenuated increases in interleukin-1β, cortisol, and uric acid in response to performing fire suppressive activities compared to when they ingested PLA. However, most of these effects were within groups rather than between groups. Additionally, there was evidence that AX ingestion increased the ventilatory anaerobic threshold. Four weeks of AX supplementation did not significantly affect fasting markers of oxidative stress, blood lipids, performance during the FGT, general clinical chemistry panels, or self-reported side effects. Results provide some evidence that AX supplementation may help mediate occupation-related inflammation in response to high-intensity, short-duration exercise in firefighters. More research is warranted to determine if long-term supplementation can improve cardiometabolic risk in this population. ISRCTN10901752.",Journal Article; Randomized Controlled Trial,PMC11583326,,,LAWFUL_PMC_XML,https://pmc.ncbi.nlm.nih.gov/articles/PMC11583326/,PMC XML: Discussion | Conclusion,"Discussion: The main findings of this study were that astaxanthin supplementation (12 mg/d for four weeks) blunted some markers of inflammation and oxidative stress in response to an incremental maximal exercise test and firefighter occupational tasks, as well as attenuated VANT. However, four weeks of astaxanthin supplementation did not statistically significantly affect fasting oxidative stress markers, lipid profiles, or occupational performance. These findings provide some evidence that astaxanthin may help mediate inflammation and oxidative stress in response to high-intensity, short-duration exercise in firefighters. The following provides a more detailed assessment of these findings in the context of related work. | Conclusion: Four weeks of astaxanthin supplementation (12 mg/d) attenuated VANT and appeared to blunt the clinically significant increase in some markers of inflammatory and oxidative stress during training, in response to an incremental maximal exercise test, and during the fire ground test. However, most changes observed were from assessing the clinical significance of changes from baseline within groups rather than between groups. Astaxanthin supplementation had no statistically or clinically-significant effects on cardiometabolic health markers and performance measures. These findings provide some evidence that astaxanthin supplementation may help mediate occupation-related inflammation and oxidative stress response to high-intensity, short-duration exercise in firefighters. However, more research is needed to determine if long-term supplementation may have a greater impact in this population.",,,RoB 2,PENDING_AI_FULL_TEXT_REVIEW,REPLACE_EXISTING_AWAITING_APPRAISAL,UNRESOLVED,NO,"Source discovery completed; no final scientific inclusion without full-text appraisal, exact claim mapping and human confirmation."
EV-0426,Dietary Supplementation on Physical Performance and Recovery in Active-Duty Military Personnel: A Systematic Review of Randomized and Quasi-Experimental Controlled Trials.,10.3390/nu16162746,39203882,PMC11357047,DGQK3864,2024,,,,CANONICAL_BASELINE,LOOP3X full-universe authoritative materialization,https://docs.google.com/spreadsheets/d/1PsCIFKpNMjrpsaHVu2mGKFYlRboKvNGgorZocCILnoY/edit#FULL_UNIVERSE_SCREENING,Drive modified 2026-09-21T02:35:49.190Z,PubMed A/B/C baseline,"Evidence Command Center 1,456 baseline; LOOP3X materialization",BASELINE,,HIGH_RELEVANCE,DIRECT_MANUSCRIPT_FIT,REPLACE_EXISTING_CANDIDATE,P1 — HIGH,Nutrition / shift work,Both,Nutrition and Schedule Load / Nutricao e jornadas,YES,NO,YES,Verified — clear,YES — REVIEW REQUIRED,,PENDING,Refined 3-pass screen; scientific text separated from workflow/admin metadata,6,LOT-01-TIER0,https://pubmed.ncbi.nlm.nih.gov/39203882/,"Warfighters, often called tactical athletes, seek dietary supplementation to enhance training and recovery. Roughly 69% of active-duty US military personnel have reported consuming dietary supplements. The objective of this systematic review was to examine the impact of dietary supplements on muscle-related physical performance and recovery in active-duty military personnel. Randomized controlled trials and quasi-experimental controlled trials of oral dietary supplementation in active-duty military members were examined. A protocol was registered (PROSPERO CRD42023401472), and a systematic search of MEDLINE and CINAHL was undertaken. Inclusion criteria consisted of studies published between 1990-2023 with outcomes of muscle performance and recovery among active-duty military populations. The risk of bias was assessed with the McMaster University Guidelines and Critical Review Form for Quantitative Studies. Sixteen studies were included. Four were conducted on protein or carbohydrate; four on beta-alanine alone, creatine alone, or in combination; two on mixed nutritional supplements; two on probiotics alone or in combination with beta hydroxy-beta methylbutyrate calcium; and four on phytonutrient extracts including oregano, beetroot juice, quercetin, and resveratrol. Ten examined outcomes related to physical performance, and six on outcomes of injury or recovery. Overall, protein, carbohydrate, beta-alanine, creatine, and beetroot juice modestly improved performance, while quercetin did not. Protein, carbohydrates, beta-alanine, probiotics, and oregano reduced markers of inflammation, while resveratrol did not. Nutrition supplementation may have small benefits on muscle performance and recovery in warfighters. However, there are significant limitations in interpretation due to the largely inconsistent evidence of ingredients and comparable outcomes. Thus, there is inadequate practical evidence to suggest how dietary supplementation may affect field performance.",Journal Article; Systematic Review,PMC11357047,,,LAWFUL_PMC_XML,https://pmc.ncbi.nlm.nih.gov/articles/PMC11357047/,PMC XML: ,,,,AMSTAR 2,PENDING_AI_FULL_TEXT_REVIEW,REPLACE_EXISTING_AWAITING_APPRAISAL,UNRESOLVED,NO,"Source discovery completed; no final scientific inclusion without full-text appraisal, exact claim mapping and human confirmation."
EV-0521,"The Effects of Protein and Carbohydrate Supplementation, with and without Creatine, on Occupational Performance in Firefighters.",10.3390/nu15245134,38140393,PMC10745745,J9NBDJW7,2023,,,,CANONICAL_BASELINE,LOOP3X full-universe authoritative materialization,https://docs.google.com/spreadsheets/d/1PsCIFKpNMjrpsaHVu2mGKFYlRboKvNGgorZocCILnoY/edit#FULL_UNIVERSE_SCREENING,Drive modified 2026-09-21T02:35:49.190Z,PubMed A/B/C baseline,"Evidence Command Center 1,456 baseline; LOOP3X materialization",BASELINE,,HIGH_RELEVANCE,DIRECT_MANUSCRIPT_FIT,REPLACE_EXISTING_CANDIDATE,P1 — HIGH,Nutrition / shift work,Both,Nutrition and Schedule Load / Nutricao e jornadas,YES,NO,YES,Verified — clear,YES — REVIEW REQUIRED,,PENDING,Refined 3-pass screen; scientific text separated from workflow/admin metadata,7,LOT-01-TIER0,https://pubmed.ncbi.nlm.nih.gov/38140393/,"The purpose of this study was to assess the effects of protein and carbohydrate supplementation, with and without creatine, on occupational performance in firefighters. Using a randomized, double-blind approach, thirty male firefighters (age: 34.4 ± 8.4 yrs., height: 1.82 ± 0.07 m; weight: 88.6 ± 12.5 kg; BF%: 17.2 ± 5.8%) were randomized to receive either (A.) 25 g of whey protein isolate + 25 g of carbohydrate powder (ProCarb group); or (B.) ProCarb + 5 g of creatine (Creatine group) in a double-blind fashion over a period of 21-26 days (depending on shift rotations) to evaluate the impact of supplementation on occupation-specific performance. At baseline and following supplementation, firefighters completed a battery of tests. These tests included an aerobic speed test on an air-braked cycle ergometer followed by the hose carry, body drag, stair climb, and Keiser sled hammer for time. No significant differences in measures of performance were observed at baseline ( p > 0.05). There was a significant main effect for time observed for rescue, stair climb, total time to completion, and time trial performance ( p < 0.05). There was a significant group × time ( p < 0.05) interaction for rescue and forcible entry. Independent sample t -tests indicated that the Creatine group experienced a greater reduction (from baseline) in completion time for the rescue (1.78 ± 0.57 s, 95% CI: 0.61, 2.95 s, p = 0.004) and forcible entry (2.66 ± 0.97 s, 95% CI: 0.68, 4.65 s, p = 0.01) tests compared to the ProCarb group. No significant group × time interactions were observed for the hose line advance, stair climb, total time to completion, and time trial performance ( p > 0.05). The addition of supplemental creatine to a protein and carbohydrate supplement to the diet of career firefighters throughout a three week period improves occupational performance in firefighters in specific areas of high-intensity, repetitive actions.",Randomized Controlled Trial; Journal Article,PMC10745745,,,LAWFUL_PMC_XML,https://pmc.ncbi.nlm.nih.gov/articles/PMC10745745/,PMC XML: ,,,,RoB 2,PENDING_AI_FULL_TEXT_REVIEW,REPLACE_EXISTING_AWAITING_APPRAISAL,UNRESOLVED,NO,"Source discovery completed; no final scientific inclusion without full-text appraisal, exact claim mapping and human confirmation."
EV-0667,"The reliability, validity and usefulness of the 30-15 intermittent fitness test for cardiorespiratory fitness assessment in military personnel.",10.1038/s41598-022-20315-3,36167789,PMC9515111,5YAVKEBE,2022,,,,CANONICAL_BASELINE,LOOP3X full-universe authoritative materialization,https://docs.google.com/spreadsheets/d/1PsCIFKpNMjrpsaHVu2mGKFYlRboKvNGgorZocCILnoY/edit#FULL_UNIVERSE_SCREENING,Drive modified 2026-09-21T02:35:49.190Z,PubMed A/B/C baseline,"Evidence Command Center 1,456 baseline; LOOP3X materialization",BASELINE,,HIGH_RELEVANCE,DIRECT_MANUSCRIPT_FIT,REPLACE_EXISTING_CANDIDATE,P1 — HIGH,Physical / academy readiness,Both,Physical and Academy Readiness / Aptidao e academia,YES,NO,YES,Verified — clear,YES — REVIEW REQUIRED,,PENDING,Refined 3-pass screen; scientific text separated from admin metadata,8,LOT-01-TIER0,https://pubmed.ncbi.nlm.nih.gov/36167789/,"The objectives of this study were to investigate the reliability, validity, and usefulness of the 30-15 intermittent fitness test (30-15 IFT ) in soldiers. The 34 infantry members of the Slovenian armed forces were recruited as participants. Participants performed the continuous incremental treadmill test (TR), a 2-mile run (2 MR ) test, and two 30-15 IFT tests. Additionally, participants were divided into a highest-scoring group (HSG) and a lowest-scoring group (LSG) based on their scores on the Army Physical Fitness Test. A very high reliability ratings were observed for 30-15 IFT measures, as follows: end-running speed (ERS) ERS IFT (ICC = 0.971) , maximal heart rate (HR max ) HR maxIFT (IC = 0.960) , and maximal relative oxygen consumption (VO 2max ) VO 2max-IFT (ICC = 0.975) . Although 30-15 IFT measures demonstrated high correlations (r = 0.695-0.930) to the same measures of TR test, ERS, HR max and VO 2max were higher in the 30-15 IFT (p > 0.05) . Furthermore, ERS IFT and predicted VO 2maxIFT were higher in HSG compared to LSG, whereas HR max did not differ. The results of this study show that the 30-15 IFT test is a reliable, valid and useful tool for assessing cardiorespiratory fitness in the armed forces. Moreover, the ERS and predicted VO 2 max values derived from the 30-15 IFT could be considered more sensitive markers of combat readiness than the parameters derived from the TR and 2 MR tests.Trial registration number: NCT05218798.","Journal Article; Research Support, Non-U.S. Gov't; Randomized Controlled Trial",PMC9515111,,,LAWFUL_PMC_XML,https://pmc.ncbi.nlm.nih.gov/articles/PMC9515111/,PMC XML: Results | Discussion | Conclusion,"Results: Shapiro–Wilk’s test confirmed that all data were normally distributed (p > 0.05). | Discussion: The purpose of this study was to examine the reliability, criterion validity and usefulness of the 30–15 IFT within SAF infantry members. In agreement with previous research on the topic, our results suggest that ERS IFT obtained during the 30–15 IFT provides a reliable, valid and useful method of assessing soldier’s CRF. A very high reliability ratings (ICC = 0.971–0.975) were observed for ERS IFT, HR maxIFT and VO 2 max IFT , with small (ERS IFT and VO 2 max IFT ) to moderate (HR maxIFT ) test–retest differences. Although outcome measures obtained during the 30–15 IFT demonstrated high correlations (r = 0.695–0.930) to the same measures obtained during the gold-standard continuous TR, ERS, HR max and VO 2 max were higher in the 30–15 IFT (Table 3 ). This is in good agreement with previous findings 14 , 27 . Also, by showing good rating for all 30–15 IFT outcome measures, our results confirmed the usefulness of the 30–15 IFT for testing soldier’s CRF. | Conclusion: The results of this study show that the 30–15 IFT test is a reliable, valid and useful tool for assessing CRF in military personnel. Moreover, the ERS and predicted VO 2 max values derived from the IFT test could be more sensitive markers of combat readiness than the same variables derived from the TR and 2 MR tests. Therefore, the 30–15 IFT test can be reliably used by researchers and strength and conditioning coaches working with military personnel to test and monitor cardiorespiratory adaptations to training interventions.",,,RoB 2,PENDING_AI_FULL_TEXT_REVIEW,REPLACE_EXISTING_AWAITING_APPRAISAL,UNRESOLVED,NO,"Source discovery completed; no final scientific inclusion without full-text appraisal, exact claim mapping and human confirmation."
EV-0716,Effect of Exercise Training Programs on Physical Fitness Domains in Military Personnel: A Systematic Review and Meta-Analysis.,10.1093/milmed/usac040,35247052,,NXCM7D9G,2022,,,,CANONICAL_BASELINE,LOOP3X full-universe authoritative materialization,https://docs.google.com/spreadsheets/d/1PsCIFKpNMjrpsaHVu2mGKFYlRboKvNGgorZocCILnoY/edit#FULL_UNIVERSE_SCREENING,Drive modified 2026-09-21T02:35:49.190Z,PubMed A/B/C baseline,"Evidence Command Center 1,456 baseline; LOOP3X materialization",BASELINE,,HIGH_RELEVANCE,DIRECT_MANUSCRIPT_FIT,REPLACE_EXISTING_CANDIDATE,P1 — HIGH,Physical / academy readiness,Both,Physical and Academy Readiness / Aptidao e academia,YES,NO,YES,Verified — clear,YES — REVIEW REQUIRED,,PENDING,Refined 3-pass screen; scientific text separated from admin metadata,9,LOT-01-TIER0,https://pubmed.ncbi.nlm.nih.gov/35247052/,"Physical training is important to prepare soldiers for the intense occupational demands in the military. However, current physical training may not address all fitness domains crucial for optimizing physical readiness and reducing musculoskeletal injury. The effects of nontraditional military physical training on fitness domains have been inconsistently reported, which limits the design of the ideal training program for performance optimization and injury prevention in the military. The aim of this systematic review was to identify the effects of exercise training on various fitness domains (i.e., aerobic fitness, flexibility, muscular endurance, muscular power, muscular strength, and occupationally specific physical performance) that contribute to occupational performance and musculoskeletal injury risk in military personnel. An extensive literature search was conducted in January 2021 and was subsequently updated in July 2021 and December 2021. Included studies consisted of comparative groups of healthy military personnel performing traditional and nontraditional military physical training with at least one assessment representative of a fitness domain. Study appraisal was conducted using the PEDro scale. Meta-analysis was conducted via forest plots, standard mean difference (SMD, effect size), and intertrial heterogeneity (I2). From a total of 7,350 records, 15 studies were identified as eligible for inclusion in this review, with a total of 1,613 participants. The average study quality via the PEDro score was good (5.3/10; range 4/10 to 6/10). Nontraditional military physical training resulted in greater posttraining values for muscular endurance (SMD = 0.46; P = .004; I2 = 68%), power (SMD = 1.57; P < .0001; I2 = 90%), strength via repetition maximum testing (SMD = 1.95; P < .00001; I2 = 91%), and occupationally specific physical performance (SMD = 0.54; P = .007; I2 = 66%) compared to the traditional group. There was no significant difference for aerobic fitness (SMD = -0.31; P = .23; I2 = 86%), flexibility (SMD = 0.58; P = .16; I2 = 76%), and muscular strength via maximal voluntary contraction (SMD = 0.18; P = .28; I2 = 66%) between training groups. The current systematic review identified that nontraditional military physical training had a greater posttraining effect on muscular endurance, power, strength measured via repetition maximum, and occupationally specific physical performance compared to traditional military physical training. Overall, these findings suggest that nontraditional military physical training may be beneficial in optimizing occupational performance while potentially reducing musculoskeletal injury risk.",Journal Article; Meta-Analysis; Systematic Review,,,,FULL_TEXT_UNAVAILABLE,,,,,NO_PMCID_IN_PRIMARY_METADATA,AMSTAR 2,NOT_POSSIBLE_WITHOUT_LAWFUL_FULL_TEXT,REPLACE_EXISTING_AWAITING_APPRAISAL,FULL_TEXT_UNAVAILABLE,NO,"Source discovery completed; no final scientific inclusion without full-text appraisal, exact claim mapping and human confirmation."
EV-0893,Influence of a Multitask Paradigm on Motor and Cognitive Performance of Military and Law Enforcement Personnel: A Systematic Review.,10.55460/ii7l-nfhc,32203610,,NM2QETTI,2020,,,,CANONICAL_BASELINE,LOOP3X full-universe authoritative materialization,https://docs.google.com/spreadsheets/d/1PsCIFKpNMjrpsaHVu2mGKFYlRboKvNGgorZocCILnoY/edit#FULL_UNIVERSE_SCREENING,Drive modified 2026-09-21T02:35:49.190Z,PubMed A/B/C baseline,"Evidence Command Center 1,456 baseline; LOOP3X materialization",BASELINE,,HIGH_RELEVANCE,DIRECT_MANUSCRIPT_FIT,REPLACE_EXISTING_CANDIDATE,P1 — HIGH,Cognition / firearm performance,Both,Cognition and Firearm-Task Performance / Cognicao e tiro,YES,NO,YES,Verified — clear,YES — REVIEW REQUIRED,,PENDING,Refined 3-pass screen; scientific text separated from admin metadata,10,LOT-01-TIER0,https://pubmed.ncbi.nlm.nih.gov/32203610/,"To review the current literature investigating if performance of tactical athletes under multitask paradigms is different than performance under single-task paradigms. The authors completed a search of the literature published from January 01, 2000, to June 01, 2018, using key search terms in PubMed, Web of Science, SPORTDiscus, and Defense Technical Information Center (DTIC) databases. Studies that met inclusion and exclusion criteria were assessed for quality. Fourteen articles were identified as eligible to be included in the review. Compared with single-task, two studies reported better motor performance, six reported poorer motor performance, and three reported no difference in motor performance under multitask. Compared with single- task, two studies reported better cognitive performance, seven studies reported poorer cognitive performance, and three studies reported no difference in cognitive performance under multitask. As occupational duties become increasingly demanding, it is crucial to modify and adapt performance assessments to meet the needs required of tactical athletes to guide training and injury management programs. Motor and cognitive assessments are an integral part of performance evaluations to train, prepare, and rehabilitate tactical athletes. To meet the modern demands of tactical athletes, varying levels of difficulty in multitask paradigms that include both motor and cognitive tasks should be investigated to understand fundamental performance under operational settings to better translate across training paradigms and rehabilitation programs.",Journal Article; Systematic Review,,,,FULL_TEXT_UNAVAILABLE,,,,,NO_PMCID_IN_PRIMARY_METADATA,AMSTAR 2,NOT_POSSIBLE_WITHOUT_LAWFUL_FULL_TEXT,REPLACE_EXISTING_AWAITING_APPRAISAL,FULL_TEXT_UNAVAILABLE,NO,"Source discovery completed; no final scientific inclusion without full-text appraisal, exact claim mapping and human confirmation."
EV-0959,Effects of sleep extension on cognitive/motor performance and motivation in military tactical athletes.,10.1016/j.sleep.2019.03.013,31096123,,JQSDZBBJ,2019,,,,CANONICAL_BASELINE,LOOP3X full-universe authoritative materialization,https://docs.google.com/spreadsheets/d/1PsCIFKpNMjrpsaHVu2mGKFYlRboKvNGgorZocCILnoY/edit#FULL_UNIVERSE_SCREENING,Drive modified 2026-09-21T02:35:49.190Z,PubMed A/B/C baseline,"Evidence Command Center 1,456 baseline; LOOP3X materialization",BASELINE,,HIGH_RELEVANCE,DIRECT_MANUSCRIPT_FIT,REPLACE_EXISTING_CANDIDATE,P1 — HIGH,Cognition / firearm performance,Both,Cognition and Firearm-Task Performance / Cognicao e tiro,YES,NO,YES,Verified — clear,YES — REVIEW REQUIRED,,PENDING,Refined 3-pass screen; scientific text separated from admin metadata,11,LOT-01-TIER0,https://pubmed.ncbi.nlm.nih.gov/31096123/,"Investigate the immediate and residual impacts of sleep extension in tactical athletes. A randomized controlled trial (Sleep extension = EXT vs Control = CON) was conducted on 50 (EXT: 20.12 ± 2.01 years vs CON: 19.76 ± 1.09 years) tactical athletes enrolled in the Reserve Officers' Training Corps (ROTC). Participants wore actigraphs for 15 consecutive nights and completed a cognitive/motor battery after seven habitual sleep nights, after four sleep extension nights, and after the resumption of habitual sleep for four nights. The CON group remained on habitual sleep schedules for the entire study. During the intervention, the EXT group significantly increased mean sleep time (1.36 ± 0.71 h, p < 0.001). After sleep extension, there were significant between-group differences on the mean score change since baseline in Psychomotor Vigilance Test (PVT) reaction time (p = 0.026), Trail Making Test (TMT) - B time (p = 0.027), standing broad jump (SBJ) distance (p < 0.001), and motivation levels [to perform the cognitive tasks (p = 0.003) and the SBJ (p = 0.009)]; with the EXT group showing a greater enhancement in performance/motivation. After resuming habitual sleep schedules, significant between-group differences on the mean score change since baseline persisted on SBJ distance (p = 0.001) and motivation to perform the SBJ (p = 0.035), with the EXT showing greater enhancement in performance/motivation. Increasing sleep duration in military tactical athletes resulted in immediate performance benefits in psychomotor vigilance, executive functioning, standing broad jump distance, and motivation levels. Benefits on motor performance were evident four days after resumption of habitual sleep schedules. Military tactical athletes aiming to optimize their overall performance should consider the impact of longer sleep durations when feasible.","Journal Article; Randomized Controlled Trial; Research Support, Non-U.S. Gov't",,,,FULL_TEXT_UNAVAILABLE,,,,,NO_PMCID_IN_PRIMARY_METADATA,RoB 2,NOT_POSSIBLE_WITHOUT_LAWFUL_FULL_TEXT,REPLACE_EXISTING_AWAITING_APPRAISAL,FULL_TEXT_UNAVAILABLE,NO,"Source discovery completed; no final scientific inclusion without full-text appraisal, exact claim mapping and human confirmation."
EV-1062,Whole dietary patterns to optimize cognitive function for military mission-readiness: a systematic review and recommendations for the field.,10.1093/nutrit/nux009,28969343,,XPQSN4C6,2017,,,,CANONICAL_BASELINE,LOOP3X full-universe authoritative materialization,https://docs.google.com/spreadsheets/d/1PsCIFKpNMjrpsaHVu2mGKFYlRboKvNGgorZocCILnoY/edit#FULL_UNIVERSE_SCREENING,Drive modified 2026-09-21T02:35:49.190Z,PubMed A/B/C baseline,"Evidence Command Center 1,456 baseline; LOOP3X materialization",BASELINE,,HIGH_RELEVANCE,DIRECT_MANUSCRIPT_FIT,REPLACE_EXISTING_CANDIDATE,P1 — HIGH,Nutrition / shift work,Both,Nutrition and Schedule Load / Nutricao e jornadas,YES,NO,YES,Verified — clear,YES — REVIEW REQUIRED,,PENDING,Refined 3-pass screen; scientific text separated from admin metadata,12,LOT-01-TIER0,https://pubmed.ncbi.nlm.nih.gov/28969343/,"Optimizing cognitive performance, particularly during times of high stress, is a prerequisite to mission-readiness among military personnel. It has been of interest to determine whether such performance could be enhanced through diet. This systematic review assesses the quality of the evidence for whole dietary patterns across various outcomes related to cognitive function in healthy adult populations to develop research recommendations for the military. PubMed, CINAHL, Embase, PsycInfo, and the Cochrane Library were searched. Peer-reviewed randomized controlled trials published in the English language were eligible. Fifteen included trials were assessed for methodological quality, and descriptive data were extracted. Of the 6 acceptable-quality studies, 1 demonstrated statistically nonsignificant results, whereas the other 5 showed conflicting results across the cognitive outcomes assessed. Due to the heterogeneity across the included studies, no recommendations could be reached concerning whether certain whole dietary patterns have an effect on cognitive outcomes in healthy populations. Specific recommendations for future research are offered.",Journal Article; Systematic Review,,,,FULL_TEXT_UNAVAILABLE,,,,,NO_PMCID_IN_PRIMARY_METADATA,AMSTAR 2,NOT_POSSIBLE_WITHOUT_LAWFUL_FULL_TEXT,REPLACE_EXISTING_AWAITING_APPRAISAL,FULL_TEXT_UNAVAILABLE,NO,"Source discovery completed; no final scientific inclusion without full-text appraisal, exact claim mapping and human confirmation."
EV-1063,Omega-3 polyunsaturated fatty acids to optimize cognitive function for military mission-readiness: a systematic review and recommendations for the field.,10.1093/nutrit/nux008,28969342,,NC376JLC,2017,,,,CANONICAL_BASELINE,LOOP3X full-universe authoritative materialization,https://docs.google.com/spreadsheets/d/1PsCIFKpNMjrpsaHVu2mGKFYlRboKvNGgorZocCILnoY/edit#FULL_UNIVERSE_SCREENING,Drive modified 2026-09-21T02:35:49.190Z,PubMed A/B/C baseline,"Evidence Command Center 1,456 baseline; LOOP3X materialization",BASELINE,,HIGH_RELEVANCE,DIRECT_MANUSCRIPT_FIT,REPLACE_EXISTING_CANDIDATE,P1 — HIGH,Cognition / firearm performance,Both,Cognition and Firearm-Task Performance / Cognicao e tiro,YES,NO,YES,Verified — clear,YES — REVIEW REQUIRED,,PENDING,Refined 3-pass screen; scientific text separated from admin metadata,13,LOT-01-TIER0,https://pubmed.ncbi.nlm.nih.gov/28969342/,"There has been interest in identifying whether nutrients might help optimize cognitive performance, especially for the military tasked with ensuring mission-readiness. This systematic review assesses the quality of the evidence for n-3 polyunsaturated fatty acids (PUFAs) across various outcomes related to cognitive function in healthy adult populations in order to develop research recommendations concerning n-3 PUFAs for mission-readiness. PubMed, CINAHL, Embase, PsycInfo, and the Cochrane Library were searched. Peer-reviewed randomized controlled trials published in the English language were eligible. Thirteen included trials were assessed for methodological quality, and descriptive data were extracted. Of the acceptable-quality (n = 8) and high-quality (n = 1) studies, 2 produced no statistically significant results, 5 produced mixed results, and 2 did not report between-group results. Results indicate that ingestion of n-3 PUFAs does not significantly alter cognitive performance in cognitively healthy persons. Studies exposing subjects to adverse circumstances that would be most relevant for drawing conclusions specifically for the military population are lacking. Several research recommendations are offered to enhance understanding of the role of fatty acids on cognitive functioning.",Journal Article; Systematic Review,,,,FULL_TEXT_UNAVAILABLE,,,,,NO_PMCID_IN_PRIMARY_METADATA,AMSTAR 2,NOT_POSSIBLE_WITHOUT_LAWFUL_FULL_TEXT,REPLACE_EXISTING_AWAITING_APPRAISAL,FULL_TEXT_UNAVAILABLE,NO,"Source discovery completed; no final scientific inclusion without full-text appraisal, exact claim mapping and human confirmation."
EV-1064,Caffeine to optimize cognitive function for military mission-readiness: a systematic review and recommendations for the field.,10.1093/nutrit/nux007,28969341,,TMJQM3HZ,2017,,,,CANONICAL_BASELINE,LOOP3X full-universe authoritative materialization,https://docs.google.com/spreadsheets/d/1PsCIFKpNMjrpsaHVu2mGKFYlRboKvNGgorZocCILnoY/edit#FULL_UNIVERSE_SCREENING,Drive modified 2026-09-21T02:35:49.190Z,PubMed A/B/C baseline,"Evidence Command Center 1,456 baseline; LOOP3X materialization",BASELINE,,HIGH_RELEVANCE,DIRECT_MANUSCRIPT_FIT,REPLACE_EXISTING_CANDIDATE,P1 — HIGH,Cognition / firearm performance,Both,Cognition and Firearm-Task Performance / Cognicao e tiro,YES,NO,YES,Verified — clear,YES — REVIEW REQUIRED,,PENDING,Refined 3-pass screen; scientific text separated from admin metadata,14,LOT-01-TIER0,https://pubmed.ncbi.nlm.nih.gov/28969341/,"In 2001 the Institute of Medicine (IOM) released a report on the use of caffeine during sustained military operations in which recommendations for research and practice were made. This systematic review serves as an update on the current quality of the evidence and addresses gaps in the current literature surrounding the effects of caffeinated foods and beverages on cognitive functioning in healthy adult populations exposed to military-like moderators. PubMed, CINAHL, Embase, PsycInfo, and the Cochrane Library were searched. Peer-reviewed randomized controlled trials published in the English language since 1998 were eligible. Twenty-five trials were included and assessed for methodological quality, and descriptive data were extracted according to each military-like moderator identified. Moderators included sleep deprivation (n = 17), physical or mental exertion (n = 4), sleep deprivation combined with a sustained military operation (n = 3), and physical exertion combined with low ambient temperature (n = 1). The effects of caffeine supplementation on cognitive functioning in sleep-deprived subjects included improvements in attention and vigilance, complex reaction time, and problem solving and reasoning in the trials reviewed. These findings are consistent with the conclusions reached in the 2001 IOM report. This review contributes to the field by addressing gaps outlined in the IOM report.",Journal Article; Systematic Review,,,,FULL_TEXT_UNAVAILABLE,,,,,NO_PMCID_IN_PRIMARY_METADATA,AMSTAR 2,NOT_POSSIBLE_WITHOUT_LAWFUL_FULL_TEXT,REPLACE_EXISTING_AWAITING_APPRAISAL,FULL_TEXT_UNAVAILABLE,NO,"Source discovery completed; no final scientific inclusion without full-text appraisal, exact claim mapping and human confirmation."
EV-1065,Phytochemicals to optimize cognitive function for military mission-readiness: a systematic review and recommendations for the field.,10.1093/nutrit/nux005,28969340,,3HTX6RU8,2017,,,,CANONICAL_BASELINE,LOOP3X full-universe authoritative materialization,https://docs.google.com/spreadsheets/d/1PsCIFKpNMjrpsaHVu2mGKFYlRboKvNGgorZocCILnoY/edit#FULL_UNIVERSE_SCREENING,Drive modified 2026-09-21T02:35:49.190Z,PubMed A/B/C baseline,"Evidence Command Center 1,456 baseline; LOOP3X materialization",BASELINE,,HIGH_RELEVANCE,DIRECT_MANUSCRIPT_FIT,REPLACE_EXISTING_CANDIDATE,P1 — HIGH,Cognition / firearm performance,Both,Cognition and Firearm-Task Performance / Cognicao e tiro,YES,NO,YES,Verified — clear,YES — REVIEW REQUIRED,,PENDING,Refined 3-pass screen; scientific text separated from admin metadata,15,LOT-01-TIER0,https://pubmed.ncbi.nlm.nih.gov/28969340/,"Optimizing cognitive performance and preventing cognitive impairments that result from exposure to high-stress situations are important to ensure mission-readiness for military personnel. This systematic review assesses the quality of the evidence for plant-based foods and beverages, or their phytochemical constituents, across various outcomes related to cognitive function in healthy adult populations to develop research recommendations for the military. PubMed, CINAHL, Embase, PsycInfo, and the Cochrane Library were searched. Peer-reviewed randomized controlled trials published in the English language were eligible. Twenty-five trials were included and assessed for methodological quality, and descriptive data were extracted. The acceptable (n = 16) to high-quality (n = 4) studies produced either no statistically significant effect or mixed results for enhancing cognitive function. The evidence suggested that healthy populations do not experience significant changes in cognitive performance when consuming soy- and non-soy-sourced isoflavones or cocoa. Heterogeneity among other interventions precluded reaching formal conclusions surrounding the evidence. Research recommendations are offered, including conducting more studies on the effect of plant-based interventions on populations reflective of military populations when exposed to military-like situations.",Journal Article; Systematic Review,,,,FULL_TEXT_UNAVAILABLE,,,,,NO_PMCID_IN_PRIMARY_METADATA,AMSTAR 2,NOT_POSSIBLE_WITHOUT_LAWFUL_FULL_TEXT,REPLACE_EXISTING_AWAITING_APPRAISAL,FULL_TEXT_UNAVAILABLE,NO,"Source discovery completed; no final scientific inclusion without full-text appraisal, exact claim mapping and human confirmation."
EV-1122,Sustained Military Operations and Cognitive Performance.,10.3357/amhp.4468.2016,27634607,,XWRXJM9Z,2016,,,,CANONICAL_BASELINE,LOOP3X full-universe authoritative materialization,https://docs.google.com/spreadsheets/d/1PsCIFKpNMjrpsaHVu2mGKFYlRboKvNGgorZocCILnoY/edit#FULL_UNIVERSE_SCREENING,Drive modified 2026-09-21T02:35:49.190Z,PubMed A/B/C baseline,"Evidence Command Center 1,456 baseline; LOOP3X materialization",BASELINE,,HIGH_RELEVANCE,DIRECT_MANUSCRIPT_FIT,REPLACE_EXISTING_CANDIDATE,P1 — HIGH,Cognition / firearm performance,Both,Cognition and Firearm-Task Performance / Cognicao e tiro,YES,NO,YES,Verified — clear,YES — REVIEW REQUIRED,,PENDING,Refined 3-pass screen; scientific text separated from admin metadata,16,LOT-01-TIER0,https://pubmed.ncbi.nlm.nih.gov/27634607/,"Cognitive performance is crucial during military operations. It is suggested that impaired cognitive performance accounts for most of the accidents during training courses and actual battle. There is a need to define when soldiers' operational readiness becomes impaired. The objective of this systematic review was to investigate the effects of sustained military operations (SUSOPS) on vigilance, reaction time, working memory, and reasoning in order to select good indicators for performance impairment. A systematic literature search was performed using publicly accessible databases (IngentaConnect, PubMed, Science Direct, and Defense Technical Information Center online) that were screened until July 2015. Keywords were military, sustained operations, (cognitive) performance, soldier, and training. Only 7 out of 589 studies met the inclusion criteria. Selected studies were difficult to compare due to different methodologies, cognitive tasks, and military courses. Vigilance, reaction time, and working memory were affected after only a few hours, showing severe impairment. They are linearly related to military stress up to 80 h of SUSOPS. These three indicators needed little recovery time to return to baseline levels. After more than 80 h of SUSOPS, no significant impairments of those indicators were observed. Reasoning becomes impaired after high stress levels of relatively short duration and can remain affected after more than 80 h of SUSOPS. Vigilance, reaction time, and working memory are affected after only a few hours while little recovery time is needed. For reasoning to return to baseline values, longer recovery is needed than the time available during SUSOPS. Vrijkotte S, Roelands B, Meeusen R, Pattyn N. Sustained military operations and cognitive performance. Aerosp Med Hum Perform. 2016; 87(8):718-727.",Journal Article; Systematic Review,,,,FULL_TEXT_UNAVAILABLE,,,,,NO_PMCID_IN_PRIMARY_METADATA,AMSTAR 2,NOT_POSSIBLE_WITHOUT_LAWFUL_FULL_TEXT,REPLACE_EXISTING_AWAITING_APPRAISAL,FULL_TEXT_UNAVAILABLE,NO,"Source discovery completed; no final scientific inclusion without full-text appraisal, exact claim mapping and human confirmation."
EV-1457,Characterization of the Physical Fitness of Police Officers: A Systematic Review,10.1519/jsc.0000000000003177,31045682,,,2019,International,Police officers,Systematic review,CANONICAL_ADDITION,LOOP3X full-universe authoritative materialization,https://docs.google.com/spreadsheets/d/1PsCIFKpNMjrpsaHVu2mGKFYlRboKvNGgorZocCILnoY/edit#FULL_UNIVERSE_SCREENING,Drive modified 2026-09-21T02:35:49.190Z,Batch02/03,Batch02/03 gap-directed discovery,ADDITION,1,HIGH_RELEVANCE,DIRECT_MANUSCRIPT_FIT,REPLACE_EXISTING_CANDIDATE,P1 — HIGH,Physical / academy readiness,Both,Physical and Academy Readiness / Aptidao e academia,YES,NO,YES,Yes,YES — REVIEW REQUIRED,,PENDING,Refined 3-pass screen; scientific text separated from admin metadata,17,LOT-01-TIER0,https://pubmed.ncbi.nlm.nih.gov/31045682/,"Marins, EF, David, GB, and Del Vecchio, FB. Characterization of the physical fitness of police officers: a systematic review. J Strength Cond Res 33(10): 2860-2874, 2019-Physical fitness tests (e.g., aerobic power, muscular endurance, and flexibility tests) are commonly used to assess the ability of police officers to perform work-related tasks. The purpose of this study was to describe, from a systematic literature review, data related to police physical fitness. The research was conducted in 5 electronic databases to search for original studies that measured physical fitness (aerobic and anaerobic capacity, strength, endurance, power, flexibility, agility, and speed) of police officers, as well as the article references. Original studies assessing objective measures of physical fitness in police officers were included, with no date restriction. Fifty-nine articles were included in the review. The studies mostly measured cardiorespiratory fitness indirectly, strength, and muscular endurance, as well as other performance components (body composition, power, flexibility, speed, agility, and anaerobic profile), with police officers generally presenting values similar or above the average of the general population. It can be concluded that intervention studies are needed to promote and incorporate programs related to improvement or maintenance of physical fitness in police officers, which would result in health benefits and specifically improvement in performance of specific tasks of police work. This review provides summary information to assist in the selection of physical fitness tests for police populations. Still, these findings have practical applications for public security agencies and its personnel responsible for the development and implementation of physical programs in policemen population.",Journal Article; Systematic Review,,,,FULL_TEXT_UNAVAILABLE,,,,,NO_PMCID_IN_PRIMARY_METADATA,AMSTAR 2,NOT_POSSIBLE_WITHOUT_LAWFUL_FULL_TEXT,REPLACE_EXISTING_AWAITING_APPRAISAL,FULL_TEXT_UNAVAILABLE,NO,"Source discovery completed; no final scientific inclusion without full-text appraisal, exact claim mapping and human confirmation."
EV-1458,The impact of body armor on physical performance of law enforcement personnel: a systematic review,10.1186/s40557-017-0169-9,28515947,,,2017,International,Law-enforcement personnel,Systematic review,CANONICAL_ADDITION,LOOP3X full-universe authoritative materialization,https://docs.google.com/spreadsheets/d/1PsCIFKpNMjrpsaHVu2mGKFYlRboKvNGgorZocCILnoY/edit#FULL_UNIVERSE_SCREENING,Drive modified 2026-09-21T02:35:49.190Z,Batch02/03,Batch02/03 gap-directed discovery,ADDITION,2,HIGH_RELEVANCE,DIRECT_MANUSCRIPT_FIT,REPLACE_EXISTING_CANDIDATE,P1 — HIGH,Physical / academy readiness,Both,Physical and Academy Readiness / Aptidao e academia,YES,NO,YES,Yes,YES — REVIEW REQUIRED,,PENDING,Refined 3-pass screen; scientific text separated from admin metadata,18,LOT-01-TIER0,https://pubmed.ncbi.nlm.nih.gov/28515947/,"The law enforcement officer profession requires performance of arduous occupational tasks while carrying an external load, consisting of, at minimum, a chest rig, a communication system, weaponry, handcuffs, personal protective equipment and a torch. The aim of this systematic review of the literature was to identify and critically appraise the methodological quality of published studies that have investigated the impacts of body armour on task performance and to synthesize and report key findings from these studies to inform law enforcement organizations. Several literature databases (Medline, CINAHL, SPORTDiscus, EMBAS) were searched using key search words and terms to identify appropriate studies. Studies meeting the inclusion criteria were critically evaluated using the Downs and Black protocol with inter-rater agreement determined by Cohen's Kappa. Sixteen articles were retained for evaluation with a mean Downs and Black score of 73.2 ± 6.8% (k = 0.841). Based on the research quality and findings across the included studies, this review determined that while effects of body armour on marksmanship and physiological responses have not yet been adequately ascertained, body armour does have significant physical performance and biomechanical impacts on the wearer, including: a) increased ratings of perceived exertion and increased time to complete functional tasks, b) decreased work capability (indicated by deterioration in fitness test scores), c) decreased balance and stability, and d) increased ground reaction forces. Given the physical performance and biomechanical impacts on the wearer, body armour should be carefully selected, with consideration of the physical fitness of the wearers and the degree to which the armour systems can be ergonomically optimized for the specific population in question.",Journal Article,PMC5434519,,,LAWFUL_PMC_XML,https://pmc.ncbi.nlm.nih.gov/articles/PMC5434519/,PMC XML: Results | Discussion | Conclusions,"Results: The PRISMA diagram (Fig. 1 ) details the results of the literature search, screening, and selection processes. In total, the initial search yielded 704 publications, from which 24 duplicates were removed. Of the remaining 680 publications, 37 were considered to be of potential relevance following initial screening and were examined in full text to further assess eligibility. Ultimately, 16 eligible studies were retained and formed the basis for this review. Fig. 1 PRISMA diagram detailing search process | Discussion: The aim of this systematic review of the literature was to identify and critically appraise the methodological quality of published studies that have investigated the impacts of body armour on task performance in tactical populations, and to synthesize and report key findings from these studies to inform law enforcement organizations. In total, 16 publications were critically reviewed, achieving a mean ± SD critical appraisal score of 73.2 ± 6.8% (range 60.7 to 85.7%). Seven emerging categories, based on reported outcome measures, emerged to form the basis of the themes reported in the preceding results section and now discussed in the context of findings from the broader tactical research literature. These seven themes, discussed below, are physiological effects, marksmanship effects, mobility effects, kinetic and kinematic effects, cognitive effects, subjective measures, and thermal effects. | Conclusions: Based on research quality and agreement across studies, this review determined that while effects of wearing body armour on marksmanship and various physiological parameters are still uncertain and deserving of further research, body armour does have significant biomechanical and physical performance impacts on the wearer, including: a) increased workload as assessed by a range of different physiological measures, b) decreased work capacity (measured as fitness test score deterioration), b) increased time to complete functional tasks, c) decreased balance and stability, d) increased GRF, e) increased RPE, and f) mild elevation of core temperatures. These occupationally-relevant performance decrements may also lead to decreased cognitive capability and increased injury risk. For this reason, body armour should be carefully selected, with consideration of the levels of physical conditioning of the wearers and the degree to which the armour system can be ergonomically optimized for the individual wearer.",,,AMSTAR 2,PENDING_AI_FULL_TEXT_REVIEW,REPLACE_EXISTING_AWAITING_APPRAISAL,UNRESOLVED,NO,"Source discovery completed; no final scientific inclusion without full-text appraisal, exact claim mapping and human confirmation."
EV-1462,Acute caffeine supplementation as a nutrition-based strategy to mitigate sleep-loss-related cognitive and operational performance impairments in military personnel: a systematic review and meta-analysis,10.3389/fnut.2026.1893033,,,,2026,International,Military personnel,Systematic review and meta-analysis,CANONICAL_ADDITION,LOOP3X full-universe authoritative materialization,https://docs.google.com/spreadsheets/d/1PsCIFKpNMjrpsaHVu2mGKFYlRboKvNGgorZocCILnoY/edit#FULL_UNIVERSE_SCREENING,Drive modified 2026-09-21T02:35:49.190Z,Batch02/03,Batch02/03 gap-directed discovery,ADDITION,6,HIGH_RELEVANCE,DIRECT_MANUSCRIPT_FIT,REPLACE_EXISTING_CANDIDATE,P1 — HIGH,Nutrition / shift work,Both,Nutrition and Schedule Load / Nutricao e jornadas,YES,NO,YES,Yes,YES — REVIEW REQUIRED,,PENDING,Refined 3-pass screen; scientific text separated from admin metadata,19,LOT-01-TIER0,https://doi.org/10.3389/fnut.2026.1893033,,,,,,FULL_TEXT_UNAVAILABLE,,,,,NO_PMCID_IN_PRIMARY_METADATA,AMSTAR 2,NOT_POSSIBLE_WITHOUT_LAWFUL_FULL_TEXT,REPLACE_EXISTING_AWAITING_APPRAISAL,FULL_TEXT_UNAVAILABLE,NO,"Source discovery completed; no final scientific inclusion without full-text appraisal, exact claim mapping and human confirmation."
EV-0001,Prehospital Tranexamic Acid Administration in Deployed Military Settings: A Review of the Department of Defense Trauma Registry.,,42658917,,JZ28Y5TU,2025,,,,CANONICAL_BASELINE,LOOP3X full-universe authoritative materialization,https://docs.google.com/spreadsheets/d/1PsCIFKpNMjrpsaHVu2mGKFYlRboKvNGgorZocCILnoY/edit#FULL_UNIVERSE_SCREENING,Drive modified 2026-09-21T02:35:49.190Z,PubMed A/B/C baseline,"Evidence Command Center 1,456 baseline; LOOP3X materialization",BASELINE,,HIGH_RELEVANCE,GAP_CLOSURE_CANDIDATE,FULL_TEXT_REVIEW,P0 — CRITICAL,Tactical medicine / TCCC / TECC / APH,International,Tactical Medicine Readiness / APH-Tatico,YES,NO,NO,Verified — clear,NO,,PENDING,Refined 3-pass screen; scientific text separated from workflow/admin metadata,20,LOT-02-P0,https://pubmed.ncbi.nlm.nih.gov/42658917/,"Introduction: Trauma is the leading cause of death worldwide, with up to 40% of trauma fatalities resulting from massive hemorrhage. Tranexamic Acid (TXA) helps control massive bleeding by stabilizing clot formation and was added to the Tactical Combat Casualty Care (TCCC) guidelines in 2011. In 2020, the Committee on TCCC updated the dosing recommendation to a 2g IV slow push to simplify administration in combat settings. Despite this change, little is known about the characteristics of prehospital TXA administration in deployed combat settings, prompting the present investigation. Materials and Methods: This was a retrospective review of the Department of Defense Trauma Registry (DoDTR) dataset spanning 2007 to 2023. We identified casualties who received any dose of TXA (per-administration) as well as every patient who received TXA once or more (per-casualty). Results: From 2007 to 2023, there were 45,124 total DoDTR encounters within our dataset that met inclusion criteria, including 698 TXA administrations given to 671 casualties. The median time from injury to administration was 44 minutes (IQR 30-77 minutes). The median dose administered was 1000 mg (IQR 1000-1000, max 3000). 6% received a 2000 mg dose, and <1% received a 3000 mg dose. Intravenous administration was the most common route of delivery (64%), followed by intraosseous (11%), and intramuscular (<1%) delivery. A total of 46% of patients received TXA at the point-of-injury followed by administration en route to a higher level of care (38%) with the remainder having no location documented. Of those who received TXA at the point of injury and en route to the higher level of care, 55% and 29% went on to receive ≥3 and ≥10 units of whole blood or red blood cells, respectively. Conclusions: Frequent reliance on IO and IM use underscores the need for field-friendly solutions that allow for rapid, easy delivery via multiple routes. Future research should focus on evaluating intramuscular TXA and developing material solutions to streamline battlefield execution.",Journal Article,,,,FULL_TEXT_UNAVAILABLE,,,,,NO_PMCID_IN_PRIMARY_METADATA,Design classification required before appraisal,NOT_POSSIBLE_WITHOUT_LAWFUL_FULL_TEXT,FULL_TEXT_REVIEW_AWAITING_APPRAISAL,FULL_TEXT_UNAVAILABLE,NO,"Source discovery completed; no final scientific inclusion without full-text appraisal, exact claim mapping and human confirmation."
EV-0167,Does automated feedback impact the acceptability of AI-generated police body worn camera review? An implementation science natural experiment.,10.1007/s11292-025-09711-7,41537090,PMC12798756,X6PMUAYB,2025,,,,CANONICAL_BASELINE,LOOP3X full-universe authoritative materialization,https://docs.google.com/spreadsheets/d/1PsCIFKpNMjrpsaHVu2mGKFYlRboKvNGgorZocCILnoY/edit#FULL_UNIVERSE_SCREENING,Drive modified 2026-09-21T02:35:49.190Z,PubMed A/B/C baseline,"Evidence Command Center 1,456 baseline; LOOP3X materialization",BASELINE,,HIGH_RELEVANCE,GAP_CLOSURE_CANDIDATE,FULL_TEXT_REVIEW,P0 — CRITICAL,Implementation science,International,Implementation Considerations / Implementacao,YES,NO,NO,Verified — clear,NO,,PENDING,Refined 3-pass screen; scientific text separated from workflow/admin metadata,21,LOT-02-P0,https://pubmed.ncbi.nlm.nih.gov/41537090/,"The diffusion of innovations in policing has often been hindered by barriers to implementation and officer acceptance, which can derail an innovation regardless of its validity or effectiveness. Implementation Science (IS) is a useful lens for addressing such concerns because IS empirically examines the way a new technology or strategy is deployed, and it offers insights on barriers, facilitators, and fidelity. The present study uses an IS framework to investigate one of the latest innovations in policing: Artificial Intelligence (AI). In early 2024, two Arizona police departments deployed Truleo, an AI-driven body-worn camera review platform, via randomized controlled trials, but only one of those departments used a feature of Truleo that sends automated positive feedback emails to officers when they engage in behaviors assessed as ""highly professional"" by the AI algorithm. Using cross-sectional survey data from line-level officers ( n = 84), we estimate both intent-to-treat and instrumental variable regression models to examine the effect of the automated emails on three implementation outcomes: acceptability, appropriateness, and feasibility. Officers in the department with automated feedback enabled reported higher levels of the appropriateness of Truleo. The instrumental variable models suggest that the automated emails resulted in higher levels of acceptability and appropriateness. The findings highlight: (1) the importance of evaluating different implementation strategies when deploying new technologies like AI, and (2) the potential value of providing AI-generated positive feedback to officers in the field as a means of ensuring the successful implementation of AI-driven officer accountability platforms in an agency.",Journal Article,PMC12798756,,K01 DA056654 DA NIDA NIH HHS United States,LAWFUL_PMC_XML,https://pmc.ncbi.nlm.nih.gov/articles/PMC12798756/,PMC XML: Discussion | Conclusion,"Discussion: A critical but understudied component of successful Evidence-Based Policing is evaluating how innovations are implemented, including assessing officers’ acceptance of new innovations. Indeed, the lack of acceptance or buy-in among officers can directly impact implementation and the perceived utility of new technologies, policies, or other reforms. Notably, negative attitudes have hindered the impact of innovations in policing ( Bonfine et al., 2014 ; Formica et al., 2018 ; Gaub et al., 2016 ; Terrill & Paoline, 2013 ; Young & Ready, 2015 ). Implementation science can help address these issues by evaluating how the implementation impacts the integration of new technologies into organizational operations. However, implementation science has rarely been utilized in police research, especially in the field’s experimental designs (del Pozo et al., 2024). The present study is the first, to our knowledge, to evaluate a natural implementation science experiment in a police setting. | Conclusion: Implementation science offers a unique and underutilized framework to evaluate how the implementation of evidence-based practices impact integration into operations and the subsequent effectiveness of that practice. The current study used this framework to better understand how automated positive reinforcement emails created and delivered through an AI-driven BWC analytics platform, Truleo, impacted officers’ beliefs about the platform. Importantly, positive reinforcement mechanisms are often overlooked in the world of policing due to the quasi-militaristic, punitive, and liability-oriented nature of the profession. Incorporating positive reinforcement addresses a longstanding deficiency in policing: identifying and praising good police work. The findings of the present study provide evidence that individual automated emails influenced officers’ perceptions in CGPD, leading them to view the AI-driven BWC platform as more acceptable and appropriate than in the agency that did not utilize this automated feedback function. These findings reinforce the idea that how technological change is implemented in policing can shape the success of an initiative regardless of whether the technolo",,,Design classification required before appraisal,PENDING_AI_FULL_TEXT_REVIEW,FULL_TEXT_REVIEW_AWAITING_APPRAISAL,UNRESOLVED,NO,"Source discovery completed; no final scientific inclusion without full-text appraisal, exact claim mapping and human confirmation."
EV-0252,Why innovations in policing don't work or don't translate: An implementation science survey of US police leaders.,10.1080/15614263.2025.2512806,40979841,PMC12448121,CGBGDU6Y,2025,,,,CANONICAL_BASELINE,LOOP3X full-universe authoritative materialization,https://docs.google.com/spreadsheets/d/1PsCIFKpNMjrpsaHVu2mGKFYlRboKvNGgorZocCILnoY/edit#FULL_UNIVERSE_SCREENING,Drive modified 2026-09-21T02:35:49.190Z,PubMed A/B/C baseline,"Evidence Command Center 1,456 baseline; LOOP3X materialization",BASELINE,,HIGH_RELEVANCE,GAP_CLOSURE_CANDIDATE,FULL_TEXT_REVIEW,P0 — CRITICAL,Implementation science,International,Implementation Considerations / Implementacao,YES,NO,NO,Verified — clear,NO,,PENDING,Refined 3-pass screen; scientific text separated from workflow/admin metadata,22,LOT-02-P0,https://pubmed.ncbi.nlm.nih.gov/40979841/,"This study examined organizational and community-level barriers and facilitators that influence innovation in policing using an implementation science framework. A body of 31 survey items operationalized for implementation in police settings were mapped onto the constructs of the Consolidated Framework for Implementation Research. The resulting instrument was administered to 72 police leaders and researchers. Respondents agreed implementation bore heavily on an innovation's prospects for success independent of its effectiveness. There was agreement that innovations in policing were often more complex than the actions they replaced, not integrated into officers' performance evaluations, and were likely to be mistrusted if they originated from external sources. Officers were unlikely to understand an innovation's comparative value, and likely to seek their own preferred outcomes regardless. Responses illustrate how effective policing practices could nonetheless be deemed infeasible, providing insights into why many of the innovations that seek to improve policing are met with limited success.",Journal Article,PMC12448121,,K01 DA056654 DA NIDA NIH HHS United States; R61 DA060622 DA NIDA NIH HHS United States,LAWFUL_PMC_XML,https://pmc.ncbi.nlm.nih.gov/articles/PMC12448121/,PMC XML: RESULTS | DISCUSSION | CONCLUSIONS,"RESULTS: The study’s 72 respondents were police executives and a handful of colleagues (see below) who closely collaborate with them on innovation in major police departments including those of New York, Chicago, Philadelphia, Boston, San Francisco, and Los Angeles, as well as agencies serving other municipalities, with 38.9% of respondents serving in an agency of at least 1,000 sworn officers. They were sampled across all Census Bureau regions, with 37.7% from the South, 24.6% from the West, 20.3% from the Midwest, and 17.4% from the Northeast (see Table 2 ). Most respondents served in urban areas (87.0%) and held a rank of Captain or above (80.6%). Of the remainder, nine respondents were a sergeant or lieutenant, one was an officer or detective, and four were non-sworn police employees. Among the 72 police executives surveyed, educational attainment was heavily skewed toward advanced degrees: 2.8% held associate degrees, 32.4% held bachelor’s degrees, 49.3% held master’s degrees, and 8.5% held a PhD, which included four policing researchers, and two uniformed police officials. The researchers and rank-and-file officers included in the sample were invited to participate due to their consid | DISCUSSION: This is, to our knowledge, the first survey of executives and other key police personnel about the determinants of successful implementation in their profession. In presenting descriptive empirical data about these determinants, the results highlight a critical gap in our approach to organizational change in policing, and provide actionable insights into why many innovations and reforms in policing are met with limited success despite a promising evidence base. Our findings highlight the need for research into the role and performance of police executives, given how their attitudes toward organizational change and their approach to implementation can determine the success of promising reforms ( Adams et al., 2024 ; Matusiak et al., 2019 ; Mourtgos et al., 2024 ). Given respondents’ views about implementation, we can see how an intervention with strong internal validity could nonetheless fail. The responses suggest it could be deemed infeasible, lack acceptance among officers, not be adopted for use despite changes to training and policy, prove to be unsustainable, or fall short of the other outcomes that IS researchers use to measure success ( Proctor et al., 2023 ). | CONCLUSIONS: By operationalizing selected determinants of the Consolidated Framework for Implementation Research, this cross-sectional survey study reports on respondents’ beliefs about the barriers and facilitators of successful implementation in policing. Police agencies can use it as a guide for planning purposes, and researchers can use it as the preliminary basis for IS studies in a profession that has yet to see a prospective one take place. As the demand for innovation in policing continues without relent, agencies will come under increasing scrutiny from the people and institutions in the communities they serve if they are unable to leverage the growing number of evidence-based practices they are meant to deliver. To prevent this, implementation science can provide police departments with a roadmap to more successful and sustainable organizational change, grounded in an awareness of the determinants that make a new practice tenable independent of how compelling the evidence is that it “works.”",,,Design classification required before appraisal,PENDING_AI_FULL_TEXT_REVIEW,FULL_TEXT_REVIEW_AWAITING_APPRAISAL,UNRESOLVED,NO,"Source discovery completed; no final scientific inclusion without full-text appraisal, exact claim mapping and human confirmation."
EV-0334,CounterFlow Hemostatic Gauze Provides Military Medics Confidence and Demonstrates Effective Hemorrhage Control in a Live Tissue Simulation.,10.1093/milmed/usaf057,40156908,,I28CQQ6Y,2025,,,,CANONICAL_BASELINE,LOOP3X full-universe authoritative materialization,https://docs.google.com/spreadsheets/d/1PsCIFKpNMjrpsaHVu2mGKFYlRboKvNGgorZocCILnoY/edit#FULL_UNIVERSE_SCREENING,Drive modified 2026-09-21T02:35:49.190Z,PubMed A/B/C baseline,"Evidence Command Center 1,456 baseline; LOOP3X materialization",BASELINE,,HIGH_RELEVANCE,GAP_CLOSURE_CANDIDATE,FULL_TEXT_REVIEW,P0 — CRITICAL,Tactical medicine / TCCC / TECC / APH,International,Tactical Medicine Readiness / APH-Tatico,YES,NO,NO,Verified — clear,NO,,PENDING,Refined 3-pass screen; scientific text separated from workflow/admin metadata,23,LOT-02-P0,https://pubmed.ncbi.nlm.nih.gov/40156908/,"Trauma-induced hemorrhage is the leading cause of preventable death on the battlefield, with anatomical junctional wounds accounting for ∼19% of deaths. This highlights the need for effective hemorrhage control interventions. Consequently, CounterFlow-Gauze was developed to deliver thrombin, tranexamic acid (TXA), and calcium through a self-propelling acid-base reaction, eliminating the need for manual compression. This study evaluates the usability and efficacy of CounterFlow-Gauze to the Committee on Tactical Combat Casualty Care standard of care, Combat Gauze. Ten Canadian Armed Forces medics tested the usability CounterFlow-Gauze and Combat Gauze in a swine junctional hemorrhage model. A 4-mm vascular punch was used to induce femoral injury, followed by a 15-second free bleed. Medics packed the wound and applied 3-minute compression. Medics were blinded to the gauze treatment and completed surveys to evaluate the gauzes. Animals were observed for 3 hours or until death, and blood loss was measured. Blood samples were also collected to measure TXA levels and establish baseline and treated values for blood gas, hematological, and coagulation parameters. Medics reported enhanced usability and greater efficacy of CounterFlow-Gauze (4.3 ± 0.9/5) compared to Combat Gauze (3.0 ± 1.2 /5; P < .05) in attenuating bleeding. CounterFlow-Gauze achieved high survivability (10/10 animals) and low blood loss (10.21 ± 1.83 g/kg) compared to Combat-Gauze (9/10 animals, 12.72 ± 3.03 g/kg; P > .05), while delivering systemic therapeutic levels of TXA by 30 minutes (10.92 ± 0.17 µg/mL). Changes in mean arterial pressure and heart rate were less pronounced with CounterFlow-Gauze compared to Combat Gauze (P > .05), while no differences were observed between baseline and treated values for any of the other measured parameters. The self-propelling hemostatic agents of CounterFlow-Gauze may compensate for suboptimal packing by novice users or in high-stress situations. These findings support the adoption of CounterFlow-Gauze, providing all soldiers access to superior but restricted hemostatic agents in a safe and easy-to-use gauze on the battlefield.","Journal Article; Research Support, Non-U.S. Gov't; Research Support, U.S. Gov't, Non-P.H.S.",,,"by Canadian Forces Health Services, the CF Surgeon General's Health Research Program; Defence Research and Development Canada; W81XWH2-020006 and HT942523C0095 the U.S. Department of Defense",FULL_TEXT_UNAVAILABLE,,,,,NO_PMCID_IN_PRIMARY_METADATA,Design classification required before appraisal,NOT_POSSIBLE_WITHOUT_LAWFUL_FULL_TEXT,FULL_TEXT_REVIEW_AWAITING_APPRAISAL,FULL_TEXT_UNAVAILABLE,NO,"Source discovery completed; no final scientific inclusion without full-text appraisal, exact claim mapping and human confirmation."
EV-0402,Hydration Considerations to Improve the Physical Performance and Health of Firefighters.,10.3390/jfmk9040182,39449476,PMC11503342,ETK9IWZQ,2024,,,,CANONICAL_BASELINE,LOOP3X full-universe authoritative materialization,https://docs.google.com/spreadsheets/d/1PsCIFKpNMjrpsaHVu2mGKFYlRboKvNGgorZocCILnoY/edit#FULL_UNIVERSE_SCREENING,Drive modified 2026-09-21T02:35:49.190Z,PubMed A/B/C baseline,"Evidence Command Center 1,456 baseline; LOOP3X materialization",BASELINE,,HIGH_RELEVANCE,GAP_CLOSURE_CANDIDATE,FULL_TEXT_REVIEW,P0 — CRITICAL,Hydration / heat / thermoregulation,International,Medical and Cardiovascular Readiness / Discussion,YES,NO,NO,Verified — clear,NO,,PENDING,Refined 3-pass screen; scientific text separated from workflow/admin metadata,24,LOT-02-P0,https://pubmed.ncbi.nlm.nih.gov/39449476/,"Background/Objectives : Firefighters are exposed to a high level of stress as they often perform physically challenging work in hazardous environments while responsible for rescuing and keeping those around them safe. To add to this stress, they are also required to work in heavy, unbreathable personal protective equipment which promotes dehydration. These occupational demands paired with dehydration may lead to increased core temperatures, cardiac strain, and overall risk for sudden cardiac events. Thus, it is important to include hydration assessments and determine fluid needs when firefighters are on shift to ensure their personal safety as well as the safety of those around them by optimizing physical performance by maintaining adequate hydration. Therefore, the purpose of this review is to identify markers of hydration, classifications of hydration status, current hydration recommendations, and hydration interventions that may contribute to the overall clarity of hydration protocols that may optimize performance and health of firefighters. In addition, the impact of common medications, exercise training, and health conditions on hydration status related to firefighters will be discussed. Methods : A comprehensive literature search was conducted to discuss the purpose statements. Results : Hydration recommendations for firefighters include (1) assessing hydration status with multiple measurements including body mass, urine specific gravity and thirst sensation, and (2) following general hydration recommendations on rest days and exercise hydration protocols during firefighting activities which may be altered according to hydration status measurements. Conclusion : Randomized controlled trials in firefighters are needed to determine the impact of maintaining adequate hydration on health markers.",Journal Article; Review,PMC11503342,,,LAWFUL_PMC_XML,https://pmc.ncbi.nlm.nih.gov/articles/PMC11503342/,PMC XML: ,,,,Design classification required before appraisal,PENDING_AI_FULL_TEXT_REVIEW,FULL_TEXT_REVIEW_AWAITING_APPRAISAL,UNRESOLVED,NO,"Source discovery completed; no final scientific inclusion without full-text appraisal, exact claim mapping and human confirmation."
EV-0523,Implementation science in action: national organization of an ambitious first responder training program.,10.1136/tsaco-2023-001292,38115970,PMC10729156,45XR289H,2023,,,,CANONICAL_BASELINE,LOOP3X full-universe authoritative materialization,https://docs.google.com/spreadsheets/d/1PsCIFKpNMjrpsaHVu2mGKFYlRboKvNGgorZocCILnoY/edit#FULL_UNIVERSE_SCREENING,Drive modified 2026-09-21T02:35:49.190Z,PubMed A/B/C baseline,"Evidence Command Center 1,456 baseline; LOOP3X materialization",BASELINE,,HIGH_RELEVANCE,GAP_CLOSURE_CANDIDATE,FULL_TEXT_REVIEW,P0 — CRITICAL,Implementation science,International,Implementation Considerations / Implementacao,YES,NO,NO,Verified — clear,NO,,PENDING,Refined 3-pass screen; scientific text separated from workflow/admin metadata,25,LOT-02-P0,https://pubmed.ncbi.nlm.nih.gov/38115970/,,Journal Article; Comment,PMC10729156,CommentOn: Trauma Surg Acute Care Open. 2023 Nov 14;8(1):e001132. doi: 10.1136/tsaco-2023-001132.,,LAWFUL_PMC_XML,https://pmc.ncbi.nlm.nih.gov/articles/PMC10729156/,PMC XML: ,,,,Design classification required before appraisal,PENDING_AI_FULL_TEXT_REVIEW,FULL_TEXT_REVIEW_AWAITING_APPRAISAL,UNRESOLVED,NO,"Source discovery completed; no final scientific inclusion without full-text appraisal, exact claim mapping and human confirmation."
EV-0606,Impact of COVID-19 pandemic on nonpharmacological pain management trials in military and veteran healthcare settings: an evaluation informed by implementation science.,10.1093/tbm/ibad015,37030012,PMC10415731,MXYW4WFR,2023,,,,CANONICAL_BASELINE,LOOP3X full-universe authoritative materialization,https://docs.google.com/spreadsheets/d/1PsCIFKpNMjrpsaHVu2mGKFYlRboKvNGgorZocCILnoY/edit#FULL_UNIVERSE_SCREENING,Drive modified 2026-09-21T02:35:49.190Z,PubMed A/B/C baseline,"Evidence Command Center 1,456 baseline; LOOP3X materialization",BASELINE,,HIGH_RELEVANCE,GAP_CLOSURE_CANDIDATE,FULL_TEXT_REVIEW,P0 — CRITICAL,Implementation science,International,Implementation Considerations / Implementacao,YES,NO,NO,Verified — clear,NO,,PENDING,Refined 3-pass screen; scientific text separated from admin metadata,26,LOT-02-P0,https://pubmed.ncbi.nlm.nih.gov/37030012/,"The coronavirus disease (COVID-19) pandemic disrupted healthcare and clinical research, including a suite of 11 pragmatic clinical trials (PCTs), across clinics within the Department of Veterans Affairs (VA) and the Department of Defense (DOD). These PCTs were designed to evaluate an array of nonpharmacological treatments and models of care for treatment of patients with pain and co-occurring conditions. The aims of the study are to (a) describe modifications to PCTs and interventions to address the evolving pandemic and (b) describe the application of implementation science methods for evaluation of those PCT modifications. The project used a two-phase, sequential, mixed-methods design. In Phase I, we captured PCT disruptions and modifications via a Research Electronic Data Capture questionnaire, using Periodic Reflections methods as a guide. In Phase II, we utilized the Framework for Reporting Adaptations and Modifications-Expanded (FRAME) taxonomy to develop a focus group interview guide and checklist that would provide more in-depth data than Phase I. Data were analyzed using directed content analysis. Phase I revealed that all PCTs made between two and six trial modifications. Phase II, FRAME-guided analyses showed that the key goals for modifying interventions were increasing treatment feasibility and decreasing patient exposure to COVID-19, while preserving intervention core elements. Context (format) modifications led eight PCTs to modify parts of the interventions for virtual delivery. Content modifications added elements to enhance patient safety; tailored interventions for virtual delivery (counseling, exercise, mindfulness); and modified interventions involving manual therapies. Implementation science methods identified near-real-time disruptions and modifications to PCTs focused on pain management in veteran and military healthcare settings.","Journal Article; Research Support, N.I.H., Extramural",PMC10415731,,P30 ES005605 ES NIEHS NIH HHS United States; U24 AT009769 AT NCCIH NIH HHS United States,LAWFUL_PMC_XML,https://pmc.ncbi.nlm.nih.gov/articles/PMC10415731/,PMC XML: ,,,,Design classification required before appraisal,PENDING_AI_FULL_TEXT_REVIEW,FULL_TEXT_REVIEW_AWAITING_APPRAISAL,UNRESOLVED,NO,"Source discovery completed; no final scientific inclusion without full-text appraisal, exact claim mapping and human confirmation."
EV-0837,Attaining 95-95-95 through Implementation Science: 15 Years of Insights and Best Practices from the Walter Reed Army Institute of Research's Implementation of the U.S. President's Emergency Plan for AIDS Relief.,10.4269/ajtmh.20-0541,33241783,PMC7790083,VFMHB5VY,2021,,,,CANONICAL_BASELINE,LOOP3X full-universe authoritative materialization,https://docs.google.com/spreadsheets/d/1PsCIFKpNMjrpsaHVu2mGKFYlRboKvNGgorZocCILnoY/edit#FULL_UNIVERSE_SCREENING,Drive modified 2026-09-21T02:35:49.190Z,PubMed A/B/C baseline,"Evidence Command Center 1,456 baseline; LOOP3X materialization",BASELINE,,HIGH_RELEVANCE,GAP_CLOSURE_CANDIDATE,FULL_TEXT_REVIEW,P0 — CRITICAL,Implementation science,International,Implementation Considerations / Implementacao,YES,NO,NO,Verified — clear,NO,,PENDING,Refined 3-pass screen; scientific text separated from admin metadata,27,LOT-02-P0,https://pubmed.ncbi.nlm.nih.gov/33241783/,"The Walter Reed Army Institute of Research (WRAIR) supports more than 350,000 people on lifesaving HIV treatment in Kenya, Nigeria, Tanzania, and Uganda through funding from the U.S. President's Emergency Plan for AIDS Relief (PEPFAR). Here, we review and synthesize the range of impacts WRAIR's implementation science portfolio has had on PEPFAR service delivery for military and civilian populations since 2003. We also explore how investments in implementation science create institutional synergies within the U.S. Department of Defense, contributing to broad global health engagements and improving health outcomes for populations served. Finally, we discuss WRAIR's contributions to PEPFAR priorities through use of data to drive and improve programming in real time in the era of HIV epidemic control and public health messaging that includes prevention, the 95-95-95 goals, and comorbidities.","Journal Article; Research Support, U.S. Gov't, Non-P.H.S.",PMC7790083,,,LAWFUL_PMC_XML,https://pmc.ncbi.nlm.nih.gov/articles/PMC7790083/,PMC XML: CONCLUSION,"CONCLUSION: Walter Reed Army Institute of Research’s diverse implementation science portfolio has had a significant impact on HIV prevention, 95-95-95, and comorbidity-focused programs, and has informed policies for care delivery across PEPFAR priority areas. Impacts include improved PrEP delivery and PMTCT strategies; results return, linkage, and clinical management; expansion of viral load testing, especially in key and priority populations; and medication adherence through viral load monitoring. In addition, the portfolio addresses the complete spectrum of long-term HIV health, including comorbidities as the population ages.",,,Design classification required before appraisal,PENDING_AI_FULL_TEXT_REVIEW,FULL_TEXT_REVIEW_AWAITING_APPRAISAL,UNRESOLVED,NO,"Source discovery completed; no final scientific inclusion without full-text appraisal, exact claim mapping and human confirmation."
EV-0846,A basal heat stress test to detect military operational readiness after a 14-day operational heat acclimatization period.,10.1080/23328940.2020.1742572,33123621,PMC7575231,32CUCVLT,2020,,,,CANONICAL_BASELINE,LOOP3X full-universe authoritative materialization,https://docs.google.com/spreadsheets/d/1PsCIFKpNMjrpsaHVu2mGKFYlRboKvNGgorZocCILnoY/edit#FULL_UNIVERSE_SCREENING,Drive modified 2026-09-21T02:35:49.190Z,PubMed A/B/C baseline,"Evidence Command Center 1,456 baseline; LOOP3X materialization",BASELINE,,HIGH_RELEVANCE,GAP_CLOSURE_CANDIDATE,FULL_TEXT_REVIEW,P0 — CRITICAL,Hydration / heat / thermoregulation,International,Medical and Cardiovascular Readiness / Discussion,YES,NO,NO,Verified — clear,NO,,PENDING,Refined 3-pass screen; scientific text separated from admin metadata,28,LOT-02-P0,https://pubmed.ncbi.nlm.nih.gov/33123621/,"A basal heat stress test (HST) to predict the magnitude of adaptive responses during heat acclimatization (HA) would be highly useful for the armed forces. The aim was to identify physiological markers assessed during a HST (three 8-min running sets at 50% of the speed at VO 2max ) performed just before a 14-day HA period that would identify participants still at ""risk"" at the end of HA. Individuals that responded poorly (large increases in rectal temperature [T rec ] and heart rate [HR]) during the initial HST were more likely to respond favorably to HA (large reductions in T rec and HR). However, they were also more likely to exhibit lower tolerance to HST at D15. Basal T rec was found to efficiently discriminate participants showing a T rec > 38.5°C after HA, who are considered to be ""at risk"". Finally, participants were classified by quartiles based on basal T rec and HR at the end of the HST and physiological strain index (PSI). Most of the participants ""at risk"" were among the upper quartile (i.e. the least tolerant) of T rec and PSI ( p = 0.011 for both). Overall, these results show that the individuals who are less tolerant to a basal HST are very likely to benefit the most from HA but they also remain less tolerant to heat at the end of HA than those who better tolerated the basal HST. A basal HST could therefore theoretically help the command to select the most-ready personnel in hot conditions while retaining those who are less tolerant 6.",Journal Article,PMC7575231,,,LAWFUL_PMC_XML,https://pmc.ncbi.nlm.nih.gov/articles/PMC7575231/,PMC XML: ,,,,Design classification required before appraisal,PENDING_AI_FULL_TEXT_REVIEW,FULL_TEXT_REVIEW_AWAITING_APPRAISAL,UNRESOLVED,NO,"Source discovery completed; no final scientific inclusion without full-text appraisal, exact claim mapping and human confirmation."
EV-0971,External Soft-Tissue Hemostatic Clamp Compared to a Compression Tourniquet as Primary Hemorrhage Control Device in Pilot Flow Model Study.,10.1017/s1049023x19000037,30915938,,8IQ8KAAY,2019,,,,CANONICAL_BASELINE,LOOP3X full-universe authoritative materialization,https://docs.google.com/spreadsheets/d/1PsCIFKpNMjrpsaHVu2mGKFYlRboKvNGgorZocCILnoY/edit#FULL_UNIVERSE_SCREENING,Drive modified 2026-09-21T02:35:49.190Z,PubMed A/B/C baseline,"Evidence Command Center 1,456 baseline; LOOP3X materialization",BASELINE,,MODERATE_RELEVANCE,GAP_CLOSURE_CANDIDATE,FULL_TEXT_REVIEW,P0 — CRITICAL,Tactical medicine / TCCC / TECC / APH,International,Tactical Medicine Readiness / APH-Tatico,YES,NO,NO,Verified — clear,NO,,PENDING,Refined 3-pass screen; scientific text separated from admin metadata,29,LOT-02-P0,https://pubmed.ncbi.nlm.nih.gov/30915938/,"Acute blood loss represents a leading cause of death in both civilian and battlefield trauma, despite the prioritization of massive hemorrhage control by well-adopted trauma guidelines. Current Tactical Combat Casualty Care (TCCC) and Tactical Emergency Casualty Care (TECC) guidelines recommend the application of a tourniquet to treat life-threatening extremity hemorrhages. While extremely effective at controlling blood loss, the proper application of a tourniquet is associated with severe pain and could lead to transient loss of limb function impeding the ability to self-extricate or effectively employ weapons systems. As a potential alternative, Innovative Trauma Care (San Antonio, Texas USA) has developed an external soft-tissue hemostatic clamp that could potentially provide effective hemorrhage control without the aforementioned complications and loss of limb function. Thus, this study sought to investigate the effectiveness of blood loss control by an external soft-tissue hemostatic clamp versus a compression tourniquet. The external soft-tissue hemostatic clamp would be non-inferior at controlling intravascular fluid loss after damage to the femoral and popliteal arteries in a normotensive, coagulopathic, cadaveric lower-extremity flow model using an inert blood analogue, as compared to a compression tourniquet. Using a fresh cadaveric model with simulated vascular flow, this study sought to compare the effectiveness of the external soft-tissue hemostatic clamp versus the compression tourniquet to control fluid loss in simulated trauma resulting in femoral and posterior tibial artery lacerations using a coagulopathic, normotensive, cadaveric-extremity flow model. A sample of 16 fresh, un-embalmed, human cadaver lower extremities was used in this randomized, balanced two-treatment, two-period, two-sequence, crossover design. Statistical significance of the treatment comparisons was assessed with paired t-tests. Results were expressed as the mean and standard deviation (SD). Mean intravascular fluid loss was increased from simulated arterial wounds with the external soft-tissue hemostatic clamp as compared to the compression tourniquet at the lower leg (119.8mL versus 15.9mL; P &lt;.001) and in the thigh (103.1mL versus 5.2mL; P &lt;.001). In this hemorrhagic, coagulopathic, cadaveric-extremity experimental flow model, the use of the external soft-tissue hemostatic clamp as a hasty hemostatic adjunct was associated with statistically significant greater fluid loss than with the use of the compression tourniquet.Paquette R, Bierle R, Wampler D, Allen P, Cooley C, Ramos R, Michalek J, Gerhardt RT. External soft-tissue hemostatic clamp compared to a compression tourniquet as primary hemorrhage control device in pilot flow model study. Prehosp Disaster Med. 2019;34(2):175-181.",Journal Article; Randomized Controlled Trial,,,,FULL_TEXT_UNAVAILABLE,,,,,NO_PMCID_IN_PRIMARY_METADATA,RoB 2,NOT_POSSIBLE_WITHOUT_LAWFUL_FULL_TEXT,FULL_TEXT_REVIEW_AWAITING_APPRAISAL,FULL_TEXT_UNAVAILABLE,NO,"Source discovery completed; no final scientific inclusion without full-text appraisal, exact claim mapping and human confirmation."
EV-1010,Hydration Strategies for the Female Tactical Athlete.,,30165726,,NLTCHKHC,2018,,,,CANONICAL_BASELINE,LOOP3X full-universe authoritative materialization,https://docs.google.com/spreadsheets/d/1PsCIFKpNMjrpsaHVu2mGKFYlRboKvNGgorZocCILnoY/edit#FULL_UNIVERSE_SCREENING,Drive modified 2026-09-21T02:35:49.190Z,PubMed A/B/C baseline,"Evidence Command Center 1,456 baseline; LOOP3X materialization",BASELINE,,HIGH_RELEVANCE,GAP_CLOSURE_CANDIDATE,FULL_TEXT_REVIEW,P0 — CRITICAL,Hydration / heat / thermoregulation,International,Medical and Cardiovascular Readiness / Discussion,YES,NO,NO,Verified — clear,NO,,PENDING,Refined 3-pass screen; scientific text separated from admin metadata,30,LOT-02-P0,https://pubmed.ncbi.nlm.nih.gov/30165726/,"With unprecedented expansion of the roles of women in the military and the longest period of continuous active combat in US history, it is time that research expanded, including the nutritional and hydration requirements of the female tactical athlete. Dehydration has a negative effect on athletic performance, most significantly in high intensity, aerobic endurance activities. There is evidence female athletes may be more prone to the potentially lethal effects of over hydration. The purpose of this article is to provide a review of the literature to ascertain optimal hydration strategies for the female tactical athlete.",Journal Article; Review,,,,FULL_TEXT_UNAVAILABLE,,,,,NO_PMCID_IN_PRIMARY_METADATA,Design classification required before appraisal,NOT_POSSIBLE_WITHOUT_LAWFUL_FULL_TEXT,FULL_TEXT_REVIEW_AWAITING_APPRAISAL,FULL_TEXT_UNAVAILABLE,NO,"Source discovery completed; no final scientific inclusion without full-text appraisal, exact claim mapping and human confirmation."
EV-1119,TCCC Updates: Translating Military Advances in Exdternal Hemorrhage Control to Law Enforcement.,10.55460/arzp-rfk1,27689379,,7V7QZDVD,2015,,,,CANONICAL_BASELINE,LOOP3X full-universe authoritative materialization,https://docs.google.com/spreadsheets/d/1PsCIFKpNMjrpsaHVu2mGKFYlRboKvNGgorZocCILnoY/edit#FULL_UNIVERSE_SCREENING,Drive modified 2026-09-21T02:35:49.190Z,PubMed A/B/C baseline,"Evidence Command Center 1,456 baseline; LOOP3X materialization",BASELINE,,HIGH_RELEVANCE,GAP_CLOSURE_CANDIDATE,FULL_TEXT_REVIEW,P0 — CRITICAL,Tactical medicine / TCCC / TECC / APH,International,Tactical Medicine Readiness / APH-Tatico,YES,NO,NO,Verified — clear,NO,,PENDING,Refined 3-pass screen; scientific text separated from admin metadata,31,LOT-02-P0,https://pubmed.ncbi.nlm.nih.gov/27689379/,,Journal Article,,,,FULL_TEXT_UNAVAILABLE,,,,,NO_PMCID_IN_PRIMARY_METADATA,Design classification required before appraisal,NOT_POSSIBLE_WITHOUT_LAWFUL_FULL_TEXT,FULL_TEXT_REVIEW_AWAITING_APPRAISAL,FULL_TEXT_UNAVAILABLE,NO,"Source discovery completed; no final scientific inclusion without full-text appraisal, exact claim mapping and human confirmation."
EV-1165,The Ranger First Responder Program and Tactical Emergency Casualty Care Implementation: A Whole-Community Approach to Reducing Mortality From Active Violent Incidents.,10.55460/j3tf-9ekv,26360353,,NUWFKD5C,2015,,,,CANONICAL_BASELINE,LOOP3X full-universe authoritative materialization,https://docs.google.com/spreadsheets/d/1PsCIFKpNMjrpsaHVu2mGKFYlRboKvNGgorZocCILnoY/edit#FULL_UNIVERSE_SCREENING,Drive modified 2026-09-21T02:35:49.190Z,PubMed A/B/C baseline,"Evidence Command Center 1,456 baseline; LOOP3X materialization",BASELINE,,HIGH_RELEVANCE,GAP_CLOSURE_CANDIDATE,FULL_TEXT_REVIEW,P0 — CRITICAL,Tactical medicine / TCCC / TECC / APH,International,Tactical Medicine Readiness / APH-Tatico,YES,NO,NO,Verified — clear,NO,,PENDING,Refined 3-pass screen; scientific text separated from admin metadata,32,LOT-02-P0,https://pubmed.ncbi.nlm.nih.gov/26360353/,"Active violent incidents are dynamic and challenging situations that can produce a significant amount of preventable deaths. Lessons learned from the military?s experience in Afghanistan and Iraq through the Committee on Tactical Combat Casualty Care and the 75th Ranger Regiment?s Ranger First Responder Program have helped create the Committee for Tactical Emergency Casualty Care (C-TECC) to address the uniqueness of similar wounding patterns and to end preventable deaths. We propose a whole-community approach to active violent incidents, using the C-TECC Trauma Chain of Survival and a tiered approach for training and responsibilities: the first care provider, nonmedical professional first responders, medical first responders, and physicians and trauma surgeons. The different tiers are critical early links in the Chain of Survival and this approach will have a significant impact on active violent incidents.",Journal Article,,,,FULL_TEXT_UNAVAILABLE,,,,,NO_PMCID_IN_PRIMARY_METADATA,Design classification required before appraisal,NOT_POSSIBLE_WITHOUT_LAWFUL_FULL_TEXT,FULL_TEXT_REVIEW_AWAITING_APPRAISAL,FULL_TEXT_UNAVAILABLE,NO,"Source discovery completed; no final scientific inclusion without full-text appraisal, exact claim mapping and human confirmation."
EV-1244,Improving the adoption of evidence-based practice among nurses in Army outpatient medical treatment facilities.,10.7205/milmed-d-13-00191,24005550,,E8E88ISS,2013,,,,CANONICAL_BASELINE,LOOP3X full-universe authoritative materialization,https://docs.google.com/spreadsheets/d/1PsCIFKpNMjrpsaHVu2mGKFYlRboKvNGgorZocCILnoY/edit#FULL_UNIVERSE_SCREENING,Drive modified 2026-09-21T02:35:49.190Z,PubMed A/B/C baseline,"Evidence Command Center 1,456 baseline; LOOP3X materialization",BASELINE,,HIGH_RELEVANCE,GAP_CLOSURE_CANDIDATE,FULL_TEXT_REVIEW,P0 — CRITICAL,Implementation science,International,Implementation Considerations / Implementacao,YES,NO,NO,Verified — clear,NO,,PENDING,Refined 3-pass screen; scientific text separated from admin metadata,33,LOT-02-P0,https://pubmed.ncbi.nlm.nih.gov/24005550/,"This quality improvement project implemented and evaluated an evidence-based practice (EBP) program at two Army outpatient health care facilities. The EBP program consisted of five implementation strategies that aimed to inculcate EBP into organizational culture as well as nursing practice and culture. A conceptual model of the ""Diffusion of Innovations"" theory was adapted to explain the application of the program. The Institutional Review Boards at Walter Reed National Military Medical Center and Duke University School of Medicine reviewed and exempted this quality improvement project. A pretest-posttest design was used with four instruments at each facility. The EBP program was successful in enhancing organizational culture and readiness for EBP (p < 0.01) and nursing staff's belief about the value of EBP and their ability to implement it (p < 0.05). Another indicator that the EBP program achieved its goals was the significant difference (p = 0.002) in the movement of the outpatient health care facilities toward an EBP culture. These results suggest that this EBP program may be an effective method for empowering outpatient nursing staff with the knowledge and tools necessary to use evidence-based nursing practice.","Clinical Trial; Journal Article; Research Support, Non-U.S. Gov't",,,,FULL_TEXT_UNAVAILABLE,,,,,NO_PMCID_IN_PRIMARY_METADATA,RoB 2,NOT_POSSIBLE_WITHOUT_LAWFUL_FULL_TEXT,FULL_TEXT_REVIEW_AWAITING_APPRAISAL,FULL_TEXT_UNAVAILABLE,NO,"Source discovery completed; no final scientific inclusion without full-text appraisal, exact claim mapping and human confirmation."
EV-1301,Family-centered preventive intervention for military families: implications for implementation science.,10.1007/s11121-011-0234-5,21761154,PMC3218271,APIWLAEY,2011,,,,CANONICAL_BASELINE,LOOP3X full-universe authoritative materialization,https://docs.google.com/spreadsheets/d/1PsCIFKpNMjrpsaHVu2mGKFYlRboKvNGgorZocCILnoY/edit#FULL_UNIVERSE_SCREENING,Drive modified 2026-09-21T02:35:49.190Z,PubMed A/B/C baseline,"Evidence Command Center 1,456 baseline; LOOP3X materialization",BASELINE,,HIGH_RELEVANCE,GAP_CLOSURE_CANDIDATE,FULL_TEXT_REVIEW,P0 — CRITICAL,Implementation science,International,Implementation Considerations / Implementacao,YES,NO,NO,Verified — clear,NO,,PENDING,Refined 3-pass screen; scientific text separated from admin metadata,34,LOT-02-P0,https://pubmed.ncbi.nlm.nih.gov/21761154/,"In this paper, we report on the development and dissemination of a preventive intervention, Families OverComing Under Stress (FOCUS), an eight-session family-centered intervention for families facing the impact of wartime deployments. Specific attention is given to the challenges of rapidly deploying a prevention program across diverse sites, as well as to key elements of implementation success. FOCUS, developed by a UCLA-Harvard team, was disseminated through a large-scale demonstration project funded by the United States Bureau of Navy Medicine and Surgery (BUMED) beginning in 2008 at 7 installations and expanding to 14 installations by 2010. Data are presented to describe the range of services offered, as well as initial intervention outcomes. It proved possible to develop the intervention rapidly and to deploy it consistently and effectively.","Journal Article; Research Support, U.S. Gov't, Non-P.H.S.",PMC3218271,,,LAWFUL_PMC_XML,https://pmc.ncbi.nlm.nih.gov/articles/PMC3218271/,PMC XML: Discussion | Conclusion,"Discussion: Recent work in prevention science has emphasized the need to adapt interventions flexibly to meet individual, family and community needs, and to build sustained relationships across the community. Supporting Wingood and DiClemente’s ( 2006 ) application of Roger’s ( 1983 ) characteristics of adoptable interventions, FOCUS strengths can be classified into five characteristics: (1) Complexity. We chose to develop and implement an intervention with low complexity that could be delivered by a wide range of personnel in various settings. (2) Relative advantage. In contrast to existing services, FOCUS was confidential, strength-based, and skills-oriented; congruent with the IOM approach to prevention, as well as the COSC model, FOCUS was implemented to address specific gaps in selective and indicated prevention services. (3) Compatibility. The FOCUS team’s development of strong alliances with the leadership of Navy medicine, local command and providers, and military families guaranteed a tight, sustained feedback loop to promote respect, cultural compatibility, cultural responsiveness, and sustained consumer inputs. (4) Trialability. The FOCUS intervention underwent extensive quality imp | Conclusion: It proved possible to rapidly develop and deploy an intervention that addressed an urgent unmet need. Basing the work on other related strength-based family preventive interventions; being able to deliver both the full intervention and distinct components in a suite of services to meet specific community, individual and family needs; having effective data management systems to allow the individualization of programs for families; paying strong attention to the alliance at both the leadership level and on the ground; and having a high quality staff with extensive support and a very strongly shared sense of mission; all contributed to this success and are likely to be applicable and necessary to other similar intervention situations.",,,Design classification required before appraisal,PENDING_AI_FULL_TEXT_REVIEW,FULL_TEXT_REVIEW_AWAITING_APPRAISAL,UNRESOLVED,NO,"Source discovery completed; no final scientific inclusion without full-text appraisal, exact claim mapping and human confirmation."
EV-1303,Prehospital and emergency care research at the US Army Institute of Surgical Research: enabling the next great leap in combat casualty survival.,,21607910,,KWMAHV8Q,2011,,,,CANONICAL_BASELINE,LOOP3X full-universe authoritative materialization,https://docs.google.com/spreadsheets/d/1PsCIFKpNMjrpsaHVu2mGKFYlRboKvNGgorZocCILnoY/edit#FULL_UNIVERSE_SCREENING,Drive modified 2026-09-21T02:35:49.190Z,PubMed A/B/C baseline,"Evidence Command Center 1,456 baseline; LOOP3X materialization",BASELINE,,HIGH_RELEVANCE,GAP_CLOSURE_CANDIDATE,FULL_TEXT_REVIEW,P0 — CRITICAL,Tactical medicine / TCCC / TECC / APH,International,Tactical Medicine Readiness / APH-Tatico,YES,NO,NO,Verified — clear,NO,,PENDING,Refined 3-pass screen; scientific text separated from admin metadata,35,LOT-02-P0,https://pubmed.ncbi.nlm.nih.gov/21607910/,"Minimizing preventable death continues to be a primary focus of the combat casualty care research community, and of the Army Medical Department as a whole. Toward that end, tremendous successes have been realized in resuscitative surgery, critical care, rehabilitation, preventive medicine, and in our collective ability to project effective medical care into the most austere locations throughout the globe. Innovation in the care rendered outside of theater hospitals or strategic air evacuation conveyances, however, has not kept the same pace. The US military experience in World War II, Korea, and Vietnam served as a prime source for the development of the tactics, techniques, and procedures which spawned modern civilian sector trauma care and emergency medical services. But this ascendance was driven by the dedicated medics, corpsmen, physicians, nurses, and allied health practitioners from those conflicts who left the military for the civilian sector, leaving their replacements, in many cases, to repeat the same mistakes, and to relearn hard lessons that otherwise might have been assimilated had they been effectively captured and integrated into doctrine and training. A prime example of this phenomenon is the recent acknowledgement of the ""en route care gap"" existing in tactical medical evacuation. The US Army Institute of Surgical Research (USAISR) and the Army emergency medicine community have made a significant commitment toward elucidating the requirements, capability gaps, and a way-forward in search of the development of an integrated prehospital combat casualty care system, nested within the Joint Theater Trauma System. This paper examines specific research programs, concept development, and collaborations with other Army, joint, and civilian center organizations which comprise the USAISR Prehospital and Emergency Care Research Program, including the Remote Damage Control Resuscitation initiative, Emergency Telemedical Direction of Role-I providers, Combat Medical Voice Documentation System, and establishment of the Remote Trauma Outcomes Research Network.",Journal Article,,,,FULL_TEXT_UNAVAILABLE,,,,,NO_PMCID_IN_PRIMARY_METADATA,Design classification required before appraisal,NOT_POSSIBLE_WITHOUT_LAWFUL_FULL_TEXT,FULL_TEXT_REVIEW_AWAITING_APPRAISAL,FULL_TEXT_UNAVAILABLE,NO,"Source discovery completed; no final scientific inclusion without full-text appraisal, exact claim mapping and human confirmation."
EV-1330,Hydration status of Air Force military basic trainees after implementation of the back-mounted hydration system.,10.7205/milmed-d-03-2508,19743737,,A5JWEC3M,2009,,,,CANONICAL_BASELINE,LOOP3X full-universe authoritative materialization,https://docs.google.com/spreadsheets/d/1PsCIFKpNMjrpsaHVu2mGKFYlRboKvNGgorZocCILnoY/edit#FULL_UNIVERSE_SCREENING,Drive modified 2026-09-21T02:35:49.190Z,PubMed A/B/C baseline,"Evidence Command Center 1,456 baseline; LOOP3X materialization",BASELINE,,HIGH_RELEVANCE,GAP_CLOSURE_CANDIDATE,FULL_TEXT_REVIEW,P0 — CRITICAL,Hydration / heat / thermoregulation,Both,Medical and Cardiovascular Readiness / Discussion,YES,NO,NO,Verified — clear,NO,,PENDING,Refined 3-pass screen; scientific text separated from admin metadata,36,LOT-02-P0,https://pubmed.ncbi.nlm.nih.gov/19743737/,"The Air Force makes an extraordinary effort to prevent heat-related illnesses associated with basic military training (BMT) in south Texas. However, inadequate hydration can still contribute to lost training time and qualified trainees leaving military service without completing BMT. The purpose of the present study was to determine whether equipping BMTs with back-mounted hydration systems (BM) is better than the standard-issue (SI) canteens with respect to hydration status. Male BMTs were randomly assigned to either BM (n = 40) or SI (n = 38) groups. Baseline values were assessed at week 0 before any physical readiness training (PRT). Subsequent data collection took place in the a.m. before PRT and in the p.m. before dinner the first 3 weeks, and during the 5 weeks of training. BMT total body water (TBW) and body composition were assessed by bioelectrical impedance. Saliva osmolality and total protein concentration were also determined. Hydration status increased daily in BM and SI and was well maintained over the duration of BMT. A significant hydration effect (p < 0.05) was observed for average daily increases in TBW and body weight with BM gaining more compared to SI. Average a.m. TBW was 0.3-0.8 L greater in SI versus BM (p < 0.05). Our findings demonstrate that adequate hydration status is maintained during Air Force BMT in a hot environment using either hydration mode and therefore do not support widespread issuance of the BM system on the premise of improved hydration during USAF BMT military training.","Journal Article; Randomized Controlled Trial; Research Support, U.S. Gov't, Non-P.H.S.",,,,FULL_TEXT_UNAVAILABLE,,,,,NO_PMCID_IN_PRIMARY_METADATA,RoB 2,NOT_POSSIBLE_WITHOUT_LAWFUL_FULL_TEXT,FULL_TEXT_REVIEW_AWAITING_APPRAISAL,FULL_TEXT_UNAVAILABLE,NO,"Source discovery completed; no final scientific inclusion without full-text appraisal, exact claim mapping and human confirmation."
EV-0012,"Soldiers' Dietary Intake in 3 Settings: In the Field, on Base and at Home.",10.1093/milmed/usag387,42600053,,UDYFBWEI,2026,,,,CANONICAL_BASELINE,LOOP3X full-universe authoritative materialization,https://docs.google.com/spreadsheets/d/1PsCIFKpNMjrpsaHVu2mGKFYlRboKvNGgorZocCILnoY/edit#FULL_UNIVERSE_SCREENING,Drive modified 2026-09-21T02:35:49.190Z,PubMed A/B/C baseline,"Evidence Command Center 1,456 baseline; LOOP3X materialization",BASELINE,,HIGH_RELEVANCE,DIRECT_MANUSCRIPT_FIT,FULL_TEXT_REVIEW,P1 — HIGH,Nutrition / shift work,International,Nutrition and Schedule Load / Nutricao e jornadas,YES,NO,NO,Verified — clear,NO,,PENDING,Refined 3-pass screen; scientific text separated from workflow/admin metadata,37,LOT-02-P0,https://pubmed.ncbi.nlm.nih.gov/42600053/,"Adequate nutrition is essential for optimal health, performance and operational readiness of military personnel. Inadequate nutrition has been associated with reduced health and performance, and an increased risk of injuries and dropouts. Despite its importance, limited data are available on the dietary intake of Dutch military personnel. This study aims to assess the energy and nutrient intake of Dutch soldiers in 3 settings: in the field, on base and at home. Included in the study were 72 soldiers from the Dutch Light Armoured Brigade. Dietary intake during field deployment was assessed using a food intake/waste collection-based method, whereas on base and at home, participants recorded their dietary intake using online food diaries. Dietary intake data were compared against the Military Dietary Reference Intakes (MDRIs). Energy expenditure on base and at home was estimated using online questionnaires and compared against reported energy intake. Fiber intake across all 3 settings and carbohydrate intake on base and at home were below the MDRIs. In contrast, protein intake across all settings, as well as carbohydrate intake in the field, met the MDRIs. Intake of total fat, saturated fat and sodium exceeded the MDRIs in all settings. Energy intake was below the MDRIs in all settings, but comparable to energy expenditure on base and at home. This study shows that the energy intake of the Dutch Light Armoured Brigade was consistently below the MDRI values in the field, on base and at home. To help address this energy deficit, increasing the consumption of fiber-rich carbohydrate sources may be an effective strategy. However, in the field setting, MDRI-based energy expenditure estimates may not have fully reflected the actual activity demands. Therefore, more accurate assessment of energy expenditure and better alignment between ration provision and expected activity demands may help reduce unnecessary carrying load, food waste, and logistical burden, while ensuring sufficient energy availability for military units.",Journal Article,,,the Dutch Ministry of Defence,FULL_TEXT_UNAVAILABLE,,,,,NO_PMCID_IN_PRIMARY_METADATA,Design classification required before appraisal,NOT_POSSIBLE_WITHOUT_LAWFUL_FULL_TEXT,FULL_TEXT_REVIEW_AWAITING_APPRAISAL,FULL_TEXT_UNAVAILABLE,NO,"Source discovery completed; no final scientific inclusion without full-text appraisal, exact claim mapping and human confirmation."
EV-0014,Phase angle identifies a muscle quality phenotype associated with physical performance in U.S. marines.,10.3389/fphys.2026.1904857,42583191,PMC13459097,KZ8CDGSF,2026,,,,CANONICAL_BASELINE,LOOP3X full-universe authoritative materialization,https://docs.google.com/spreadsheets/d/1PsCIFKpNMjrpsaHVu2mGKFYlRboKvNGgorZocCILnoY/edit#FULL_UNIVERSE_SCREENING,Drive modified 2026-09-21T02:35:49.190Z,PubMed A/B/C baseline,"Evidence Command Center 1,456 baseline; LOOP3X materialization",BASELINE,,HIGH_RELEVANCE,DIRECT_MANUSCRIPT_FIT,FULL_TEXT_REVIEW,P1 — HIGH,Physical / academy readiness,International,Physical and Academy Readiness / Aptidao e academia,YES,NO,NO,Verified — clear,NO,,PENDING,Refined 3-pass screen; scientific text separated from workflow/admin metadata,38,LOT-02-P0,https://pubmed.ncbi.nlm.nih.gov/42583191/,"To evaluate whether phase angle (PhA) provides physiological information beyond DXA-derived body composition for explaining physical performance in active-duty U.S. Marines. We analyzed data from 2,177 active-duty U.S. Marines with bioelectrical impedance analysis, dual-energy X-ray absorptiometry (DXA), and standardized physical performance testing. Phase angle was expressed in degrees and standardized within sex to define Phase Angle Muscle Quality (PhA-MQ) quartiles. Outcomes included Physical Fitness Test (PFT), Combat Fitness Test (CFT), estimated VO 2 max, and performance normalized to lean mass. Multivariable linear regression models adjusted for DXA-derived fat-free mass index (FFMI), percent body fat (%BF), age, and sex were used to assess independent associations. Incremental explanatory value was quantified using change in R 2 (ΔR 2 ) and partial R 2 . Nonlinear associations were examined using spline models. Physical performance increased progressively across PhA-MQ quartiles, with the greatest separation observed for lean-mass-normalized outcomes. Across PhA quartiles, mean PFT scores increased from 236 to 271 points; while CFT scores increased from 240 to 272 points. In adjusted models, PhA remained independently associated with PFT (ΔR 2 = 0.013, p < 0.001) and CFT (ΔR 2 = 0.006, p<0.001). Stronger effects were observed for performance efficiency measures, including PFT per kg lean mass (ΔR 2 = 0.020; partial R 2 = 0.055) and CFT per kg lean mass (ΔR 2 = 0.012; partial R 2 = 0.051). In contrast, associations with VO 2 max were minimal and not statistically significant (p = 0.088). Joint models demonstrated that PhA retained independent explanatory value alongside FFMI and %BF, particularly for lean-mass-normalized outcomes. Continuous spline analyses supported monotonic relationships between PhA and performance. Phase angle identifies a physiological phenotype associated with enhanced physical performance independent of DXA-derived body composition. These findings support phase angle as a marker of muscle quality-related physiological status rather than a direct measure of muscle quality.",Journal Article,PMC13459097,,,LAWFUL_PMC_XML,https://pmc.ncbi.nlm.nih.gov/articles/PMC13459097/,PMC XML: Discussion | Conclusion,"Discussion: The principal finding of this study is that phase angle provided non-redundant explanatory information for Marine physical performance beyond DXA-derived FFMI, DXA %BF, age, and sex. The added value was most evident for the PFT and CFT outcomes, and especially for the same tests expressed relative to lean mass. This pattern argues against viewing PhA-MQ as merely another proxy for body size or lean tissue quantity. Instead, the present results support the interpretation that PhA-MQ captures a physiological dimension associated with physical performance that is not fully represented by DXA-derived body composition ( Tables 2 , 3 ) ( Di Vincenzo et al., 2019 ; Genton et al., 2020 ; Akamatsu et al., 2022 ; Martins et al., 2022 ; Cirillo et al., 2023 ; da Costa Pereira et al., 2024 ). | Conclusion: Phase angle provides physiological information beyond DXA-derived body composition that helps explain physical performance in U.S. Marines. Its strongest associations were observed for lean-mass-normalized performance outcomes, suggesting that phase angle reflects a physiological phenotype related to performance efficiency rather than simply tissue quantity. These findings support phase angle as a practical adjunct to conventional body composition assessment for evaluating physical readiness in military populations.",,,Design classification required before appraisal,PENDING_AI_FULL_TEXT_REVIEW,FULL_TEXT_REVIEW_AWAITING_APPRAISAL,UNRESOLVED,NO,"Source discovery completed; no final scientific inclusion without full-text appraisal, exact claim mapping and human confirmation."
EV-0016,Body Composition and Physical Performance in Military Personnel: A Systematic Review of Anthropometric Predictors and Operational Implications.,10.1093/milmed/usag353,42580324,,6YINE2ZT,2026,,,,CANONICAL_BASELINE,LOOP3X full-universe authoritative materialization,https://docs.google.com/spreadsheets/d/1PsCIFKpNMjrpsaHVu2mGKFYlRboKvNGgorZocCILnoY/edit#FULL_UNIVERSE_SCREENING,Drive modified 2026-09-21T02:35:49.190Z,PubMed A/B/C baseline,"Evidence Command Center 1,456 baseline; LOOP3X materialization",BASELINE,,HIGH_RELEVANCE,DIRECT_MANUSCRIPT_FIT,FULL_TEXT_REVIEW,P1 — HIGH,Physical / academy readiness,International,Physical and Academy Readiness / Aptidao e academia,YES,NO,NO,Verified — clear,NO,,PENDING,Refined 3-pass screen; scientific text separated from workflow/admin metadata,39,LOT-02-P0,https://pubmed.ncbi.nlm.nih.gov/42580324/,"Body composition and anthropometric characteristics may influence physical performance, operational readiness, and musculoskeletal injury risk in military personnel. However, the magnitude and specificity of these associations remain inconsistently described across military populations, operational settings, and assessment methods. This systematic review aimed to identify and analyze the main anthropometric and body composition factors associated with physical performance in military personnel and to discuss their operational implications. This systematic review followed PRISMA 2020 recommendations and was registered in PROSPERO (CRD420261348930) before study selection. Searches were conducted in PubMed/MEDLINE, Web of Science, LILACS/BVS, Scopus, and Embase. Experimental and observational studies involving adult military personnel of either sex were considered eligible when they examined anthropometric or body composition variables in relation to physical performance, operational capacity, or musculoskeletal injury risk. Methodological quality was assessed using National Heart, Lung, and Blood Institute tools. A meta-analysis was not performed because of substantial heterogeneity in study designs, body composition measures, and performance outcomes. A total of 3,320 records were identified, and 17 studies were included in the final qualitative synthesis. Greater total lean mass and favorable segmental muscle distribution were generally associated with better strength, power, load carriage, and cardiorespiratory performance. In contrast, higher body fat percentage, elevated body mass index, visceral fat, and waist circumference were generally associated with poorer cardiorespiratory and functional performance and, in some studies, greater musculoskeletal injury risk. Across the included studies, direct body composition measures provided more meaningful performance-related information than body mass index alone. Body composition appears to be a relevant determinant of military physical readiness. Lower adiposity and greater lean mass tend to favor physical performance, whereas excess fat mass and elevated body mass index may impair physical efficiency and increase injury-related risk. Military settings should consider broader use of direct body composition assessment methods and evidence-based training strategies. Future research should improve methodological consistency, include more women, and further investigate operationally relevant performance outcomes.",Journal Article,,,,FULL_TEXT_UNAVAILABLE,,,,,NO_PMCID_IN_PRIMARY_METADATA,Design classification required before appraisal,NOT_POSSIBLE_WITHOUT_LAWFUL_FULL_TEXT,FULL_TEXT_REVIEW_AWAITING_APPRAISAL,FULL_TEXT_UNAVAILABLE,NO,"Source discovery completed; no final scientific inclusion without full-text appraisal, exact claim mapping and human confirmation."
EV-0018,Estimating the Causal Effect of Alcohol Consumption on Military-Relevant Mental Health Conditions: A Mendelian Randomization Study Using the All of Us Research Program.,10.1093/milmed/usag368,42565722,,KI5ANE8D,2026,,,,CANONICAL_BASELINE,LOOP3X full-universe authoritative materialization,https://docs.google.com/spreadsheets/d/1PsCIFKpNMjrpsaHVu2mGKFYlRboKvNGgorZocCILnoY/edit#FULL_UNIVERSE_SCREENING,Drive modified 2026-09-21T02:35:49.190Z,PubMed A/B/C baseline,"Evidence Command Center 1,456 baseline; LOOP3X materialization",BASELINE,,HIGH_RELEVANCE,DIRECT_MANUSCRIPT_FIT,FULL_TEXT_REVIEW,P1 — HIGH,Mental health / stress,International,Organizational Health Context / Discussao,YES,NO,NO,Verified — clear,NO,,PENDING,Refined 3-pass screen; scientific text separated from workflow/admin metadata,40,LOT-03-P1,https://pubmed.ncbi.nlm.nih.gov/42565722/,"Depression, anxiety, and post-traumatic stress disorder (PTSD) are common, militarily relevant mental health disorders that severely impact operational readiness and can disqualify service members from flying class and special duty positions. While observational studies frequently correlate heavy alcohol consumption with these conditions, distinguishing direct causation from reverse causality (e.g., ""chemical coping"") remains difficult. This study uses Mendelian Randomization (MR) to estimate the causal effect of alcohol consumption on depression, anxiety, PTSD, and alcohol use disorders. We conducted a retrospective MR study using data from the National Institutes of Health (NIH) All of Us Research Program (Controlled Tier Dataset v7). We utilized two genetic variants strongly associated with alcohol consumption, rs671 (in the ALDH2 gene) and rs1229984 (in the ADH1B gene), as instrumental variables. Mental health and alcohol-related outcomes were defined by Electronic Health Record (EHR) diagnoses. Self-reported alcohol consumption was derived from the AUDIT-C survey. Logistic regression was performed within genetic ancestry groups, followed by a random-effects meta-analysis. Observational data demonstrated large, highly significant observational correlations. For example, heavy drinkers (10+ drinks, 4+ times/week) were 3.29 times more likely to have PTSD than light drinkers (1-2 drinks, monthly or less), and adjusted models showed an odds ratio (OR) of 8.88 for PTSD if diagnosed with an alcohol condition. Despite these strong observational correlations, MR meta-analyses utilizing rs1229984 and rs671 yielded null causal estimates for PTSD, depression, and anxiety (MR ORs near 1.0), while confirming genetically predicted alcohol consumption is definitively causal for alcohol-related conditions. This MR study demonstrates that alcohol consumption is not a major instigating cause of PTSD, depression, or anxiety. The strong epidemiological correlation between alcohol use disorders and psychiatric comorbidities is likely driven by ""chemical coping"" (self-medication) or shared confounding factors, rather than direct alcohol exposure. Additional MR studies are required to confirm the ""chemical coping"" (self-medication) hypothesis of these mental health conditions driving alcohol use.",Journal Article,,,DHA Fiscal Year 22 Restoral,FULL_TEXT_UNAVAILABLE,,,,,NO_PMCID_IN_PRIMARY_METADATA,Design classification required before appraisal,NOT_POSSIBLE_WITHOUT_LAWFUL_FULL_TEXT,FULL_TEXT_REVIEW_AWAITING_APPRAISAL,FULL_TEXT_UNAVAILABLE,NO,"Source discovery completed; no final scientific inclusion without full-text appraisal, exact claim mapping and human confirmation."
EV-0022,"Shifting From Morning to Afternoon Physical Training Is Associated With Improved Sleep Health, Morale, and Operational Readiness in Soldiers.",10.1093/milmed/usag054,42560254,,A742KZS4,2026,,,,CANONICAL_BASELINE,LOOP3X full-universe authoritative materialization,https://docs.google.com/spreadsheets/d/1PsCIFKpNMjrpsaHVu2mGKFYlRboKvNGgorZocCILnoY/edit#FULL_UNIVERSE_SCREENING,Drive modified 2026-09-21T02:35:49.190Z,PubMed A/B/C baseline,"Evidence Command Center 1,456 baseline; LOOP3X materialization",BASELINE,,HIGH_RELEVANCE,DIRECT_MANUSCRIPT_FIT,FULL_TEXT_REVIEW,P1 — HIGH,Sleep / fatigue / recovery,International,Integrated Operational Readiness / Discussion,YES,NO,NO,Verified — clear,NO,,PENDING,Refined 3-pass screen; scientific text separated from workflow/admin metadata,41,LOT-03-P1,https://pubmed.ncbi.nlm.nih.gov/42560254/,"Sufficient sleep is critical to optimal physical, cognitive, and mental health, yet two-thirds of U.S. Army Soldiers chronically obtain less than the daily recommended 7 or more hours of sleep. Early morning physical training (PT) could impede the amount and quality of sleep soldiers obtain, thereby impairing overall health and operational readiness. This study examined the effects of a behavioral intervention, in which PT was shifted from morning to afternoon (at 2:00 PM), on measures of sleep health, mental health, and morale. Thirty-seven active-duty soldiers completed surveys along with cognitive and physical testing at 2 timepoints: after ∼30 days following a morning PT schedule (6:30 AM) and again after ∼30 days of an afternoon PT schedule. Although total sleep duration per 24 hours was not found to differ between PT schedules (t28 = -0.31, P = .38), measures related to general sleep health were significantly improved. Specifically, sleep quality (Pittsburg Sleep Quality Index; t33 = 2.60, P < .01), daytime sleepiness (Epworth Sleepiness Scale; t33 = 2.88, P < .01), and insomnia symptomology (Insomnia Severity Scale; t33 = 2.14, P = .02) were all significantly improved after shifting to afternoon PT. Furthermore, although subjective mental health metrics of stress and anxiety remained similar (low to moderate) between PT schedules, morale was significantly improved following an afternoon PT schedule (t34 = -2.04, P = .03). These findings indicate that a simple intervention of shifting PT timing from early morning to afternoon to allow for more opportunity to sleep, supported by leadership, can lead to improved sleep health and morale, which can improve overall operational readiness for active-duty service members.",Journal Article,,,Department of Defense Military Operational Medicine Research Program,FULL_TEXT_UNAVAILABLE,,,,,NO_PMCID_IN_PRIMARY_METADATA,Design classification required before appraisal,NOT_POSSIBLE_WITHOUT_LAWFUL_FULL_TEXT,FULL_TEXT_REVIEW_AWAITING_APPRAISAL,FULL_TEXT_UNAVAILABLE,NO,"Source discovery completed; no final scientific inclusion without full-text appraisal, exact claim mapping and human confirmation."
EV-0023,Return to Push-ups After Distal Radius Fractures Among Active Duty Service Members in the United States Military: A 13-Year Population-Based Study.,10.1093/milmed/usag011,42560239,,M6HTHMWU,2026,,,,CANONICAL_BASELINE,LOOP3X full-universe authoritative materialization,https://docs.google.com/spreadsheets/d/1PsCIFKpNMjrpsaHVu2mGKFYlRboKvNGgorZocCILnoY/edit#FULL_UNIVERSE_SCREENING,Drive modified 2026-09-21T02:35:49.190Z,PubMed A/B/C baseline,"Evidence Command Center 1,456 baseline; LOOP3X materialization",BASELINE,,HIGH_RELEVANCE,DIRECT_MANUSCRIPT_FIT,FULL_TEXT_REVIEW,P1 — HIGH,Musculoskeletal injury,International,Operational Implications / Discussion,YES,NO,NO,Verified — clear,NO,,PENDING,Refined 3-pass screen; scientific text separated from workflow/admin metadata,42,LOT-03-P1,https://pubmed.ncbi.nlm.nih.gov/42560239/,"Distal radius fractures (DRFs) are a significant musculoskeletal injury among military personnel. We hypothesize that distal radius fractures negatively impact post-injury push-up scores and that intra-articular fractures treated surgically result in the greatest decline. The U.S. Military Medical Assessment and Readiness System (MARS) database was used to identify 12,953 unique individuals diagnosed with DRFs. Sociodemographic and occupational data were obtained, and electronic health records provided clinical data including physical measures and diagnoses. Among U.S. Army service members (SMs), pre-injury push-up scores were compared with the first two post-injury or post-surgery push-up scores. Three treatment groups were defined: non-surgical, extra-articular surgical, and intra-articular surgical. Pairwise comparisons of mean push-up change were evaluated using a Bonferroni-adjusted significance threshold (α = .0083) for 6 planned comparisons. From 2011 to 2023, the incidence rate of DRFs decreased from 7.5 cases per 10,000 person-years in 2011 to 6.1 in 2023 (approximately a 19% relative decrease). The mean age at injury was 28 years (SD = 8) and mean BMI was 26 (SD = 3). Most DRFs occurred among Army and Navy SMs (38.48% and 23.78%, respectively), with nearly half occurring among enlisted SMs. Open fractures represented 0.6% and intra-articular fractures 18% of DRFs. In total, 6.5% underwent intra-articular surgical reduction and fixation and 11.4% underwent extra-articular surgical repair. Among those treated surgically, 7.8% also underwent carpal tunnel release at the time of surgery or within 2 years after fracture repair. Among U.S. Army SMs with push-up data (n = 3,418), the mean change in push-ups at the first post-injury or post-surgery fitness test was -3.4 (SD = 11.2) in the non-surgical group, -4.4 (SD = 12.2) in the intra-articular surgical group, and -5.7 (SD = 12.4) in the extra-articular surgical group. Using the Bonferroni-adjusted threshold, no pairwise comparisons met statistical significance at the first or second post-injury or post-surgery fitness test. This study demonstrates a declining trend in DRF incidence within the U.S. Military population over the study period. Functional recovery following non-operative and operative management of DRF converged by one year post-injury. Continued surveillance of these injuries among service members is important for optimizing operational readiness.",Journal Article,,,,FULL_TEXT_UNAVAILABLE,,,,,NO_PMCID_IN_PRIMARY_METADATA,Design classification required before appraisal,NOT_POSSIBLE_WITHOUT_LAWFUL_FULL_TEXT,FULL_TEXT_REVIEW_AWAITING_APPRAISAL,FULL_TEXT_UNAVAILABLE,NO,"Source discovery completed; no final scientific inclusion without full-text appraisal, exact claim mapping and human confirmation."
EV-0025,Perceived Barriers to PT Care for Musculoskeletal Injury in Active-Duty Service Members at a Navy Shore-Based Medical Clinic.,10.1093/milmed/usag084,42560229,,TS669K8S,2026,,,,CANONICAL_BASELINE,LOOP3X full-universe authoritative materialization,https://docs.google.com/spreadsheets/d/1PsCIFKpNMjrpsaHVu2mGKFYlRboKvNGgorZocCILnoY/edit#FULL_UNIVERSE_SCREENING,Drive modified 2026-09-21T02:35:49.190Z,PubMed A/B/C baseline,"Evidence Command Center 1,456 baseline; LOOP3X materialization",BASELINE,,HIGH_RELEVANCE,DIRECT_MANUSCRIPT_FIT,FULL_TEXT_REVIEW,P1 — HIGH,Musculoskeletal injury,International,Operational Implications / Discussion,YES,NO,NO,Verified — clear,NO,,PENDING,Refined 3-pass screen; scientific text separated from workflow/admin metadata,43,LOT-03-P1,https://pubmed.ncbi.nlm.nih.gov/42560229/,"Musculoskeletal injuries (MSI) are common and affect readiness in Navy active-duty service members (ADSM). Patients receive high quality medical care through their Navy Medical Center but may not always access the care they need. Understanding perceived barriers to care for MSI could guide modifications to policy and delivery of health care to better support operational readiness. All ADSM presenting to a Navy medical clinic for MSI between December 2021 and August 2023 were included in recruitment efforts. As part of a larger study, participants completed a series of baseline questionnaires following initial PT evaluation. This paper reports on responses to an open-ended query regarding perceived barriers to care. Responses were reviewed by three of the investigators and categories and subcategories of barriers were created by consensus. Two hundred fifty-six participants responded to the study question. Fifty one percent listed at least one barrier to treatment, 43% replied ""none"" or ""NA"" and 5.8% left the response field blank. Of the 51% who answered affirmatively, 9 (6.5%) listed two barriers. Responses comprised five categories and eight subcategories of barriers. They were Working Conditions 35%, with subcategories: work schedule conflicts, staffing deficits in unit, strenuous work demands, travel to treatment time, Unit Attitudes 25%, with subcategories: lack of supervisor/CoC support, lack of coworkers support, Health Care Conditions 27%, with subcategories: lack of available appointments, concerns about appropriate care, Policies and Procedures of the DoD 5%, and Personal Issues 1.4%. Over half of participants surveyed reported an obstacle to receiving care perceived necessary to resolve their MSI. Main concerns were factors related to work duties, attitudes of superiors or coworkers and the health care delivery system. Understanding patient-perceived obstacles to care can shed light on ways to improve patient outcomes.",Journal Article,,,#W81XWH2020036 Department of Defense Congressionally Directed Medical Research Programs,FULL_TEXT_UNAVAILABLE,,,,,NO_PMCID_IN_PRIMARY_METADATA,Design classification required before appraisal,NOT_POSSIBLE_WITHOUT_LAWFUL_FULL_TEXT,FULL_TEXT_REVIEW_AWAITING_APPRAISAL,FULL_TEXT_UNAVAILABLE,NO,"Source discovery completed; no final scientific inclusion without full-text appraisal, exact claim mapping and human confirmation."
EV-0026,"Evaluation of Interprofessional Collaboration, Communication, Teamwork, and Prehospital Clinical Competencies Among Military Healthcare Providers During a Medical Trauma Simulation Exercise: A Cross-sectional Study.",10.1093/milmed/usag097,42560223,,ABZRERK5,2026,,,,CANONICAL_BASELINE,LOOP3X full-universe authoritative materialization,https://docs.google.com/spreadsheets/d/1PsCIFKpNMjrpsaHVu2mGKFYlRboKvNGgorZocCILnoY/edit#FULL_UNIVERSE_SCREENING,Drive modified 2026-09-21T02:35:49.190Z,PubMed A/B/C baseline,"Evidence Command Center 1,456 baseline; LOOP3X materialization",BASELINE,,HIGH_RELEVANCE,DIRECT_MANUSCRIPT_FIT,FULL_TEXT_REVIEW,P1 — HIGH,Tactical medicine / TCCC / TECC / APH,International,Tactical Medicine Readiness / APH-Tatico,YES,NO,NO,Verified — clear,NO,,PENDING,Refined 3-pass screen; scientific text separated from workflow/admin metadata,44,LOT-03-P1,https://pubmed.ncbi.nlm.nih.gov/42560223/,"Medical Trauma-related injuries necessitate timely and systematic management to minimize long-term complications and mortality. Simulation-based training has become integral in military medicine, providing opportunities for healthcare providers to practice time sensitive and high-stakes skills in a controlled environment.This study aimed to evaluate the impact of an interprofessional medical trauma clinical simulation exercise on the collaboration, communication, teamwork, and prehospital clinical competencies of Canadian Forces Health Services (CFHS) reserve force healthcare personnel. A cross-sectional, pre-post-test pilot design was employed. Participants engaged in four trauma scenarios, including opioid toxicity, cardiac arrest, airway trauma, and massive hemorrhage. Data were collected using subjective and objective validated tools, focusing on interprofessional education, collaboration, teamwork, satisfaction, and medical trauma prehospital clinical competencies. The study comprised of 21 military healthcare providers from medical reserve units. The study found statistically significant improvements in participants' perceptions and attitudes toward interprofessional education and teamwork. Participants also reported high levels of satisfaction and self-confidence in learning. However, competency levels varied across scenarios, with weaker performance in trauma airway management. This study demonstrates the multifaceted benefits of interprofessional, simulation-based medical trauma training for military healthcare providers. Although improvements in attitudes and satisfaction were evident, variations in prehospital clinical competency highlight the need for ongoing evaluation and targeted training. This research advances simulation pedagogy within the CFHS and informs future studies to enhance military medical training and operational readiness.",Journal Article,,,,FULL_TEXT_UNAVAILABLE,,,,,NO_PMCID_IN_PRIMARY_METADATA,Design classification required before appraisal,NOT_POSSIBLE_WITHOUT_LAWFUL_FULL_TEXT,FULL_TEXT_REVIEW_AWAITING_APPRAISAL,FULL_TEXT_UNAVAILABLE,NO,"Source discovery completed; no final scientific inclusion without full-text appraisal, exact claim mapping and human confirmation."
EV-0027,Effects of Neurostimulation With Blood Flow Restriction on Physical and Mental Health-Related Quality of Life in Military Personnel With Patellofemoral Pain Syndrome: Secondary Data Analysis.,10.1093/milmed/usaf630,42560220,,L3NEIF3E,2026,,,,CANONICAL_BASELINE,LOOP3X full-universe authoritative materialization,https://docs.google.com/spreadsheets/d/1PsCIFKpNMjrpsaHVu2mGKFYlRboKvNGgorZocCILnoY/edit#FULL_UNIVERSE_SCREENING,Drive modified 2026-09-21T02:35:49.190Z,PubMed A/B/C baseline,"Evidence Command Center 1,456 baseline; LOOP3X materialization",BASELINE,,HIGH_RELEVANCE,DIRECT_MANUSCRIPT_FIT,FULL_TEXT_REVIEW,P1 — HIGH,Musculoskeletal injury,Both,Operational Implications / Discussion,YES,NO,NO,Verified — clear,NO,,PENDING,Refined 3-pass screen; scientific text separated from workflow/admin metadata,45,LOT-03-P1,https://pubmed.ncbi.nlm.nih.gov/42560220/,"Musculoskeletal injuries such as patellofemoral pain syndrome (PFPS) result in loss of readiness in military warfighters, underscoring the importance of therapies to accelerate recovery for rapid return-to-duty. Non-pharmacologic interventions, including exercise, neuromuscular electrical stimulation (NMES), and blood flow restriction (BFR), may be beneficial in garrison and far-forward settings. However, since the electrical currents used in NMES and the restriction of blood flow during NMES and BFR therapies cause pain and discomfort that may be intensified when combined, there is concern that these therapies could lead to heightened physical and psychological difficulties. Thus, the present secondary analysis examined whether the combined use of BFR, NMES, and exercise affected pain intensity, functional abilities, and the physical (PCS) and mental (MCS) components summary scores of the Health-Related Quality of Life (HRQoL) questionnaire. This randomized controlled trial entailed the random assignment of 84 service members with PFPS to 1 of 2 groups: sham with application of 20 mmHg pressure or BFR pressure to 80% occlusion. BFR-NMES was performed in clinic 2 times per week, while NMES with exercise and exercise alone were performed at home on alternating days and omitted on in-clinic days. The outcome measures included the 12-item Short Form Health Survey v.2 (SF-12v2) MCS and PCS scales. Pain levels were measured using the Anterior Knee Pain Scale (AKPS) and Visual Analog Scale (VAS). Over the 9-week intervention, both groups demonstrated similar improvements in pain as measured by the AKPS and VAS scales. Both groups also showed similar improvements on the SF-12v2 PCS, progressing from well below normal to almost normal over the 9 weeks. However, a significant difference in the MCS scores between the 2 groups was observed over time, as evidenced by a notable group-by-time interaction (P = .01). At baseline, both groups scored above the average ""normal"" score of 50 (SD = 10) on the MCS. By week 9, the MCS score for the sham BFR group remained essentially unchanged, while that of the high BFR group declined below average. Mental health is as important as physical health in optimizing the recovery of injured military warfighters. The balanced use of non-pharmacologic interventions such as exercise, NMES, and BFR therapy is essential for promoting mental and physical readiness. The observed decline in mental scores over time highlights the potential need for integrating pain management techniques, behavioral strategies, and social support into future rehabilitation protocols to enhance overall outcomes. By addressing these elements comprehensively, military warfighters can develop the resilience required for a successful return-to-duty in both resource-rich clinical settings and demanding far-forward environments. The Blood Flow Restriction trial was registered in ClinicalTrials.gov (Identifier: NCT04086615), first posted on September 11, 2019.",Journal Article; Randomized Controlled Trial,,,11052-N19-B01 Uniformed Services University of the Health Sciences,FULL_TEXT_UNAVAILABLE,,,,,NO_PMCID_IN_PRIMARY_METADATA,RoB 2,NOT_POSSIBLE_WITHOUT_LAWFUL_FULL_TEXT,FULL_TEXT_REVIEW_AWAITING_APPRAISAL,FULL_TEXT_UNAVAILABLE,NO,"Source discovery completed; no final scientific inclusion without full-text appraisal, exact claim mapping and human confirmation."
EV-0031,Tactical Combat Casualty Care Training in the U.S. Military: A Comparative Cost Assessment Between Virtual Reality Simulation and Traditional Simulation.,10.1093/milmed/usag190,42560189,,FRCZW9AS,2026,,,,CANONICAL_BASELINE,LOOP3X full-universe authoritative materialization,https://docs.google.com/spreadsheets/d/1PsCIFKpNMjrpsaHVu2mGKFYlRboKvNGgorZocCILnoY/edit#FULL_UNIVERSE_SCREENING,Drive modified 2026-09-21T02:35:49.190Z,PubMed A/B/C baseline,"Evidence Command Center 1,456 baseline; LOOP3X materialization",BASELINE,,HIGH_RELEVANCE,DIRECT_MANUSCRIPT_FIT,FULL_TEXT_REVIEW,P1 — HIGH,Tactical medicine / TCCC / TECC / APH,International,Tactical Medicine Readiness / APH-Tatico,YES,NO,NO,Verified — clear,NO,,PENDING,Refined 3-pass screen; scientific text separated from workflow/admin metadata,46,LOT-03-P1,https://pubmed.ncbi.nlm.nih.gov/42560189/,"As operational medicine grows in complexity, military units need novel solutions to optimize an ever-increasing training burden and associated costs. Tactical Combat Casualty Care (TCCC) training courses using manikins are resource intensive and difficult to scale. Prior studies demonstrate comparable learning outcomes for virtual reality (VR)-based medical training and traditional medical simulation for selected cognitive and procedural domains, supporting VR's evaluation as a potentially cost-efficient and time-efficient training modality. To address a lack of standardized cost comparisons, a direct per-learner cost and time-efficiency analysis of VR versus manikin-based simulation was performed for a standardized TCCC capstone scenario. Annual (2024) cost and operational data from a military medical simulation training site were analyzed using a direct per-learner, per-scenario comparison of VR and manikin-based simulation for a single TCCC Level II capstone scenario. Capital and maintenance costs were annualized and allocated proportionally based on platform utilization to isolate the capstone-attributable share of total platform expenditures. Per-learner costs and total class time were calculated descriptively and projected over a 3-year period using constant pricing and throughput assumptions. Under a utilization-based incremental cost model, per-learner capstone costs for VR simulation were approximately 90% lower than for manikin-based simulation. When setup, execution, and teardown time were included, VR allowed an approximately 3.8-fold increase in modeled trainee throughput compared with manikin-based simulation. Under equivalent operational assumptions, VR simulation was associated with lower per-learner costs and reduced total class time for a standardized TCCC capstone scenario. These findings suggest that VR may serve as a scalable, cost-efficient and time-efficient option for scenario-based training in distributed and resource-constrained environments, while remaining complementary to manikin-based simulation for training activities requiring tactile psychomotor skill development.",Journal Article; Comparative Study,,,"SimX, Inc",FULL_TEXT_UNAVAILABLE,,,,,NO_PMCID_IN_PRIMARY_METADATA,Design classification required before appraisal,NOT_POSSIBLE_WITHOUT_LAWFUL_FULL_TEXT,FULL_TEXT_REVIEW_AWAITING_APPRAISAL,FULL_TEXT_UNAVAILABLE,NO,"Source discovery completed; no final scientific inclusion without full-text appraisal, exact claim mapping and human confirmation."
EV-0045,Dietary Habits and Nutritional Status Among Polish Police Officers: A Cross-Sectional Study Within the National Health Programme.,10.3390/nu18142385,42514456,PMC13415224,JM5N5233,2026,,,,CANONICAL_BASELINE,LOOP3X full-universe authoritative materialization,https://docs.google.com/spreadsheets/d/1PsCIFKpNMjrpsaHVu2mGKFYlRboKvNGgorZocCILnoY/edit#FULL_UNIVERSE_SCREENING,Drive modified 2026-09-21T02:35:49.190Z,PubMed A/B/C baseline,"Evidence Command Center 1,456 baseline; LOOP3X materialization",BASELINE,,HIGH_RELEVANCE,DIRECT_MANUSCRIPT_FIT,FULL_TEXT_REVIEW,P1 — HIGH,Nutrition / shift work,International,Nutrition and Schedule Load / Nutricao e jornadas,YES,NO,NO,Verified — clear,NO,,PENDING,Refined 3-pass screen; scientific text separated from workflow/admin metadata,47,LOT-03-P1,https://pubmed.ncbi.nlm.nih.gov/42514456/,"Background/Objectives : Police is an occupational group characterised by high and variable physical demands, shift work, and the need for sustained operational readiness. Despite the importance of maintaining good health in uniformed services, relatively little is known about dietary habits and nutritional status among police populations, particularly in Poland. Therefore, the aim of this study was to characterise dietary habits and nutritional status among Polish police officers participating in the National Health Programme. Methods : This cross-sectional study included 262 Polish police officers (216 men and 46 women) aged 19-64 years. A 61-item food frequency questionnaire (FFQ) was used to assess dietary behaviours and bioelectrical impedance analysis was used to assess body composition. Results : Suboptimal food consumption frequency patterns were observed for several food groups, including fruits, vegetables, whole grains, dairy products, nuts, and seeds. Female police officers reported more frequent consumption of fruits, vegetables, and grains, and less frequent consumption of processed meats, animal fats, sugar-sweetened beverages, energy drinks, beer, and spirits than male officers. Normal body weight according to BMI criteria was observed in 33% of participants, whereas only 16% of participants had normal fat mass index values. Excessive body weight was observed in 67% of participants, and excess fat in 82% of participants. Conclusions : The study provides a comprehensive characterisation of dietary habits and nutritional status among Polish police officers within the National Health Programme. These findings suggest the need for nutritional education, health promotion activities, and continued monitoring of dietary habits and nutritional status in this occupational group.",Journal Article,PMC13415224,,,LAWFUL_PMC_XML,https://pmc.ncbi.nlm.nih.gov/articles/PMC13415224/,PMC XML: ,,,,Design classification required before appraisal,PENDING_AI_FULL_TEXT_REVIEW,FULL_TEXT_REVIEW_AWAITING_APPRAISAL,UNRESOLVED,NO,"Source discovery completed; no final scientific inclusion without full-text appraisal, exact claim mapping and human confirmation."
EV-0066,Duckweed Proteins in Neuro-Nutrition: Mechanistic Insights and Translational Relevance for Military and Extreme Environments.,10.1007/s11130-026-01540-x,42390623,,A74JVCPZ,2026,,,,CANONICAL_BASELINE,LOOP3X full-universe authoritative materialization,https://docs.google.com/spreadsheets/d/1PsCIFKpNMjrpsaHVu2mGKFYlRboKvNGgorZocCILnoY/edit#FULL_UNIVERSE_SCREENING,Drive modified 2026-09-21T02:35:49.190Z,PubMed A/B/C baseline,"Evidence Command Center 1,456 baseline; LOOP3X materialization",BASELINE,,HIGH_RELEVANCE,DIRECT_MANUSCRIPT_FIT,FULL_TEXT_REVIEW,P1 — HIGH,Nutrition / shift work,International,Nutrition and Schedule Load / Nutricao e jornadas,YES,NO,NO,Verified — clear,NO,,PENDING,Refined 3-pass screen; scientific text separated from workflow/admin metadata,48,LOT-03-P1,https://pubmed.ncbi.nlm.nih.gov/42390623/,"Modern military performance increasingly depends on cognitive resilience and neurological health, making nutrition a strategic determinant of combat readiness. This review integrates nutritional neuroscience and military medicine to explore duckweed as a next-generation neuro-nutritional resource. Duckweed species possess protein content (25-45% dry weight) and a complete essential almost amino acid (EAA) profile that may contribute to pathways involved in neurotransmitter synthesis, neuroplasticity, and stress adaptation. Beyond amino acids, duckweed delivers neuroprotective compounds such as lutein, β-carotene, polyphenols, and vitamin B₁₂ (pseudo-cobalamins) that mitigate oxidative stress, inflammation, and cognitive decline induced by fatigue or trauma. Its growth rate, minimal land and water requirements make it a sustainable, field-deployable protein source suitable for remote bases or disaster zones. This review synthesizes evidence on duckweed's biochemical composition, digestibility, and safety, highlighting its potential as a sustainable substitute for soy or Spirulina in military rations. The convergence of plant biotechnology, cognitive nutrition, and defense health positions duckweed as a strategic component of future military and space nutrition systems, supporting nutritional strategies relevant to brain health in demanding operational contexts.",Journal Article; Review,,,,FULL_TEXT_UNAVAILABLE,,,,,NO_PMCID_IN_PRIMARY_METADATA,Design classification required before appraisal,NOT_POSSIBLE_WITHOUT_LAWFUL_FULL_TEXT,FULL_TEXT_REVIEW_AWAITING_APPRAISAL,FULL_TEXT_UNAVAILABLE,NO,"Source discovery completed; no final scientific inclusion without full-text appraisal, exact claim mapping and human confirmation."
EV-0068,"Co-Creating an Intervention to Prevent Injuries in Police Force Recruits: A Concept Mapping Study of Police Force Recruits, Police Force Staff, Health Professionals, and Research Experts.",10.1186/s40798-026-01042-9,42365570,PMC13310864,EHUL3ZTC,2026,,,,CANONICAL_BASELINE,LOOP3X full-universe authoritative materialization,https://docs.google.com/spreadsheets/d/1PsCIFKpNMjrpsaHVu2mGKFYlRboKvNGgorZocCILnoY/edit#FULL_UNIVERSE_SCREENING,Drive modified 2026-09-21T02:35:49.190Z,PubMed A/B/C baseline,"Evidence Command Center 1,456 baseline; LOOP3X materialization",BASELINE,,HIGH_RELEVANCE,DIRECT_MANUSCRIPT_FIT,FULL_TEXT_REVIEW,P1 — HIGH,Musculoskeletal injury,International,Operational Implications / Discussion,YES,NO,NO,Verified — clear,NO,,PENDING,Refined 3-pass screen; scientific text separated from workflow/admin metadata,49,LOT-03-P1,https://pubmed.ncbi.nlm.nih.gov/42365570/,"Police force recruits have a high musculoskeletal injury burden, which results in a substantial economic burden and can lead to attrition. The objective of this study was to identify and prioritise the strategies perceived as important and feasible to reduce the prevalence, incidence, and burden of injury in police force recruits. Mixed-methods concept mapping study. Forty-eight participants were recruited from four broad groups: police force recruits/officers; police force staff; health professionals; and research experts. Participants brainstormed statements in response to a prompt (""To prevent injury and/or reduce the impact of injury on law enforcement recruit training, I think it's important to…."") before sorting and rating the statements/strategies for importance and feasibility. Descriptive statistics, multi-dimensional scaling, hierarchical cluster analysis, pattern matching and Welch's t-tests were applied. Ninety-six unique prevention strategies were identified (42 were above the grand mean for both importance and feasibility). Eight clusters appropriately represented all statements. From highest to lowest mean cluster importance these were: i) clearly communicate physical training program expectations and requirements; ii) prepare for, monitor and manage physical training load; iii) provide best practice injury identification, prevention and management; iv) educate recruits, staff and other stakeholders involved in academy training delivery; v) provide a supportive training environment that promotes health, wellbeing and injury reporting; vi) have experienced staff deliver training and use appropriate equipment; vii) deliver a comprehensive and holistic physical training program; and viii) have appropriate physical entry standards and requirements. We identified 42 strategies above the grand means for both importance and feasibility to reduce the burden of injury in police force recruits. These strategies can be implemented by recruits, staff delivering the training program, and/ or staff managing or governing the training program. Future research should refine how these strategies can be implemented in practice and policy.",Journal Article,PMC13310864,,"GNT2035789 National Health and Medical Research Council; GNT2035789 Western Australian Future Health and Innovation Fund, Government of Western Australia",LAWFUL_PMC_XML,https://pmc.ncbi.nlm.nih.gov/articles/PMC13310864/,PMC XML: Discussion | Conclusion,"Discussion: Using a concept mapping methodology (underpinned by a participatory research approach) [ 12 ], police force recruits or officers, police force staff, health professionals and research experts identified strategies they perceived could reduce the burden of injury in police force recruits. Participants generated 96 unique statements (42 were rated above the grand mean for importance and feasibility), which were agreed by the project steering committee, industry advisory group, and consumer advisory group [ 17 ] to be best represented by eight clusters (termed priority areas). These eight priority areas underwent a stepwise selection and naming process by the the project steering committee, industry advisory group, and consumer advisory group to ensure the priority areas reflected both prevention content and context expertise. Each of these priority areas included strategies that participants perceived to be above the mean rating for both importance and feasibility, to reduce the burden of injury in police force recruits. | Conclusion: This concept mapping study was co-designed by consumer, industry and research advisory groups; ensuring lived experience and context expertise was included at all stages. Police force recruits or officers, police force staff, health professionals, and researchers identified eight broad injury prevention priority areas. These priority areas highlight the breadth of possible injury prevention approaches, and should directly inform the development of injury prevention interventions. The holistic and multifaceted nature of the statements suggest a broad mix of interventions targeting factors beyond individual physical fitness capacity, which are the responsibility of people at multiple levels of the police force ecosystem, can influence recruit injury burden.",,,Design classification required before appraisal,PENDING_AI_FULL_TEXT_REVIEW,FULL_TEXT_REVIEW_AWAITING_APPRAISAL,UNRESOLVED,NO,"Source discovery completed; no final scientific inclusion without full-text appraisal, exact claim mapping and human confirmation."
EV-0076,Sex-Specific Cardiovascular Strain During Heat Acclimation in Tactical Athletes.,10.1016/j.jacadv.2026.102785,42312763,PMC13309316,NSW44PR5,2026,,,,CANONICAL_BASELINE,LOOP3X full-universe authoritative materialization,https://docs.google.com/spreadsheets/d/1PsCIFKpNMjrpsaHVu2mGKFYlRboKvNGgorZocCILnoY/edit#FULL_UNIVERSE_SCREENING,Drive modified 2026-09-21T02:35:49.190Z,PubMed A/B/C baseline,"Evidence Command Center 1,456 baseline; LOOP3X materialization",BASELINE,,HIGH_RELEVANCE,DIRECT_MANUSCRIPT_FIT,FULL_TEXT_REVIEW,P1 — HIGH,Medical / cardiovascular readiness,International,Medical and Cardiovascular Readiness / Saude e prontidao medica,YES,NO,NO,Verified — clear,NO,,PENDING,Refined 3-pass screen; scientific text separated from workflow/admin metadata,50,LOT-03-P1,https://pubmed.ncbi.nlm.nih.gov/42312763/,,Journal Article,PMC13309316,,,LAWFUL_PMC_XML,https://pmc.ncbi.nlm.nih.gov/articles/PMC13309316/,PMC XML: Results | Discussion,"Results: Twenty-seven individuals (16 females, 11 males) completed the study ( Figure 1 ). The mean ages were 24 ± 5 years (females) and 22 ± 5 years (males). Females were shorter, lighter, had higher body fat percentage, larger body surface area to mass ratio, and lower maximal oxygen consumption than males (all P < 0.05) ( Figure 1 ). Figure 1 Sex-Specific Cardiovascular Strain During Heat Acclimation in Tactical Athletes Rate-pressure product (RPP), calculated as the product of peak exercise heart rate and immediate postexercise systolic blood pressure, is shown for each day of the 10-day heat acclimation (HA) protocol for women (n = 16) and men (n = 11). RPP, as a noninvasive index of myocardial oxygen demand and a standard measure of cardiovascular strain in exercise physiology, decreased progressively from day 1 to day 10 of HA. The magnitude of reduction was similar between women and men. Data are represented as mean ± SD. Linear mixed-effects models were used to calculate differences between and within groups. Subject characteristics are provided on the left. ∗Denotes significant differences between sexes ( P < 0.05). BSA = body surface area; BSA:mass = body surface area to mass rat | Discussion: The primary finding of the present analysis is that 10 days of controlled-work HA significantly reduced cardiovascular strain during exercise in both men and women. This was evidenced by marked reductions in peak exercise HR and RPP, indicating a lower myocardial workload at a fixed external workload following HA ( Figure 1 ). These adaptations both decrease risk of adverse cardiovascular events and increase work capacity. Importantly, the similarity in adaptation between men and women supports the idea that the overall clinical risk associated with exercise-heat exposure is not greater in women, when similar work is performed in groups of healthy young people. 4",,,Design classification required before appraisal,PENDING_AI_FULL_TEXT_REVIEW,FULL_TEXT_REVIEW_AWAITING_APPRAISAL,UNRESOLVED,NO,"Source discovery completed; no final scientific inclusion without full-text appraisal, exact claim mapping and human confirmation."
EV-0087,Isometric Strength Adaptations After Two Consecutive 12-week Strength and Conditioning Programs in U.S. Air Force ROTC Cadets: The STAR Program.,10.1519/jsc.0000000000005485,42223144,,Y76X7DAZ,2026,,,,CANONICAL_BASELINE,LOOP3X full-universe authoritative materialization,https://docs.google.com/spreadsheets/d/1PsCIFKpNMjrpsaHVu2mGKFYlRboKvNGgorZocCILnoY/edit#FULL_UNIVERSE_SCREENING,Drive modified 2026-09-21T02:35:49.190Z,PubMed A/B/C baseline,"Evidence Command Center 1,456 baseline; LOOP3X materialization",BASELINE,,HIGH_RELEVANCE,DIRECT_MANUSCRIPT_FIT,FULL_TEXT_REVIEW,P1 — HIGH,Physical / academy readiness,International,Physical and Academy Readiness / Aptidao e academia,YES,NO,NO,Verified — clear,NO,,PENDING,Refined 3-pass screen; scientific text separated from workflow/admin metadata,51,LOT-03-P1,https://pubmed.ncbi.nlm.nih.gov/42223144/,"Brojanac, AP, Haynes, H, Mota, J, Puleali'i, S, Schwarz, AV, Johnson, MF, Kaylor, MG, Addison, A, Young, T, Klubertanz, M, Patton, M, and Graybeal, AJ. Isometric strength adaptations after two consecutive 12-week strength and conditioning programs in U.S. Air Force ROTC cadets: The STAR Program. J Strength Cond Res 40(9): 1119-1136, 2026-This study evaluated changes in upper and lower body isometric force production during two 12-week implementations of formal strength and conditioning programs in 2 cohorts of male and female Air Force Reserve Officer Training Corps cadets. Forty-two cadets in the fall and 39 cadets in the spring semesters completed 2 uniquely structured strength and conditioning interventions as part of the Supporting Tactical Athlete Readiness Program. Isometric mid-thigh pull tests were used to assess lower body force production in the fall, and athletic shoulder tests were used to assess upper body force production in the spring. Air Force Reserve Officer Training Corps physical fitness assessments and body composition using dual-energy X-ray absorptiometry were assessed across both semesters. Significance was set at p ≤ 0.050. Absolute and relative peak force (PF), PF at 300 milliseconds, and leg muscle quality index increased, while rate of force development decreased, after the fall program ( p ≤ 0.035). These changes were no longer significant after adjusting for baseline lean soft tissue, which revealed positive associations with change in earlier PF production ( p ≤ 0.039). After the spring semester, shoulder girdle muscle quality index, absolute and relative average force (AF), and PF increased, while bilateral PF asymmetry decreased ( p ≤ 0.039). These improvements were no longer significant after adjusting for baseline lean soft tissue, which was positively associated with ΔAF and ΔPF ( p ≤ 0.033). Improvements in strength can be achieved through structured training programs, though success may be determined by muscular preconditioning. Incorporating field-friendly assessments such as isometric mid-thigh pull and athletic shoulder testing may further support cadet monitoring, reduce injury risk, and support long-term tactical performance.",Journal Article,,,U54GM115428 GM NIGMS NIH HHS United States; U54GM115428 GM NIGMS NIH HHS United States,FULL_TEXT_UNAVAILABLE,,,,,NO_PMCID_IN_PRIMARY_METADATA,Design classification required before appraisal,NOT_POSSIBLE_WITHOUT_LAWFUL_FULL_TEXT,FULL_TEXT_REVIEW_AWAITING_APPRAISAL,FULL_TEXT_UNAVAILABLE,NO,"Source discovery completed; no final scientific inclusion without full-text appraisal, exact claim mapping and human confirmation."
EV-0089,Immersive virtual reality for assessing decision-making in mass casualty incident and tactical combat casualty care scenarios among military personnel.,10.1136/military-2026-003286,42209130,,B3QH2XSU,2026,,,,CANONICAL_BASELINE,LOOP3X full-universe authoritative materialization,https://docs.google.com/spreadsheets/d/1PsCIFKpNMjrpsaHVu2mGKFYlRboKvNGgorZocCILnoY/edit#FULL_UNIVERSE_SCREENING,Drive modified 2026-09-21T02:35:49.190Z,PubMed A/B/C baseline,"Evidence Command Center 1,456 baseline; LOOP3X materialization",BASELINE,,HIGH_RELEVANCE,DIRECT_MANUSCRIPT_FIT,FULL_TEXT_REVIEW,P1 — HIGH,Tactical medicine / TCCC / TECC / APH,International,Tactical Medicine Readiness / APH-Tatico,YES,NO,NO,Verified — clear,NO,,PENDING,Refined 3-pass screen; scientific text separated from workflow/admin metadata,52,LOT-03-P1,https://pubmed.ncbi.nlm.nih.gov/42209130/,"Military personnel frequently act as first responders in complex tactical-medical scenarios where they must make critical decisions under pressure and coordinate with civilian emergency services. Traditional simulation methods have limitations in replicating the stress and cognitive load inherent to these contexts. Virtual reality (VR) allows the recreation of high-demand scenarios, enabling the assessment of decision-making under operational pressure. A pre-post quasi-experimental study was conducted with 38 active-duty military personnel, who completed two VR scenarios: a mass casualty incident (MCI) and a tactical combat casualty care (TCCC) scenario, following a counterbalanced crossover design. The primary outcome was the accuracy of decision-making across two VR scenarios (MCI and TCCC). Secondary outcomes included physiological stress response through salivary biomarkers, neurophysiological metrics in a subsample and subjective experience assessed through a focus group. The analysis included descriptive statistics, paired t or non-parametric tests, linear mixed models for biomarkers and a qualitative thematic analysis. In the tactical scenario, participants showed a 76.7% accuracy rate, with variability in decisions under fire and airway prioritisation. In the MCI scenario, high accuracy was observed in triage items but errors occurred in more complex situations. Biomarkers showed moderate increases with no significance in univariate analyses but mixed models revealed effects of scenario type and exposure order. EEG metrics identified resilient, intermediate and vulnerable profiles, with signs of mental fatigue in high-demand phases. VR appears to be a useful tool for evaluating decision-making under pressure and for complementing training in tactical-medical scenarios, although this study does not provide direct evidence of improved learning outcomes.",Journal Article,,,,FULL_TEXT_UNAVAILABLE,,,,,NO_PMCID_IN_PRIMARY_METADATA,Design classification required before appraisal,NOT_POSSIBLE_WITHOUT_LAWFUL_FULL_TEXT,FULL_TEXT_REVIEW_AWAITING_APPRAISAL,FULL_TEXT_UNAVAILABLE,NO,"Source discovery completed; no final scientific inclusion without full-text appraisal, exact claim mapping and human confirmation."
EV-0092,Holistic Performance Programming for mTBI Recovery in U.S. Military Tactical Athletes: A Narrative Review.,10.3390/sports14050195,42188571,PMC13211000,ELXDR7GP,2026,,,,CANONICAL_BASELINE,LOOP3X full-universe authoritative materialization,https://docs.google.com/spreadsheets/d/1PsCIFKpNMjrpsaHVu2mGKFYlRboKvNGgorZocCILnoY/edit#FULL_UNIVERSE_SCREENING,Drive modified 2026-09-21T02:35:49.190Z,PubMed A/B/C baseline,"Evidence Command Center 1,456 baseline; LOOP3X materialization",BASELINE,,HIGH_RELEVANCE,DIRECT_MANUSCRIPT_FIT,FULL_TEXT_REVIEW,P1 — HIGH,Sleep / fatigue / recovery,International,Integrated Operational Readiness / Discussion,YES,NO,NO,Verified — clear,NO,,PENDING,Refined 3-pass screen; scientific text separated from workflow/admin metadata,53,LOT-03-P1,https://pubmed.ncbi.nlm.nih.gov/42188571/,"Tactical athletes, including military service members, are exposed to occupational demands that increase their risk of mild traumatic brain injury (mTBI), particularly through blast exposure, falls, collisions, and repeated sub-concussive events. Although clinical tools and progressive return-to-activity protocols support acute management, recovery may remain fragmented when physical, cognitive, psychological, and performance domains are not integrated. Military personnel require recovery models which extend beyond symptom resolution and return-to-duty clearance. Holistic performance programming offers a multidimensional framework which incorporates subject matter experts across strength and conditioning, rehabilitation, nutrition, behavioural health, cognitive performance, and human performance optimisation. This narrative review examines the role of holistic performance programming in optimising recovery from mTBI among tactical athletes, with emphasis on interdisciplinary care, structured assessment, recovery periodisation, monitoring technologies, and return-to-duty readiness. The role of embedded subject matter experts in identifying and monitoring mTBI; interdisciplinary care models which integrate clinical and performance expertise; structured recovery pathways from assessment to reintegration; and the importance of flexibility, communication, and service member engagement are examined. In addition, the review assesses the potential use of biomarkers, wearable technologies, and multi-domain assessment tools to guide individualised recovery. Holistic performance programming may bridge the gap between clinical recovery and operational readiness following mTBI. By integrating physical, cognitive, psychological, nutritional, and sleep-related strategies, this approach may reduce fragmented care and better address the complex nature of mTBI recovery. Interdisciplinary performance teams may improve early recognition, individualised rehabilitation, safer return-to-duty decisions, and long-term readiness. Future practice should prioritise standardised assessment, real-time monitoring, education, and stigma reduction.",Journal Article; Review,PMC13211000,,,LAWFUL_PMC_XML,https://pmc.ncbi.nlm.nih.gov/articles/PMC13211000/,PMC XML: ,,,,Design classification required before appraisal,PENDING_AI_FULL_TEXT_REVIEW,FULL_TEXT_REVIEW_AWAITING_APPRAISAL,UNRESOLVED,NO,"Source discovery completed; no final scientific inclusion without full-text appraisal, exact claim mapping and human confirmation."
EV-0093,Pre-Kinetic Military Care: Biosurveillance and Climate-Related Health Monitoring as Complements to Tactical Combat Casualty Care.,10.1093/milmed/usag229,42179269,,3M366AYH,2026,,,,CANONICAL_BASELINE,LOOP3X full-universe authoritative materialization,https://docs.google.com/spreadsheets/d/1PsCIFKpNMjrpsaHVu2mGKFYlRboKvNGgorZocCILnoY/edit#FULL_UNIVERSE_SCREENING,Drive modified 2026-09-21T02:35:49.190Z,PubMed A/B/C baseline,"Evidence Command Center 1,456 baseline; LOOP3X materialization",BASELINE,,HIGH_RELEVANCE,DIRECT_MANUSCRIPT_FIT,FULL_TEXT_REVIEW,P1 — HIGH,Tactical medicine / TCCC / TECC / APH,International,Tactical Medicine Readiness / APH-Tatico,YES,NO,NO,Verified — clear,NO,,PENDING,Refined 3-pass screen; scientific text separated from workflow/admin metadata,54,LOT-03-P1,https://pubmed.ncbi.nlm.nih.gov/42179269/,"Pre-kinetic military care complements Tactical Combat Casualty Care (TCCC) by integrating biosurveillance, climate-related health monitoring, and early warning indicators into operational decisions before injury occurs, helping preserve force health, readiness, and mission effectiveness through earlier prevention, mitigation, and command-informed intervention.1-4.",Journal Article,,,,FULL_TEXT_UNAVAILABLE,,,,,NO_PMCID_IN_PRIMARY_METADATA,Design classification required before appraisal,NOT_POSSIBLE_WITHOUT_LAWFUL_FULL_TEXT,FULL_TEXT_REVIEW_AWAITING_APPRAISAL,FULL_TEXT_UNAVAILABLE,NO,"Source discovery completed; no final scientific inclusion without full-text appraisal, exact claim mapping and human confirmation."
EV-0099,Implementation of post-traumatic stress injury programs in Alberta first responder organizations: a qualitative study.,10.1080/09638288.2026.2667689,42116711,,LWW2V5RF,2026,,,,CANONICAL_BASELINE,LOOP3X full-universe authoritative materialization,https://docs.google.com/spreadsheets/d/1PsCIFKpNMjrpsaHVu2mGKFYlRboKvNGgorZocCILnoY/edit#FULL_UNIVERSE_SCREENING,Drive modified 2026-09-21T02:35:49.190Z,PubMed A/B/C baseline,"Evidence Command Center 1,456 baseline; LOOP3X materialization",BASELINE,,HIGH_RELEVANCE,DIRECT_MANUSCRIPT_FIT,FULL_TEXT_REVIEW,P1 — HIGH,Musculoskeletal injury,International,Operational Implications / Discussion,YES,NO,NO,Verified — clear,NO,,PENDING,Refined 3-pass screen; scientific text separated from workflow/admin metadata,55,LOT-03-P1,https://pubmed.ncbi.nlm.nih.gov/42116711/,"The prevalence of post-traumatic stress injury (PTSI) among first responders (FR) is high and often leads to work disability. Our research examined current implementation approaches of PTSI programs, as well as key facilitators and challenges, in Alberta FR organizations. Using a qualitative study design, guided by implementation frameworks, we conducted semi-structured interviews with 20 key informants with program implementation experience in Alberta, Canada FR organizations. Interview questions were open-ended and asked about experiences related to implementation including barriers, facilitators, and key lessons. Interviews were recorded, and data analysis determined key implementation themes. Most FR organizations were in the planning phase of PTSI program implementation. Analysis revealed six overarching themes, 'getting buy-in first'; 'collaborating and champions'; 'ongoing awareness building'; 'ensuring adequate resources'; 'importance of planning'; and 'one-size does not fit all'. Mostly informal implementation processes were reported, along with organizational buy-in. We found that FR organizations were developing and implementing PTSI programs. However, there were implementation challenges, including the lack of formal implementation plans and resource needs. Further research on program implementation in FR organizations is needed to ensure that programs are implemented in a way that maximizes their effectiveness in reducing work disability among FR members.",Journal Article,,,,FULL_TEXT_UNAVAILABLE,,,,,NO_PMCID_IN_PRIMARY_METADATA,Design classification required before appraisal,NOT_POSSIBLE_WITHOUT_LAWFUL_FULL_TEXT,FULL_TEXT_REVIEW_AWAITING_APPRAISAL,FULL_TEXT_UNAVAILABLE,NO,"Source discovery completed; no final scientific inclusion without full-text appraisal, exact claim mapping and human confirmation."
EV-0102,"Self-reported nutritional intake is associated with physical performance, but not musculoskeletal injury incidence in a cohort of United States Army Reserve Component Soldiers.",10.1016/j.nut.2026.113227,42096853,,LZVMMZD4,2026,,,,CANONICAL_BASELINE,LOOP3X full-universe authoritative materialization,https://docs.google.com/spreadsheets/d/1PsCIFKpNMjrpsaHVu2mGKFYlRboKvNGgorZocCILnoY/edit#FULL_UNIVERSE_SCREENING,Drive modified 2026-09-21T02:35:49.190Z,PubMed A/B/C baseline,"Evidence Command Center 1,456 baseline; LOOP3X materialization",BASELINE,,HIGH_RELEVANCE,DIRECT_MANUSCRIPT_FIT,FULL_TEXT_REVIEW,P1 — HIGH,Nutrition / shift work,International,Nutrition and Schedule Load / Nutricao e jornadas,YES,NO,NO,Verified — clear,NO,,PENDING,Refined 3-pass screen; scientific text separated from workflow/admin metadata,56,LOT-03-P1,https://pubmed.ncbi.nlm.nih.gov/42096853/,"The purpose of this investigation was to examine the relationship between nutritional intake of a cohort of United States (US) Army Reserve Component (RC) Soldiers and physical performance as measured by the Army Combat Fitness Test (ACFT), total injuries, and cumulative micro-traumatic ""overuse"" musculoskeletal injury (MSKI). Retrospective cohort study. A voluntary survey was administered to 21 US Army RC units from July to December 2021. Surveys collected demographic information, nutritional intake, and injuries in the previous 12 months. Nutritional intake was assessed by frequency of fruit, vegetable, whole grain, dairy, and protein intake. ACFT data were obtained from a centralized database. Multivariable linear and logistic regression models were used to estimate associations between nutritional intake, physical performance, and injury outcomes. A total of 1322 Soldiers (82.8% male) completed the survey. Controlling for sex, age, body mass index (BMI), and cumulative MSKI prior to the ACFT, soldiers reporting greater vegetable, whole grain, dairy, and protein intake (2-3 and 4+ servings per day) had better performance on hand release push up, sprint-drag-carry, leg tuck, and 2-mile run events compared to those reporting rarely or never (p < .05). After adjustment for sex, age, and BMI, estimated associations between nutritional intake and self-reported injuries were not statistically significant (p > .05). In this investigation, greater vegetable, whole grain, dairy, and protein intake was associated with better performance on anerobic and aerobic ACFT events but not related to odds of injury. These findings underscore the importance of healthy nutritional intake for physical readiness within the Reserve Component.","Journal Article; Research Support, Non-U.S. Gov't",,,,FULL_TEXT_UNAVAILABLE,,,,,NO_PMCID_IN_PRIMARY_METADATA,Design classification required before appraisal,NOT_POSSIBLE_WITHOUT_LAWFUL_FULL_TEXT,FULL_TEXT_REVIEW_AWAITING_APPRAISAL,FULL_TEXT_UNAVAILABLE,NO,"Source discovery completed; no final scientific inclusion without full-text appraisal, exact claim mapping and human confirmation."
EV-0103,The role of tactical police medics in the prehospital environment: results from an interview study.,10.1186/s13049-026-01621-5,42093038,PMC13147615,MG4ER9GE,2026,,,,CANONICAL_BASELINE,LOOP3X full-universe authoritative materialization,https://docs.google.com/spreadsheets/d/1PsCIFKpNMjrpsaHVu2mGKFYlRboKvNGgorZocCILnoY/edit#FULL_UNIVERSE_SCREENING,Drive modified 2026-09-21T02:35:49.190Z,PubMed A/B/C baseline,"Evidence Command Center 1,456 baseline; LOOP3X materialization",BASELINE,,HIGH_RELEVANCE,DIRECT_MANUSCRIPT_FIT,FULL_TEXT_REVIEW,P1 — HIGH,Tactical medicine / TCCC / TECC / APH,International,Tactical Medicine Readiness / APH-Tatico,YES,NO,NO,Verified — clear,NO,,PENDING,Refined 3-pass screen; scientific text separated from workflow/admin metadata,57,LOT-03-P1,https://pubmed.ncbi.nlm.nih.gov/42093038/,"The Swedish tactical police unit is a highly trained team specialized in managing complex situations and tactically demanding operations. Each tactical police group includes a designated medic who completes a 10-week basic training program in tactical medicine, followed by various forms of additional training. The medical aspects of police work are strictly regulated by medical authorities, and among other restrictions, the medics' authorizations apply only when providing care to fellow officers. The purpose of this study was to explore tactical police medics' perceptions of their work in relation to training, competencies, tactics, and the provision of practical medical care. The study employed a qualitative design in which 13 medics from the tactical police unit were interviewed using a semi-structured interview protocol. They were asked questions about their perceived preparedness for the role, their training, and real-life situations in which they had acted as medics. All interviews were digitally recorded and transcribed verbatim. The transcripts were then coded and analysed thematically following Braun and Clarke's model of thematic analysis. The results indicated that the medics were generally satisfied with their training and education in tactical medicine. However, there was a clear discrepancy between what they had been trained to do and the tasks they actually performed in their roles. They also expressed frustration about how their mission is defined by medical authorities, particularly the restriction that prevents them from applying their medical authorizations to injured third parties. Collaboration with civilian healthcare was described as inconsistent; cooperation with prehospital physicians was generally viewed positively, whereas the relationship with ambulance personnel was perceived as more challenging. The tactical police medics represent a highly trained and competent group that is not being utilized to its full potential. They could be deployed more extensively in situations requiring tactical medical care and rescue operations. Achieving this would require stronger and more effective collaboration with civilian healthcare services.",Journal Article,PMC13147615,,,LAWFUL_PMC_XML,https://pmc.ncbi.nlm.nih.gov/articles/PMC13147615/,PMC XML: Discussion | Conclusions,"Discussion: The findings of this study highlight both the strengths and limitations described by medics serving in the Reinforced Regional Tactical Units (RTUs) in Stockholm, Gothenburg, and Malmö. Three overarching themes—personal conditions, organizational factors, and strategic thinking—emerged from the interviews as central to understanding their role in the prehospital environment. These themes illustrate how individual characteristics, organizational structures, and tactical considerations interact to shape the medics’ perceived ability to contribute effectively in high-risk settings. The ability to remain calm under pressure combined with prior experience from the Armed Forces or as response police officers, was described as crucial for effective performance. This aligns with previous descriptions of tactical officers being selected for their capacity to perform under pressure [ 23 ]. Research also emphasizes that resilience and stress management are essential traits in prehospital care [ 24 ]. Participants’ strong motivation for continuous learning further enhances adaptability in complex environments. These personal conditions suggest that RTU medics are well-prepared to handle morall | Conclusions: This study demonstrates that RTU medics’ prehospital work is shaped by the interplay of personal competence, systemic structures, and tactical demands. Their strong motivation, prior operational experience, and targeted trauma training contribute to effective performance in high-risk environments. However, cooperation with civilian healthcare remains inconsistent, and current regulations limit the medics’ ability to fully utilize their expertise, particularly when civilians are critically injured. These constraints create recurring ethical and operational dilemmas in time-sensitive situations.",,,Design classification required before appraisal,PENDING_AI_FULL_TEXT_REVIEW,FULL_TEXT_REVIEW_AWAITING_APPRAISAL,UNRESOLVED,NO,"Source discovery completed; no final scientific inclusion without full-text appraisal, exact claim mapping and human confirmation."
EV-0114,Ocular Hypertension and Glaucoma in United States Army Personnel: Barriers to Detection and Impact on Operational Readiness.,10.7759/cureus.105620,42022734,PMC13096855,9XY7UIL9,2026,,,,CANONICAL_BASELINE,LOOP3X full-universe authoritative materialization,https://docs.google.com/spreadsheets/d/1PsCIFKpNMjrpsaHVu2mGKFYlRboKvNGgorZocCILnoY/edit#FULL_UNIVERSE_SCREENING,Drive modified 2026-09-21T02:35:49.190Z,PubMed A/B/C baseline,"Evidence Command Center 1,456 baseline; LOOP3X materialization",BASELINE,,HIGH_RELEVANCE,DIRECT_MANUSCRIPT_FIT,FULL_TEXT_REVIEW,P1 — HIGH,Medical / cardiovascular readiness,International,Medical and Cardiovascular Readiness / Saude e prontidao medica,YES,NO,NO,Verified — clear,NO,,PENDING,Refined 3-pass screen; scientific text separated from workflow/admin metadata,58,LOT-03-P1,https://pubmed.ncbi.nlm.nih.gov/42022734/,"Glaucoma and ocular hypertension rank high among the etiologies of irreversible visual impairment. Their presentation to active-duty United States (US) Army personnel carries unique implications for unit force readiness. Both peripheral and central vision are utilized by soldiers for operational tasks of marksmanship, navigation, and surveillance. Risk factors, including ocular trauma, blast exposure, and systemic corticosteroid use specific to military services, may result in earlier onset or progression of glaucomatous disease. Despite the necessity for soldier visual acuity, routine screenings for ophthalmic disease, including glaucoma and ocular hypertension, remain inconsistent across Army healthcare settings. Limited access to ophthalmologic care in field environments, logistical constraints, and the asymptomatic nature of early disease pose barriers to timely diagnosis. Such untreated cases may directly put individual health and unit readiness at risk, as well as quality of life due to the possibility of vision degradation over time. This narrative review synthesizes literature from PubMed, Google Scholar, and the Cochrane Library between 1999 and 2025 to examine glaucoma and ocular hypertension epidemiology in the US Army. Relevant Department of Defense (DoD) publications, clinical guidelines, and Military Health System (MHS) reports were included in this search. Risk factors, barriers for effective screening, and the evaluation for ocular dysfunction on soldier operational readiness are presented to strengthen screening measures, enhance continued care, and preserve visual performance across the military life cycle for the future.",Journal Article; Review,PMC13096855,,,LAWFUL_PMC_XML,https://pmc.ncbi.nlm.nih.gov/articles/PMC13096855/,PMC XML: Conclusions,"Conclusions: Glaucoma-related ocular hypertension emphasizes the silent threat to the operational effectiveness of military personnel. The unique risks associated with service members can increase disease onset long before detectable symptoms occur. Current screening practices in many military settings can be insufficient due to their limited accessibility to specialized equipment, scattered medical records, and the stigma around medical reporting. This kind of visual impairment can undermine individual performance and unit readiness, especially in roles reliant on precise visual function like marksmanship, surveillance, and aviation.",,,Design classification required before appraisal,PENDING_AI_FULL_TEXT_REVIEW,FULL_TEXT_REVIEW_AWAITING_APPRAISAL,UNRESOLVED,NO,"Source discovery completed; no final scientific inclusion without full-text appraisal, exact claim mapping and human confirmation."
EV-0115,Prevalence of musculoskeletal disorders among police officers from an organizational unit of a German federal state police force.,10.1186/s12995-026-00511-x,41998685,PMC13097821,Q42HE9HI,2026,,,,CANONICAL_BASELINE,LOOP3X full-universe authoritative materialization,https://docs.google.com/spreadsheets/d/1PsCIFKpNMjrpsaHVu2mGKFYlRboKvNGgorZocCILnoY/edit#FULL_UNIVERSE_SCREENING,Drive modified 2026-09-21T02:35:49.190Z,PubMed A/B/C baseline,"Evidence Command Center 1,456 baseline; LOOP3X materialization",BASELINE,,HIGH_RELEVANCE,DIRECT_MANUSCRIPT_FIT,FULL_TEXT_REVIEW,P1 — HIGH,Musculoskeletal injury,International,Operational Implications / Discussion,YES,NO,NO,Verified — clear,NO,,PENDING,Refined 3-pass screen; scientific text separated from workflow/admin metadata,59,LOT-03-P1,https://pubmed.ncbi.nlm.nih.gov/41998685/,"BACKGROUND: Occupational activities involving prolonged postures, restricted movements, and wearing heavy protective equipment contribute significantly to work-related musculoskeletal disorders (MSDs) in police officers. Therefore, this study aims to assess the prevalence of MSDs at an organizational unit of a German federal state police force in relation to self-reported causes of MSD. METHODS: 255 (211 m/44 f) participants within the age from 21 to 57 years (28.29 ± 6.57 years) answered a modified version of the Nordic Musculoskeletal Questionnaire (NMQ) in nine different body areas (cervical spine/neck, thoracic spine, lower back/lumbar spine, shoulder, elbow, hand and wrists, hip, knee, foot and ankles). For statistical analyses descriptive analyses, Spearman’s rank correlation coefficient and the Rasch model analyses were applied. Significance level was set at 5%. RESULTS: Of the 255 participants 95.7% engage in physical activity during their leisure time, with the vast majority (78.1%) also involved in occupational sports activities. The overall 12-month prevalence of MSD was 92.9%, while the most affected areas were the lower back (64%), followed by the neck/cervical spine (57.8%), shoulder (48.6%) and the thoracic spine (33%). The 7-day prevalence stands at 56.1%. The regions most commonly affected are similar to the 12-month prevalence: the neck/cervical spine with 25.1%, followed by the lower back (20.4%), the shoulder (13.7%), and the thoracic spine (11.8%). Only 7.1% reported no symptoms at all. 1.6% indicated experiencing discomfort in all body regions. The Rasch-derived musculoskeletal symptom score showed significant positive correlations with age (r = 0.17, p < 0.01), BMI (p < 0.01, rho = 0.19), and years of service (r = 0.20, p < 0.01). Participants most frequently attributed their musculoskeletal complaints to carrying heavy equipment, prolonged sitting, and awkward postures, followed by stress and insufficient recovery. Only a minority associated their symptoms with sports or physical training, suggesting that ergonomic and organizational factors are perceived as the primary contributors to MSDs. CONCLUSION: Musculoskeletal disorders are highly prevalent among German police officers, affecting nearly all participants despite a young mean age and high physical activity levels. The predominance of multi-site pain, particularly in the lower back, neck, and shoulders, highlights the cumulative impact of occupational load rather than isolated risk factors. Equipment-related load carriage, prolonged static postures, and organizational demands appear to be key drivers, while age, BMI, and years of service exert additional but modest influence. These findings underscore the need for early, occupation-specific preventive strategies that integrate ergonomic optimization, task organization, and targeted physical training to preserve work ability and operational readiness over the course of a policing career.",Journal Article,PMC13097821,,,LAWFUL_PMC_XML,https://pmc.ncbi.nlm.nih.gov/articles/PMC13097821/,PMC XML: Results | Discussion | Conclusion,"Results: A total of 281 questionnaires were distributed to the members of the participating organizational units. Of these, 255 were returned and completed, resulting in a response rate of 90.75%. | Discussion: This study aimed to determine the prevalence of MSDs among police officers of a German federal state police force and to identify individual and occupational factors associated with MSD occurrence. The results demonstrate a high prevalence of MSDs (92.9%) within the past 12 months, affecting nearly all participants. Lower back (64.0%), neck/cervical spine (57.8%) and shoulders (48.4%) followed by the thoracic spine (32.5%) were the most commonly affected regions. The seven-day prevalence remained also high at 56.1%. Multi-site pain was common, suggesting that musculoskeletal strain in police work is not confined to isolated body regions but rather reflects cumulative and systemic load. Such high prevalence, despite the relatively young mean age of our sample (28 years), underscores the intensity of occupational load in German police service and suggests that cumulative strain may manifest itself early in professional life. | Conclusion: Nearly all officers in our survey experienced musculoskeletal discomfort within the past year. Lower back and neck regions were most frequently affected, while shoulder and thoracic spine complaints were also common. Physical inactivity was not a dominant risk factor in this cohort; rather, occupational load and anthropometric characteristics appeared to play a stronger role.",,,Design classification required before appraisal,PENDING_AI_FULL_TEXT_REVIEW,FULL_TEXT_REVIEW_AWAITING_APPRAISAL,UNRESOLVED,NO,"Source discovery completed; no final scientific inclusion without full-text appraisal, exact claim mapping and human confirmation."
EV-0120,Anthropometrics and Physical Performance in Swedish Home Guard Soldiers.,10.1093/milmed/usag149,41984628,,ELVVMIQG,2026,,,,CANONICAL_BASELINE,LOOP3X full-universe authoritative materialization,https://docs.google.com/spreadsheets/d/1PsCIFKpNMjrpsaHVu2mGKFYlRboKvNGgorZocCILnoY/edit#FULL_UNIVERSE_SCREENING,Drive modified 2026-09-21T02:35:49.190Z,PubMed A/B/C baseline,"Evidence Command Center 1,456 baseline; LOOP3X materialization",BASELINE,,HIGH_RELEVANCE,DIRECT_MANUSCRIPT_FIT,FULL_TEXT_REVIEW,P1 — HIGH,Physical / academy readiness,International,Physical and Academy Readiness / Aptidao e academia,YES,NO,NO,Verified — clear,NO,,PENDING,Refined 3-pass screen; scientific text separated from workflow/admin metadata,60,LOT-04-P1,https://pubmed.ncbi.nlm.nih.gov/41984628/,"The Home Guard (HG), comprising roughly half of the Swedish Armed Forces, is a volunteer-based reserve force. The HG duties include physically demanding tasks such as marching, digging, lifting, and casualty evacuation. While aerobic fitness is strongly linked to performance in common military tasks, research on the physical fitness and health of reserve forces soldiers is limited. This study aimed to establish reference data on anthropometrics and physical performance among HG personnel and to compare these results with values from the general Swedish population and other military cohorts. Data were collected during scheduled training sessions between August 2024 and May 2025. Depending on their unit affiliation, participants were divided into either the High-Demand Group (HDG; task force and recon) or the General-Demand Group (GDG; guard, command, and support). The anthropometric measurements included height, body mass, BMI, and waist circumference. Handgrip strength was measured with a handgrip dynamometer. Aerobic capacity was assessed by a 20-m Shuttle Run test, with VO2peak estimated using a military-specific equation. Group differences were analyzed using t-tests and χ2 tests, and multivariate regressions were used to identify significant predictors for physical fitness and examine sex- and age-adjusted differences between groups. A total of 920 HG soldiers (93% men; mean age 45.3 ± 10.3 years) participated in the study. Over two-thirds were overweight, and 19% were obese, with obesity more prevalent in GDG than in HDG (25% vs. 16%, p < .01). Overall, 78% met the national physical activity recommendations, and 62% engaged in at least 60 minutes of intense exercise per week. HDG soldiers were younger, used less medication, and demonstrated significantly higher aerobic fitness, with a mean VO2peak of 46.6 mL/kg/min compared to 42.6 mL/kg/min among GDG soldiers. Higher BMI, waist circumference, and medication use were negatively associated with VO2peak, whereas intense physical activity for at least 60 minutes per week was a positive predictor of aerobic fitness. HG soldiers generally showed adequate fitness, although excess body weight was common. Those in high-demand units were younger, fitter, and reported healthier lifestyles than personnel in general-duty units. Aerobic fitness was associated with body composition, medication use, and exercise habits, underscoring the importance of regular intense activity for maintaining operational readiness.",Journal Article,,,AT.9220941 Swedish Armed Forces,FULL_TEXT_UNAVAILABLE,,,,,NO_PMCID_IN_PRIMARY_METADATA,Design classification required before appraisal,NOT_POSSIBLE_WITHOUT_LAWFUL_FULL_TEXT,FULL_TEXT_REVIEW_AWAITING_APPRAISAL,FULL_TEXT_UNAVAILABLE,NO,"Source discovery completed; no final scientific inclusion without full-text appraisal, exact claim mapping and human confirmation."
EV-0123,Changes in Physical Fitness and Program Utilization During Professional Military Education.,10.1093/milmed/usag155,41964614,,ZZ7WNSZW,2026,,,,CANONICAL_BASELINE,LOOP3X full-universe authoritative materialization,https://docs.google.com/spreadsheets/d/1PsCIFKpNMjrpsaHVu2mGKFYlRboKvNGgorZocCILnoY/edit#FULL_UNIVERSE_SCREENING,Drive modified 2026-09-21T02:35:49.190Z,PubMed A/B/C baseline,"Evidence Command Center 1,456 baseline; LOOP3X materialization",BASELINE,,HIGH_RELEVANCE,DIRECT_MANUSCRIPT_FIT,FULL_TEXT_REVIEW,P1 — HIGH,Physical / academy readiness,International,Physical and Academy Readiness / Aptidao e academia,YES,NO,NO,Verified — clear,NO,,PENDING,Refined 3-pass screen; scientific text separated from workflow/admin metadata,61,LOT-04-P1,https://pubmed.ncbi.nlm.nih.gov/41964614/,"Professional Military Education (PME) programs place significant time demands on service members, potentially limiting their ability to maintain physical readiness. This study examined changes in fitness across the PME academic cycle, adherence to Tailored Performance Plans (TPP), and the influence of behavioral and environmental factors on physical fitness. Participants (n = 238) completed comprehensive fitness assessments at the beginning and end of a 10-month PME program. In between, they were offered optional TPPs involving 1-on-1 consultations and fitness support. Survey data were collected through a self-report demographic questionnaire. Body fat percentage (β  =  2.38 ± 0.21%, P < .001), fat mass index (β  =  0.65 ± 0.09 kg m-2, P < .001), flexibility (β  =  1.25 ± 0.25 cm, P < .001), and plank (β  =  7.99 ± 2.83 s, P = .005) increased following the program, whereas fat-free mass index (β = -0.39 ± 0.08 kg m-2, P < .001), vertical jump height (β = -0.79 ± 0.29 cm, P = .007), and estimated VO2max (β = -0.88 ± 0.22 ml kg-1 min-1, P < .001) declined. TPP participation did not significantly alter these changes. However, a time × TPP interaction emerged for normalized grip strength (β  =  0.74 ± 0.31 kg/m2, P = .019), indicating maintenance of strength among TPP users although non-users declined. No dose-response relationships were detected between TPP session count and fitness changes. BOLT participants demonstrated improvements in flexibility and core endurance but reductions in muscle mass, aerobic fitness, and explosive power. TPP engagement did not meaningfully modify these trends. Findings suggest supplemental TPP participation maintained certain neuromuscular outcomes but did not produce broad performance advantages across domains.",Journal Article,,,G00017981 and project number HII-LSN P000062282 the Air University BOLT Human Performance Program at Maxwell AFB,FULL_TEXT_UNAVAILABLE,,,,,NO_PMCID_IN_PRIMARY_METADATA,Design classification required before appraisal,NOT_POSSIBLE_WITHOUT_LAWFUL_FULL_TEXT,FULL_TEXT_REVIEW_AWAITING_APPRAISAL,FULL_TEXT_UNAVAILABLE,NO,"Source discovery completed; no final scientific inclusion without full-text appraisal, exact claim mapping and human confirmation."
EV-0125,Cross-Sectional and Longitudinal Validity of Automated Body Composition Methods in U.S. Air Force Reserve Officers' Training Corps Cadets Throughout a 12-Week Physical Training Program: The Supporting Tactical Athlete Readiness Program.,10.1093/milmed/usag107,41934316,,92V5A2V7,2026,,,,CANONICAL_BASELINE,LOOP3X full-universe authoritative materialization,https://docs.google.com/spreadsheets/d/1PsCIFKpNMjrpsaHVu2mGKFYlRboKvNGgorZocCILnoY/edit#FULL_UNIVERSE_SCREENING,Drive modified 2026-09-21T02:35:49.190Z,PubMed A/B/C baseline,"Evidence Command Center 1,456 baseline; LOOP3X materialization",BASELINE,,HIGH_RELEVANCE,DIRECT_MANUSCRIPT_FIT,FULL_TEXT_REVIEW,P1 — HIGH,Physical / academy readiness,International,Physical and Academy Readiness / Aptidao e academia,YES,NO,NO,Verified — clear,NO,,PENDING,Refined 3-pass screen; scientific text separated from workflow/admin metadata,62,LOT-04-P1,https://pubmed.ncbi.nlm.nih.gov/41934316/,"Accurate assessment of body composition is essential for evaluating and maintaining military readiness among U.S. Air Force Reserve Officers' Training Corps (AFROTC) cadets, who must meet the same standards as active-duty personnel. Current reliance on BMI and circumference-based methods often leads to misclassification because of measurement variability and the inability to distinguish between lean and fat mass. Although laboratory methods like dual-energy X-ray absorptiometry (DXA) are ideal, their high cost, limited portability, and the need for trained personnel make them impractical for field use. During training or deployment, these limitations also hinder consistent monitoring when access to fitness and nutrition resources is most restricted. Therefore, this study examined the cross-sectional and longitudinal accuracy of body fat percentage (BF%) estimates obtained from the following emerging, field-based technologies compared with DXA and current AFROTC circumference-based methods in AFROTC cadets assessed before and after a 12-week training program: bioelectrical impedance spectroscopy (BIS), near-infrared spectroscopy (NIRS), smartwatch bioelectrical impedance analysis (SWBIA), and smartphone-based three-dimensional optical scanning (3DO). At baseline before the 12-week training program, 57 cadets (26 F, 31 M; BF%: 27.2 ± 9.5%) underwent body composition assessments using DXA, circumference-based equations, BIS, NIRS, SWBIA, and 3DO to assess cross-sectional validity. 3DO-derived circumferences were also substituted for manual measures in circumference-based equations. A subset of 50 cadets returned after the program to assess longitudinal validity, defined as the agreement between the change in the BF% from DXA and those produced by each field method. Cross-sectional and longitudinal validity were assessed using null-hypothesis significance and equivalence testing, coefficients of determination, concordance correlation coefficients, root mean square error, Bland-Altman analyses, and Deming regression. Classification accuracy based on AFROTC BF% standards was assessed at baseline using sensitivity and specificity analyses. The University Institutional Review Board approved the study, and informed consent was obtained before participation. Although most cadets met the AFROTC BMI standards (57.9%), only one-third met the DXA-derived BF% standards (33.3%), indicating false compliance when using BMI alone. Cross-sectionally, NIRS and SWBIA demonstrated the lowest measurement error and the highest accuracy for classifying cadets according the AFROTC BF% guidelines. Longitudinally, changes in BF% from 3DO and NIRS demonstrated the strongest agreement with DXA. Overall performance comparisons indicated that NIRS, SWBIA, and 3DO provided the most accurate and consistent BF% estimates relative to DXA, while traditional circumference-based equations produced the largest errors. NIRS, SWBIA, and 3DO provide accurate, portable alternatives to DXA for assessing BF% in AFROTC cadets. Despite most cadets meeting BMI standards and the widespread use of circumference-based equations in practice, our findings that the majority of cadets exceeded DXA-derived BF% standards, and that circumference-based estimates were the least accurate, highlight the limitations of current assessment methods. Strengths include direct comparison with DXA and both cross-sectional and longitudinal assessments, although limitations include reliance on a single cohort and modest BF% changes. Overall, these findings support integrating these accessible, user-friendly technologies into military health and fitness assessments, with future studies warranted in larger cohorts undergoing differential training programs across varied settings.",Journal Article,,,,FULL_TEXT_UNAVAILABLE,,,,,NO_PMCID_IN_PRIMARY_METADATA,Design classification required before appraisal,NOT_POSSIBLE_WITHOUT_LAWFUL_FULL_TEXT,FULL_TEXT_REVIEW_AWAITING_APPRAISAL,FULL_TEXT_UNAVAILABLE,NO,"Source discovery completed; no final scientific inclusion without full-text appraisal, exact claim mapping and human confirmation."
EV-0137,"Rehabilitative Interventions for Flight-Related Musculoskeletal Injuries in the Neck, Shoulder, and Back among Military Pilots and Aircrew: A Systematic Review With Meta-Analysis.",10.1093/milmed/usag098,41863396,,KX3L9Y73,2026,,,,CANONICAL_BASELINE,LOOP3X full-universe authoritative materialization,https://docs.google.com/spreadsheets/d/1PsCIFKpNMjrpsaHVu2mGKFYlRboKvNGgorZocCILnoY/edit#FULL_UNIVERSE_SCREENING,Drive modified 2026-09-21T02:35:49.190Z,PubMed A/B/C baseline,"Evidence Command Center 1,456 baseline; LOOP3X materialization",BASELINE,,HIGH_RELEVANCE,DIRECT_MANUSCRIPT_FIT,FULL_TEXT_REVIEW,P1 — HIGH,Musculoskeletal injury,International,Operational Implications / Discussion,YES,NO,NO,Verified — clear,NO,,PENDING,Refined 3-pass screen; scientific text separated from workflow/admin metadata,63,LOT-04-P1,https://pubmed.ncbi.nlm.nih.gov/41863396/,"Military pilots and aircrew frequently experience musculoskeletal injuries (MSKIs), particularly in the neck, shoulder, and back, because of the physical and environmental demands of flight. The prevalence of these injuries varies depending on the type of aircraft operated. Such injuries can significantly impact operational readiness and flight capabilities, especially in deployed settings where access to therapy may be limited. Interventions to prevent or mitigate MSKIs are critical to keeping pilots and aircrew flight ready. Non-pharmacological therapies provide accessible, autonomous care, and promote recovery and a more rapid return to duty, especially in remote settings. This review will evaluate the effectiveness of non-pharmacological interventions versus control/usual care therapy in improving strength and pain among military pilots/aircrew with MSKIs in the neck, shoulder and back. We searched English publications in Ovid MEDLINE ALL, Embase, CENTRAL, Scopus, ClinicalTrials.gov, National Technical Reports Library, CINAHL Complete, and Google Scholar from their inception to June 2024. Two evaluators independently conducted title and abstract screening and reviewed eligible studies. Full-text articles were screened against eligibility criteria by 2 independent reviewers, with any lack of reviewer consensus being resolved by a third reviewer. The systematic review identified 22 reports from 20 studies of military pilots and/or aircrew, including 14 randomized controlled trials (RCT), 5 non-randomized trials, and 3 observational studies, all of which were included in the analyses. A meta-analysis was performed to address the level of improvement in strength and pain with the indicated treatments. Data were converted to standard mean differences (SMD) between treatment and control groups. A 3-level mixed effects model was used for the meta-analysis. While 126 reports were considered for full-text review, 22 met the eligibility criteria and were included in the systematic review. The analyses demonstrated modest improvements in strength and pain with rehabilitative therapies directed to neck, shoulder or back as compared to control/usual care. Rehabilitative therapies potentially provided by embedded healthcare teams show promise in improving physical strength, reducing pain, and addressing the high prevalence of MSKI among military pilots and aircrew. However, further research is needed to refine intervention strategies, evaluate the long-term impact of embedded teams, and enhance recovery, resilience, and physical health outcomes tailored to their demanding operational needs.",Journal Article,,,11207-N23-D01 Uniformed Services University of the Health Sciences (USU),FULL_TEXT_UNAVAILABLE,,,,,NO_PMCID_IN_PRIMARY_METADATA,Design classification required before appraisal,NOT_POSSIBLE_WITHOUT_LAWFUL_FULL_TEXT,FULL_TEXT_REVIEW_AWAITING_APPRAISAL,FULL_TEXT_UNAVAILABLE,NO,"Source discovery completed; no final scientific inclusion without full-text appraisal, exact claim mapping and human confirmation."
EV-0141,Effectiveness of Structured Breathwork Interventions on Heart Rate Variability and Heart Rate Recovery Following Maximal Exertion in Tactical Athletes.,10.1249/mss.0000000000003972,41839180,,HI7H8R2B,2026,,,,CANONICAL_BASELINE,LOOP3X full-universe authoritative materialization,https://docs.google.com/spreadsheets/d/1PsCIFKpNMjrpsaHVu2mGKFYlRboKvNGgorZocCILnoY/edit#FULL_UNIVERSE_SCREENING,Drive modified 2026-09-21T02:35:49.190Z,PubMed A/B/C baseline,"Evidence Command Center 1,456 baseline; LOOP3X materialization",BASELINE,,HIGH_RELEVANCE,DIRECT_MANUSCRIPT_FIT,FULL_TEXT_REVIEW,P1 — HIGH,Sleep / fatigue / recovery,Both,Integrated Operational Readiness / Discussion,YES,NO,NO,Verified — clear,NO,,PENDING,Refined 3-pass screen; scientific text separated from workflow/admin metadata,64,LOT-04-P1,https://pubmed.ncbi.nlm.nih.gov/41839180/,"This study investigated the acute effects of two structured breathwork methods on autonomic recovery following maximal exertion. A randomized control trial was conducted with 62 cadets (44 males and 18 females) assigned to three distinct groups: box breathing (BB), cyclic sighing (CS), or spontaneous breathing control. Participants performed a graded exercise test to assess maximal oxygen consumption (VO 2 ). High-frequency heart rate variability (HF-HRV) and heart rate recovery (HRR) were collected to evaluate autonomic recovery and parasympathetic reactivation. HF-HRV was analyzed at three time points: baseline (Pre), 1-3-min postexercise recovery (Post1), and 4-6-min postexercise (Post2). HRR was measured at 1- and 3-min intervals, analyzing reductions from peak heart rate captured at VO 2max . All analyses were evaluated using a 3 (group) × 3 (time) mixed-design repeated-measures analysis of variance. All groups were comparable in age, weight, height, and body mass index (21 ± 3 yr; 77.4 ± 15.4 kg; 173.1 ± 9.0 cm; 25.7 ± 4.0 kg·m -2 , respectively). HF-HRV revealed significant main effects for time ( F(2,118) = 465.01, P < 0.001, η 2 =0.89), group ( F(2,59) = 8.20, P < 0.001, η 2 =0.22), and time × group interaction ( F(4,118) = 3.54, P = 0.009, η 2 =0.21). Both the CS and BB groups had greater increases in HF-HRV from Post1 to Post2 when compared to spontaneous breathing ( P = 0.001). HRR improved across all participants from 1- to 3-min postexercise with n group level differences ( F(1,59) = 33.51, P < 0.001, η 2 =0.36). Structured breathwork following maximal exertion significantly accelerated parasympathetic reactivation as reflected by HF-HRV. Both BB and CS offer a simple field-ready intervention aimed to enhance operational readiness for tactical populations through enhancing acute physiological recovery.",Journal Article; Randomized Controlled Trial,,,,FULL_TEXT_UNAVAILABLE,,,,,NO_PMCID_IN_PRIMARY_METADATA,RoB 2,NOT_POSSIBLE_WITHOUT_LAWFUL_FULL_TEXT,FULL_TEXT_REVIEW_AWAITING_APPRAISAL,FULL_TEXT_UNAVAILABLE,NO,"Source discovery completed; no final scientific inclusion without full-text appraisal, exact claim mapping and human confirmation."
EV-0143,Strengthening Navy's biosecurity in the face of the asymmetric threat of marine zoonoses.,10.1016/j.mjafi.2025.11.017,41821592,PMC12976766,6UYX5IFX,2026,,,,CANONICAL_BASELINE,LOOP3X full-universe authoritative materialization,https://docs.google.com/spreadsheets/d/1PsCIFKpNMjrpsaHVu2mGKFYlRboKvNGgorZocCILnoY/edit#FULL_UNIVERSE_SCREENING,Drive modified 2026-09-21T02:35:49.190Z,PubMed A/B/C baseline,"Evidence Command Center 1,456 baseline; LOOP3X materialization",BASELINE,,HIGH_RELEVANCE,DIRECT_MANUSCRIPT_FIT,FULL_TEXT_REVIEW,P1 — HIGH,Physical / academy readiness,International,Physical and Academy Readiness / Aptidao e academia,YES,NO,NO,Verified — clear,NO,,PENDING,Refined 3-pass screen; scientific text separated from workflow/admin metadata,65,LOT-04-P1,https://pubmed.ncbi.nlm.nih.gov/41821592/,"As modern naval operations increasingly occur in littoral and tropical marine environments, the threat of marine zoonoses-infectious diseases transmitted from marine organisms to humans-has emerged as a potent asymmetric challenge. Unlike conventional military threats, these pathogens bypass hardware defenses and instead target personnel, compromising mission readiness, creating operational delays, and threatening force health protection. This review explores the biological and operational dimensions of marine zoonoses, including bacterial, parasitic, viral, and toxin-related risks such as Vibrio spp. , Anisakis spp. , norovirus, ciguatera, and scombroid poisoning. It analyzes transmission chains, risk pathways, and epidemiological patterns relevant to naval deployments. The review also introduces a strategic biosecurity framework for naval forces composed of three pillars: prevention, detection, and response. This framework integrates health education, medical intelligence, environmental surveillance, and outbreak control protocols to safeguard personnel in maritime settings. A strong cross-sector collaboration, integrating military-civilian efforts in surveillance, diagnostics, and response is essential. Embedding marine biosecurity into military doctrine through training, diagnostic capacity building, and outbreak simulations enhances frontline preparedness. Marine medicine thus plays a vital role in defending both personnel and operations through proactive, coordinated, and strategic biosecurity actions.",Journal Article; Review,PMC12976766,,,LAWFUL_PMC_XML,https://pmc.ncbi.nlm.nih.gov/articles/PMC12976766/,PMC XML: ,,,,Design classification required before appraisal,PENDING_AI_FULL_TEXT_REVIEW,FULL_TEXT_REVIEW_AWAITING_APPRAISAL,UNRESOLVED,NO,"Source discovery completed; no final scientific inclusion without full-text appraisal, exact claim mapping and human confirmation."
EV-0146,Epidemiology of stress fractures among military cadets: a retrospective cohort study at a tertiary military medical center.,10.1097/ms9.0000000000004697,41789227,PMC12959775,WVKR53YS,2026,,,,CANONICAL_BASELINE,LOOP3X full-universe authoritative materialization,https://docs.google.com/spreadsheets/d/1PsCIFKpNMjrpsaHVu2mGKFYlRboKvNGgorZocCILnoY/edit#FULL_UNIVERSE_SCREENING,Drive modified 2026-09-21T02:35:49.190Z,PubMed A/B/C baseline,"Evidence Command Center 1,456 baseline; LOOP3X materialization",BASELINE,,HIGH_RELEVANCE,DIRECT_MANUSCRIPT_FIT,FULL_TEXT_REVIEW,P1 — HIGH,Musculoskeletal injury,International,Operational Implications / Discussion,YES,NO,NO,Verified — clear,NO,,PENDING,Refined 3-pass screen; scientific text separated from workflow/admin metadata,66,LOT-04-P1,https://pubmed.ncbi.nlm.nih.gov/41789227/,"Stress fractures are a common overuse injury among physically active populations, yet data on their incidence and characteristics in military trainees remain limited. This study describes epidemiology, anatomical distribution, and management of stress fractures in military students at a tertiary military medical center. We performed a retrospective cohort review of 109 male military students diagnosed with stress fractures between January 2020 and August 2025. Demographics, risk factors, fracture sites, and treatment modalities were extracted from electronic medical records and imaging archives; tibial stress fractures were additionally graded using the Fredericson MRI system. Descriptive statistics, including means, standard deviations, frequencies and percentages, and inferential analyses such as chi-square tests, independent-samples t-tests and Mann-Whitney U tests, were conducted using SPSS version 25.0. The mean age of the cohort was 19.68 ± 1.33 years; 76.1% were under 20 years of age. All fractures involved the lower part of the body, with the tibia most frequently affected (69.7%), followed by the femur (11.0%), foot (8.3%), and hip (8.3%). Anatomically, the right proximal tibia (13.8%) and left proximal tibia (11%) were the most common sites; bilateral injuries accounted for 12.9% of cases. Conservative management was undertaken in 70.6% of cases; 29.4% required surgical intervention, most commonly open reduction and internal fixation. Operative management was significantly associated with fracture location, with hip and femoral fractures more frequently treated surgically than tibial fractures [χ 2 (5, N = 109) = 37.8, P < 0.001]. Age and body mass index did not differ significantly between operatively and non-operatively managed patients. While conservative therapy suffices for most, nearly one-third of fractures required surgical stabilization. These findings support early imaging-based diagnosis, graduated training protocols, and targeted prevention strategies to reduce injury burden and maintain operational readiness.",Journal Article,PMC12959775,,,LAWFUL_PMC_XML,https://pmc.ncbi.nlm.nih.gov/articles/PMC12959775/,PMC XML: Discussion | Conclusion,"Discussion: This retrospective study characterized stress fractures in 109 young male military students, revealing a predominance of tibial involvement (69.7%), a conservative first treatment approach (70.6%), and a mean age of 19.7 years. These findings align closely with previous military cohorts and emphasize the need for targeted prevention and management strategies in high intensity training environments. | Conclusion: Stress fractures in military students predominantly affect young male trainees and most commonly involve the tibia, with most cases healing under conservative management and a minority requiring surgery. These findings support early detection pathways and tailored treatment to minimize time away from training. Military institutions should integrate ongoing surveillance for bone stress injuries with graduated training programs and structured recovery protocols to reduce injury burden and maintain operational readiness.",,,Design classification required before appraisal,PENDING_AI_FULL_TEXT_REVIEW,FULL_TEXT_REVIEW_AWAITING_APPRAISAL,UNRESOLVED,NO,"Source discovery completed; no final scientific inclusion without full-text appraisal, exact claim mapping and human confirmation."
EV-0149,Enhancing Military Musculoskeletal Readiness: A Proposal for Collaboration.,10.1093/milmed/usag006,41734198,,J4UBTLC7,2026,,,,CANONICAL_BASELINE,LOOP3X full-universe authoritative materialization,https://docs.google.com/spreadsheets/d/1PsCIFKpNMjrpsaHVu2mGKFYlRboKvNGgorZocCILnoY/edit#FULL_UNIVERSE_SCREENING,Drive modified 2026-09-21T02:35:49.190Z,PubMed A/B/C baseline,"Evidence Command Center 1,456 baseline; LOOP3X materialization",BASELINE,,HIGH_RELEVANCE,DIRECT_MANUSCRIPT_FIT,FULL_TEXT_REVIEW,P1 — HIGH,Musculoskeletal injury,International,Operational Implications / Discussion,YES,NO,NO,Verified — clear,NO,,PENDING,Refined 3-pass screen; scientific text separated from workflow/admin metadata,67,LOT-04-P1,https://pubmed.ncbi.nlm.nih.gov/41734198/,"Despite the dedicated efforts of a wide breadth of musculoskeletal (MSK) physicians and providers across the Military Health System (MHS), musculoskeletal injuries (MSKIs) continue to represent the most significant threat to the readiness, deployability and retention of United States military personnel. MSK readiness is warfighter readiness. There is a compelling need to align and integrate the multitude of programs and initiatives currently in place and to increase the number and value of civilian military partnerships. We must use and share existing data repositories, such as the Military Orthopaedic Tracking Injuries and Outcomes Network, to guide our MSK research agenda with the goal of eliminating preventable injuries and to optimize the care we provide for unavoidable MSK injuries and diseases. Formalizing relationships among the current military and civilian organizations and programs focused on MSK prevention and treatment is also a critical necessity. Enhanced collaboration between the Society of Military Orthopedic Surgeons, the Military Advanced Surgical Training initiative, the Consortium for Health and Military Performance and the Musculoskeletal Injury Rehabilitation Research for Operational Readiness programs at the Uniformed Services University will pay tremendous readiness dividends when their efforts are formally aligned and integrated with the Defense Health Agency and the service medical departments. This will also create the foundation necessary for the MHS to establish itself as a national exemplar for the provision of value based MSK care. Despite the existence of a robust database, skilled practitioners, and the backing of academic and civilian expertise, there is room for improvement in our ability to improve the outcomes of the MSK care we provide. We need to integrate and share siloed data to optimize the operative and non-operative MSK care we provide. We also need to foster enhanced collaboration among all the entities dedicated to decreasing the burden of MSK injuries and disease on both our warfighters and our veterans. The essential elements are there but lack the alignment and integration necessary to optimize MSK readiness. With the commitment of engaged MHS leadership, concerted effort at the point of care, and increased collaboration by key stakeholders we can maximize readiness while creating a cohesive system of value-based MSK care worthy of national emulation. The time to act is now.",Journal Article,,,,FULL_TEXT_UNAVAILABLE,,,,,NO_PMCID_IN_PRIMARY_METADATA,Design classification required before appraisal,NOT_POSSIBLE_WITHOUT_LAWFUL_FULL_TEXT,FULL_TEXT_REVIEW_AWAITING_APPRAISAL,FULL_TEXT_UNAVAILABLE,NO,"Source discovery completed; no final scientific inclusion without full-text appraisal, exact claim mapping and human confirmation."
EV-0151,Kolb learning styles in Tactical Combat Casualty Care (TCCC): a comparative study of military learners and civilian paramedics.,10.1186/s12873-026-01509-8,41714953,PMC13020355,U86J7838,2026,,,,CANONICAL_BASELINE,LOOP3X full-universe authoritative materialization,https://docs.google.com/spreadsheets/d/1PsCIFKpNMjrpsaHVu2mGKFYlRboKvNGgorZocCILnoY/edit#FULL_UNIVERSE_SCREENING,Drive modified 2026-09-21T02:35:49.190Z,PubMed A/B/C baseline,"Evidence Command Center 1,456 baseline; LOOP3X materialization",BASELINE,,HIGH_RELEVANCE,DIRECT_MANUSCRIPT_FIT,FULL_TEXT_REVIEW,P1 — HIGH,Tactical medicine / TCCC / TECC / APH,International,Tactical Medicine Readiness / APH-Tatico,YES,NO,NO,Verified — clear,NO,,PENDING,Refined 3-pass screen; scientific text separated from workflow/admin metadata,68,LOT-04-P1,https://pubmed.ncbi.nlm.nih.gov/41714953/,"BACKGROUND: Tactical Combat Casualty Care (TCCC) is a widely used training framework for battlefield trauma care. Despite its growing implementation in both military and civilian contexts, data comparing learning style distributions between military and civilian populations receiving TCCC-related training remain limited. OBJECTIVE: This study aimed to compare Kolb learning styles between professional soldiers receiving tactical medic training and paramedics working in prehospital emergency services. METHODS: This cross-sectional descriptive study included 61 male participants: 39 military personnel undergoing a 2.5-month, 360-hour tactical combat medic course, and 22 paramedics serving as the control group. Learning styles were assessed using the validated Kolb Learning Style Inventory. Group differences were analyzed using Fisher’s exact and Mann–Whitney U test. RESULTS: Military participants most frequently exhibited the Converger (41.0%) and Accommodator (25.6%) styles, reflecting a preference for hands-on, action-driven learning. Paramedics, in contrast, showed higher proportions of Assimilators (31.8%) and Divergers (31.8%), favoring reflective and abstract strategies. The difference in learning style distribution between groups was statistically significant (p = 0.038). Demographic comparisons also revealed differences in age and educational background. CONCLUSION: Military trainees and civilian paramedics display different learning style profiles. These findings are descriptive and hypothesis-generating and may inform future research on TCCC educational approaches.",Journal Article; Comparative Study,PMC13020355,,,LAWFUL_PMC_XML,https://pmc.ncbi.nlm.nih.gov/articles/PMC13020355/,PMC XML: Results | Discussion | Conclusion,"Results: A total of 61 male participants were included in the study, comprising 39 individuals in the military group and 22 in the paramedic group. The median age was 28.0 years [26.5–30.0] in the military group and 30.0 years [28.25–31.0] in the paramedic group, with a statistically significant difference between groups ( p = 0.018). Educational background and parental education levels also varied between the groups. Among military personnel, the majority had completed upper secondary education or post-secondary vocational programs, whereas most paramedics held a university degree. The distribution of parental education—particularly father’s education—also showed observable differences between groups, although not all were statistically significant (Table 1 ). | Discussion: This study provides a comparative analysis of Kolb learning styles among military personnel enrolled in a Tactical Combat Medic Training Program and practicing civilian paramedics serving as a comparison cohort. We observed statistically significant differences in learning style distributions between groups ( p < 0.05): military trainees were most frequently classified as Convergers (41.0%) and Accommodators (25.6%), whereas paramedics more commonly exhibited Assimilator (31.8%) and Diverger (31.8%) profiles. | Conclusion: This study demonstrates significant differences in Kolb learning style distributions between military personnel undergoing TCCC-related training and civilian paramedics. Military trainees predominantly exhibited Converging and Accommodating styles, whereas civilian paramedics more frequently demonstrated Diverging and Assimilating profiles. These findings are descriptive and reflect differences in learning preferences rather than educational effectiveness. Because no outcomes related to skill acquisition or performance were assessed, the results should be interpreted as exploratory. Nevertheless, identifying such differences may help inform future interventional studies evaluating whether adapted TCCC instructional approaches influence learning processes and training outcomes.",,,Design classification required before appraisal,PENDING_AI_FULL_TEXT_REVIEW,FULL_TEXT_REVIEW_AWAITING_APPRAISAL,UNRESOLVED,NO,"Source discovery completed; no final scientific inclusion without full-text appraisal, exact claim mapping and human confirmation."
EV-0153,Recovery outcomes for military personnel undergoing surgery for lumbar spinal stenosis induced by physical overload: a retrospective study.,10.1186/s12891-026-09638-8,41703548,PMC13020331,AQA86FUR,2026,,,,CANONICAL_BASELINE,LOOP3X full-universe authoritative materialization,https://docs.google.com/spreadsheets/d/1PsCIFKpNMjrpsaHVu2mGKFYlRboKvNGgorZocCILnoY/edit#FULL_UNIVERSE_SCREENING,Drive modified 2026-09-21T02:35:49.190Z,PubMed A/B/C baseline,"Evidence Command Center 1,456 baseline; LOOP3X materialization",BASELINE,,HIGH_RELEVANCE,DIRECT_MANUSCRIPT_FIT,FULL_TEXT_REVIEW,P1 — HIGH,Sleep / fatigue / recovery,International,Integrated Operational Readiness / Discussion,YES,NO,NO,Verified — clear,NO,,PENDING,Refined 3-pass screen; scientific text separated from workflow/admin metadata,69,LOT-04-P1,https://pubmed.ncbi.nlm.nih.gov/41703548/,"BACKGROUND: Servicemen are at high risk for musculoskeletal injuries, particularly lumbar spinal stenosis (LSS), due to the physical demands of combat and training. LSS often leads to significant disability, impacting soldiers’ quality of life and operational readiness. Surgical intervention is frequently needed, but the optimal technique for military patients remains debated. This study aimed to evaluate the outcomes of different surgical approaches for treating LSS, unilateral laminectomy for bilateral decompression (ULBD), open decompression, and decompression laminectomy with transpedicular stabilization, in wounded Ukrainian military personnel, focusing on pain relief, functional recovery, and rehabilitation timelines. METHODS: Sixty-four male servicemen (43 ± 4 years) with LSS were divided into three groups according to the surgery type: the servicemen with LSS were divided into three groups according to the surgery type: Group 1 (ULBD), Group 2 (open decompression), and Group 3 (decompression with transpedicular stabilization). Preoperative and postoperative assessments included pain intensity (Visual Analog Scale), quality of life and disability (Oswestry Disability Index), and functional recovery using the International Classification of Functioning, Disability, and Health. Follow-up evaluations were conducted at one week, one month, and six months postsurgery. RESULTS: Postoperative outcomes revealed significant pain reduction across all groups. However, Group 3 patients exhibited slower recovery, with persistent moderate impairments in quality of life and mobility six months postsurgery. In contrast, Groups 1 and 2 demonstrated faster rehabilitation, with minimal impairments by six months. The time to return to duty was notably longer in Group 3 (80.8 ± 20.8 days) than in Group 1 (27.4 ± 15.3 days) and Group 2 (38.4 ± 16.6 days). CONCLUSIONS: ULBD and open decompression techniques offer faster recovery and better functional outcomes for military personnel with LSS compared to decompression with transpedicular stabilization. These findings suggest that less invasive procedures may be more suitable for military patients requiring a swift return to duty.",Journal Article,PMC13020331,,,LAWFUL_PMC_XML,https://pmc.ncbi.nlm.nih.gov/articles/PMC13020331/,PMC XML: Discussion | Conclusions,"Discussion: The results of this study describe the varying outcomes of different surgical interventions for LSS in wounded servicemen, emphasizing the need for a tailored approach to surgical treatment depending on the severity of the condition and the specific needs of the patient. | Conclusions: In conclusion, this study underscores the importance of individualized surgical planning for wounded servicemen with lumbar spinal canal stenosis. While minimally invasive procedures such as ULBD offer significant advantages in terms of pain relief and quicker return to duty, more invasive techniques such as decompression laminectomy with stabilization remain essential for patients with severe or complex conditions, despite their longer recovery times. These findings contribute to the ongoing discussion about optimizing surgical strategies for LSS, particularly in the context of military medicine, where the balance between effective treatment and rapid return to operational readiness is crucial.",,,Design classification required before appraisal,PENDING_AI_FULL_TEXT_REVIEW,FULL_TEXT_REVIEW_AWAITING_APPRAISAL,UNRESOLVED,NO,"Source discovery completed; no final scientific inclusion without full-text appraisal, exact claim mapping and human confirmation."
EV-0156,COMT and ACE (Epi)genetic Variation Is Associated with Cognitive and Metabolic Resilience in Swiss Tactical Athletes.,10.3390/ijms27031340,41683763,PMC12898589,MUE68BHC,2026,,,,CANONICAL_BASELINE,LOOP3X full-universe authoritative materialization,https://docs.google.com/spreadsheets/d/1PsCIFKpNMjrpsaHVu2mGKFYlRboKvNGgorZocCILnoY/edit#FULL_UNIVERSE_SCREENING,Drive modified 2026-09-21T02:35:49.190Z,PubMed A/B/C baseline,"Evidence Command Center 1,456 baseline; LOOP3X materialization",BASELINE,,HIGH_RELEVANCE,DIRECT_MANUSCRIPT_FIT,FULL_TEXT_REVIEW,P1 — HIGH,Cognition / firearm performance,International,Cognition and Firearm-Task Performance / Cognicao e tiro,YES,NO,NO,Verified — clear,NO,,PENDING,Refined 3-pass screen; scientific text separated from workflow/admin metadata,70,LOT-04-P1,https://pubmed.ncbi.nlm.nih.gov/41683763/,"Resilience to stress integrates cognitive, physiological, and behavioral adaptations to sustain performance under adversity. Genetic variation in catechol-O-methyltransferase ( COMT , rs4680) and angiotensin-converting enzyme ( ACE , rs1799752) modulates dopaminergic and renin-angiotensin signaling, influencing tissue oxygenation and fatigue resistance. We examined COMT - and ACE -promoter methylation and genotypes in relation to resilience traits in Swiss tactical athletes (24.6 years) with a maximal power output of 534 W and 21,656 W, respectively, during cardiopulmonary exercise and elbow strike testing. At a 5% false-discovery rate, COMT genotype/methylation explained ~12% of the variance in cognitive performance and metabolic resilience, while ACE explained ~6-7% in strength-endurance and muscle resistance. Antidromic linear associations between COMT genotype and methylation with visual reaction time under reactive stress indicate opposing regulatory influences, best captured by regression models incorporating (epi)genetic covariates. The strongest methylation effects involved COMT promoter associations with muscle hemoglobin content across cardiopulmonary exercise zones (r = 0.43-0.58) and sport-specific strain (r = -0.46). COMT - and ACE -promoter methylation, correlated with time spent in the first aerobic training zone (r = 0.55 and 0.32), indicating environmentally responsive epigenetic modulation. These findings highlight neurovascular-metabolic coupling via dopaminergic and renin-angiotensin pathways as a key mechanism in stress adaptation. System-level adaptations in these pathways align with COMT and ACE (epi)genetic blood profiles, positioning them as candidate resilience biomarkers. Larger, preregistered studies with site-specific CpG analyses and mechanistic assays are needed to establish causal relevance and translational utility for resilience-informed performance optimization in high-stakes professionals.",Journal Article,PMC12898589,,2022_000_00101 This research was funded by the Innovation Board of the Swiss Army; NA Swiss Federal Institute of Sport Magglingen SFISM,LAWFUL_PMC_XML,https://pmc.ncbi.nlm.nih.gov/articles/PMC12898589/,PMC XML: ,,,,Design classification required before appraisal,PENDING_AI_FULL_TEXT_REVIEW,FULL_TEXT_REVIEW_AWAITING_APPRAISAL,UNRESOLVED,NO,"Source discovery completed; no final scientific inclusion without full-text appraisal, exact claim mapping and human confirmation."
EV-0158,TELE-SLEEP OSA: A protocol for a hybrid type I randomized clinical trial of telemedicine for obstructive sleep apnea among military dependents and retirees.,10.1016/j.cct.2026.108252,41651286,,4RDHET2J,2026,,,,CANONICAL_BASELINE,LOOP3X full-universe authoritative materialization,https://docs.google.com/spreadsheets/d/1PsCIFKpNMjrpsaHVu2mGKFYlRboKvNGgorZocCILnoY/edit#FULL_UNIVERSE_SCREENING,Drive modified 2026-09-21T02:35:49.190Z,PubMed A/B/C baseline,"Evidence Command Center 1,456 baseline; LOOP3X materialization",BASELINE,,HIGH_RELEVANCE,DIRECT_MANUSCRIPT_FIT,FULL_TEXT_REVIEW,P1 — HIGH,Sleep / fatigue / recovery,International,Integrated Operational Readiness / Discussion,YES,NO,NO,Verified — clear,NO,,PENDING,Refined 3-pass screen; scientific text separated from workflow/admin metadata,71,LOT-04-P1,https://pubmed.ncbi.nlm.nih.gov/41651286/,"Obstructive sleep apnea (OSA) is common and costly in the U.S. military health system (MHS). OSA is associated with poor health outcomes as well as increased economic burden borne by the Defense Health Agency. The MHS lacks the capacity to meet the available demand for sleep specialty care. Thus, most military OSA care is provided by private sector TRICARE-contracted civilian providers. Given the burden of OSA and limited access to OSA care, optimizing OSA care within the MHS is vital. TELE-SLEEP OSA is a randomized, parallel group, single blind, controlled clinical trial comparing OSA telehealth care to standard private sector TRICARE. Participants will include 160 active-duty family members and Defense Enrollment Eligibility Reporting System beneficiaries who are referred for OSA consultation. Following informed consent, participants will complete baseline assessments prior to randomization. Participants randomized to private sector TRICARE will receive treatment as usual, including positive airway pressure (PAP) therapy. Participants randomized to OSA telehealth care will undergo telehealth consultation with a board-certified sleep medicine specialist, undergo home sleep apnea testing, receive auto-titrating PAP therapy, and receive ongoing support from educator-level sleep navigators throughout the study. Quantitative follow-up assessments will be completed at 30 and 90 days after treatment initiation. Qualitative focus groups to assess participant satisfaction and other implementation outcomes will be conducted with participants from both treatment groups. Outcomes include PAP adherence (primary outcome), OSA symptoms, implementation, and cost-effectiveness. Our telemedicine approach to OSA treatment aims to reduce costs and improve health outcomes within the MHS. NCT07121452.",Journal Article; Clinical Trial Protocol,,,,FULL_TEXT_UNAVAILABLE,,,,,NO_PMCID_IN_PRIMARY_METADATA,RoB 2,NOT_POSSIBLE_WITHOUT_LAWFUL_FULL_TEXT,FULL_TEXT_REVIEW_AWAITING_APPRAISAL,FULL_TEXT_UNAVAILABLE,NO,"Source discovery completed; no final scientific inclusion without full-text appraisal, exact claim mapping and human confirmation."
EV-0161,Behavioral health technician delivered written exposure therapy for posttraumatic stress disorder in the military: Design of a hybrid implementation effectiveness trial.,10.1016/j.conctc.2026.101598,41626067,PMC12856258,FT8IFYQL,2026,,,,CANONICAL_BASELINE,LOOP3X full-universe authoritative materialization,https://docs.google.com/spreadsheets/d/1PsCIFKpNMjrpsaHVu2mGKFYlRboKvNGgorZocCILnoY/edit#FULL_UNIVERSE_SCREENING,Drive modified 2026-09-21T02:35:49.190Z,PubMed A/B/C baseline,"Evidence Command Center 1,456 baseline; LOOP3X materialization",BASELINE,,HIGH_RELEVANCE,DIRECT_MANUSCRIPT_FIT,FULL_TEXT_REVIEW,P1 — HIGH,Mental health / stress,International,Organizational Health Context / Discussao,YES,NO,NO,Verified — clear,NO,,PENDING,Refined 3-pass screen; scientific text separated from workflow/admin metadata,72,LOT-04-P1,https://pubmed.ncbi.nlm.nih.gov/41626067/,"Posttraumatic stress disorder (PTSD) affects up to 13-17 % of active duty military personnel who deployed after 9/11 and significantly impacts military readiness. However, behavioral health providers in the Military Health System (MHS) face significant challenges in implementing evidence-based psychotherapies (EBPs) such as Written Exposure Therapy (WET). One of the main obstacles is the limited capacity to schedule and conduct weekly therapy sessions due to large patient panels and heavy workloads. This study uses a Hybrid Type 1 implementation-effectiveness design to increase access to WET by task sharing delivery with behavioral health technicians (BHTs). We will compare BHT-delivered WET plus treatment as usual (TAU) to TAU alone in a Phase II randomized clinical trial with 150 active-duty participants. The primary aims are to evaluate the clinical effectiveness of BHT-delivered WET, patient acceptability, and BHT treatment fidelity. Secondary aims include identifying barriers and facilitators to WET implementation. Participants will be randomly assigned to BHT-delivered WET or TAU alone, with WET delivered weekly over five sessions either in-person or via telehealth. Quality control will be maintained through rigorous BHT training, supervision, and fidelity assessments. Community-Based Participatory Research methods will ensure stakeholder engagement and feedback throughout the study. Data analysis involves linear mixed-effects models and rapid qualitative analysis to assess outcomes. The results will demonstrate the effectiveness of WET in routine care settings and the feasibility of BHT-delivered WET as an implementation strategy. The findings have the potential to enhance PTSD treatment accessibility and inform best practices within the MHS and similar settings.",Journal Article,PMC12856258,,,LAWFUL_PMC_XML,https://pmc.ncbi.nlm.nih.gov/articles/PMC12856258/,PMC XML: Discussion,"Discussion: PTSD is a major public health problem in the military, and there is an urgent need to mitigate this burden by effectively treating the large number of military personnel with PTSD. The goal of this study is to evaluate a potential solution for increasing access to effective treatment. By comparing the effects of BHT-delivered WET + TAU to TAU alone and assessing clinical and implementation outcomes, this trial will determine the effectiveness of WET and the feasibility of task shifting to BHTs as an implementation strategy.",,,Design classification required before appraisal,PENDING_AI_FULL_TEXT_REVIEW,FULL_TEXT_REVIEW_AWAITING_APPRAISAL,UNRESOLVED,NO,"Source discovery completed; no final scientific inclusion without full-text appraisal, exact claim mapping and human confirmation."
EV-0169,"Risk Factors for Musculoskeletal Injuries in Military Recruits: The Impact of Sex, Body Fat Percentage, and Physical Fitness.",10.1093/milmed/usaf614,41528757,,9JEI34QV,2026,,,,CANONICAL_BASELINE,LOOP3X full-universe authoritative materialization,https://docs.google.com/spreadsheets/d/1PsCIFKpNMjrpsaHVu2mGKFYlRboKvNGgorZocCILnoY/edit#FULL_UNIVERSE_SCREENING,Drive modified 2026-09-21T02:35:49.190Z,PubMed A/B/C baseline,"Evidence Command Center 1,456 baseline; LOOP3X materialization",BASELINE,,HIGH_RELEVANCE,DIRECT_MANUSCRIPT_FIT,FULL_TEXT_REVIEW,P1 — HIGH,Physical / academy readiness,International,Physical and Academy Readiness / Aptidao e academia,YES,NO,NO,Verified — clear,NO,,PENDING,Refined 3-pass screen; scientific text separated from workflow/admin metadata,73,LOT-04-P1,https://pubmed.ncbi.nlm.nih.gov/41528757/,"Basic military training is crucial for preparing civilians for military life. This period prepares them with physical and cognitive skills required for military service. However, basic military training is marked by a high incidence of musculoskeletal injuries. In addition, female sex has been identified as a risk factor in military training courses, contributing to higher medical treatment costs and reduced operational readiness. To investigate the incidence of musculoskeletal symptoms and injuries in male and female recruits during sixteen weeks of Brazilian Marine Basic Military Training, as well as to assess their potential risk factors. A total of 626 military recruits were enrolled in the training period. The study was divided into two phases. Firstly, a cross-sectional analysis included body composition assessment and physical fitness tests. Secondly, a retrospective analysis included the application of the Nordic Musculoskeletal Symptoms Questionnaire (NMQ) at the end of the course to assess the musculoskeletal complaints experienced by the recruits. A logistic regression analysis investigated factors associated with injuries, adjusting for physical fitness variables. Data analysis was performed using Jamovi software, with a significance level set at 0.05. The NMQ revealed that women had a higher risk in the following categories: any symptom, symptoms that resulted in time loss from duties, symptoms that required medical attention, symptoms in the 7 days preceding the baseline evaluation, trunk injuries, upper and lower limbs injuries. However, after adjusting for physical fitness variables, the fitness-related factors associated with the incidence of musculoskeletal symptoms were body fat percentage and running performance only for symptoms that led to medical consultation or duty restriction. Sex was associated only with the week in which the NMQ was administered. The activities associated with a higher risk of injuries in women were drill and ceremonies, load carriage marching, and obstacle courses. The present study identified that sex, body fat percentage, and running performance were risk factors for musculoskeletal symptoms in recruits. Additionally, physical training, loaded marching, and running were the activities most associated with injuries during the training course.","Journal Article; Research Support, Non-U.S. Gov't",,,SEI-260003/013303/2024 Fundação Carlos Chagas Filho de Amparo à Pesquisa do Estado do Rio de Janeiro (FAPERJ); SEI-260003/013303/2024 Fundação Carlos Chagas Filho de Amparo à Pesquisa do Estado do Rio de Janeiro,FULL_TEXT_UNAVAILABLE,,,,,NO_PMCID_IN_PRIMARY_METADATA,Design classification required before appraisal,NOT_POSSIBLE_WITHOUT_LAWFUL_FULL_TEXT,FULL_TEXT_REVIEW_AWAITING_APPRAISAL,FULL_TEXT_UNAVAILABLE,NO,"Source discovery completed; no final scientific inclusion without full-text appraisal, exact claim mapping and human confirmation."
EV-0174,Trends in Upper Extremity Injuries in Female Marines following the Addition of the Pull-up as a Physical Fitness Test Event.,10.1093/milmed/usaf621,41503938,,LNT2SWXN,2026,,,,CANONICAL_BASELINE,LOOP3X full-universe authoritative materialization,https://docs.google.com/spreadsheets/d/1PsCIFKpNMjrpsaHVu2mGKFYlRboKvNGgorZocCILnoY/edit#FULL_UNIVERSE_SCREENING,Drive modified 2026-09-21T02:35:49.190Z,PubMed A/B/C baseline,"Evidence Command Center 1,456 baseline; LOOP3X materialization",BASELINE,,HIGH_RELEVANCE,DIRECT_MANUSCRIPT_FIT,FULL_TEXT_REVIEW,P1 — HIGH,Physical / academy readiness,International,Physical and Academy Readiness / Aptidao e academia,YES,NO,NO,Verified — clear,NO,,PENDING,Refined 3-pass screen; scientific text separated from workflow/admin metadata,74,LOT-04-P1,https://pubmed.ncbi.nlm.nih.gov/41503938/,"In November 2012, the U.S. Marine Corps announced a policy change to the female Physical Fitness Test (PFT), replacing the flexed arm hang with pull-ups. This change, which became effective on January 1, 2017, aimed to standardize fitness requirements and facilitate gender integration into combat roles. Musculoskeletal injuries (MSKIs) are a leading cause of medical encounters and non-deployability among service members. Upper extremity (UE) injuries are particularly relevant given the physical demands of pull-ups. A retrospective open cohort study was conducted using data from the Military Health System Data Repository (MDR) from fiscal years 2010-2023. International Classification of Diseases (ICD)-9 and ICD-10 codes identified UE injuries in female Marines. Single and multigroup interrupted time series analyses were used to assess changes in injury rates surrounding the PFT policy change. A total of 49,910 female Marines were included in this study, of whom 6,125 (12.3%) had at least one UE MSKI. The overall trend of UE MSKIs decreased both before and after the PFT policy change. The immediate change post-policy showed no significant changes in UE MSKIs at the time of intervention. However, specific groups experienced significant decreases in MSKI rates at the intervention: Marines ages 20-29 years, those of Black race, junior enlisted ranks, and those with overweight body mass index. The findings highlight positive impacts of the PFT policy change on reducing MSKI rates among specific subgroups of female Marines. These results inform future policy adjustments aimed at mitigating injury risks while promoting operational readiness across diverse demographics.",Journal Article,,,"HU00012120089 Department of War, Defense Health Agency; Center for Health Services Research",FULL_TEXT_UNAVAILABLE,,,,,NO_PMCID_IN_PRIMARY_METADATA,Design classification required before appraisal,NOT_POSSIBLE_WITHOUT_LAWFUL_FULL_TEXT,FULL_TEXT_REVIEW_AWAITING_APPRAISAL,FULL_TEXT_UNAVAILABLE,NO,"Source discovery completed; no final scientific inclusion without full-text appraisal, exact claim mapping and human confirmation."
EV-0177,The Effect of a Daily Undulating Periodization Program on the Physical Performance of Trainee Tactical Police Officers.,10.1519/jsc.0000000000005356,41489861,,3TQYN4GW,2026,,,,CANONICAL_BASELINE,LOOP3X full-universe authoritative materialization,https://docs.google.com/spreadsheets/d/1PsCIFKpNMjrpsaHVu2mGKFYlRboKvNGgorZocCILnoY/edit#FULL_UNIVERSE_SCREENING,Drive modified 2026-09-21T02:35:49.190Z,PubMed A/B/C baseline,"Evidence Command Center 1,456 baseline; LOOP3X materialization",BASELINE,,HIGH_RELEVANCE,DIRECT_MANUSCRIPT_FIT,FULL_TEXT_REVIEW,P1 — HIGH,Physical / academy readiness,International,Physical and Academy Readiness / Aptidao e academia,YES,NO,NO,Verified — clear,NO,,PENDING,Refined 3-pass screen; scientific text separated from workflow/admin metadata,75,LOT-04-P1,https://pubmed.ncbi.nlm.nih.gov/41489861/,"Jeremy, R, Ben, S, and Robin, O. The effect of a daily undulating periodization program on the physical performance of trainee tactical police officers. J Strength Cond Res 40(5): 622-628, 2026-Specialist tactical police officers, like Special Weapons and Tactics (SWAT) teams, require exceptional muscular strength, power, speed, and aerobic fitness. However, physical training is often constrained by demanding operational schedules and competing tactical priorities. The aim of this study was to determine the effects of a daily undulating periodization (DUP) program on specialist tactical police officer trainee fitness. A within-subjects, repeated measures, cohort study was conducted with eight police officers undergoing specialist training (29.3 ± 5.5 years, 180.6 ± 6.0 cm, 85.4 ± 7.4 kg). They were assessed before and after a 12-week DUP training cycle consisting of planned varied resistance training sessions emphasizing hypertrophy, max strength, and power development, implemented across 5 days each week to optimize recovery and adaptation. Outcomes included measures of strength (e.g., deadlift, bench press, and pull-up), lower limb peak velocity and power (loaded counter movement jump [CMJ]), and anaerobic (Repeated Anaerobic Sprint Test [RAST]) and aerobic (the Maximum Aerobic Speed [MAS]) fitness. Significant improvements in strength (pull-ups and split squat, p < 0.001) and CMJ peak velocity and power output in the unloaded, 20-kg load, and 40-kg load conditions ( p = 0.005-0.04) were found. Significant improvements in the RAST for total time, average power, and maximum power ( p = 0.02) along with MAS ( p = 0.006) and maximal oxygen uptake (V̇ o2 max) ( p = 0.006) were identified. A DUP program might be an effective method of enhancing the physical fitness required in specialist police officers for the performance of their occupational tasks within their workplace constraints. A DUP program may elicit positive anaerobic and aerobic fitness changes with concurrent increases in lower limb power and strength measures in police officers undergoing specialist police tactical training.",Journal Article,,,,FULL_TEXT_UNAVAILABLE,,,,,NO_PMCID_IN_PRIMARY_METADATA,Design classification required before appraisal,NOT_POSSIBLE_WITHOUT_LAWFUL_FULL_TEXT,FULL_TEXT_REVIEW_AWAITING_APPRAISAL,FULL_TEXT_UNAVAILABLE,NO,"Source discovery completed; no final scientific inclusion without full-text appraisal, exact claim mapping and human confirmation."
EV-0178,Leader-Inspired Nutrition: A Framework for Promoting Healthy Nutrition Behaviors and a Nutritionally Fueled and Fit Military Force.,10.3390/nu17243835,41470780,PMC12735521,5BZQYZKK,2025,,,,CANONICAL_BASELINE,LOOP3X full-universe authoritative materialization,https://docs.google.com/spreadsheets/d/1PsCIFKpNMjrpsaHVu2mGKFYlRboKvNGgorZocCILnoY/edit#FULL_UNIVERSE_SCREENING,Drive modified 2026-09-21T02:35:49.190Z,PubMed A/B/C baseline,"Evidence Command Center 1,456 baseline; LOOP3X materialization",BASELINE,,HIGH_RELEVANCE,DIRECT_MANUSCRIPT_FIT,FULL_TEXT_REVIEW,P1 — HIGH,Nutrition / shift work,International,Nutrition and Schedule Load / Nutricao e jornadas,YES,NO,NO,Verified — clear,NO,,PENDING,Refined 3-pass screen; scientific text separated from workflow/admin metadata,76,LOT-04-P1,https://pubmed.ncbi.nlm.nih.gov/41470780/,"As role models, military leaders are in a unique position to influence and inspire military members. Military leaders identify and address challenges that threaten operational readiness. A growing national concern across all military branches of service is Service members' suboptimal nutritional fitness, underpinned by increasing rates of food insecurity and obesity, inadequate nutrition knowledge and cooking skills, and limited access to healthier food options within the military nutrition environment. Military leaders set the standards, conditions, and policies for achieving their organization's goals. Therefore, Leader-Inspired Nutrition (LIN) is an evidence-based, proposed framework for how military leaders can engage Service members within the domain of nutritional fitness. LIN builds upon the nutritional fitness domain of the Department of Defense's (DoD's) Total Force Fitness framework for optimal performance. Subject matter experts in areas of nutrition science and education, military food environment, and leadership from DoD and other outside federal agencies were selected and asked to identify evidence-based strategies leaders can use to optimize nutrition readiness. This concept led to the development of the seven pillars of the LIN framework, outlining how it can be operationalized for leaders to inspire a more nutritionally fit DoD fighting force.",Journal Article,PMC12735521,,,LAWFUL_PMC_XML,https://pmc.ncbi.nlm.nih.gov/articles/PMC12735521/,PMC XML: ,,,,Design classification required before appraisal,PENDING_AI_FULL_TEXT_REVIEW,FULL_TEXT_REVIEW_AWAITING_APPRAISAL,UNRESOLVED,NO,"Source discovery completed; no final scientific inclusion without full-text appraisal, exact claim mapping and human confirmation."
EV-0179,Exploring Law Enforcement Officers' Experiences with Athletic Trainers and Work-Related Injury.,10.3390/ijerph22121769,41464403,PMC12732779,FC5ITXQD,2025,,,,CANONICAL_BASELINE,LOOP3X full-universe authoritative materialization,https://docs.google.com/spreadsheets/d/1PsCIFKpNMjrpsaHVu2mGKFYlRboKvNGgorZocCILnoY/edit#FULL_UNIVERSE_SCREENING,Drive modified 2026-09-21T02:35:49.190Z,PubMed A/B/C baseline,"Evidence Command Center 1,456 baseline; LOOP3X materialization",BASELINE,,HIGH_RELEVANCE,DIRECT_MANUSCRIPT_FIT,FULL_TEXT_REVIEW,P1 — HIGH,Musculoskeletal injury,International,Operational Implications / Discussion,YES,NO,NO,Verified — clear,NO,,PENDING,Refined 3-pass screen; scientific text separated from workflow/admin metadata,77,LOT-04-P1,https://pubmed.ncbi.nlm.nih.gov/41464403/,"Law enforcement is an emerging clinical setting for athletic trainers (ATs), yet little is known regarding law enforcement officers (LEOs) perceptions of the profession. This qualitative study following a general inductive approach explored LEOs' experiences with musculoskeletal injury and their interactions with ATs. Seven officers ( N = 7) participated in one-on-one semi-structured interviews. Three themes emerged: (1) roles and responsibilities of ATs, (2) education and training, and (3) impact of injury on LEOs. While participants viewed ATs positively, they demonstrated limited understanding of the profession's scope and expertise. Participants commonly described managing musculoskeletal injuries on their own due to cultural expectations to ""push through"" pain, limited organizational support, and administrative barriers to care. These patterns reflect broader occupational health and safety concerns within law enforcement and highlight opportunities for ATs to enhance injury prevention and early intervention by promoting a more supportive safety climate and improving access to musculoskeletal care.",Journal Article,PMC12732779,,,LAWFUL_PMC_XML,https://pmc.ncbi.nlm.nih.gov/articles/PMC12732779/,PMC XML: ,,,,Design classification required before appraisal,PENDING_AI_FULL_TEXT_REVIEW,FULL_TEXT_REVIEW_AWAITING_APPRAISAL,UNRESOLVED,NO,"Source discovery completed; no final scientific inclusion without full-text appraisal, exact claim mapping and human confirmation."
EV-0183,Virtual first: implementation of a novel sleep telehealth platform in the United States military.,10.3389/frsle.2024.1304743,41424497,PMC12713946,8FSCV72Y,2024,,,,CANONICAL_BASELINE,LOOP3X full-universe authoritative materialization,https://docs.google.com/spreadsheets/d/1PsCIFKpNMjrpsaHVu2mGKFYlRboKvNGgorZocCILnoY/edit#FULL_UNIVERSE_SCREENING,Drive modified 2026-09-21T02:35:49.190Z,PubMed A/B/C baseline,"Evidence Command Center 1,456 baseline; LOOP3X materialization",BASELINE,,HIGH_RELEVANCE,DIRECT_MANUSCRIPT_FIT,FULL_TEXT_REVIEW,P1 — HIGH,Sleep / fatigue / recovery,International,Integrated Operational Readiness / Discussion,YES,NO,NO,Verified — clear,NO,,PENDING,Refined 3-pass screen; scientific text separated from workflow/admin metadata,78,LOT-04-P1,https://pubmed.ncbi.nlm.nih.gov/41424497/,"There is a gross shortage of sleep specialist providers within the military health system. Telehealth and mobile health represent promising approaches to increase access to high quality, cost-effective care in the U.S military. This paper reports findings from a mixed-methods clinical implementation study of a novel sleep telehealth platform at two military treatment facilities in the National Capitol Region. The platform includes a mobile app and integrated wearable sensors (i.e., a commercial off-the-shelf sleep tracker [Fitbit]). The primary purpose was to evaluate the implementation of a 10-day remote monitoring assessment and provision of evidence-based sleep treatment recommendations to patients and providers. In addition, we sought to observe, in an exploratory manner, subsequent engagement with the app during 5 days of personalized sleep education and training. Patients with sleep problems completed an intensive 10-day remote monitoring assessment that included a baseline intake questionnaire, daily sleep diaries, twice daily symptom surveys, and Fitbit. Based on this assessment, patients received personalized assessment results. Concurrently, a provider report was generated that included provisional diagnoses and evidence-based treatment recommendations. Next, participants gained access to personalized sleep education and trainings within the mobile app. Within an established implementation science framework, outcomes were assessed via behavioral adherence (engagement with the app) and separate questionnaires for patients and providers. Last, we conducted four focus groups with patients and 12 key informant interviews with primary care managers (PCMs) and economic stakeholders to seek feedback and recommendations for future directions. Two hundred and seventy patients participated in the study. Using validated research questionnaires, participants reported high-risk for obstructive sleep apnea (65.6%), moderate to severe insomnia (38.2%), and moderate to severe daytime sleepiness (38.5%), and moderate to severe anxiety (14.1%) and depressive (20.4%) symptoms. Total sleep time was 6.6 (SD = 1.8) h based on sleep diaries and 6.1 (SD = 1.8) h based on Fitbit. Regarding implementation, reach, effectiveness, adoption, implementation, and maintenance were all notably high, based on quantitative and qualitative data from participants and PCMs. Sleep telehealth and mobile health represent promising approaches to increase access to cost-effective, evidence-based care for sleep disorders in the U.S. military.",Journal Article,PMC12713946,,,LAWFUL_PMC_XML,https://pmc.ncbi.nlm.nih.gov/articles/PMC12713946/,PMC XML: Discussion,"Discussion: In this study, a novel sleep telehealth platform including a web-based portal, native mobile apps, and integrated commercial wearable sensors was successfully implemented at two MTFs. Our mixed-methods approach was driven by continuous engagement with key stakeholders with at-times competing interests, including patients with sleep problems, PCMs, and economic decision-makers. Quantitative measures of behavioral adherence among patients, RE-AIM implementation outcomes among both patients and providers, and qualitative feedback from all stakeholder groups, support ongoing advancement of sleep telehealth to increase access to high-quality sleep medicine care throughout the U.S. military.",,,Design classification required before appraisal,PENDING_AI_FULL_TEXT_REVIEW,FULL_TEXT_REVIEW_AWAITING_APPRAISAL,UNRESOLVED,NO,"Source discovery completed; no final scientific inclusion without full-text appraisal, exact claim mapping and human confirmation."
EV-0194,"Comparing Standard and Advanced Lipid Profiles in Law Enforcement Officers: A Pilot Study on the Links to Fitness, Body Composition, and Cardiometabolic Risk.",10.1097/jom.0000000000003637,41355034,,DCUCC6D4,2026,,,,CANONICAL_BASELINE,LOOP3X full-universe authoritative materialization,https://docs.google.com/spreadsheets/d/1PsCIFKpNMjrpsaHVu2mGKFYlRboKvNGgorZocCILnoY/edit#FULL_UNIVERSE_SCREENING,Drive modified 2026-09-21T02:35:49.190Z,PubMed A/B/C baseline,"Evidence Command Center 1,456 baseline; LOOP3X materialization",BASELINE,,HIGH_RELEVANCE,DIRECT_MANUSCRIPT_FIT,FULL_TEXT_REVIEW,P1 — HIGH,Physical / academy readiness,International,Physical and Academy Readiness / Aptidao e academia,YES,NO,NO,Verified — clear,NO,,PENDING,Refined 3-pass screen; scientific text separated from workflow/admin metadata,79,LOT-04-P1,https://pubmed.ncbi.nlm.nih.gov/41355034/,"This study aimed to assess relationships between standard and advanced lipids, body composition, and physical fitness. Associations between standard and advanced blood lipid biomarkers, body composition, and physical fitness parameters were assessed among 43 law enforcement officers. Across separate and hierarchical regression models, the standard lipids consistently accounted for greater variation in the dependent variables, while the advanced lipids rarely provided additional explanatory power, even after controlling for multicollinearity. The standard lipid panel is likely sufficient and the most cost-effective way to identify lipid-related associations with body composition and fitness among law enforcement officers.",Journal Article; Comparative Study,,,,FULL_TEXT_UNAVAILABLE,,,,,NO_PMCID_IN_PRIMARY_METADATA,Design classification required before appraisal,NOT_POSSIBLE_WITHOUT_LAWFUL_FULL_TEXT,FULL_TEXT_REVIEW_AWAITING_APPRAISAL,FULL_TEXT_UNAVAILABLE,NO,"Source discovery completed; no final scientific inclusion without full-text appraisal, exact claim mapping and human confirmation."
EV-0195,Addressing PTSD symptoms in first responders and healthcare workers through trauma-focused treatment in Employee Assistance Programs: Protocol for a randomized controlled trial.,10.1016/j.cct.2025.108174,41352531,PMC13470624,ZYKKH2JE,2026,,,,CANONICAL_BASELINE,LOOP3X full-universe authoritative materialization,https://docs.google.com/spreadsheets/d/1PsCIFKpNMjrpsaHVu2mGKFYlRboKvNGgorZocCILnoY/edit#FULL_UNIVERSE_SCREENING,Drive modified 2026-09-21T02:35:49.190Z,PubMed A/B/C baseline,"Evidence Command Center 1,456 baseline; LOOP3X materialization",BASELINE,,HIGH_RELEVANCE,DIRECT_MANUSCRIPT_FIT,FULL_TEXT_REVIEW,P1 — HIGH,Mental health / stress,International,Organizational Health Context / Discussao,YES,NO,NO,Verified — clear,NO,,PENDING,Refined 3-pass screen; scientific text separated from workflow/admin metadata,80,LOT-05-P1,https://pubmed.ncbi.nlm.nih.gov/41352531/,"Healthcare workers and first responders are frequently exposed to traumatic events and subsequently are more susceptible to posttraumatic stress disorder (PTSD), but few receive treatment. Although Employee Assistance Programs (EAPs) are available at almost all large-sized companies, they lack the capacity to provide time-intensive first-line treatments for PTSD. To address this problem, our study team adapted a standard first-line PTSD treatment into a brief, 4-6 session format (Processing Emotions in Primary Care; PE-PC) and demonstrated its efficacy in military and veteran populations. This paper describes a study protocol to leverage the existing resource of the EAP to test intervention effectiveness among healthcare workers and first responders with treatment need. We are currently conducting a Hybrid Type 1 Effectiveness-Implementation trial to test the effectiveness of PE-PC, delivered by EAP counselors, versus EAP treatment as usual (TAU) in 360 healthcare workers and first responders with PTSD, and gather data regarding implementation. The specific aims are to compare the effectiveness of PE-PC versus EAP TAU in reducing PTSD symptoms at 6-week (post-treatment), 3-, and 6-month follow-ups, and prepare for future implementation through process evaluation and implementation mapping. We expect the study to yield an implementation strategy that is targeted to address EAP-specific implementation barriers. This project will contribute a point-of-care intervention for frontline healthcare workers and first responders with PTSD, thus improving clinical practice for populations vulnerable to PTSD and increasing preparedness for public health emergencies. gov Identifier: NCT05751473.",Journal Article; Clinical Trial Protocol,PMC13470624,,R01 MH126693 MH NIMH NIH HHS United States,LAWFUL_PMC_XML,https://pmc.ncbi.nlm.nih.gov/articles/PMC13470624/,PMC XML: Conclusion,"Conclusion: Upon successful completion of this project, we expect to have determined the effectiveness of PE-PC for frontline HCWs and first responders with PTSD and to have identified barriers and facilitators to its implementation in the context of EAPs. If PE-PC is demonstrated effective, this project will contribute a point-of-care intervention for frontline HCWs and first responders with PTSD, thus improving clinical practice for these at-risk populations. Reducing PTSD symptoms in frontline HCWs and first responders will reduce morbidity 60 , 61 and improve functioning 62 , 63 . Moreover, since PE-PC will be delivered by existing EAP staff, it can immediately be implemented into standard EAP practice at the study sites following demonstration of effectiveness. This project will also determine the cost-effectiveness of implementing PE-PC, which will allow other hospitals and EAPs to make informed decisions about whether and how to implement. Finally, through process evaluation and implementation mapping, 51 it will yield an implementation strategy that is targeted to address EAP-specific implementation barriers. This strategy will be critical for future dissemination, implementation, and ",,,RoB 2,PENDING_AI_FULL_TEXT_REVIEW,FULL_TEXT_REVIEW_AWAITING_APPRAISAL,UNRESOLVED,NO,"Source discovery completed; no final scientific inclusion without full-text appraisal, exact claim mapping and human confirmation."
EV-0196,"Nutrition for Tactical Athletes: Insights, Applications and Research Gaps.",10.1007/s40279-025-02363-7,41348147,PMC12982318,AG6F7L4D,2026,,,,CANONICAL_BASELINE,LOOP3X full-universe authoritative materialization,https://docs.google.com/spreadsheets/d/1PsCIFKpNMjrpsaHVu2mGKFYlRboKvNGgorZocCILnoY/edit#FULL_UNIVERSE_SCREENING,Drive modified 2026-09-21T02:35:49.190Z,PubMed A/B/C baseline,"Evidence Command Center 1,456 baseline; LOOP3X materialization",BASELINE,,HIGH_RELEVANCE,DIRECT_MANUSCRIPT_FIT,FULL_TEXT_REVIEW,P1 — HIGH,Nutrition / shift work,International,Nutrition and Schedule Load / Nutricao e jornadas,YES,NO,NO,Verified — clear,NO,,PENDING,Refined 3-pass screen; scientific text separated from workflow/admin metadata,81,LOT-05-P1,https://pubmed.ncbi.nlm.nih.gov/41348147/,"Tactical athletes, including military personnel, firefighters and rescue responders, operate in unpredictable and extreme environments that impose high physical and cognitive demands with life-and-death stakes. Tactical operations demonstrate metabolic demands akin to elite sports. Unlike sports competitions, tactical operations often involve prolonged exertion, limited food/water, disrupted recovery windows and circadian rhythms. This review draws on sports nutrition research to adapt evidence-based strategies for tactical athletes, highlighting key overlaps and distinctions. First, achieving adequate optimal energy availability in tactical athletes is challenging because of unpredictable demands, which makes it important to leverage training sessions to optimise nutrition strategies and energy availability. Second, when operational timelines are predictable, sport nutrient timing principles can be applied. However, under tight operational timelines, tactical athletes should aim for 1-4 g·kg -1 body mass of portable, easily digested carbohydrates with fluids in the 1-4 h before deployment, guided by practicality, logistics and individual gastrointestinal tolerance. When operations are expected to involve moderate-to-high intensity activity within the first 2 h, lower fibre, lower fat and rapidly digestible carbohydrate forms (e.g. gels, sports drinks or soft bars) may be preferred to minimise gastrointestinal discomfort. In such situations, aggressive recovery and rehydration post-operation should also be prioritised. Under high environmental heat, high carbohydrate (≥ 7 g·kg -1 BM) and low-FODMAP (Fermentable Oligo-, Di-, Monosaccharides and Polyols) intakes may mitigate heat-induced physiological changes, which include increased carbohydrate oxidation and appetite suppression. Last, evidence for creatine, nitrate, beta-alanine and bicarbonate in tactical athletes closely reflects findings in sport populations. The use of caffeine, however, requires more careful consideration as it may disrupt sleep.",Journal Article; Review,PMC12982318,,,LAWFUL_PMC_XML,https://pmc.ncbi.nlm.nih.gov/articles/PMC12982318/,PMC XML: Conclusions,"Conclusions: In tactical environments, the adage “train like how you operate” underscores the critical importance of consistency between training regimes and operational performance. For tactical athletes, this principle is vital for ensuring that the high standards established during training are maintained under the unpredictable and demanding conditions of real-world operations. Just as tactical athletes practise drills and tactics repeatedly, they should consistently apply their nutrition strategies during both training and operations. Nutritional consistency during training fosters adaptation, which is crucial for operational success. When tactical athletes adhere to a well-planned dietary regime that mimics operational demands, they facilitate physiological and psychological adaptations that improve their readiness for actual missions. This consistency helps to optimise metabolic responses and enhances the body's ability to handle the physical and cognitive stresses of tactical environments.",,,Design classification required before appraisal,PENDING_AI_FULL_TEXT_REVIEW,FULL_TEXT_REVIEW_AWAITING_APPRAISAL,UNRESOLVED,NO,"Source discovery completed; no final scientific inclusion without full-text appraisal, exact claim mapping and human confirmation."
EV-0198,Development of a military mental health training program aiming to promote mental health and operational readiness in the Danish armed forces: an intervention mapping approach.,10.3389/fpubh.2025.1676193,41346760,PMC12673934,HCGKKRE9,2025,,,,CANONICAL_BASELINE,LOOP3X full-universe authoritative materialization,https://docs.google.com/spreadsheets/d/1PsCIFKpNMjrpsaHVu2mGKFYlRboKvNGgorZocCILnoY/edit#FULL_UNIVERSE_SCREENING,Drive modified 2026-09-21T02:35:49.190Z,PubMed A/B/C baseline,"Evidence Command Center 1,456 baseline; LOOP3X materialization",BASELINE,,HIGH_RELEVANCE,DIRECT_MANUSCRIPT_FIT,FULL_TEXT_REVIEW,P1 — HIGH,Mental health / stress,International,Organizational Health Context / Discussao,YES,NO,NO,Verified — clear,NO,,PENDING,Refined 3-pass screen; scientific text separated from workflow/admin metadata,82,LOT-05-P1,https://pubmed.ncbi.nlm.nih.gov/41346760/,"Mental health and operational readiness are essential to soldiers' ability to perform under pressure. Yet within military systems, the mental domain has often been overlooked or insufficiently integrated into formal training structures. Although international programs have aimed to enhance mental health literacy and resilience among service members, evidence regarding their applicability across national contexts remains limited. This is the first comprehensive mental health training program that has been developed or evaluated in Denmark. This paper addresses that gap by outlining the development of Military Mental Training , the first tailored program designed to promote mental health and psychological stress management skills and long-term operational effectiveness among personnel. We used the Intervention Mapping framework to construct the program. This involved a systematic six-step process, including stakeholder input, needs assessment, performance and change objectives, and evidence-based components such as stress management techniques and psychoeducation components about stress, mental health and coping. The program offers a contextually adapted, theory-driven approach to strengthening soldiers' mental health literacy and coping capacities from the earliest stages of military training that move beyond implicit assumptions and toward structured, culturally adapted and theory-informed approaches. As such, this paper offers a replicable roadmap for other Defense organizations seeking to embed psychological readiness more explicitly into core training structures. However, further research is needed to assess results of the program in terms of acceptability, feasibility, and long-term effectiveness in real-world military settings. Beyond its military application, the training provides soldiers with transferable skills for managing stress in both service and civilian life.",Journal Article,PMC12673934,,,LAWFUL_PMC_XML,https://pmc.ncbi.nlm.nih.gov/articles/PMC12673934/,PMC XML: Discussion | Conclusion,"Discussion: The MMT program was developed using an IM approach with inspiration from previous work conducted in specialized military and security units by ( 31–33 ). Unlike these earlier efforts, the present program targets a broader segment of the armed forces, necessitating tailored design and delivery considerations. Challenges related to delivery and cultural fit emerged most clearly during Step 5 (implementation planning). Specifically, stakeholder coordination and logistical constraints highlighted the importance of allocating sufficient planning resources early in the process. In this project, delivery within a military culture required balancing top-down expectations with the practical realities of military operations and training rhythms. Negotiating the appropriate training length served as a practical example of Step 3, where theoretical design needed to align with contextual feasibility. This required compromise between logistical realities and professional judgment on the factors necessary to support meaningful behavior change. As shown in the Step 4 pilot results ( Table 2 ), >90% of participants across levels rated the program acceptable and of practical relevance in their milit | Conclusion: This paper marks the first presentation of the IM approach to designing a mental health training program for an entire military population. In doing so, it offers a novel contribution by documenting development and implementation processes that are essential for replication and practical translation in other military contexts. IM was valuable in providing a structured alternative to intuitive program development that relies on assumed best practices or practitioner experience alone. The IM process ensured that behavioral goals, change methods, and delivery strategies were logically aligned and grounded in theory. This added transparency, coherence, and adaptability, all critical qualities in complex military settings. Still, cautions must be taken. Although there is no indication that mental training in general poses harm, it remains essential to rigorously evaluate its effectiveness before widespread implementation.",,,Design classification required before appraisal,PENDING_AI_FULL_TEXT_REVIEW,FULL_TEXT_REVIEW_AWAITING_APPRAISAL,UNRESOLVED,NO,"Source discovery completed; no final scientific inclusion without full-text appraisal, exact claim mapping and human confirmation."
EV-0200,Efficacy of Fatigue Countermeasures on Cognitive Performance and Operational Safety in Military Pilots: A Systematic Review.,10.7759/cureus.95823,41328140,PMC12665280,8HSCF4SP,2025,,,,CANONICAL_BASELINE,LOOP3X full-universe authoritative materialization,https://docs.google.com/spreadsheets/d/1PsCIFKpNMjrpsaHVu2mGKFYlRboKvNGgorZocCILnoY/edit#FULL_UNIVERSE_SCREENING,Drive modified 2026-09-21T02:35:49.190Z,PubMed A/B/C baseline,"Evidence Command Center 1,456 baseline; LOOP3X materialization",BASELINE,,HIGH_RELEVANCE,DIRECT_MANUSCRIPT_FIT,FULL_TEXT_REVIEW,P1 — HIGH,Cognition / firearm performance,International,Cognition and Firearm-Task Performance / Cognicao e tiro,YES,NO,NO,Verified — clear,NO,,PENDING,Refined 3-pass screen; scientific text separated from workflow/admin metadata,83,LOT-05-P1,https://pubmed.ncbi.nlm.nih.gov/41328140/,"Fatigue poses a significant risk to operational safety and performance in military aviation due to irregular schedules, night operations, and deployment environments. A range of countermeasures is employed, but their efficacy, specifically for military pilots, requires further exploration. This systematic review evaluated the current evidence on the effectiveness of behavioral, operational, and pharmacological fatigue countermeasures specifically for military pilots, to inform practice and policy. A systematic search of PubMed, Scopus, ScienceDirect, Research Gate, Cochrane Library, Google Scholar, and Web of Science was conducted for studies published between 2014 and 2025. Eligible studies included randomized controlled trials, non-randomized trials, and observational studies involving active-duty military pilots or aircrew, assessing any fatigue countermeasure against alertness, cognitive performance, or operational safety outcomes. Seven studies were included. Pharmacological interventions, particularly caffeine and modafinil, were the most effective short-term countermeasures, improving vigilance, reaction time, and performance during extended wakefulness. However, their efficacy was moderated by individual factors, such as innate fatigue vulnerability and sleep quality, and neither fully restored baseline performance under conditions of severe sleep deprivation (e.g., >27 hours awake). Evidence for behavioral countermeasures, such as habitual video gaming, was limited and showed no protective effect against cognitive fatigue. Technological approaches, like eye-tracking for real-time cognitive load monitoring, showed promise but require further validation in operational settings. This review shows that pharmacological strategies currently provide the most evidence-based approach for mitigating acute fatigue in military pilots. However, an over-reliance on stimulants is insufficient. Future fatigue management requires an integrated, personalized system combining real-time monitoring, validated countermeasures (including novel approaches and sleep-focused strategies), and a systemic cultural shift that prioritizes sleep as a critical component of operational readiness. Further high-fidelity research in real-world operational environments is essential.",Journal Article; Review,PMC12665280,,,LAWFUL_PMC_XML,https://pmc.ncbi.nlm.nih.gov/articles/PMC12665280/,PMC XML: Conclusions,"Conclusions: This systematic review establishes that pharmacological interventions, particularly caffeine and modafinil, currently form the most evidence-based and effective strategy for mitigating acute fatigue and sustaining cognitive performance in military pilots during short-term sleep deprivation. However, their efficacy is moderated by individual factors like innate fatigue vulnerability and sleep quality. In contrast, evidence for behavioral and technological countermeasures remains nascent and less compelling. Therefore, the future of fatigue management in military aviation does not lie in a single solution but in an integrated, personalized system. This requires a synergistic combination of reliable real-time monitoring technology, validated countermeasures, including novel approaches like tDCS and structured sleep protocols, and a systemic cultural shift that prioritizes sleep as a critical component of operational readiness to ensure the safety and cognitive dominance of military pilots. Future research should prioritize high-fidelity, operational studies conducted in real-world military settings to validate countermeasures beyond simulated environments. Investigations must adopt pe",,,Design classification required before appraisal,PENDING_AI_FULL_TEXT_REVIEW,FULL_TEXT_REVIEW_AWAITING_APPRAISAL,UNRESOLVED,NO,"Source discovery completed; no final scientific inclusion without full-text appraisal, exact claim mapping and human confirmation."
EV-0204,Graduation-stage physical fitness as a predictor of operational performance and injury risk among police recruits: a prospective cohort study.,10.1136/bmjsem-2025-002871,41306450,PMC12645639,YG33P6ZU,2025,,,,CANONICAL_BASELINE,LOOP3X full-universe authoritative materialization,https://docs.google.com/spreadsheets/d/1PsCIFKpNMjrpsaHVu2mGKFYlRboKvNGgorZocCILnoY/edit#FULL_UNIVERSE_SCREENING,Drive modified 2026-09-21T02:35:49.190Z,PubMed A/B/C baseline,"Evidence Command Center 1,456 baseline; LOOP3X materialization",BASELINE,,HIGH_RELEVANCE,DIRECT_MANUSCRIPT_FIT,FULL_TEXT_REVIEW,P1 — HIGH,Physical / academy readiness,International,Physical and Academy Readiness / Aptidao e academia,YES,NO,NO,Verified — clear,NO,,PENDING,Refined 3-pass screen; scientific text separated from workflow/admin metadata,84,LOT-05-P1,https://pubmed.ncbi.nlm.nih.gov/41306450/,"This study examined whether physical fitness at the point of police academy graduation predicts early-career outcomes, including job performance and musculoskeletal injury risk. In a 12-month prospective cohort study, 240 police recruits (74.2% male; mean age 22.1 years) were assessed during the final week of academy training. Graduation-stage fitness was summarised by a composite fitness index (0-100; higher=better) from sex-standardised domain scores. Job performance was assessed using the Behaviourally Anchored Rating Scale (BARS) at 12 months, while injury incidence was monitored via official records, compensation claims and self-reported events. Multivariable linear regression and Cox proportional hazards models were used to examine associations, adjusting for age, sex, body mass index, baseline physical activity (measured by International Physical Activity Questionnaire-Short Form) and pre-existing musculoskeletal conditions. Graduation-stage fitness significantly predicted BARS-rated job performance (β=0.21; 95% CI 0.12 to 0.30; p<0.001), with specific effects in communication (p=0.042) and use-of-force judgement (p=0.017). Each 1-point increase in fitness score was associated with an 11% reduction in injury hazard (HR 0.89; 95% CI 0.83 to 0.95; p<0.001). High-fitness recruits remained injury-free significantly longer (median 9 vs 4 months; log-rank p<0.001). Graduation-stage physical fitness is a strong and actionable predictor of early-career success and injury resilience in law enforcement. These findings support incorporating fitness assessments at academy exit into operational readiness protocols, guiding evidence-based deployment decisions and targeted postacademy conditioning programmes.",Journal Article,PMC12645639,,,LAWFUL_PMC_XML,https://pmc.ncbi.nlm.nih.gov/articles/PMC12645639/,PMC XML: Conclusions,"Conclusions: This prospective cohort study demonstrated that physical fitness at police academy graduation independently predicts early-career job performance and musculoskeletal injury risk. Higher fitness scores were associated with superior operational ratings, particularly in communication and use-of-force judgement, and longer injury-free intervals during the first year of deployment. These associations remained robust after controlling for demographic and behavioural covariates.",,,Design classification required before appraisal,PENDING_AI_FULL_TEXT_REVIEW,FULL_TEXT_REVIEW_AWAITING_APPRAISAL,UNRESOLVED,NO,"Source discovery completed; no final scientific inclusion without full-text appraisal, exact claim mapping and human confirmation."
EV-0211,Military Families: Resilience Through Strength.,10.1093/milmed/usaf467,41259130,,F7YSBXV8,2025,,,,CANONICAL_BASELINE,LOOP3X full-universe authoritative materialization,https://docs.google.com/spreadsheets/d/1PsCIFKpNMjrpsaHVu2mGKFYlRboKvNGgorZocCILnoY/edit#FULL_UNIVERSE_SCREENING,Drive modified 2026-09-21T02:35:49.190Z,PubMed A/B/C baseline,"Evidence Command Center 1,456 baseline; LOOP3X materialization",BASELINE,,HIGH_RELEVANCE,DIRECT_MANUSCRIPT_FIT,FULL_TEXT_REVIEW,P1 — HIGH,Physical / academy readiness,International,Physical and Academy Readiness / Aptidao e academia,YES,NO,NO,Verified — clear,NO,,PENDING,Refined 3-pass screen; scientific text separated from workflow/admin metadata,85,LOT-05-P1,https://pubmed.ncbi.nlm.nih.gov/41259130/,"To introduce a supplement highlighting the multifaceted challenges and strengths of military families and to emphasize their essential role in individual military readiness, retention, and overall force resilience. For more than 30 years, the Tri Service Nursing Research Program (TSNRP) has been vital to supporting research that impacts military nursing science and evidence-based practice programs. Furthermore, TSNRP fosters an environment of collaboration among the Air Force, Army, and Navy in developing inquiry relevant to the military member and their families. This unique community of uniformed nurse scientists strives to maintain a continuum of research and evidenced-based practice with a focus of operational readiness, performance, and innovation. This supplement showcases research that ultimately impacts readiness and retention of the member and their family. The articles within highlight the powerful ways military families support their service members and underscore the vital role these families play in sustaining the military's strength and resilience. Join us as we explore these themes in greater depth.","Introductory Journal Article; Research Support, U.S. Gov't, Non-P.H.S.",,,TriService Nursing Research Program; Uniformed Services University of the Health Sciences; Department of War,FULL_TEXT_UNAVAILABLE,,,,,NO_PMCID_IN_PRIMARY_METADATA,Design classification required before appraisal,NOT_POSSIBLE_WITHOUT_LAWFUL_FULL_TEXT,FULL_TEXT_REVIEW_AWAITING_APPRAISAL,FULL_TEXT_UNAVAILABLE,NO,"Source discovery completed; no final scientific inclusion without full-text appraisal, exact claim mapping and human confirmation."
EV-0222,Tailored strategies to increase the use of an evidence-based psychotherapy for posttraumatic stress disorder: A stepped-wedge randomized trial in military clinics.,10.1016/j.janxdis.2025.103080,41202565,,JBFM7IE8,2025,,,,CANONICAL_BASELINE,LOOP3X full-universe authoritative materialization,https://docs.google.com/spreadsheets/d/1PsCIFKpNMjrpsaHVu2mGKFYlRboKvNGgorZocCILnoY/edit#FULL_UNIVERSE_SCREENING,Drive modified 2026-09-21T02:35:49.190Z,PubMed A/B/C baseline,"Evidence Command Center 1,456 baseline; LOOP3X materialization",BASELINE,,HIGH_RELEVANCE,DIRECT_MANUSCRIPT_FIT,FULL_TEXT_REVIEW,P1 — HIGH,Mental health / stress,Both,Organizational Health Context / Discussao,YES,NO,NO,Verified — clear,NO,,PENDING,Refined 3-pass screen; scientific text separated from workflow/admin metadata,86,LOT-05-P1,https://pubmed.ncbi.nlm.nih.gov/41202565/,"Clinician training is often not sufficient to increase the adoption of evidence-based psychotherapies (EBPs). To address organizational barriers that may limit use of EBPs, a tailored implementation strategy-Targeted Assessment and Context-Tailored Implementation of Change Strategies (TACTICS)-was developed. TACTICS involved external facilitation (appointing a local implementation team and external coach, conducting need assessment interviews, creating site-specific implementation plans, and weekly coaching for the site champion) augmented with a planning rubric and resources for making operational changes. The effect of adding TACTICS after clinician training was evaluated in a cluster-randomized stepped-wedge trial across eight military treatment facilities. Psychotherapists (n = 212) received training in prolonged exposure (PE) therapy. TACTICS was subsequently introduced with timing randomized by site. PE utilization was measured via natural language processing of notes from 26,429 psychotherapy encounters across 3459 patients. After accounting for time effects, TACTICS increased PE use compared to training alone (OR = 1.05-2.21, p < .03). Nonetheless, overall use of PE declined over time (OR = 0.067-0.316, p < .001). In post-hoc analyses, declining use of PE over time was strongly associated with a decreasing supply of psychotherapy appointments per patient (r = .98). These findings suggest that local implementation support improves EBP adoption beyond training alone. However, lasting use may require broader system supports such as adequate staffing and policies that encourage use of EBPs.",Journal Article; Randomized Controlled Trial,,,I01 HX000924 HX HSRD VA United States,FULL_TEXT_UNAVAILABLE,,,,,NO_PMCID_IN_PRIMARY_METADATA,RoB 2,NOT_POSSIBLE_WITHOUT_LAWFUL_FULL_TEXT,FULL_TEXT_REVIEW_AWAITING_APPRAISAL,FULL_TEXT_UNAVAILABLE,NO,"Source discovery completed; no final scientific inclusion without full-text appraisal, exact claim mapping and human confirmation."
EV-0225,"Adaptation, implementation, and evaluation of a protective mental health intervention (Resilient minds) for Canadian volunteer firefighters.",10.1016/j.comppsych.2025.152643,41175613,,K67WZT9Y,2026,,,,CANONICAL_BASELINE,LOOP3X full-universe authoritative materialization,https://docs.google.com/spreadsheets/d/1PsCIFKpNMjrpsaHVu2mGKFYlRboKvNGgorZocCILnoY/edit#FULL_UNIVERSE_SCREENING,Drive modified 2026-09-21T02:35:49.190Z,PubMed A/B/C baseline,"Evidence Command Center 1,456 baseline; LOOP3X materialization",BASELINE,,HIGH_RELEVANCE,DIRECT_MANUSCRIPT_FIT,FULL_TEXT_REVIEW,P1 — HIGH,Mental health / stress,International,Organizational Health Context / Discussao,YES,NO,NO,Verified — clear,NO,,PENDING,Refined 3-pass screen; scientific text separated from workflow/admin metadata,87,LOT-05-P1,https://pubmed.ncbi.nlm.nih.gov/41175613/,"The study was designed to assess the adaptation, implementation, and delivery of the Resilient Minds program for volunteer firefighters in Prince Edward Island. A concurrent triangulation mixed-methods approach was used. Survey data were collected from firefighters who participated in the training, and semi-structured interviews were performed with peer trainers, members of leadership, and firefighters who participated in the implementation. Summary statistics were performed to summarize the survey data, and thematic analysis was performed to analyze the qualitative data following interpretive description methods. We followed the Consolidated Framework for Implementation Research to guide our data collection and analyses. The relative advantage of Resilient Minds (i.e., created for firefighters) and the high-priority need for mental health training promoted buy-in from stakeholders and facilitated program implementation. Most participants described the training as helpful (84 %), and reported high intention to use the information (86 %). At three-month follow-up, most reported being able to recall the training (83 %), and reported increased support from colleagues (59 %) and leadership (50 %). Our qualitative data identified improvements in coping and awareness of mental health issues, and decreases in mental health stigma. Suggestions were provided to improve the adaptation and implementation (e.g., simplifying the content, obtaining funding). Our results support the adaptation, implementation, and delivery of Resilient Minds among Canadian volunteer firefighters. Scaled delivery of the training across Canada will require collaborations among the developers, local implementation leads, and other stakeholders in the local fire services to adapt the course content and implementation procedures for the needs of each fire department.","Journal Article; Research Support, Non-U.S. Gov't",,,,FULL_TEXT_UNAVAILABLE,,,,,NO_PMCID_IN_PRIMARY_METADATA,Design classification required before appraisal,NOT_POSSIBLE_WITHOUT_LAWFUL_FULL_TEXT,FULL_TEXT_REVIEW_AWAITING_APPRAISAL,FULL_TEXT_UNAVAILABLE,NO,"Source discovery completed; no final scientific inclusion without full-text appraisal, exact claim mapping and human confirmation."
EV-0230,Psychological stress and physiological outcomes: investigating the impact of attention biases and emotional regulation in Chinese military service members.,10.1186/s12889-025-23924-5,41136962,PMC12551312,FBNB6P78,2025,,,,CANONICAL_BASELINE,LOOP3X full-universe authoritative materialization,https://docs.google.com/spreadsheets/d/1PsCIFKpNMjrpsaHVu2mGKFYlRboKvNGgorZocCILnoY/edit#FULL_UNIVERSE_SCREENING,Drive modified 2026-09-21T02:35:49.190Z,PubMed A/B/C baseline,"Evidence Command Center 1,456 baseline; LOOP3X materialization",BASELINE,,HIGH_RELEVANCE,DIRECT_MANUSCRIPT_FIT,FULL_TEXT_REVIEW,P1 — HIGH,Mental health / stress,International,Organizational Health Context / Discussao,YES,NO,NO,Verified — clear,NO,,PENDING,Refined 3-pass screen; scientific text separated from workflow/admin metadata,88,LOT-05-P1,https://pubmed.ncbi.nlm.nih.gov/41136962/,"Military service members are frequently exposed to high-stress situations that profoundly impact both their psychological and physiological health. Understanding the interplay between stress and its multifaceted impacts is crucial for designing targeted interventions to optimize the health and performance of this population. This study investigated the relationships among psychological stress, psychological resilience, attention biases (attention to positive information, API; attention to negative information, ANI), emotional regulation strategies (cognitive reappraisal, CR; expression inhibition, EI), and key physiological markers, including hemoglobin (HGB) levels and red cell distribution width (RDW), in a sample of 673 male Chinese military personnel. The results revealed significant associations between psychological stress and attention biases and emotional regulation strategies, with direct effects for physiological markers such as HGB and RDW. Notably, EI emerged as a complex mediator, significantly reducing RDW despite increased psychological stress. These findings highlight the imperative to incorporate comprehensive stress management into military training programs, thereby enhancing health and operational readiness of service members in high-stress contexts.",Journal Article,PMC12551312,,cstc2012jcyj-msxmX046 Chongqing Natural Science Foundation,LAWFUL_PMC_XML,https://pmc.ncbi.nlm.nih.gov/articles/PMC12551312/,PMC XML: Discussion | Conclusion,"Discussion: This study investigated the associations of psychological stress with psychological variables and physiological indicators among Chinese military service members, revealing that psychological stress significantly correlated with attention bias and emotional regulation. Certain psychological variables such as ANI, CR and EI, along with physiological indicators such as RDW and HGB, could predict psychological stress levels. Furthermore, EI played a mediating role between psychological stress and physiological indictors such as RDW, suggesting it as a key mechanism through which stress impacts physiological health. These results provide a more comprehensive understanding of psychological stress in military populations, highlighting potential targets for intervention. | Conclusion: This study investigated the intricate relationships among psychological stress, attention bias, emotional regulation, and physiological indicators in Chinese military service members. The results revealed that psychological stress, in conjunction with attention bias and emotional regulation, exerts a direct influence on changes in physiological markers. EI played a nuanced mediating role, significantly attenuating RDW despite elevated stress. The findings highlight the critical need for a comprehensive stress management approach that integrates psychological and physiological dimensions, ultimately enhancing the health and operational readiness of military personnel in high-stress environments.",,,Design classification required before appraisal,PENDING_AI_FULL_TEXT_REVIEW,FULL_TEXT_REVIEW_AWAITING_APPRAISAL,UNRESOLVED,NO,"Source discovery completed; no final scientific inclusion without full-text appraisal, exact claim mapping and human confirmation."
EV-0232,Impact of Acoustic Gunshot Detection Technology on Prehospital Transport and Time to Treatment: A Narrative Review With Directions for Future Military Conflicts.,10.1093/milmed/usaf505,41124342,,EGARHWCV,2026,,,,CANONICAL_BASELINE,LOOP3X full-universe authoritative materialization,https://docs.google.com/spreadsheets/d/1PsCIFKpNMjrpsaHVu2mGKFYlRboKvNGgorZocCILnoY/edit#FULL_UNIVERSE_SCREENING,Drive modified 2026-09-21T02:35:49.190Z,PubMed A/B/C baseline,"Evidence Command Center 1,456 baseline; LOOP3X materialization",BASELINE,,HIGH_RELEVANCE,DIRECT_MANUSCRIPT_FIT,FULL_TEXT_REVIEW,P1 — HIGH,Tactical medicine / TCCC / TECC / APH,International,Tactical Medicine Readiness / APH-Tatico,YES,NO,NO,Verified — clear,NO,,PENDING,Refined 3-pass screen; scientific text separated from workflow/admin metadata,89,LOT-05-P1,https://pubmed.ncbi.nlm.nih.gov/41124342/,"Hemorrhage from traumatic injuries remains the leading cause of preventable death on the battlefield, with the majority of fatalities occurring before patients reach surgical care. Acoustic Gunshot Detection (AGD) technology, such as SoundThinking (formerly ShotSpotter) in civilian settings and Boomerang III in military applications, offers the potential to reduce prehospital time intervals through rapid detection and localization of gunfire. This narrative review examines the current evidence regarding AGD's impact on time to treatment, prehospital transport, and potential applications in future large-scale combat operations (LSCO). A narrative review was conducted of published civilian and military literature evaluating the performance and outcomes associated with AGD technology. Key studies assessing AGD impact on prehospital time metrics, injury severity, resource utilization, and patient outcomes were analyzed. Additionally, the review explores the tactical and operational relevance of AGD systems for modern and future military engagements, particularly in austere and contested environments anticipated during LSCO. Civilian studies suggest AGD systems may reduce response times by police and Emergency Medical Services (EMS), with some demonstrating shortened scene and transport intervals. However, the evidence remains inconsistent regarding improved patient survival or clinical outcomes. Acoustic Gunshot Detection-related patients often presented with more severe injuries and required greater resource utilization, yet mortality outcomes were not consistently different from non-AGD counterparts. In the military context, AGD systems like Boomerang have proven useful for threat localization but are not yet integrated into medical evacuation workflows. The utility of AGD in LSCO may lie in its potential to cue earlier Tactical Combat Casualty Care (TCCC) and point-of-injury interventions, rather than simply reducing transport times. Key challenges include system survivability, false positive rates, and vulnerability to electronic warfare. Acoustic Gunshot Detection technology shows promise for enhancing prehospital care by potentially accelerating recognition of gunfire events and initiating earlier medical responses. Although time-saving benefits have been demonstrated in some civilian studies, translation into improved outcomes remains unclear. For military medicine, AGD may offer enhanced battlefield awareness and support for earlier intervention during prolonged casualty care scenarios in LSCO. Rigorous testing in operationally relevant military environments, outcome-focused research, and integration into medical command and control systems are critical next steps for validating AGD's role in improving trauma care and reducing preventable battlefield deaths.",Journal Article; Review,,,,FULL_TEXT_UNAVAILABLE,,,,,NO_PMCID_IN_PRIMARY_METADATA,Design classification required before appraisal,NOT_POSSIBLE_WITHOUT_LAWFUL_FULL_TEXT,FULL_TEXT_REVIEW_AWAITING_APPRAISAL,FULL_TEXT_UNAVAILABLE,NO,"Source discovery completed; no final scientific inclusion without full-text appraisal, exact claim mapping and human confirmation."
EV-0236,"Low Energy Availability Prevalence, Dietary Habits, and Sleep in Female Army ROTC Cadets.",10.70252/vrdk5031,41079001,PMC12510702,I5KAIIPE,2025,,,,CANONICAL_BASELINE,LOOP3X full-universe authoritative materialization,https://docs.google.com/spreadsheets/d/1PsCIFKpNMjrpsaHVu2mGKFYlRboKvNGgorZocCILnoY/edit#FULL_UNIVERSE_SCREENING,Drive modified 2026-09-21T02:35:49.190Z,PubMed A/B/C baseline,"Evidence Command Center 1,456 baseline; LOOP3X materialization",BASELINE,,HIGH_RELEVANCE,DIRECT_MANUSCRIPT_FIT,FULL_TEXT_REVIEW,P1 — HIGH,Nutrition / shift work,International,Nutrition and Schedule Load / Nutricao e jornadas,YES,NO,NO,Verified — clear,NO,,PENDING,Refined 3-pass screen; scientific text separated from workflow/admin metadata,90,LOT-05-P1,https://pubmed.ncbi.nlm.nih.gov/41079001/,"Low energy availability (LEA) results in numerous health and performance decrements. While a high prevalence of LEA and sleep disturbance has been observed in male Army Reserve Officers' Training Corps (ROTC) cadets, no data exists in females. This study aimed to determine LEA prevalence, dietary habits, and sleep quantity and quality in female U.S. ROTC cadets. Following an overnight fast, ten cadets (22±4 yrs, 166.0±6.1 cm, 67.1±9.1 kg, 26.1±6.2% body fat, 49.2±4.8 kg fat-free mass (FFM)) had their body composition and resting metabolic rate measured. Validated questionnaires assessed LEA symptoms and sleep. Under free-living conditions, exercise energy expenditure (EEE) and sleep were quantified via accelerometers for 7-days. Concurrently, energy intake (EI) was assessed via digital food records and evaluated relative to the Military Dietary Reference Intakes (MDRIs). Cadets consumed 1983±706 kcal·d -1 with a mean EEE of 482±110 kcal·d -1 . EA was 30.6±13.2 kcals·kg -1 FFM with 40% presenting with LEA (≤ 30 kcals·kg -1 FFM) and another 50% in a suboptimal EA state (30-45 kcals·kg -1 FFM). Dietary analysis indicated 30%, 40%, 80%, and 10% of cadets met MDRIs for calories, carbohydrate, protein, and fat, respectively. Cadets slept 373±100 min·d -1 , with 20% of cadets meeting the Army recommendation for sleep. Sleep questionnaires indicated that 60% of cadets experienced poor sleep quality and 30% had poor sleep behavior. In the present study, all but one cadet was in a low or suboptimal EA state, a high prevalence of sleep disturbance was observed, and most cadets did not meet MDRIs for energy and macronutrient intakes.",Journal Article,PMC12510702,,,LAWFUL_PMC_XML,https://pmc.ncbi.nlm.nih.gov/articles/PMC12510702/,PMC XML: Discussion,Discussion: The present study supports our hypothesis that LEA and sleep disturbance would be detected and that the MDRIs would not be met by most cadets. To our knowledge this was the first study to examine LEA prevalence in this population.,,,Design classification required before appraisal,PENDING_AI_FULL_TEXT_REVIEW,FULL_TEXT_REVIEW_AWAITING_APPRAISAL,UNRESOLVED,NO,"Source discovery completed; no final scientific inclusion without full-text appraisal, exact claim mapping and human confirmation."
EV-0244,Comparison of Self-Reported Intake Versus Military Dietary Reference Intakes in Deployed Special Operations Forces Soldiers.,10.1093/milmed/usaf453,40997140,,D8LCR93L,2026,,,,CANONICAL_BASELINE,LOOP3X full-universe authoritative materialization,https://docs.google.com/spreadsheets/d/1PsCIFKpNMjrpsaHVu2mGKFYlRboKvNGgorZocCILnoY/edit#FULL_UNIVERSE_SCREENING,Drive modified 2026-09-21T02:35:49.190Z,PubMed A/B/C baseline,"Evidence Command Center 1,456 baseline; LOOP3X materialization",BASELINE,,HIGH_RELEVANCE,DIRECT_MANUSCRIPT_FIT,FULL_TEXT_REVIEW,P1 — HIGH,Nutrition / shift work,International,Nutrition and Schedule Load / Nutricao e jornadas,YES,NO,NO,Verified — clear,NO,,PENDING,Refined 3-pass screen; scientific text separated from workflow/admin metadata,91,LOT-05-P1,https://pubmed.ncbi.nlm.nih.gov/40997140/,"Special Operations Forces (SOF) Soldiers are elite warfighters who have high nutritional requirements based on the rigorous nature of their training and deployments. Inadequate nutrition can lead to diminished health and performance. Energy and nutrient guidelines for military personnel are defined in the Military Dietary Reference Intakes (MDRI). It is not known if SOF Soldiers meet the MDRIs during deployment when physical demands are high and access to quality nutrition may be limited. The objective of this study was to compare self-reported intake with established MDRIs in SOF personnel during a deployment in an austere environment. This was a cross-sectional study who was conducted at the end of a 6-month deployment in Afghanistan. Active duty SOF male Soldiers (n = 40) were administered a 2014 Block Food Frequency Questionnaire to assess food intake during the deployment. Self-reported nutrient intake was compared to the MDRIs using one sample t-tests. Self-reported intake of energy, carbohydrate, fiber, vitamin D, and potassium were significantly lower than the MDRIs (P < .001). Intake of fat and protein met the MDRIs (P > .05), although B vitamins, calcium, phosphorus, iron, and sodium all exceeded the MDRIs (P ≤ .001). Relative to body mass, average energy intake was 28.9 kcal/kg, carbohydrate was 3.2 g/kg, protein was 1.3 g/kg, and fat was 1.2 g/kg. Deployed SOF Soldiers may under consume energy and key nutrients, which could jeopardize health, performance, and operational readiness. Tailored nutrition interventions with consideration of operational demands and food/supplement accessibility may be needed to optimize energy and nutrient intake in austere environments.",Journal Article,,,Department of Defense,FULL_TEXT_UNAVAILABLE,,,,,NO_PMCID_IN_PRIMARY_METADATA,Design classification required before appraisal,NOT_POSSIBLE_WITHOUT_LAWFUL_FULL_TEXT,FULL_TEXT_REVIEW_AWAITING_APPRAISAL,FULL_TEXT_UNAVAILABLE,NO,"Source discovery completed; no final scientific inclusion without full-text appraisal, exact claim mapping and human confirmation."
EV-0246,Low-Carbohydrate High-Fat Diets for Military Performance: A Strategy for Realizing Performance Advantage on the Battlefield?,10.1093/milmed/usaf437,40990074,,9WHID33K,2026,,,,CANONICAL_BASELINE,LOOP3X full-universe authoritative materialization,https://docs.google.com/spreadsheets/d/1PsCIFKpNMjrpsaHVu2mGKFYlRboKvNGgorZocCILnoY/edit#FULL_UNIVERSE_SCREENING,Drive modified 2026-09-21T02:35:49.190Z,PubMed A/B/C baseline,"Evidence Command Center 1,456 baseline; LOOP3X materialization",BASELINE,,HIGH_RELEVANCE,DIRECT_MANUSCRIPT_FIT,FULL_TEXT_REVIEW,P1 — HIGH,Nutrition / shift work,International,Nutrition and Schedule Load / Nutricao e jornadas,YES,NO,NO,Verified — clear,NO,,PENDING,Refined 3-pass screen; scientific text separated from workflow/admin metadata,92,LOT-05-P1,https://pubmed.ncbi.nlm.nih.gov/40990074/,"Diet and nutrition impact mission readiness and operational performance. Military nutrition guidelines presently follow general health and sports performance recommendations, advocating high-carbohydrate and moderate-fat diets. However, military personnel comprise a unique population who are often required to work in multi-stressor environments with performance characteristics that differ from civilians and athletes. Land forces are increasingly unsupported, working in smaller teams, for long periods, carrying their own nutrition along with mission-specific equipment. As such, alternative approaches to macronutrient provision, before and during operations, may provide a partial solution to offset role demands and maintain operational effectiveness. This commentary examines the hypothesized benefits and current evidence for a low-carbohydrate high-fat (LCHF) dietary approach within the occupational context of land-based operations, through defining the demands of the role and the characteristics of military personnel. Early research hypothesized several specific beneficial applications for LCHF diets in the military occupational context. However, conducting well-controlled, scientifically robust nutrition research in military settings to test these hypotheses has proved challenging. As such, a limited number of studies have evaluated the efficacy of LCHF diets in military populations, and LCHF diets remain a contentious topic. A novel model is proposed for the application of LCHF diets as a targeted, strategic nutrition intervention to support the human performance element of military capability. Furthermore, current knowledge gaps are identified to evaluate the efficacy of such a model, along with recommendations for future work.",Journal Article,,,,FULL_TEXT_UNAVAILABLE,,,,,NO_PMCID_IN_PRIMARY_METADATA,Design classification required before appraisal,NOT_POSSIBLE_WITHOUT_LAWFUL_FULL_TEXT,FULL_TEXT_REVIEW_AWAITING_APPRAISAL,FULL_TEXT_UNAVAILABLE,NO,"Source discovery completed; no final scientific inclusion without full-text appraisal, exact claim mapping and human confirmation."
EV-0264,Impact of Age and Years in the Fire Service on Firefighter Health and Physical Performance Outcomes.,10.3390/healthcare13161946,40868561,PMC12386035,CIPTUAK7,2025,,,,CANONICAL_BASELINE,LOOP3X full-universe authoritative materialization,https://docs.google.com/spreadsheets/d/1PsCIFKpNMjrpsaHVu2mGKFYlRboKvNGgorZocCILnoY/edit#FULL_UNIVERSE_SCREENING,Drive modified 2026-09-21T02:35:49.190Z,PubMed A/B/C baseline,"Evidence Command Center 1,456 baseline; LOOP3X materialization",BASELINE,,HIGH_RELEVANCE,DIRECT_MANUSCRIPT_FIT,FULL_TEXT_REVIEW,P1 — HIGH,Physical / academy readiness,International,Physical and Academy Readiness / Aptidao e academia,YES,NO,NO,Verified — clear,NO,,PENDING,Refined 3-pass screen; scientific text separated from workflow/admin metadata,93,LOT-05-P1,https://pubmed.ncbi.nlm.nih.gov/40868561/,"Background : Age is considered an independent cardiovascular disease (CVD) risk factor, but limited data exist concerning the impact of age and years in the fire service on firefighter health and physical performance. Objectives : We assessed the impact of age and years in the fire service on structural firefighter health and physical performance. Methods: 142 firefighters completed an annual clinical assessment. General linear model (GLM) multivariate and univariate analyses were performed across age groups, with years of fire service experience as a covariate. Partial Eta squared (η p 2 ) values for the GLM statics and Cohen's d for pairwise comparisons were used to assess effect size. Results : GLM analyses revealed statistically significant differences ( p < 0.05) for several demographic, body composition, blood biomarker, and physical performance parameters. Pairwise comparisons revealed that younger firefighters displayed more favorable health and fitness profiles than their older counterparts. Interestingly, when accounting for years of fire service experience, differences for only the following variables remained: body mass index, waist circumference, lean mass, visceral adipose tissue, triglycerides, cardiopulmonary exercise test time-to-exhaustion, and VO 2 max. Conclusions : These findings suggest differences in CVD risk biomarkers, physical fitness levels, and body composition metrics across age groups. However, years of fire service experience appears to have a greater impact on these variables, suggesting that firefighters' time in the fire service may accelerate the effects of aging on these outcomes. While age-specific health interventions are recommended to manage and mitigate CVD risk effectively, there also should be consideration for the years of fire service.",Journal Article,PMC12386035,,,LAWFUL_PMC_XML,https://pmc.ncbi.nlm.nih.gov/articles/PMC12386035/,PMC XML: ,,,,Design classification required before appraisal,PENDING_AI_FULL_TEXT_REVIEW,FULL_TEXT_REVIEW_AWAITING_APPRAISAL,UNRESOLVED,NO,"Source discovery completed; no final scientific inclusion without full-text appraisal, exact claim mapping and human confirmation."
EV-0266,Knee Injuries in First Responders.,10.5435/jaaos-d-25-00661,40854167,,9Y2MT8LL,2026,,,,CANONICAL_BASELINE,LOOP3X full-universe authoritative materialization,https://docs.google.com/spreadsheets/d/1PsCIFKpNMjrpsaHVu2mGKFYlRboKvNGgorZocCILnoY/edit#FULL_UNIVERSE_SCREENING,Drive modified 2026-09-21T02:35:49.190Z,PubMed A/B/C baseline,"Evidence Command Center 1,456 baseline; LOOP3X materialization",BASELINE,,HIGH_RELEVANCE,DIRECT_MANUSCRIPT_FIT,FULL_TEXT_REVIEW,P1 — HIGH,Musculoskeletal injury,International,Operational Implications / Discussion,YES,NO,NO,Verified — clear,NO,,PENDING,Refined 3-pass screen; scientific text separated from workflow/admin metadata,94,LOT-05-P1,https://pubmed.ncbi.nlm.nih.gov/40854167/,"First responders, including firefighters, law enforcement, and emergency medical services, represent a unique patient population at high risk of knee injury. High rates of on-scene and training injuries are driven by dynamic and repetitive maneuvers often done under load. Excellent care of first responders starts with an understanding of the patient's occupational demands to provide the treatment and rehabilitation that optimizes their ability to return to high-level activity. By aligning treatment algorithms with real-world job demands and realistic return-to-duty timelines, orthopaedic surgeons can optimize functional outcomes and maintain the operational readiness of these essential public safety professionals. This review discusses the current literature pertaining to knee injuries in first responders.",Journal Article; Review,,,,FULL_TEXT_UNAVAILABLE,,,,,NO_PMCID_IN_PRIMARY_METADATA,Design classification required before appraisal,NOT_POSSIBLE_WITHOUT_LAWFUL_FULL_TEXT,FULL_TEXT_REVIEW_AWAITING_APPRAISAL,FULL_TEXT_UNAVAILABLE,NO,"Source discovery completed; no final scientific inclusion without full-text appraisal, exact claim mapping and human confirmation."
EV-0273,Small Arms Marksmanship Accuracy Surrounding Fresh Whole Blood Donation in the U.S. Army Conventional Soldier.,10.1093/milmed/usaf402,40796102,,PX826IJ3,2026,,,,CANONICAL_BASELINE,LOOP3X full-universe authoritative materialization,https://docs.google.com/spreadsheets/d/1PsCIFKpNMjrpsaHVu2mGKFYlRboKvNGgorZocCILnoY/edit#FULL_UNIVERSE_SCREENING,Drive modified 2026-09-21T02:35:49.190Z,PubMed A/B/C baseline,"Evidence Command Center 1,456 baseline; LOOP3X materialization",BASELINE,,HIGH_RELEVANCE,DIRECT_MANUSCRIPT_FIT,FULL_TEXT_REVIEW,P1 — HIGH,Cognition / firearm performance,International,Cognition and Firearm-Task Performance / Cognicao e tiro,YES,NO,NO,Verified — clear,NO,,PENDING,Refined 3-pass screen; scientific text separated from workflow/admin metadata,95,LOT-05-P1,https://pubmed.ncbi.nlm.nih.gov/40796102/,"Whole blood is commonly used for casualty resuscitation in the prehospital setting. According to the 2021 Committee on Tactical Combat Casualty Care guidelines, whole blood is the preferred fluid for resuscitating casualties with signs of hemorrhagic shock, followed by fresh whole blood (FWB). There is limited literature on soldiers' physical and cognitive performance following donation, particularly regarding their small marksmanship accuracy immediately after 1 unit of FWB donation. Current research on marksmanship accuracy post-FWB donation among military personnel is limited to the Norwegian and Israeli militaries. The lack of Department of Defense clinical practice guidelines restricting soldiers' duties after FWB donation highlights the paucity of data. This study evaluates the effects of FWB donation on U.S. Army conventional soldiers' small marksmanship accuracy and provides quantifiable data for future U.S. Army post-FWB donation guidelines. This was a prospective, controlled trial assessing small arms marksmanship accuracy pre- and post-FWB donation with a convenience sample of conventional U.S. Army conventional soldiers, using an indoor Electronic Skill Trainer (EST) simulator. The primary outcome assessed for a difference in small arms marksmanship accuracy following FWB donation. Participants served as their own controls, with baseline marksmanship accuracy testing performed before FWB donation and again immediately after. Secondary outcomes were the participants' pre- and post-FWB donation self-efficacy scores. Sixteen participants completed small arms marksmanship accuracy testing pre- and post-FWB donation. We found no significant difference in small arms marksmanship accuracy following FWB donation (24.69 vs. 26.32, P = .38). Similarly, we evaluated small arms marksmanship accuracy self-efficacy via a Bandura Scale and found no significant difference between pre-and post-FWB donation (86.25 vs. 85.63, P = .67). The accuracy of U.S. Army conventional soldiers small arms marksmanship was not significantly different after donating 1 unit of FWB. This study provides data on post-FWB donation marksmanship accuracy, which could inform future guidelines for soldiers returning to duty after donating 1 unit of FWB blood. Larger, comparative studies need to be performed to further investigate soldiers' post-FWB donation marksmanship accuracy.",Journal Article,,,,FULL_TEXT_UNAVAILABLE,,,,,NO_PMCID_IN_PRIMARY_METADATA,Design classification required before appraisal,NOT_POSSIBLE_WITHOUT_LAWFUL_FULL_TEXT,FULL_TEXT_REVIEW_AWAITING_APPRAISAL,FULL_TEXT_UNAVAILABLE,NO,"Source discovery completed; no final scientific inclusion without full-text appraisal, exact claim mapping and human confirmation."
EV-0289,The Army Combat Fitness Test (ACFT) and the Health of the Active Component: Understanding the Link Between the ACFT and Personnel Health and Injuries.,,40613065,PMC12218373,TLPFGA3P,2025,,,,CANONICAL_BASELINE,LOOP3X full-universe authoritative materialization,https://docs.google.com/spreadsheets/d/1PsCIFKpNMjrpsaHVu2mGKFYlRboKvNGgorZocCILnoY/edit#FULL_UNIVERSE_SCREENING,Drive modified 2026-09-21T02:35:49.190Z,PubMed A/B/C baseline,"Evidence Command Center 1,456 baseline; LOOP3X materialization",BASELINE,,HIGH_RELEVANCE,DIRECT_MANUSCRIPT_FIT,FULL_TEXT_REVIEW,P1 — HIGH,Physical / academy readiness,International,Physical and Academy Readiness / Aptidao e academia,YES,NO,NO,Verified — clear,NO,,PENDING,Refined 3-pass screen; scientific text separated from workflow/admin metadata,96,LOT-05-P1,https://pubmed.ncbi.nlm.nih.gov/40613065/,"The Army Combat Fitness Test (ACFT) became the U.S. Army's physical fitness test of record in October 2022. The test is substantially different from the previous test and consists of six events intended to measure a more expansive set of capabilities: muscular strength and endurance, power, speed, agility, aerobic endurance, balance, flexibility, coordination, and reaction time. One of the Army's stated goals for the test was to reduce preventable injuries. More than half of soldiers experienced a new injury in 2021, so success in reducing the risk of injury could have a significant impact on both medical costs and lost workdays. Because the ACFT has been administered for a relatively short period, there are limited data available to assess the relationship between the ACFT and soldier health and injuries. Nevertheless, this research effort used available data to gain initial insights into this relationship. This study was part of RAND's independent assessment of the ACFT, focusing specifically on injury risk. To the extent that broader, more-holistic training is motivated by the more-expansive physical requirements of the ACFT, the literature suggests that the ACFT could in the long term lead to an overall reduction in injury rates. Many of the authors' recommendations focus on potential ACFT policy actions that the Army could take to help reduce preventable injuries and assess and monitor soldiers at risk.",Journal Article,PMC12218373,"CommentIn: For more information, see https://www.rand.org/pubs/research_reports/RRA2005-1.html",,LAWFUL_PMC_XML,https://pmc.ncbi.nlm.nih.gov/articles/PMC12218373/,PMC XML: ,,,,Design classification required before appraisal,PENDING_AI_FULL_TEXT_REVIEW,FULL_TEXT_REVIEW_AWAITING_APPRAISAL,UNRESOLVED,NO,"Source discovery completed; no final scientific inclusion without full-text appraisal, exact claim mapping and human confirmation."
EV-0292,An Analysis of Research Trends on Sleep Hygiene in Soldiers Using a Scoping Review.,10.1093/milmed/usaf260,40581606,,Q4QYZYQU,2026,,,,CANONICAL_BASELINE,LOOP3X full-universe authoritative materialization,https://docs.google.com/spreadsheets/d/1PsCIFKpNMjrpsaHVu2mGKFYlRboKvNGgorZocCILnoY/edit#FULL_UNIVERSE_SCREENING,Drive modified 2026-09-21T02:35:49.190Z,PubMed A/B/C baseline,"Evidence Command Center 1,456 baseline; LOOP3X materialization",BASELINE,,HIGH_RELEVANCE,DIRECT_MANUSCRIPT_FIT,FULL_TEXT_REVIEW,P1 — HIGH,Sleep / fatigue / recovery,International,Integrated Operational Readiness / Discussion,YES,NO,NO,Verified — clear,NO,,PENDING,Refined 3-pass screen; scientific text separated from workflow/admin metadata,97,LOT-05-P1,https://pubmed.ncbi.nlm.nih.gov/40581606/,"Soldiers often experience poor sleep quality and insufficient sleep, exacerbated by deployments, which significantly impact on their mental and physical health, including increased risks of psychological disorders and chronic illnesses, ultimately affecting military readiness and morale. This study aimed to identify research trends on sleep hygiene among soldiers through a scoping review to provide foundational data for the development of health promotion programs and policies. A scoping review was conducted using the Preferred Reporting Items for Systematic Reviews and Meta-Analysis (PRISMA) process. This study was performed using 9 databases, including PubMed, Cumulative Index to Nursing and Allied Health Literature, PsycINFO, Web of Science, KMBASE, KISS, KNBASE, ScienceOn, and DBpia. Of 4,796 publications identified, 16 studies were ultimately included in this scoping review. Factors associated with soldiers' sleep hygiene were categorized based on the socio-ecological model, which included individual, organizational, and intervention related factors. The study was deemed exempt by the Institutional Review Board of the Korea Armed Forces Nursing Academy. Most studies reported significant challenges to sleep hygiene among soldiers, with common issues including insufficient sleep duration and poor sleep quality, especially under high-stress conditions such as deployment and shift work. A total of 41 factors influencing soldiers' sleep hygiene were identified: 20 at the individual level, 12 at the organizational level, and 9 at the intervention level. This review analyzed research trends on sleep hygiene among soldiers. It highlights the need for programs and policy support to improve sleep hygiene in soldiers, which, in turn, can enhance their health and strengthen overall combat readiness.","Journal Article; Scoping Review; Research Support, Non-U.S. Gov't",,,,FULL_TEXT_UNAVAILABLE,,,,,NO_PMCID_IN_PRIMARY_METADATA,Design classification required before appraisal,NOT_POSSIBLE_WITHOUT_LAWFUL_FULL_TEXT,FULL_TEXT_REVIEW_AWAITING_APPRAISAL,FULL_TEXT_UNAVAILABLE,NO,"Source discovery completed; no final scientific inclusion without full-text appraisal, exact claim mapping and human confirmation."
EV-0294,"Effects of Pork Protein Ingestion Prior to and Following Performing the Army Combat Fitness Test on Markers of Catabolism, Inflammation, and Recovery.",10.3390/nu17121995,40573107,PMC12195741,UAF4TAA5,2025,,,,CANONICAL_BASELINE,LOOP3X full-universe authoritative materialization,https://docs.google.com/spreadsheets/d/1PsCIFKpNMjrpsaHVu2mGKFYlRboKvNGgorZocCILnoY/edit#FULL_UNIVERSE_SCREENING,Drive modified 2026-09-21T02:35:49.190Z,PubMed A/B/C baseline,"Evidence Command Center 1,456 baseline; LOOP3X materialization",BASELINE,,HIGH_RELEVANCE,DIRECT_MANUSCRIPT_FIT,FULL_TEXT_REVIEW,P1 — HIGH,Sleep / fatigue / recovery,Both,Integrated Operational Readiness / Discussion,YES,NO,NO,Verified — clear,NO,,PENDING,Refined 3-pass screen; scientific text separated from workflow/admin metadata,98,LOT-05-P1,https://pubmed.ncbi.nlm.nih.gov/40573107/,"Tactical athletes and military personnel engaged in intense exercise need to consume enough quality protein in their diet to maintain protein balance and promote recovery. Plant-based protein sources contain fewer essential amino acids (EAAs), while pork loin contains a higher concentration of EAAs and creatine than most other animal protein sources. This study aimed to determine whether the ingestion of plant-based or pork-based military-style meals ready-to-eat (MREs) affects recovery from and subsequent Army Combat Fitness Test (ACFT) performance. Methods: Twenty-three ( n = 23) University Corps of Cadets members participated in a randomized, double-blind, placebo-controlled, and crossover-designed study. Diets were prepared by a dietitian, food scientist, and chef to have similar taste, appearance, texture, and macronutrient content. The chef also labeled the meals for double-blind administration. Participants refrained from intense exercise for 48 h before reporting to the lab in a fasted condition with a 24 h urine sample. Participants donated a blood sample, completed questionnaires and cognitive function tests, and consumed a pre-exercise meal. After four hours, participants performed the ACFT according to military standards. Participants were fed three MREs daily while returning to the lab in a fasted condition at 0600 with 24 h urine samples after 24, 48, and 72 h of recovery. On day 3, participants repeated the ACFT four hours after consuming an MRE for breakfast. Participants resumed normal training and returned to the lab after 2-3 weeks to repeat the experiment while consuming the alternate diet. Data were analyzed using general linear model statistics with repeated measures and percent changes from baseline with 95% confidence intervals. Results: Results revealed that 3 days were sufficient for participants to replicate ACFT performance. However, those consuming the pork-based diet experienced less muscle soreness, urinary urea excretion, cortisol, inflammation, and depression scores while experiencing a higher testosterone/cortisol ratio and appetite satisfaction. There was also evidence of more favorable changes in red and white blood cells. Conversely, blood lipid profiles were more favorably changed when following a plant-based diet. Conclusions: These findings suggest that protein quality and the availability of creatine in the diet can affect recovery from intense military-style exercise. Minimally, plant-based MREs should include 6-10 g/d of EAA and 2-3 g/d of creatine monohydrate to offset dietary deficiencies, particularly in military personnel following a vegetarian diet. Registered clinical trial #ISRCTN47322504.",Journal Article; Randomized Controlled Trial,PMC12195741,,M2401649 National Pork Board,LAWFUL_PMC_XML,https://pmc.ncbi.nlm.nih.gov/articles/PMC12195741/,PMC XML: ,,,,RoB 2,PENDING_AI_FULL_TEXT_REVIEW,FULL_TEXT_REVIEW_AWAITING_APPRAISAL,UNRESOLVED,NO,"Source discovery completed; no final scientific inclusion without full-text appraisal, exact claim mapping and human confirmation."
EV-0295,"The Effect of Fitness on Performance, Exertion, and Cognition During Simulated Firefighter Occupational Tasks.",10.3390/jfmk10020129,40566425,PMC12015927,IWD6FJ8C,2025,,,,CANONICAL_BASELINE,LOOP3X full-universe authoritative materialization,https://docs.google.com/spreadsheets/d/1PsCIFKpNMjrpsaHVu2mGKFYlRboKvNGgorZocCILnoY/edit#FULL_UNIVERSE_SCREENING,Drive modified 2026-09-21T02:35:49.190Z,PubMed A/B/C baseline,"Evidence Command Center 1,456 baseline; LOOP3X materialization",BASELINE,,HIGH_RELEVANCE,DIRECT_MANUSCRIPT_FIT,FULL_TEXT_REVIEW,P1 — HIGH,Cognition / firearm performance,International,Cognition and Firearm-Task Performance / Cognicao e tiro,YES,NO,NO,Verified — clear,NO,,PENDING,Refined 3-pass screen; scientific text separated from workflow/admin metadata,99,LOT-05-P1,https://pubmed.ncbi.nlm.nih.gov/40566425/,"Background: Fitness is relevant for firefighter occupational performance, but its influence on exertion and cognition during occupational tasks remains unclear. We aim to determine fitness's influence on performance, exertion, and cognition during simulated firefighter occupational tasks. Methods: Two baseline fitness assessments occurred to measure aerobic fitness, strength, power, and body composition in 33 non-firefighter participants (females/males: 15/18; 25.18 ± 4.06 years; 174.01 ± 9.77 cm; 75.94 ± 13.18 kg). A third visit involved participants completing an occupational task assessment (OTA; four rounds of deadlifts, sandbag carries, and a cognitive assessment at 35 °C/50% humidity) to the best of their ability. Multiple linear regression models, including strength and power, aerobic capacity, and body composition, were used to predict OTA performance and exertion. Our outcomes included time to complete, exertion, and cognitive performance during the OTA. Results: The model predicted OTA time, RPE, skin temperature, and blood lactate ( p s < 0.02), but not core temperature ( p > 0.24). The model did not predict cognitive errors ( p s > 0.06). Conclusions: These metrics of fitness provide meaningful predictive insight into firefighters' occupational readiness during simulated occupational tasks.",Journal Article,PMC12015927,,,LAWFUL_PMC_XML,https://pmc.ncbi.nlm.nih.gov/articles/PMC12015927/,PMC XML: ,,,,Design classification required before appraisal,PENDING_AI_FULL_TEXT_REVIEW,FULL_TEXT_REVIEW_AWAITING_APPRAISAL,UNRESOLVED,NO,"Source discovery completed; no final scientific inclusion without full-text appraisal, exact claim mapping and human confirmation."
EV-0299,Combat Casualty Care in Arctic or Extreme Cold Environments: Considerations for the Army Health System.,10.55460/gvpx-ubr3,40540537,,DLKJD5FG,2025,,,,CANONICAL_BASELINE,LOOP3X full-universe authoritative materialization,https://docs.google.com/spreadsheets/d/1PsCIFKpNMjrpsaHVu2mGKFYlRboKvNGgorZocCILnoY/edit#FULL_UNIVERSE_SCREENING,Drive modified 2026-09-21T02:35:49.190Z,PubMed A/B/C baseline,"Evidence Command Center 1,456 baseline; LOOP3X materialization",BASELINE,,HIGH_RELEVANCE,DIRECT_MANUSCRIPT_FIT,FULL_TEXT_REVIEW,P1 — HIGH,Tactical medicine / TCCC / TECC / APH,International,Tactical Medicine Readiness / APH-Tatico,YES,NO,NO,Verified — clear,NO,,PENDING,Refined 3-pass screen; scientific text separated from workflow/admin metadata,100,LOT-06-P1,https://pubmed.ncbi.nlm.nih.gov/40540537/,"The Department of the Army's 2021 strategy to ""Regain Arctic Dominance"" highlights the operational necessity of sustaining combat readiness in Arctic or extreme cold environments (AoECE). Presented are five scenarios inspired by casualties that illustrate capability gaps and best practices as the Army Health System applies tactical combat casualty care (TCCC) in austere, frigid climates: (1) adapting TCCC to the AoECE as a unique environment; (2) technological limitations in the prevention and treatment of hypothermia; (3) freezing cold injury (FCI) and non-freezing cold injury (NFCI) treatment and the institutional need for a cold injury center; (4) a proposal for a FCI rule-out pathway to preserve the fighting force; (5) carbon monoxide poisoning and logistical constraints. These scenarios emphasize the need for research, procurement, and doctrine tailored specifically to the AoECE, as environmental exposure and equipment capability will be a decisive factor in casualty survivability and force regeneration.",Journal Article,,,,FULL_TEXT_UNAVAILABLE,,,,,NO_PMCID_IN_PRIMARY_METADATA,Design classification required before appraisal,NOT_POSSIBLE_WITHOUT_LAWFUL_FULL_TEXT,FULL_TEXT_REVIEW_AWAITING_APPRAISAL,FULL_TEXT_UNAVAILABLE,NO,"Source discovery completed; no final scientific inclusion without full-text appraisal, exact claim mapping and human confirmation."
EV-0311,Efficacy and acceptability of different blood flow restriction training interventions during the rehabilitation of military personnel with lower limb musculoskeletal injuries: protocol for a two-phase randomised controlled trial.,10.1136/bmjopen-2024-096643,40425246,PMC12107567,SN8HBTA3,2025,,,,CANONICAL_BASELINE,LOOP3X full-universe authoritative materialization,https://docs.google.com/spreadsheets/d/1PsCIFKpNMjrpsaHVu2mGKFYlRboKvNGgorZocCILnoY/edit#FULL_UNIVERSE_SCREENING,Drive modified 2026-09-21T02:35:49.190Z,PubMed A/B/C baseline,"Evidence Command Center 1,456 baseline; LOOP3X materialization",BASELINE,,HIGH_RELEVANCE,DIRECT_MANUSCRIPT_FIT,FULL_TEXT_REVIEW,P1 — HIGH,Musculoskeletal injury,International,Operational Implications / Discussion,YES,NO,NO,Verified — clear,NO,,PENDING,Refined 3-pass screen; scientific text separated from workflow/admin metadata,101,LOT-06-P1,https://pubmed.ncbi.nlm.nih.gov/40425246/,"Musculoskeletal injury (MSKI) is the leading cause of medical downgrading and discharge within the UK military, with lower limb MSKI having the greatest incidence, negatively impacting operational readiness. Pain is a primary limiting factor to rehabilitation progress following MSKI. Heavy-load resistance training (RT; ie, loads >70% 1-repetition maximum) is traditionally used but may be contraindicated due to pain, potentially prolonging recovery and leading to failure of essential physical employment standards for UK military personnel. Low-load RT with blood flow restriction (BFR) can promote favourable morphological and physiological adaption, as well as elicit hypoalgesia in healthy and clinical populations (eg, post-operative), and has proven a viable option in military rehabilitation settings. The acceptability and tolerance of higher relative BFR pressures in persistent pain populations are unknown due to the complexity of presentation and the perception of discomfort experienced during BFR exercise. Greater relative pressures (ie, 80% limb occlusion pressure (LOP)) elicit a greater hypoalgesic response in pain-free individuals, but greater perceived discomfort which may not be tolerated in persistent pain populations. However, lower relative pressure (ie, 40% LOP) has elicited hypoalgesia in pain-free individuals, which therefore may be more clinically acceptable and tolerated in persistent pain populations. The primary aim of both randomised controlled trials (RCT) is to investigate the efficacy and acceptability of using high-frequency, low-load BFR-RT in UK military personnel with lower limb MSKI where persistent pain is the primary limiting factor for progression. The presented protocol is a two-phase RCT based within a military rehabilitation setting. Phase One is a 1-week RCT to determine the most efficacious and acceptable BFR-RT protocol (7× BFR-RT sessions over 5 days at 40% or 80% LOP; n=28). Phase Two is a 3-week RCT comparing the most clinically acceptable BFR pressure, determined by Phase One (21× BFR-RT sessions over 15 days; n=26) to usual care within UK Defence Rehabilitation residential rehabilitation practices. Outcomes will be recorded at baseline, daily and following completion of the intervention. The primary outcome will be the brief pain inventory. Secondary outcomes include blood biomarkers for inflammation and pain (Phase Two only), injury-specific outcome measures, lower extremity function scale, objective measures of muscle strength and neuromuscular performance, and pressure pain threshold testing. The study is approved by the Ministry of Defence Research Ethics Committee (2318/MODREC/24) and Northumbria University. All study findings will be published in scientific peer-reviewed journals and presented at relevant scientific conferences. Registered with Clinical Trials. The registration numbers are as follows: NCT06621914 (Phase One) and NCT06621953 (Phase Two).",Journal Article; Clinical Trial Protocol,PMC12107567,,,LAWFUL_PMC_XML,https://pmc.ncbi.nlm.nih.gov/articles/PMC12107567/,PMC XML: Discussion,"Discussion: The utility of BFR exercise is expanding across numerous clinical populations, 102 104 with multisystem beneficial adaptions being increasingly reported (eg, cardiovascular, morphological and neural). 105 108 Numerous studies have investigated BFR-RT utility over 6–8 weeks, with two to three sessions per week, mirroring a traditional rehabilitation approach, focusing on physiological adaption rather than pain. 37 109 110 Additionally, Ladlow et al 21 provided rationale for high-frequency usage within military rehabilitation settings; however, significantly less research has investigated high-frequency BFR-RT in inpatient setting when pain is the primary outcome measure. This two-phase research programme aims to expand upon the previous and currently ongoing UK Defence Rehabilitation RCT. 21 50 To our knowledge, this two-phase RCT will be the first to assess the effect of high-frequency BFR-RT, and BFR-RT in general, on pain modulation in military personnel with lower limb MSKI. The clinical implications of these findings are that BFR-RT could be a rehabilitation intervention that can induce beneficial clinical adaptions and attenuate pain response, in the absence of high mechanical",,,RoB 2,PENDING_AI_FULL_TEXT_REVIEW,FULL_TEXT_REVIEW_AWAITING_APPRAISAL,UNRESOLVED,NO,"Source discovery completed; no final scientific inclusion without full-text appraisal, exact claim mapping and human confirmation."
EV-0315,"Examining the Relationship Between Resilience, Mental Health and Fitness Outcomes in Firefighters.",10.3390/jfmk10020142,40407426,PMC12101197,DQYALWYK,2025,,,,CANONICAL_BASELINE,LOOP3X full-universe authoritative materialization,https://docs.google.com/spreadsheets/d/1PsCIFKpNMjrpsaHVu2mGKFYlRboKvNGgorZocCILnoY/edit#FULL_UNIVERSE_SCREENING,Drive modified 2026-09-21T02:35:49.190Z,PubMed A/B/C baseline,"Evidence Command Center 1,456 baseline; LOOP3X materialization",BASELINE,,HIGH_RELEVANCE,DIRECT_MANUSCRIPT_FIT,FULL_TEXT_REVIEW,P1 — HIGH,Mental health / stress,International,Organizational Health Context / Discussao,YES,NO,NO,Verified — clear,NO,,PENDING,Refined 3-pass screen; scientific text separated from workflow/admin metadata,102,LOT-06-P1,https://pubmed.ncbi.nlm.nih.gov/40407426/,"Background : Firefighters have an increased risk of both mental and physical health conditions due to experiencing various forms of extreme stress regularly. High levels of resiliency may help firefighters overcome stressful situations and promote better mental and physical health. Objectives : The primary aim of the present study was to examine the relationship between resilience and other psychological variables. The secondary aim was to determine the relationship between psychological variables and firefighter fitness outcomes. Methods : Participants included 79 full-time male firefighters with a mean age of 35.9. They completed the following psychological questionnaires in this order: PTSD checklist for DSM-5, Dispositional Resilience Scale 15-item, State-Trait Anxiety Inventory for Adults and Beck Depression Inventory. They completed the following fitness tests in this order: maximum number of push-ups in two minutes, maximum time holding a plank and minimum time completing running and/or walking 1.5 miles. Results : Resilience was correlated with and predicted significant variance in depression, trait anxiety, state anxiety and PTSD symptoms in firefighters (all p 's < 0.025). Further, all psychological variables were significantly correlated with and predictive of each other. However, only scores on the Beck Depression Inventory were associated with push-ups completed ( p = 0.014). No other psychological variable was related to fitness outcomes in firefighters. Conclusions : This study demonstrated resilience was significantly related to anxiety, depressive symptoms and PSTD symptoms in firefighters but not fitness outcomes. This highlights the protective effects of resilience on mental health, but future work needs to explore other psychological mechanisms to predict physiological performance variables in firefighters.",Journal Article,PMC12101197,,,LAWFUL_PMC_XML,https://pmc.ncbi.nlm.nih.gov/articles/PMC12101197/,PMC XML: ,,,,Design classification required before appraisal,PENDING_AI_FULL_TEXT_REVIEW,FULL_TEXT_REVIEW_AWAITING_APPRAISAL,UNRESOLVED,NO,"Source discovery completed; no final scientific inclusion without full-text appraisal, exact claim mapping and human confirmation."
EV-0317,Leg Tuck or Plank? Critical Decisions to Optimize Physical Fitness Assessment in Army Personnel.,10.1519/jsc.0000000000005119,40403188,,SNCMDYFS,2025,,,,CANONICAL_BASELINE,LOOP3X full-universe authoritative materialization,https://docs.google.com/spreadsheets/d/1PsCIFKpNMjrpsaHVu2mGKFYlRboKvNGgorZocCILnoY/edit#FULL_UNIVERSE_SCREENING,Drive modified 2026-09-21T02:35:49.190Z,PubMed A/B/C baseline,"Evidence Command Center 1,456 baseline; LOOP3X materialization",BASELINE,,HIGH_RELEVANCE,DIRECT_MANUSCRIPT_FIT,FULL_TEXT_REVIEW,P1 — HIGH,Physical / academy readiness,International,Physical and Academy Readiness / Aptidao e academia,YES,NO,NO,Verified — clear,NO,,PENDING,Refined 3-pass screen; scientific text separated from workflow/admin metadata,103,LOT-06-P1,https://pubmed.ncbi.nlm.nih.gov/40403188/,"Sergi, TE, Dawes, JJ, and Heileson, JL. Leg tuck or plank? Critical decisions to optimize physical fitness assessment in army personnel. J Strength Cond Res 39(6): e830-e833, 2025-Recent updates to the Army Combat Fitness Test (ACFT), primarily surrounding the decision to replace the leg tuck (LTK) with the plank (PLK), have raised significant controversy. The original justification for the LTK included combat tasks associated with upper-body pulling and abdominal strength, which may not be measured by the PLK. Sixty (30 male and 30 female) healthy, active-duty soldiers volunteered for this study and conducted performance testing for handgrip strength (HGS), PLK, LTK, and pull-ups (PUPs). Independent t-tests were used to determine between-sex differences for all variables (p ≤ 0.05). Partial correlations controlling for sex were used to compute relationships between the LTK, PLK, HGS, and PUP. Stepwise regression determined which variables were predictive of the LTK and PLK. Men outperformed female soldiers in HGS, LTK, and PUP, whereas PLK performance was similar. When controlling for sex, the LTK was correlated with PUP (r = 0.784, p < 0.001), HGS (r = 0.353, p = 0.006), and the PLK (r = 0.321, p = 0.013). The LTK was predicted by PUP and sex (model 2: R2 = 0.790). The inclusion of sex to the model, albeit significant, only improved the variance by 3.8%. The PLK was predicted by the LTK (R2 = 0.135, p = 0.004). The results suggest that the LTK is a complex exercise that reflects multiple fitness components that are no longer assessed by the PLK. The Army has reinstituted sex-stratified scoring, as such, ACFT event selection should align with the most operationally relevant components of fitness.",Journal Article,,,,FULL_TEXT_UNAVAILABLE,,,,,NO_PMCID_IN_PRIMARY_METADATA,Design classification required before appraisal,NOT_POSSIBLE_WITHOUT_LAWFUL_FULL_TEXT,FULL_TEXT_REVIEW_AWAITING_APPRAISAL,FULL_TEXT_UNAVAILABLE,NO,"Source discovery completed; no final scientific inclusion without full-text appraisal, exact claim mapping and human confirmation."
EV-0322,Toward promoting performance nutrition behaviors among tactical athletes: a mixed methods study.,10.1080/15502783.2025.2492186,40314558,PMC12051564,N6KIMTPT,2025,,,,CANONICAL_BASELINE,LOOP3X full-universe authoritative materialization,https://docs.google.com/spreadsheets/d/1PsCIFKpNMjrpsaHVu2mGKFYlRboKvNGgorZocCILnoY/edit#FULL_UNIVERSE_SCREENING,Drive modified 2026-09-21T02:35:49.190Z,PubMed A/B/C baseline,"Evidence Command Center 1,456 baseline; LOOP3X materialization",BASELINE,,HIGH_RELEVANCE,DIRECT_MANUSCRIPT_FIT,FULL_TEXT_REVIEW,P1 — HIGH,Nutrition / shift work,International,Nutrition and Schedule Load / Nutricao e jornadas,YES,NO,NO,Verified — clear,NO,,PENDING,Refined 3-pass screen; scientific text separated from workflow/admin metadata,104,LOT-06-P1,https://pubmed.ncbi.nlm.nih.gov/40314558/,"Appropriate and adequate nutrition is essential for the health and performance of tactical athletes, including army recruits and trainees. However, previous research shows they commonly experience suboptimal intakes of energy and carbohydrate. To date, little research has been conducted to understand the causes of their poor dietary intakes. The objectives of this study were to (1) assess infantry trainees' dietary intakes and (2) explore their beliefs, barriers, and self-efficacy toward performance nutrition using the Health Belief Model (HBM). Participants undergoing their 17-week Australian Army Infantry Initial Employment Training (Infantry IET) were recruited. During weeks 1 and 17, self-reported dietary intakes were assessed, and four focus groups were conducted. Mean daily energy, carbohydrate, and protein intakes were 7864 ± 1135 kJ, 1.8 ± 0.6 g/kg, and 1.5 ± 0.3 g/kg, respectively, in week 1, and 9084 ± 2535 kJ/day, 2.2 ± 1.1 g/kg and 1.5 ± 0.2 g/kg, respectively, in week 17. Three themes and seven subthemes were developed from the focus group data, falling under the following HBM domains: Cues to Action, Perceived Barriers, and Self-Efficacy. Infantry trainees' ability to eat well for their health and performance was hindered by their limited time during their intensive training schedule, their limited access to a sufficient variety of healthy foods, and their limited self-efficacy regarding performance nutrition. They require further performance nutrition knowledge, especially in regard to adopting practical fueling and refueling strategies surrounding physical training, as well as access to a greater quantity and variety of healthy foods outside of their main mealtimes.",Journal Article,PMC12051564,,,LAWFUL_PMC_XML,https://pmc.ncbi.nlm.nih.gov/articles/PMC12051564/,PMC XML: Discussion | Conclusions,"Discussion: The current mixed-methods study found that trainees were motivated to eat well to help achieve their fitness goals and body weight goals, to improve their performance, and to prevent fatigue. Moreover, good nutrition was recognized as an important factor in supporting training adaptations and preventing musculoskeletal injury during Infantry IET. Despite this, a number of key barriers were identified that may explain their suboptimal dietary intakes during their highly demanding military training course. These included perceived lack of time and limited access to a sufficient variety of foods outside of main mealtimes, as well as lack of self-efficacy and procedural knowledge, particularly on eating strategies in the lead up to demanding PT. The self-reported dietary intake results are likely to represent an underestimation of participants’ actual energy and macronutrient intakes during training and thus, should be interpreted with caution. Notwithstanding, the perceived barriers, motivators, self-efficacy, and beliefs of trainees identified in this study should be considered when designing future strategies to improve dietary intakes and reduce the risk of REDs/RED-M and adverse h | Conclusions: In conclusion, infantry trainees’ self-reported intakes of energy and carbohydrate were well below the recommended levels, and thus, may place them at higher risk of the adverse health and performance outcomes associated REDs/RED-M. Trainees’ ability to eat well in accordance with performance nutrition recommendations is hindered by their intensive training schedules, their limited opportunities for mealtimes in the mess, as well as their limited access to a wide variety of foods, especially healthy options outside of main mealtimes. In addition, their lack of performance nutrition knowledge may further compound their perceived barriers to good nutrition. Although there can be limited flexibility in meal times due to the demanding and time-intensive nature of Infantry IET, improved performance nutrition knowledge among trainees, combined with greater access to fueling foods could improve their energy and carbohydrate intake, especially surrounding arduous physical activity. It is recommended that future behavior change strategies within army recruits and trainees should consider i) nutrition education focussing on performance nutrition (declarative and procedural), including practi",,,Design classification required before appraisal,PENDING_AI_FULL_TEXT_REVIEW,FULL_TEXT_REVIEW_AWAITING_APPRAISAL,UNRESOLVED,NO,"Source discovery completed; no final scientific inclusion without full-text appraisal, exact claim mapping and human confirmation."
EV-0328,Optimizing the Self-Directed Training Kiosk for Tactical Combat Casualty Care Skills Among Chinese Military Service Members: A Kano Model Approach.,10.1093/milmed/usaf130,40266606,,KTGL5PAZ,2025,,,,CANONICAL_BASELINE,LOOP3X full-universe authoritative materialization,https://docs.google.com/spreadsheets/d/1PsCIFKpNMjrpsaHVu2mGKFYlRboKvNGgorZocCILnoY/edit#FULL_UNIVERSE_SCREENING,Drive modified 2026-09-21T02:35:49.190Z,PubMed A/B/C baseline,"Evidence Command Center 1,456 baseline; LOOP3X materialization",BASELINE,,HIGH_RELEVANCE,DIRECT_MANUSCRIPT_FIT,FULL_TEXT_REVIEW,P1 — HIGH,Tactical medicine / TCCC / TECC / APH,International,Tactical Medicine Readiness / APH-Tatico,YES,NO,NO,Verified — clear,NO,,PENDING,Refined 3-pass screen; scientific text separated from workflow/admin metadata,105,LOT-06-P1,https://pubmed.ncbi.nlm.nih.gov/40266606/,"Tactical Combat Casualty Care (TCCC) is widely recognized as the gold standard for reducing preventable battlefield deaths. Although the People's Liberation Army has incorporated TCCC into its training programs, traditional instructor-led methods face challenges in addressing personalized learning needs and are often constrained by limitations such as time, venue, and faculty availability. To overcome these challenges, a self-directed TCCC training kiosk was developed. This study applies the Kano model to analyze user requirements among Chinese naval personnel, aiming to guide optimization strategies and provide valuable insights for driving innovation in military medical education. A mixed-methods approach was adopted, starting with a literature review and semi-structured interviews with 10 naval medical personnel. Based on the findings, a Kano model-based questionnaire comprising 5 dimensions and 45 requirements, along with a satisfaction evaluation of the self-directed TCCC training kiosk, was developed. The survey was conducted with 305 personnel from a Chinese naval unit, and the data were analyzed using SPSS 26.0 to classify user requirements into 5 Kano attributes. Better-Worse coefficients and a 4-quadrant analysis were then applied to effectively prioritize these requirements. A total of 264 participants responded to the survey, with 66.7% reporting being very satisfied with the self-directed training kiosk. The Kano model analysis revealed that over half of the requirements were classified as indifferent (25/45, 55.56%), followed by 11 as one-dimensional (24.44%), 6 as must-be (13.33%), and only 3 as attractive (6.67%). Notably, none of the requirements were categorized as reverse. The requirements were prioritized across 5 key dimensions: environmental settings, management and support, equipment and facilities, self-directed training functions, and system features, providing a strategic framework for optimizing the training kiosk. This study provides valuable insights into the application of user-centered design and technology-enhanced learning in military medical education. The findings underscore the potential of self-directed learning to improve the quality, accessibility, and effectiveness of TCCC education, ultimately enhancing the preparedness of Chinese naval medical personnel to deliver life-saving care in combat scenarios.","Journal Article; Research Support, Non-U.S. Gov't",,,72104244 National Natural Science Foundation of China,FULL_TEXT_UNAVAILABLE,,,,,NO_PMCID_IN_PRIMARY_METADATA,Design classification required before appraisal,NOT_POSSIBLE_WITHOUT_LAWFUL_FULL_TEXT,FULL_TEXT_REVIEW_AWAITING_APPRAISAL,FULL_TEXT_UNAVAILABLE,NO,"Source discovery completed; no final scientific inclusion without full-text appraisal, exact claim mapping and human confirmation."
EV-0337,Assessing Cardiovascular Risk Among Polish Soldiers: Insights Using the POL SCORE Tool.,10.3390/jcm14062130,40142938,PMC11943057,D4TRYDC7,2025,,,,CANONICAL_BASELINE,LOOP3X full-universe authoritative materialization,https://docs.google.com/spreadsheets/d/1PsCIFKpNMjrpsaHVu2mGKFYlRboKvNGgorZocCILnoY/edit#FULL_UNIVERSE_SCREENING,Drive modified 2026-09-21T02:35:49.190Z,PubMed A/B/C baseline,"Evidence Command Center 1,456 baseline; LOOP3X materialization",BASELINE,,HIGH_RELEVANCE,DIRECT_MANUSCRIPT_FIT,FULL_TEXT_REVIEW,P1 — HIGH,Medical / cardiovascular readiness,International,Medical and Cardiovascular Readiness / Saude e prontidao medica,YES,NO,NO,Verified — clear,NO,,PENDING,Refined 3-pass screen; scientific text separated from workflow/admin metadata,106,LOT-06-P1,https://pubmed.ncbi.nlm.nih.gov/40142938/,"Background/Objectives : Maintaining the health and operational readiness of military personnel is a strategic priority, particularly in the context of cardiovascular diseases (CVDs), which remain a significant public health challenge in Poland. Despite a decline in mortality rates between 2006 and 2012, Poland continues to report higher premature mortality rates compared to the OECD average. This study highlights the importance of effective risk assessment and management strategies, employing the POL SCORE scale, an adaptation of the European Society of Cardiology's Systematic Coronary Risk Evaluation (SCORE) project. Methods : This study included 196 participants, comprising soldiers and civilian employees of the Ministry of National Defense, to assess their 10-year cardiovascular mortality risk. Data were collected using clinical evaluations and self-reported questionnaires. Results : Findings revealed that 66.3% of participants were at moderate risk, with significant differences observed based on gender and education level. Notably, the average triglyceride level was 219.3 ± 114.31 mg/dL in the very high-risk group, compared to 97.4 ± 41.31 mg/dL in the low-risk group. Stress, reported by 88.2% of participants, emerged as the most prevalent work-related risk factor. Alarmingly, a lack of awareness regarding cardiovascular risk factors was observed, particularly among high-risk individuals. Conclusions : This study underscores the need for targeted health education, regular preventive screenings, and psychological support, particularly among military personnel. These interventions are crucial to mitigating the burden of CVDs and ensuring the operational readiness of armed forces.",Journal Article,PMC11943057,,"357/2021/DA Ministry of National Defence, Poland",LAWFUL_PMC_XML,https://pmc.ncbi.nlm.nih.gov/articles/PMC11943057/,PMC XML: ,,,,Design classification required before appraisal,PENDING_AI_FULL_TEXT_REVIEW,FULL_TEXT_REVIEW_AWAITING_APPRAISAL,UNRESOLVED,NO,"Source discovery completed; no final scientific inclusion without full-text appraisal, exact claim mapping and human confirmation."
EV-0370,Dietary Nutrient Adequacy in Aeronautical Military Personnel in Spain: Strengths and Weaknesses.,10.3390/nu17010092,39796526,PMC11722873,XEG9LSSK,2024,,,,CANONICAL_BASELINE,LOOP3X full-universe authoritative materialization,https://docs.google.com/spreadsheets/d/1PsCIFKpNMjrpsaHVu2mGKFYlRboKvNGgorZocCILnoY/edit#FULL_UNIVERSE_SCREENING,Drive modified 2026-09-21T02:35:49.190Z,PubMed A/B/C baseline,"Evidence Command Center 1,456 baseline; LOOP3X materialization",BASELINE,,HIGH_RELEVANCE,DIRECT_MANUSCRIPT_FIT,FULL_TEXT_REVIEW,P1 — HIGH,Nutrition / shift work,International,Nutrition and Schedule Load / Nutricao e jornadas,YES,NO,NO,Verified — clear,NO,,PENDING,Refined 3-pass screen; scientific text separated from workflow/admin metadata,107,LOT-06-P1,https://pubmed.ncbi.nlm.nih.gov/39796526/,"Aeronautical military personnel operate under intense physical and mental stress, requiring high psychophysical aptitude. Adequate nutrition is essential to sustain operational readiness and mitigate the risk of chronic diseases and other health issues. This study aims to evaluate the nutritional status of aeronautical military personnel group in Spain through dietary parameters. A total of 390 male aeronautical military personnel, who attended the Centro de Instrucción de Medicina Aeroespacial (Madrid, Spain), were evaluated. Energy and nutrient intakes were estimated by three non-consecutive 24-h dietary recalls (DIAL ® program). The median energy intake was 2134 kcal/day, with significant variations across professional groups, highest in parachutists (2347 kcal/day). Protein intake was 18.2% TE, while carbohydrate intake was 37.6% TE, below standards, with 83.8% of participants not meeting the EFSA guidelines. However, a high intake of added sugars was observed (10% TE). Fat intake (38.3% TE) and saturated fats (11.7% TE) exceeded recommendations. Micronutrient deficiencies were notable for vitamin D (98% below recommendations), folate (56.4%), vitamin C (40.2%), calcium (50.3%), iodine (76.6%), and zinc (59%). Elevated cholesterol intake (352 mg/day) and inadequate fiber intake (18.5 g/day) were also observed. This study highlights imbalanced dietary patterns among Spanish aeronautical military personnel, with high protein, fat, cholesterol and added sugar consumption, low carbohydrate, and inadequate intake of critical micronutrients and fiber. These findings emphasize the need for targeted dietary interventions, nutritional monitoring protocols, and specific guidelines to enhance health and performance in this specialized group.",Journal Article,PMC11722873,,,LAWFUL_PMC_XML,https://pmc.ncbi.nlm.nih.gov/articles/PMC11722873/,PMC XML: ,,,,Design classification required before appraisal,PENDING_AI_FULL_TEXT_REVIEW,FULL_TEXT_REVIEW_AWAITING_APPRAISAL,UNRESOLVED,NO,"Source discovery completed; no final scientific inclusion without full-text appraisal, exact claim mapping and human confirmation."
EV-0373,Hazardous alcohol use and cardiometabolic risk among firefighters.,10.1111/acer.15517,39746845,PMC11831616,WX6NYMYN,2025,,,,CANONICAL_BASELINE,LOOP3X full-universe authoritative materialization,https://docs.google.com/spreadsheets/d/1PsCIFKpNMjrpsaHVu2mGKFYlRboKvNGgorZocCILnoY/edit#FULL_UNIVERSE_SCREENING,Drive modified 2026-09-21T02:35:49.190Z,PubMed A/B/C baseline,"Evidence Command Center 1,456 baseline; LOOP3X materialization",BASELINE,,HIGH_RELEVANCE,DIRECT_MANUSCRIPT_FIT,FULL_TEXT_REVIEW,P1 — HIGH,Medical / cardiovascular readiness,International,Medical and Cardiovascular Readiness / Saude e prontidao medica,YES,NO,NO,Verified — clear,NO,,PENDING,Refined 3-pass screen; scientific text separated from workflow/admin metadata,108,LOT-06-P1,https://pubmed.ncbi.nlm.nih.gov/39746845/,"Alcohol misuse is prevalent among firefighters, and associated adverse cardiometabolic health consequences could negatively impact readiness for duty. Mental health conditions may confer additional risk. Therefore, we aimed to determine whether alcohol misuse increases cardiometabolic risk among firefighters and whether mental health conditions modify these relationships. Deidentified data from firefighters (N = 2405; 95.8% males, 38 ± 9 years, 29.6 ± 4.6 kg/m 2 ) included demographics, Alcohol Use Disorders Identification Test (AUDIT) and AUDIT-C scores, mental health screening scores, anthropometrics, metabolic panel, and cardiorespiratory testing results. Differences in cardiometabolic parameters between firefighters with low AUDIT-C (<3 [females] or <4 [males]; no or low-risk alcohol use) or high AUDIT-C (≥3 [females] or ≥4 [males]; hazardous alcohol use) were determined and odds ratios for clinical risk factors were calculated. Posttraumatic stress disorder (PTSD), insomnia, depression, and anxiety were assessed as moderators. Firefighters with high AUDIT-C had significantly (p < 0.05) higher total cholesterol (TC), high-density lipoprotein (HDL-C), and systolic blood pressure (SBP) and diastolic blood pressure (DBP) and lower hemoglobin A1C (HbA1c) than those with low AUDIT-C. In unadjusted and/or adjusted analyses, those with high AUDIT-C had increased risk for overweight/obesity, hypercholesterolemia, and prehypertension/hypertension, and decreased risk for low HDL and elevated HbA1c. There were inverse moderation effects by posttraumatic stress disorder (PTSD), depression, and anxiety on relationships between AUDIT-C score and BP. Insomnia (directly) and anxiety (inversely) moderated relationships between AUDIT-C score and circulating lipids. Firefighters with high AUDIT-C have differential cardiometabolic risk, with specific relationships altered by mental health status. Whether higher HDL and lower HbA1c with high AUDIT-C in firefighters is protective long-term remains to be explored. Overall, these results underscore the need for alcohol screening and intervention to maintain cardiometabolic health and long-term occupational readiness among firefighters.",Journal Article,PMC11831616,,R25 DA050687 DA NIDA NIH HHS United States; Texas Tech University; R25DA050687 DA NIDA NIH HHS United States,LAWFUL_PMC_XML,https://pmc.ncbi.nlm.nih.gov/articles/PMC11831616/,PMC XML: RESULTS | DISCUSSION | CONCLUSIONS,"RESULTS: Demographic characteristics are shown in Table 1 . Sex did not significantly differ between AUDIT-C groups. Those in the high AUDIT-C group were younger in age and had significantly higher AUDIT-C and AUDIT scores than those in the low AUDIT-C group. Moreover, a greater proportion identified as White and lesser proportions identified as Black/African American or Asian high the high vs low AUDIT-C group. The distribution of AUDIT and AUDIT-C scores are shown in Supplemental Figure S1 . | DISCUSSION: The results from the present study are the first to demonstrate that key cardiometabolic risk differ by alcohol use among firefighters in the United States, and mental health status modifies relationships between alcohol use and specific cardiometabolic risk factors. Understanding the cardiometabolic impacts of hazardous alcohol use, compared with low-risk or no alcohol use, among firefighters is critical because alcohol misuse is highly prevalent in this population ( Haddock et al., 2017 , 2012 ) and cardiovascular events are the leading cause of on-duty firefighter mortality ( Campbell and Petrillo, 2023 ; Fahy et al., 2020 ). Such understanding will allow for improved alcohol misuse screening among firefighters, improved monitoring of key risk factors among firefighters struggling with alcohol misuse, and development of more effective and proactive interventions to promote alcohol cessation and improved cardiometabolic health among firefighters with current or previous alcohol misuse. | CONCLUSIONS: Firefighters with hazardous alcohol use has increased risk of overweight and obesity, dyslipidemia, and elevated blood pressure even after adjusting for demographic variables. In contrast, risks for low HDL-C and high HbA1C were decreased among firefighters with hazardous alcohol use. These relationships between alcohol intake with HDL-C and HbA1C are widely reported in the literature and do not necessarily reflect decreased cardiometabolic risk. Mental health conditions including PTSD and mild or greater insomnia, depression, and anxiety were more prevalent among firefighters with hazardous alcohol use and moderated the relationships between alcohol and cardiometabolic risk. Physical capacity, indicative of cardiometabolic risk and readiness for duty, did not differ by alcohol use but was lower among firefighters who reported symptoms indicating PTSD or depression. Since alcohol misuse is highly prevalent among firefighters, these results provide a foundation to begin addressing cardiometabolic health in firefighters most at risk. For example, addressing diet and exercise alongside mental health counseling and a comprehensive alcohol cessation program may be warranted. Additional ",,,Design classification required before appraisal,PENDING_AI_FULL_TEXT_REVIEW,FULL_TEXT_REVIEW_AWAITING_APPRAISAL,UNRESOLVED,NO,"Source discovery completed; no final scientific inclusion without full-text appraisal, exact claim mapping and human confirmation."
EV-0377,US Army Accession and Retention Standards: Impact on Obesity and Medical Readiness.,10.1093/milmed/usae554,39721003,PMC12208061,4PZU7NNI,2025,,,,CANONICAL_BASELINE,LOOP3X full-universe authoritative materialization,https://docs.google.com/spreadsheets/d/1PsCIFKpNMjrpsaHVu2mGKFYlRboKvNGgorZocCILnoY/edit#FULL_UNIVERSE_SCREENING,Drive modified 2026-09-21T02:35:49.190Z,PubMed A/B/C baseline,"Evidence Command Center 1,456 baseline; LOOP3X materialization",BASELINE,,HIGH_RELEVANCE,DIRECT_MANUSCRIPT_FIT,FULL_TEXT_REVIEW,P1 — HIGH,Medical / cardiovascular readiness,International,Medical and Cardiovascular Readiness / Saude e prontidao medica,YES,NO,NO,Verified — clear,NO,,PENDING,Refined 3-pass screen; scientific text separated from workflow/admin metadata,109,LOT-06-P1,https://pubmed.ncbi.nlm.nih.gov/39721003/,"Military body fat standards were implemented in the 1980s to prevent obesity and associated poor military readiness. In the past 2 decades, enforcement of existing Army body composition standards has been eroded by the steady increase in national obesity rates, the demand for new recruits especially during the 2007 surge in Iraq, and the COVID epidemic in 2020. The diminishing qualified recruit pool puts a new focus on accession standards. The purpose of accession standards is to ensure that recruits will meet soldier standards, but accession standards have been relaxed to improve recruitment with an assumption that most recruits will achieve the retention standards during initial entry training. A new method of percent body fat estimation (%BF) adopted by the Army in 2024 further liberalizes both accession and retention standards. This study examined the impact of current accession and retention %BF standards on the proportion of the US population that would be disqualified from Army service. This analysis was based on National Health and Nutrition Examination Survey (NHANES) statistical sampling of the US population, where height, weight, abdominal circumferences, and dual-energy x-ray absorptiometry (DXA) %BF data were available (n = 26,090, including 13,302 men and 12,788 women). The proportion of individuals in the NHANES data failing to meet weight screen and %BF standards based on age and sex categories were calculated using DXA and the new Army anthropometric method. A recent large dataset from another service was used to compare the new method to DXA. Near one-third to one-half of American men and women failed to meet the current Army body composition standard (29, 39, 48, and 50% of men and 39, 45, 46, and 50% of women for age groups 17-20, 21-27, 28-29, and 40-59). More men than women benefited from more liberal accession standards to enter the Army above the retention standard to which they will be held after initial entry training (an additional 12, 11, 15, and 15% of men and 7, 1, 2, and 1% of women who met accession standards exceeded retention standards and would be expected to lose %BF after entry). Approximately one-fourth of women exceeded %BF but were under the height-weight screen; <10% of men were in this category. No men but 16% of the youngest women had low lean mass (<35 kg). Army body composition standards are generous, extending to the limits of increased metabolic health risks and providing underestimates of actual %BF based on the behavior of circumference-based methods of body fat estimation. However, current standards do not accurately select or track physical readiness, especially for women, and should be updated. Modernization of physical readiness standards to meet the needs of the Army of 2030 could include adoption of new technologies that directly assess central adiposity, adequate muscle mass, and replace fitness testing with cardiac output metrics. With half of US adults projected to be obese by 2030, it is time for a review of the strategic goals of modernized military readiness standards.",Journal Article,PMC12208061,,,LAWFUL_PMC_XML,https://pmc.ncbi.nlm.nih.gov/articles/PMC12208061/,PMC XML: RESULTS | DISCUSSION,"RESULTS: Near one-third to one-half of American men and women failed to meet the current Army body composition standards, with older Americans failing at the highest rates: 29, 39, 48, and 50% of men and 39, 45, 46, and 50% of women for age groups 17 to 20, 21 to 27, 28 to 29 and 40 to 59 years failed to meet the current standard ( Table 1 ). A larger proportion of the civilian population failed the standard when more accurately assessed by DXA (roughly equivalent to the previous method using the DoD Hodgdon equations) ( Table 1 ). | DISCUSSION: Current Army readiness standards are an anachronism that were relevant in the past century when height and weight drove physical selection. 19 This was an appropriate standard for identification of chronically malnourished recruits with poor muscle development who were likely to struggle with basic soldier tasks, which typically involve lifting and carrying. Applied to the modern Army, height–weight standards drive acute weight loss behaviors such as water restriction that are not consistent with optimizing soldier readiness. Concerned with the problem of obesity instead of underweight soldiers, the 1980 review of fitness in the services concluded that height–weight metrics should not be perpetuated but should be replaced, with more direct and relevant indicators of obesity-related health and performance outcomes, specifically a circumference-based body fat estimation. 2 However, this too is also now an outdated concept that once worked reasonably well for men. With the opening of all military jobs to women, it has become clear that anthropometry is no longer a suitable metric of health and fitness habits. In short, the current algorithm combining height–weight screening and circum",,,Design classification required before appraisal,PENDING_AI_FULL_TEXT_REVIEW,FULL_TEXT_REVIEW_AWAITING_APPRAISAL,UNRESOLVED,NO,"Source discovery completed; no final scientific inclusion without full-text appraisal, exact claim mapping and human confirmation."
EV-0383,Methodology used to develop the minimum common data elements for surveillance and Reporting of Musculoskeletal Injuries in the MILitary (ROMMIL) statement.,10.12688/f1000research.152514.2,39649840,PMC11621606,BW9LRWCV,2024,,,,CANONICAL_BASELINE,LOOP3X full-universe authoritative materialization,https://docs.google.com/spreadsheets/d/1PsCIFKpNMjrpsaHVu2mGKFYlRboKvNGgorZocCILnoY/edit#FULL_UNIVERSE_SCREENING,Drive modified 2026-09-21T02:35:49.190Z,PubMed A/B/C baseline,"Evidence Command Center 1,456 baseline; LOOP3X materialization",BASELINE,,HIGH_RELEVANCE,DIRECT_MANUSCRIPT_FIT,FULL_TEXT_REVIEW,P1 — HIGH,Musculoskeletal injury,International,Operational Implications / Discussion,YES,NO,NO,Verified — clear,NO,,PENDING,Refined 3-pass screen; scientific text separated from workflow/admin metadata,110,LOT-06-P1,https://pubmed.ncbi.nlm.nih.gov/39649840/,"The objective was to summarize the methodology used to develop the international minimum data elements for surveillance and Reporting of Musculoskeletal Injuries in the MILitary (ROMMIL) statement. This is a recommended list of elements to be collected and reported when conducting injury surveillance research in military settings. A Delphi methodology was employed to reach consensus. Preliminary steps included conducting a literature review and surveying a convenience sample of military stakeholders to 1) identify barriers and facilitators of military musculoskeletal injury (MSKI) prevention programs, 2) identify relevant knowledge gaps, and 3) establish future research priorities. A sequential three-round Delphi consensus survey followed, including relevant stakeholders from militaries around the world, using results to conduct an asynchronous knowledge user meeting (mixture of in-person and live video conference and recording) to explore the level of agreement among subject matter experts. Knowledge users, including former and current military service members, civilian practitioners working in military health networks, and international subject matter experts having experience with policy, execution, or clinical investigation of MSKI mitigation programs, MSKI diagnoses, and MSKI risk factors in military settings. For each round, participants scored questions on a Likert scale of 1-5. Scores ranged from No Importance (1) to Strong Importance (5). Literature review and surveys helped inform the scope of potential variables. Three rounds were necessary to reach minimum consensus. Ninety-five, 65, and 42 respondents participated in the first, second and third rounds, respectively. Achieving consensus across relevant knowledge users representing military organizations globally can be challenging. This paper details the methodology employed to reach consensus for a core minimum data elements checklist for conducting MSKI research in military settings and improve data harmonization and scalability efforts. These methods can be used as a resource to assist in future consensus endeavors of similar nature.",Journal Article,PMC11621606,,,LAWFUL_PMC_XML,https://pmc.ncbi.nlm.nih.gov/articles/PMC11621606/,PMC XML: Results | Discussion | Conclusions,"Results: Ninety-five, 65 and 42 respondents participated in the first, second and third rounds of the Delphi, respectively ( Table 3 ). The process used a Delphi methodology, which is an acceptable and preferred method for validating consensus experiments. 16 , 17 | Discussion: An integrated and scalable process for collecting and reporting MSKI data is necessary to successfully evaluate MSKI interventions in military populations. The methodology, supporting results, and decisions made during the ROMMIL development are provided in this report. The process included a literature synthesis, knowledge user survey, Delphi study, consensus meeting, and electronic consensus open meeting for further review. This process incorporated a broad range of supporting literature, relevant data, and direct input from knowledge users having wide-ranging MSKI-related experiences and expertise. | Conclusions: Achieving consensus with knowledge users representing global-wide military organizations is challenging. This paper details the methodology established to reach consensus, while enabling all participants to provide input (including dissenting opinions). The ROMMIL consensus provides a core minimum data elements checklist for military MSKI scientists to improve data harmonization and scalability efforts. These methods can be used as a resource to assist future consensus endeavors in similar populations.",,,Design classification required before appraisal,PENDING_AI_FULL_TEXT_REVIEW,FULL_TEXT_REVIEW_AWAITING_APPRAISAL,UNRESOLVED,NO,"Source discovery completed; no final scientific inclusion without full-text appraisal, exact claim mapping and human confirmation."
EV-0388,Acute exercise impacts heart rate variability but not cognitive flexibility during subsequent simulated firefighter occupational tasks.,10.1007/s00421-024-05650-9,39537898,PMC11950049,AABQNSJV,2025,,,,CANONICAL_BASELINE,LOOP3X full-universe authoritative materialization,https://docs.google.com/spreadsheets/d/1PsCIFKpNMjrpsaHVu2mGKFYlRboKvNGgorZocCILnoY/edit#FULL_UNIVERSE_SCREENING,Drive modified 2026-09-21T02:35:49.190Z,PubMed A/B/C baseline,"Evidence Command Center 1,456 baseline; LOOP3X materialization",BASELINE,,HIGH_RELEVANCE,DIRECT_MANUSCRIPT_FIT,FULL_TEXT_REVIEW,P1 — HIGH,Cognition / firearm performance,International,Cognition and Firearm-Task Performance / Cognicao e tiro,YES,NO,NO,Verified — clear,NO,,PENDING,Refined 3-pass screen; scientific text separated from workflow/admin metadata,111,LOT-06-P1,https://pubmed.ncbi.nlm.nih.gov/39537898/,"Acute exercise can transiently enhance cognitive flexibility. The cognitive demand of firefighters makes it relevant to understand if on-shift exercise could produce similar improvements in cognitive performance during subsequent occupational tasks. Metrics of heart rate variability (HRV), such as time- and frequency-domain outcomes, may shed light upon the influence exercise has on cognition, as they discern information related to cardiac autonomic (sympathetic/parasympathetic) function. We aimed to determine if acute resistance and aerobic exercise impact cognitive flexibility during occupational tasks and its relation to HRV. 32 participants completed a baseline Wisconsin Card Sorting Task (WCST) and three experimental trials: resistance exercise (RE), aerobic exercise (AE), or a rested control (CON). An occupational task assessment (OTA) including four rounds of 10 deadlifts and a 0.15-mile sandbag carry in an environmental chamber (35 °C/50% humidity) was completed after each trial. The second round was followed by the WCST. Repeated measures ANOVAs were used to analyze differences by condition. For the WCST, total, perseverative, and non-perseverative errors did not differ (ps > 0.39). Time-domain HRV metrics were not different (ps > 0.05). All frequency-domain metrics, other than low-frequency power, were not different (ps > 0.24). Low-frequency power was lower based on condition (p = 0.03). Post hoc analysis showed low-frequency power was lower following AE compared to RE and CON. Results suggest an acute bout of on-shift aerobic or resistance exercise may not impact cognitive flexibility during subsequent simulated occupational tasks, despite depressed metrics of heart rate variability following aerobic exercise.",Journal Article,PMC11950049,,,LAWFUL_PMC_XML,https://pmc.ncbi.nlm.nih.gov/articles/PMC11950049/,PMC XML: Discussion | Conclusions,"Discussion: This study is the first to our knowledge to look at the influence of acute exercise on cognitive function during simulated firefighter occupational tasks, and its relation to HRV metrics associated with autonomic control. Our main findings suggest that there was not evidence that cognitive flexibility in a simulated occupational setting, as assessed by the WCST during the OTA, was impacted by prior acute exercise. Prior acute exercise (resistance and aerobic) did result in a significant decrease in mean RR interval during the cognitive assessment. This suggests that prior acute exercise resulted in an elevated heart rate during the cognitive assessment when compared to the control condition. Additionally, acute exercise only resulted in small, non-significant effects on time-domain HRV variables. Investigation of frequency-domain variables revealed high-frequency power and the low-frequency to high-frequency contribution ratio were minimally, and not significantly, different during the cognitive assessment based on condition. However, low-frequency power, which is associated with parasympathetic tone, was significantly lower during the cognitive assessment following aerobic exercis | Conclusions: The results of this investigation suggest that firefighters who perform acute aerobic or resistance exercise while on shift may not experience deleterious effects on cognitive flexibility. However, metrics of HRV may be depressed by prior performance of acute aerobic exercise, which may influence heart rate and blood pressure regulation. It is important to acknowledge that this is not a recommendation to avoid aerobic exercise, as it is vital to cardiovascular health and occupational safety in firefighters (Jeung et al. 2022 ). Instead, firefighters should be aware of this potential risk when scheduling aerobic exercise around their work schedule, such as completing aerobic training when off duty.",,,Design classification required before appraisal,PENDING_AI_FULL_TEXT_REVIEW,FULL_TEXT_REVIEW_AWAITING_APPRAISAL,UNRESOLVED,NO,"Source discovery completed; no final scientific inclusion without full-text appraisal, exact claim mapping and human confirmation."
EV-0389,Likelihood of fitness improvements during a standardised physical fitness programme in US Army trainees of different fitness levels.,10.1136/military-2024-002763,39537367,,YVQ4KLQA,2025,,,,CANONICAL_BASELINE,LOOP3X full-universe authoritative materialization,https://docs.google.com/spreadsheets/d/1PsCIFKpNMjrpsaHVu2mGKFYlRboKvNGgorZocCILnoY/edit#FULL_UNIVERSE_SCREENING,Drive modified 2026-09-21T02:35:49.190Z,PubMed A/B/C baseline,"Evidence Command Center 1,456 baseline; LOOP3X materialization",BASELINE,,HIGH_RELEVANCE,DIRECT_MANUSCRIPT_FIT,FULL_TEXT_REVIEW,P1 — HIGH,Physical / academy readiness,International,Physical and Academy Readiness / Aptidao e academia,YES,NO,NO,Verified — clear,NO,,PENDING,Refined 3-pass screen; scientific text separated from workflow/admin metadata,112,LOT-06-P1,https://pubmed.ncbi.nlm.nih.gov/39537367/,"IntroductionUS Army Initial Entry Training (IET) aims to develop general fitness and conditioning among large groups of trainees. Despite group mean improvement in physical fitness during IET, some trainees experience substantial gains and others experience no improvement or even declines in fitness. The purpose of this study was to examine the associations between trainee baseline fitness (Army Physical Fitness Test (APFT), the primary fitness assessment at the time of data collection) or estimated baseline body fat (%BF) and the change in fitness by the end of IET. Trainee (n=774 men, 195 women) APFT performance data were obtained, and baseline anthropometrics were used to estimate %BF. APFT performance change (final-baseline) was analysed directly (t-tests) or by quartiles of baseline APFT performance or %BF (analysis of variance). Cochran-Armitage χ 2 for linear trend test and risk ratios allowed for comparison against the lowest initial performance referent quartile (Q1), providing the likelihood of fitness improvements. Significance was set at p≤0.05. Performance improved (p<0.01) on all final APFT events for men and women, respectively (push-ups: +38.4% and +91.8% repetitions; sit-ups: +26.8% and +33.5% repetitions; 2-mile run: -9.6% and -10.4% time). Significant trends in both sexes indicated that moving from low-to-high initial APFT fitness quartiles, trainees were increasingly less likely to improve their fitness. Specifically, men and women in the highest initial fitness quartiles (Q4) were 22%-32% and 25%-34% less likely (p<0.01) to improve, respectively, versus the within-sex lowest initial fitness quartiles (Q1). Only the male trainee's 2-mile run time change was related to the initial %BF. Although most trainees' fitness improved by the end of IET, the likelihood and magnitude of improvement were clearly associated with initial fitness levels. Attention to individualised conditioning and training intensity in the physical readiness training programme of instruction may optimise training strategies across all trainee conditioning levels.",Journal Article,,,,FULL_TEXT_UNAVAILABLE,,,,,NO_PMCID_IN_PRIMARY_METADATA,Design classification required before appraisal,NOT_POSSIBLE_WITHOUT_LAWFUL_FULL_TEXT,FULL_TEXT_REVIEW_AWAITING_APPRAISAL,FULL_TEXT_UNAVAILABLE,NO,"Source discovery completed; no final scientific inclusion without full-text appraisal, exact claim mapping and human confirmation."
EV-0390,Decision-making during training of a Swedish navy command and control team: a quantitative study of workload effects.,10.1007/s10339-024-01242-9,39535672,PMC12055869,E36N73VA,2025,,,,CANONICAL_BASELINE,LOOP3X full-universe authoritative materialization,https://docs.google.com/spreadsheets/d/1PsCIFKpNMjrpsaHVu2mGKFYlRboKvNGgorZocCILnoY/edit#FULL_UNIVERSE_SCREENING,Drive modified 2026-09-21T02:35:49.190Z,PubMed A/B/C baseline,"Evidence Command Center 1,456 baseline; LOOP3X materialization",BASELINE,,HIGH_RELEVANCE,DIRECT_MANUSCRIPT_FIT,FULL_TEXT_REVIEW,P1 — HIGH,Cognition / firearm performance,International,Cognition and Firearm-Task Performance / Cognicao e tiro,YES,NO,NO,Verified — clear,NO,,PENDING,Refined 3-pass screen; scientific text separated from workflow/admin metadata,113,LOT-06-P1,https://pubmed.ncbi.nlm.nih.gov/39535672/,"The study compared two simulation environments for training of Swedish naval Command and Control teams by using indirect measures, including workload, combat readiness, and situation awareness. The literature explains simulation-based training as providing a safe avenue to practice relevant scenarios. Fidelity, the degree of realism in the simulation, and workload, the equilibrium between demands and assigned tasks, are crucial factors examined in this study of low- and high-fidelity naval simulations. This study was conducted to better understand the effects of various training methods. An experimental design with repeated measures was used with three consecutive escalating parts. The subjective, multidimensional assessment tool, NASA-Task Load Index was used to rate perceived workload. Combat readiness of the ship and mental demand yielded significant results. For combat readiness of the ship, there was a difference between the low and the high-fidelity setting, for the initial part of the scenario p = 0.037 and for the second part p = 0.028. Mental demand was experienced as higher in the low-fidelity setting, p = 0.036. Notably, the simulated internal battle training for onboard command teams in a low-fidelity setting was found to induce a level of stress comparable with that experienced in a high-fidelity setting. The results indicate that low-fidelity training results in a workload not distinguishable from high-fidelity training and has practical implications for increased use of low-fidelity training as part of (naval) command team training programmes.",Journal Article,PMC12055869,,,LAWFUL_PMC_XML,https://pmc.ncbi.nlm.nih.gov/articles/PMC12055869/,PMC XML: Results | Discussion | Conclusions,"Results: The participants ranged in age from 23 to 57 years (mean 39.8 years) and consisted of 9 men and 1 woman. As seen in Fig. 9 all participants had varying experience in the Swedish Armed Forces (mean, 21.7 years; range, 3–34 years) and varying experience in their position onboard the vessel (mean, 6.8 years; range, 4 months to 34 years). The results showed no significant differences in workload regarding the NASA-TLX rating between the simulations. When comparing the results from Grier ( 2015 ), the findings are in line with the global TLX data values for C 2 teams. | Discussion: The research compared two simulation environments to evaluate the performance of a Swedish naval C 2 team using indirect measures such as workload, combat readiness, and SA. | Conclusions: The study suggests that low-fidelity simulation settings for internal battles are comparable to high-fidelity simulation settings for Swedish naval C 2 teams on board. The work emphasizes its relevance to Naval research in preparing units for various situations they might face. Comparison of the two simulation environments for training of naval C 2 teams showed no significant differences except for the combat readiness of the ship. Therefore, the study suggests that the benefits of low-fidelity simulation settings for internal battles are comparable to those of high-fidelity simulation settings for Swedish naval C 2 teams on board. Low-fidelity SBT can be conducted more frequently, and the dynamics of low-fidelity simulations can be easily adjusted. The efficiency in low-fidelity settings regarding time, costs and resources ought to be of interest for both the Armed Forces and other organizations. Administering SBT before actual combat may facilitate the adaptation to new challenges, aligning with the evolving nature of the future battlefield (battlespace).",,,Design classification required before appraisal,PENDING_AI_FULL_TEXT_REVIEW,FULL_TEXT_REVIEW_AWAITING_APPRAISAL,UNRESOLVED,NO,"Source discovery completed; no final scientific inclusion without full-text appraisal, exact claim mapping and human confirmation."
EV-0403,"Combat readiness, alcohol abuse, and posttraumatic stress disorder among Uganda peoples' defence forces soldiers.",10.1186/s40359-024-02068-y,39434185,PMC11495013,LU2WQPGH,2024,,,,CANONICAL_BASELINE,LOOP3X full-universe authoritative materialization,https://docs.google.com/spreadsheets/d/1PsCIFKpNMjrpsaHVu2mGKFYlRboKvNGgorZocCILnoY/edit#FULL_UNIVERSE_SCREENING,Drive modified 2026-09-21T02:35:49.190Z,PubMed A/B/C baseline,"Evidence Command Center 1,456 baseline; LOOP3X materialization",BASELINE,,HIGH_RELEVANCE,DIRECT_MANUSCRIPT_FIT,FULL_TEXT_REVIEW,P1 — HIGH,Mental health / stress,International,Organizational Health Context / Discussao,YES,NO,NO,Verified — clear,NO,,PENDING,Refined 3-pass screen; scientific text separated from workflow/admin metadata,114,LOT-06-P1,https://pubmed.ncbi.nlm.nih.gov/39434185/,"This cross-sectional study assessed combat readiness, alcohol abuse and post-traumatic stress disorder (PTSD) among Uganda Peoples' Defense Forces (UPDF) soldiers returning from Operation Lightning Thunder (OLT) in South Sudan and Central African Republic. One hundred fifty participants recruited from UPDF soldiers who had recently withdrawn from OLT, and were based in Singo Peace Support Operation School were screened for combat readiness, alcohol abuse and PTSD. The Perceived Combat Readiness Questionnaire, Alcohol Use Disorder Identification Test, and PTSD checklist military version were used to measure the variables. Inferential analyses were performed to determine the association between combat readiness, alcohol abuse, and PTSD, while controlling for sociodemographic factors. We found that 16% of UPDF soldiers met positive screening results for PTSD, and 21% met the positive screening results for moderate substance use disorder. UPDF soldiers who benefited from combat readiness were less likely to develop PTSD or alcohol abuse. Our results showed a mediating effect of alcohol abuse on combat readiness and PTSD among soldiers with UPDF. Our results highlight the high rates of PTSD and alcohol abuse among UPDF soldiers returning from military deployment. These findings provide insight into the role of combat readiness in reducing the risk of alcohol abuse and vulnerability to PTSD in the aftermath of military deployment.",Journal Article,PMC11495013,,,LAWFUL_PMC_XML,https://pmc.ncbi.nlm.nih.gov/articles/PMC11495013/,PMC XML: Discussion | Conclusion,"Discussion: This cross-sectional study assessed combat readiness, alcohol abuse, and PTSD among UPDF soldiers returning from Operation Lightning Thunder (OLT) in South Sudan and the Central African Republic. We found that 16% of UPDF veterans met the positive screening results for PTSD, and 21% met positive screening results for substance use disorder. The prevalence of PTSD among UPDF soldiers ranges in the average of other studies, although this prevalence is higher than the findings of a study conducted in US Iraq War veterans [ 18 ] and UK [ 13 , 29 ], due to methodological variations and cultural, contextual, and demographic differences. In addition, our findings indicate that the prevalence of alcohol abuse 21%, was higher than existing studies carried out in Afghanistan and Iraq and among US military veterans [ 30 , 31 ]. Alcohol use disorder is commonly reported in soldiers before, during, or in the aftermath of deployment. The prevalence rate has been associated with the prevalence of combat-related PTSD. | Conclusion: We found that PTSD and alcohol use disorder were highly prevalent among UPDF soldiers coming from a mission. Our results also reveal a negative relationship between combat readiness and alcohol use disorder and PTSD, whereas this study showed a positive relationship between alcohol use disorder and PTSD. These findings provide insight into the role of combat readiness in reducing the risk of alcohol use disorder and vulnerability to PTSD in the aftermath of military deployment. Soldiers should not only be trained physically but also psychologically and should be equipped with skills for identifying and dealing with war-related stress and trauma.",,,Design classification required before appraisal,PENDING_AI_FULL_TEXT_REVIEW,FULL_TEXT_REVIEW_AWAITING_APPRAISAL,UNRESOLVED,NO,"Source discovery completed; no final scientific inclusion without full-text appraisal, exact claim mapping and human confirmation."
EV-0427,Associations between Dietary Intake and Cardiovascular Disease Risk in American Career Firefighters: An Observational Study.,10.3390/jfmk9030132,39189217,PMC11348120,ZRAKL78T,2024,,,,CANONICAL_BASELINE,LOOP3X full-universe authoritative materialization,https://docs.google.com/spreadsheets/d/1PsCIFKpNMjrpsaHVu2mGKFYlRboKvNGgorZocCILnoY/edit#FULL_UNIVERSE_SCREENING,Drive modified 2026-09-21T02:35:49.190Z,PubMed A/B/C baseline,"Evidence Command Center 1,456 baseline; LOOP3X materialization",BASELINE,,HIGH_RELEVANCE,DIRECT_MANUSCRIPT_FIT,FULL_TEXT_REVIEW,P1 — HIGH,Nutrition / shift work,International,Nutrition and Schedule Load / Nutricao e jornadas,YES,NO,NO,Verified — clear,NO,,PENDING,Refined 3-pass screen; scientific text separated from workflow/admin metadata,115,LOT-06-P1,https://pubmed.ncbi.nlm.nih.gov/39189217/,"Firefighters have demanding jobs, requiring high levels of fitness in stressful situations for operational readiness, yet many firefighters are at an increased risk of developing cardiovascular disease (CVD). Diet is an important factor contributing to the development of CVD. The purpose of this study was to describe the dietary intake of firefighters and examine the associations between dietary intake and the CVD risk. Forty-six male career firefighters (age = 41.2 ± 11.2 years; BMI = 29.2 ± 4.1 kg/m 2 ; body fat = 21.7 ± 6.1%) enrolled in a fitness-focused wellness program completed a health survey and a fitness assessment. The survey responses and fitness assessment were used to calculate the Framingham CVD Risk Score. Data were analyzed using R, the residual assumptions were verified, and the alpha level was set at 0.05. The results revealed that firefighters consume a standard American diet, with the overconsumption of meat and underconsumption of fruits and vegetables. The average CVD risk approached the upper limit of low risk. The results also indicate that meat servings and preparation fat affect the CVD risk (R 2 = 0.21, p = 0.006). The outcomes of this study can inform investigations aimed at improving operational readiness and reducing the CVD risk in firefighters by implementing a holistic approach combining dietary interventions with physical training.",Journal Article,PMC11348120,,,LAWFUL_PMC_XML,https://pmc.ncbi.nlm.nih.gov/articles/PMC11348120/,PMC XML: ,,,,Design classification required before appraisal,PENDING_AI_FULL_TEXT_REVIEW,FULL_TEXT_REVIEW_AWAITING_APPRAISAL,UNRESOLVED,NO,"Source discovery completed; no final scientific inclusion without full-text appraisal, exact claim mapping and human confirmation."
EV-0442,What About Water? Implications for Body Composition Assessment in Military Personnel.,10.1519/jsc.0000000000004840,39074192,,Y9T39Q3Q,2024,,,,CANONICAL_BASELINE,LOOP3X full-universe authoritative materialization,https://docs.google.com/spreadsheets/d/1PsCIFKpNMjrpsaHVu2mGKFYlRboKvNGgorZocCILnoY/edit#FULL_UNIVERSE_SCREENING,Drive modified 2026-09-21T02:35:49.190Z,PubMed A/B/C baseline,"Evidence Command Center 1,456 baseline; LOOP3X materialization",BASELINE,,HIGH_RELEVANCE,DIRECT_MANUSCRIPT_FIT,FULL_TEXT_REVIEW,P1 — HIGH,Physical / academy readiness,International,Physical and Academy Readiness / Aptidao e academia,YES,NO,NO,Verified — clear,NO,,PENDING,Refined 3-pass screen; scientific text separated from workflow/admin metadata,116,LOT-06-P1,https://pubmed.ncbi.nlm.nih.gov/39074192/,"Sergi, TE, Roberts, BM, and Heileson, JL. What About Water? Implications for Body Composition Assessment in Military Personnel. J Strength Cond Res 38(9): e534-e540, 2024-Body composition standards ensure service members maintain physical fitness, wellness, and support mission readiness. Anthropometric techniques (i.e., height/mass, circumference-based ""tape test"") have been the primary screening and percent body fat (%BF) assessment method in military personnel for about 4 decades. Recently, the Army and Marine Corps have implemented more advanced body composition assessment methods, such as air displacement plethysmography (ADP), multifrequency bioelectrical impedance analysis (MF-BIA), and dual-energy x-ray absorptiometry (DXA), to serve as supplemental %BF assessment after failing the tape test. Although supplemental assessments are intended to improve on the accuracy and precision of the tape test, preassessment standardization, specifically regarding acute water ingestion (AWI), is lacking. Thus, the purpose of this narrative review was to (a) summarize the available literature regarding the influence of AWI on body composition estimates derived from ADP, MF-BIA, and DXA and (b) provide evidence-based recommendations for researchers and practitioners. Studies indicate that AWI increases %BF estimates with ADP (4 of 6 [4/6] observations) and MF-BIA (6/7), whereas AWI increases muscle mass (6/6) and likely decreases %BF (2/3) when obtained by DXA. In conclusion, ADP, MF-BIA, and DXA are susceptible to confounding from AWI, leading to inaccurate body composition estimates that may negatively affect the careers of military personnel. Based on the findings from this narrative review, military practitioners and researchers should (a) follow manufacturer guidelines for calorie intake [food and fluid] and exercise avoidance, (b) conduct urine-specific gravity testing [if possible], and (c) limit AWI to <250 ml before assessment.",Journal Article; Review,,,,FULL_TEXT_UNAVAILABLE,,,,,NO_PMCID_IN_PRIMARY_METADATA,Design classification required before appraisal,NOT_POSSIBLE_WITHOUT_LAWFUL_FULL_TEXT,FULL_TEXT_REVIEW_AWAITING_APPRAISAL,FULL_TEXT_UNAVAILABLE,NO,"Source discovery completed; no final scientific inclusion without full-text appraisal, exact claim mapping and human confirmation."
EV-0443,Detraining's Effects on Cardiorespiratory Fitness and Maximal and Explosive Strength in Army Soldiers: Does Age Matter?,10.3390/sports12070183,39058074,PMC11280788,U2BGI7JC,2024,,,,CANONICAL_BASELINE,LOOP3X full-universe authoritative materialization,https://docs.google.com/spreadsheets/d/1PsCIFKpNMjrpsaHVu2mGKFYlRboKvNGgorZocCILnoY/edit#FULL_UNIVERSE_SCREENING,Drive modified 2026-09-21T02:35:49.190Z,PubMed A/B/C baseline,"Evidence Command Center 1,456 baseline; LOOP3X materialization",BASELINE,,HIGH_RELEVANCE,DIRECT_MANUSCRIPT_FIT,FULL_TEXT_REVIEW,P1 — HIGH,Physical / academy readiness,International,Physical and Academy Readiness / Aptidao e academia,YES,NO,NO,Verified — clear,NO,,PENDING,Refined 3-pass screen; scientific text separated from workflow/admin metadata,117,LOT-06-P1,https://pubmed.ncbi.nlm.nih.gov/39058074/,"This study investigated the impact of four weeks of age-dependent detraining on army soldiers' cardiorespiratory fitness and maximal and explosive strength. Fourteen volunteer tactical athletes participated, divided into two age groups (20 to 29 and 30 to 40 years). Before and after the detraining period, we assessed their anthropometric measurements (weight, height, body mass index, fat mass, and fat-free mass), cardiorespiratory fitness (maximal oxygen uptake [VO 2 max] and ventilatory thresholds [VT1 and VT2]), and kinematic properties during a single-leg counter-moving jump (CMJ) test for both the dominant and non-dominant legs. Two-way ANOVA followed by the Holm-Sidak post hoc test was used. The anthropometric and cardiovascular variables did not show significant differences between the groups. However, both groups exhibited a significantly reduced maximum time and speed at the VO 2 max. Furthermore, the flight time and maximum height during the CMJ significantly decreased in the non-dominant leg for both age groups. Notably, the dominant leg's concentric impulse (CI) significantly reduced during the CMJ, but this effect was observed only in the 30-40 age group. There were significant differences between the two age groups. Our findings suggest that four weeks of detraining negatively impacts aerobic fitness and muscular strength, independently of age. However, the dominant leg may be more susceptible to detraining effects in army soldiers aged 30-40. Furthermore, as a perspective, our results strongly suggest that a detraining period could affect successful missions (aerobic performance deterioration), as well as promote a muscle imbalance between the legs, which could encourage muscle injuries and endanger combat missions.",Journal Article,PMC11280788,,,LAWFUL_PMC_XML,https://pmc.ncbi.nlm.nih.gov/articles/PMC11280788/,PMC XML: ,,,,Design classification required before appraisal,PENDING_AI_FULL_TEXT_REVIEW,FULL_TEXT_REVIEW_AWAITING_APPRAISAL,UNRESOLVED,NO,"Source discovery completed; no final scientific inclusion without full-text appraisal, exact claim mapping and human confirmation."
EV-0459,"Nutrition as a military capability to deliver human advantage: more people, more ready, more of the time.",10.1136/military-2024-002738,38942432,PMC12505093,X5QJAERC,2025,,,,CANONICAL_BASELINE,LOOP3X full-universe authoritative materialization,https://docs.google.com/spreadsheets/d/1PsCIFKpNMjrpsaHVu2mGKFYlRboKvNGgorZocCILnoY/edit#FULL_UNIVERSE_SCREENING,Drive modified 2026-09-21T02:35:49.190Z,PubMed A/B/C baseline,"Evidence Command Center 1,456 baseline; LOOP3X materialization",BASELINE,,HIGH_RELEVANCE,DIRECT_MANUSCRIPT_FIT,FULL_TEXT_REVIEW,P1 — HIGH,Nutrition / shift work,International,Nutrition and Schedule Load / Nutricao e jornadas,YES,NO,NO,Verified — clear,NO,,PENDING,Refined 3-pass screen; scientific text separated from workflow/admin metadata,118,LOT-06-P1,https://pubmed.ncbi.nlm.nih.gov/38942432/,"Soldiers must achieve high-level mission-preparedness to endure extended periods of physical and cognitive activity, with unpredictable recovery, in all environments. Nutrition provides the foundation for health and performance. Militaries have not maximised the strategic and financial value that considering nutrition as a military capability could deliver. A whole system approach to military nutrition, based on the prepare-perform-recover human capability cycle phases, is presented. Trainee nutrition requirements, through to very-high-readiness forces undertaking arduous roles at reach, must be specifically addressed. Promoting military performance diets in the prepare phase, through practitioner-supported nutrition education and food provision, will ensure mission readiness and mitigate ill health. Delivering nutrition in field settings in the perform phase-through smaller/lighter, nutritionally optimised rations and smart packaging technologies-will improve utility and minimise waste. Strategic dietary supplement use can provide a mission performance-enhancing adjunct to a food-first philosophy. Impact value chain analysis of military nutrition capability investments could support cost-benefit measurement.",Journal Article; Review,PMC12505093,,,LAWFUL_PMC_XML,https://pmc.ncbi.nlm.nih.gov/articles/PMC12505093/,PMC XML: Conclusion,"Conclusion: The fundamental roles that food provision and diet behaviours play in delivering human advantage on the battlefield have been underexploited by military organisations. To optimise military nutrition capability, a WSA—with a focus on nutrition quality as well as quantity—is required. Provision, education and delivery should be tailored to the end-user and to each phase of the human capability cycle, to enable members to prepare, perform and recover optimally, in garrison, training or theatre.",,,Design classification required before appraisal,PENDING_AI_FULL_TEXT_REVIEW,FULL_TEXT_REVIEW_AWAITING_APPRAISAL,UNRESOLVED,NO,"Source discovery completed; no final scientific inclusion without full-text appraisal, exact claim mapping and human confirmation."
EV-0462,Personal protective equipment impacts firefighters' anaerobic fitness.,10.1093/occmed/kqae046,38917477,,R29LKS96,2024,,,,CANONICAL_BASELINE,LOOP3X full-universe authoritative materialization,https://docs.google.com/spreadsheets/d/1PsCIFKpNMjrpsaHVu2mGKFYlRboKvNGgorZocCILnoY/edit#FULL_UNIVERSE_SCREENING,Drive modified 2026-09-21T02:35:49.190Z,PubMed A/B/C baseline,"Evidence Command Center 1,456 baseline; LOOP3X materialization",BASELINE,,HIGH_RELEVANCE,DIRECT_MANUSCRIPT_FIT,FULL_TEXT_REVIEW,P1 — HIGH,Physical / academy readiness,International,Physical and Academy Readiness / Aptidao e academia,YES,NO,NO,Verified — clear,NO,,PENDING,Refined 3-pass screen; scientific text separated from workflow/admin metadata,119,LOT-06-P1,https://pubmed.ncbi.nlm.nih.gov/38917477/,"Personal protective equipment (PPE) is vital for firefighters' safety and effectiveness during daily operations. However, concerns have emerged about its potential impact on firefighters' anaerobic fitness (AF), which is crucial for their operational readiness. The Physical Ability Test (PAT) is used to assess readiness, but there is inconsistency among fire departments regarding whether PAT is conducted with full PPE or regular exercise clothing. This variation in testing conditions may exacerbate the stress on firefighters' AF. To analyse differences in firefighters' AF performance while wearing full PPE compared to regular exercise clothing. We studied two cohorts totalling 62 firefighters from specific fire departments in South Florida. We conducted occupation-specific AF tests, including handgrip dynamometry (HG), vertical jump (VJ), Margaria-Kalamen (MK), and a 300-yard shuttle run (300YD), both with full PPE (WPPE) and without PPE (NPPE). We adjusted AF variables for body weight (e.g. NPPE) and occupational weight (e.g. WPPE) and used a repeated-measures design in Jamovi (P < 0.05). Wearing WPPE significantly reduced relative HG strength by 59%, VJ peak power by 11%, and MK mean power by 49%, while increased 300YD completion time by 18%. The study reveals that PPE substantially impairs firefighters' anaerobic performance during occupation-specific tests. This emphasizes the need for tailored AF training programs to support the anaerobic system and related performance while wearing PPE, acknowledging the significance of occupational specificity in assessing firefighters' fitness components.",Journal Article,,,,FULL_TEXT_UNAVAILABLE,,,,,NO_PMCID_IN_PRIMARY_METADATA,Design classification required before appraisal,NOT_POSSIBLE_WITHOUT_LAWFUL_FULL_TEXT,FULL_TEXT_REVIEW_AWAITING_APPRAISAL,FULL_TEXT_UNAVAILABLE,NO,"Source discovery completed; no final scientific inclusion without full-text appraisal, exact claim mapping and human confirmation."
EV-0473,Comparison of different periodization models on isotonic and isokinetic muscle strength and lean mass in tactical athletes.,10.1016/j.jbmt.2024.01.021,38763574,,6YI8S79N,2024,,,,CANONICAL_BASELINE,LOOP3X full-universe authoritative materialization,https://docs.google.com/spreadsheets/d/1PsCIFKpNMjrpsaHVu2mGKFYlRboKvNGgorZocCILnoY/edit#FULL_UNIVERSE_SCREENING,Drive modified 2026-09-21T02:35:49.190Z,PubMed A/B/C baseline,"Evidence Command Center 1,456 baseline; LOOP3X materialization",BASELINE,,HIGH_RELEVANCE,DIRECT_MANUSCRIPT_FIT,FULL_TEXT_REVIEW,P1 — HIGH,Physical / academy readiness,International,Physical and Academy Readiness / Aptidao e academia,YES,NO,NO,Verified — clear,NO,,PENDING,Refined 3-pass screen; scientific text separated from workflow/admin metadata,120,LOT-07-P1,https://pubmed.ncbi.nlm.nih.gov/38763574/,"Tactical athletes need to develop strength and lower limb lean mass (LL LM) to perform effectively. Resistance training (RT) is the most effective way to achieve these goals. Two periodization models stand out: traditional linear periodization (TLP) and daily undulating periodization (DUP). To verify the effect of lower limb RT with TLP and DUP on isotonic and isokinetic muscle strength and lean mass in tactical athletes. Thirty-five Brazilian Army military (21.57 ± 2.02 years; 81.81 ± 11.19 Kg; 177.79 ± 6.88 cm) were divided into two treatment groups and one active control group. The treatment groups performed 9 weeks of supervised RT (18 sessions), consisting of free weight exercises in this order: back squat, squat lunge, deadlift, and stiff legged deadlift. Dynamic isotonic muscle strength, lean mass, and isokinetic knee extension and flexion were assessed at baseline and post treatment period. There was a significant pre-post difference in dynamic isotonic muscle strength (TLP, P < 0.001; DUP, P < 0.001) and lean mass (TLP, P = 0.034; DUP, P = 0.003) of LL LM in both treatment groups. However, effect sizes (ES) and variations (%Δ) of gains were greater in the DUP group both in muscle strength (TLP, ES = 1.55, %Δ = 30.97; DUP, ES = 2.55, %Δ = 36.02), and in lean mass (TLP, ES = 0.13, %Δ = 2.07; DUP, ES = 0.44, %Δ = 2.95). For isokinetic knee flexion strength, a significant difference was found between the TLP versus CON. Both lower limb RT periodization models provided gains in muscle strength and lean mass, with a small advantage for the DUP approach. In the isokinetic knee flexion strength, the TLP was more effective.",Journal Article,,,,FULL_TEXT_UNAVAILABLE,,,,,NO_PMCID_IN_PRIMARY_METADATA,Design classification required before appraisal,NOT_POSSIBLE_WITHOUT_LAWFUL_FULL_TEXT,FULL_TEXT_REVIEW_AWAITING_APPRAISAL,FULL_TEXT_UNAVAILABLE,NO,"Source discovery completed; no final scientific inclusion without full-text appraisal, exact claim mapping and human confirmation."
EV-0475,"The Association Between Grip Strength, Upper Body Power, and Limb Dominance in a Military Population.",10.1093/milmed/usae227,38739492,,34HQ3AHU,2024,,,,CANONICAL_BASELINE,LOOP3X full-universe authoritative materialization,https://docs.google.com/spreadsheets/d/1PsCIFKpNMjrpsaHVu2mGKFYlRboKvNGgorZocCILnoY/edit#FULL_UNIVERSE_SCREENING,Drive modified 2026-09-21T02:35:49.190Z,PubMed A/B/C baseline,"Evidence Command Center 1,456 baseline; LOOP3X materialization",BASELINE,,HIGH_RELEVANCE,DIRECT_MANUSCRIPT_FIT,FULL_TEXT_REVIEW,P1 — HIGH,Physical / academy readiness,International,Physical and Academy Readiness / Aptidao e academia,YES,NO,NO,Verified — clear,NO,,PENDING,Refined 3-pass screen; scientific text separated from workflow/admin metadata,121,LOT-07-P1,https://pubmed.ncbi.nlm.nih.gov/38739492/,"Military service members rely on upper body strength and power to accomplish tasks such as carrying heavy weapons and gear, rappelling, combat grappling, and marksmanship. Early identification of the factors that lead to reduced upper body strength and power would enable leadership to predict and mitigate aspects that decrease military operational readiness and increase injury risk. The purpose of this study was to investigate the relationship between grip strength and upper body power in U.S. Infantry Marines. We hypothesized that dominant arm grip strength would show a strong positive correlation with upper body power and that the dominant arm would be more powerful than the non-dominant arm. A total of 120 U.S. Marines completed 3 maximum effort isometric grip strength trials with their dominant hand and 3 maximum effort ballistic pushups on a ForceDecks force plate system. Force plate data were used to estimate pushup height and peak power. Maximum grip strength, pushup height, and peak power across the 3 trials were used for analysis. Pearson's correlation was used to test for associations between peak power, pushup height, and grip strength. Paired t-tests were used to test for differences in peak power between the dominant and non-dominant arms. A very weak correlation was found between grip strength and upper body power, but there was no relationship between grip strength and pushup height. Additionally, there were no significant differences in upper body power between the dominant and non-dominant arms. The results of this study suggest that grip strength is not predictive of upper body power and cannot be used as a stand-alone measure of physical readiness in a military unit. These findings do not, however, degrade the potential of both measures to predict and inform health status and physical readiness. Future prospective research should be conducted to determine if either of these measures can be used as indicators of performance and/or injury susceptibility and if limb dominance plays a role in injury incidence within the upper extremity.","Journal Article; Research Support, U.S. Gov't, Non-P.H.S.",,,Office of Naval Research Global,FULL_TEXT_UNAVAILABLE,,,,,NO_PMCID_IN_PRIMARY_METADATA,Design classification required before appraisal,NOT_POSSIBLE_WITHOUT_LAWFUL_FULL_TEXT,FULL_TEXT_REVIEW_AWAITING_APPRAISAL,FULL_TEXT_UNAVAILABLE,NO,"Source discovery completed; no final scientific inclusion without full-text appraisal, exact claim mapping and human confirmation."
EV-0482,Impact of a Special Operations Forces Basic Training on Body Composition and Energy Expenditure.,10.1093/milmed/usad494,38602455,,KIUBPKP8,2024,,,,CANONICAL_BASELINE,LOOP3X full-universe authoritative materialization,https://docs.google.com/spreadsheets/d/1PsCIFKpNMjrpsaHVu2mGKFYlRboKvNGgorZocCILnoY/edit#FULL_UNIVERSE_SCREENING,Drive modified 2026-09-21T02:35:49.190Z,PubMed A/B/C baseline,"Evidence Command Center 1,456 baseline; LOOP3X materialization",BASELINE,,HIGH_RELEVANCE,DIRECT_MANUSCRIPT_FIT,FULL_TEXT_REVIEW,P1 — HIGH,Physical / academy readiness,International,Physical and Academy Readiness / Aptidao e academia,YES,NO,NO,Verified — clear,NO,,PENDING,Refined 3-pass screen; scientific text separated from workflow/admin metadata,122,LOT-07-P1,https://pubmed.ncbi.nlm.nih.gov/38602455/,"The Belgian Special Operations Regiment undergoes an 8-week basic training course (SOF Basic Course) following the Military Initiation Phase. The aims of the present study were to estimate energy expenditure and changes in body composition during SOF Basic Course. A multi frequency body composition analyser assessed baseline and endpoint body composition. For the purpose of estimating energy expenditure, 41 participants were fitted with triaxial accelerometers. T-tests were performed on paired and unpaired samples in order to estimate statistical significance. Effect size was estimated with Cohen's d. SOF Basic Course was completed by 88 out of 126 participants. The participants' mean (SD) age was 25.0 (4.1) years, weight was 77.6 (8.6) kg, and body fat percentage was 15.3% (3.3). Body weight of completers decreased from 78.3 (8.8) kg to 76.4 (8.0) kg (P = 0.01). Also, body fat decreased by 3.1 (1.8) kg (P = 0.01), and muscle mass increased by 1.2 (1.7) kg (P = 0.01). There was a decrease in body fat percentage from 15.3% (3.3) to 11.6% (3.4) (P = 0.01), with a Cohen's effect size of 1.86.The loss of 3.1 kg of body fat corresponds to a loss of 21,700.0 kcal (90.3 MJ) or 362.0 kcal.d-1 (1.5 MJ.d-1). The mean (SD) energy expenditure by physical activity was 1,943.0 (653.8) kcal.d-1 (14.6 [2.7] MJ.d-1). The average (SD) total energy expenditure was 4,088.0 (710.0) kcal.d-1 (36.8 [3.8] MJ.d-1). Tactical athletes must perform in hypo-energetic environment. Research in the future should investigate the impact of increased energy intake on body composition.",Journal Article,,,,FULL_TEXT_UNAVAILABLE,,,,,NO_PMCID_IN_PRIMARY_METADATA,Design classification required before appraisal,NOT_POSSIBLE_WITHOUT_LAWFUL_FULL_TEXT,FULL_TEXT_REVIEW_AWAITING_APPRAISAL,FULL_TEXT_UNAVAILABLE,NO,"Source discovery completed; no final scientific inclusion without full-text appraisal, exact claim mapping and human confirmation."
EV-0503,Barriers and enablers to implementing police mental health co-responder programs: A qualitative study using the consolidated framework for implementation research.,10.1177/26334895231220259,38322801,PMC10775732,7Q3Z785H,2024,,,,CANONICAL_BASELINE,LOOP3X full-universe authoritative materialization,https://docs.google.com/spreadsheets/d/1PsCIFKpNMjrpsaHVu2mGKFYlRboKvNGgorZocCILnoY/edit#FULL_UNIVERSE_SCREENING,Drive modified 2026-09-21T02:35:49.190Z,PubMed A/B/C baseline,"Evidence Command Center 1,456 baseline; LOOP3X materialization",BASELINE,,HIGH_RELEVANCE,DIRECT_MANUSCRIPT_FIT,FULL_TEXT_REVIEW,P1 — HIGH,Mental health / stress,International,Organizational Health Context / Discussao,YES,NO,NO,Verified — clear,NO,,PENDING,Refined 3-pass screen; scientific text separated from workflow/admin metadata,123,LOT-07-P1,https://pubmed.ncbi.nlm.nih.gov/38322801/,"Police and mental health co-responder programs operate internationally and can be effective in providing timely and appropriate assessment, brief intervention, and referral services for people experiencing mental health crises. However, these models vary greatly, and little is known about how the design and implementation of these programs impacts their effectiveness. This study was a qualitative, post hoc implementation determinant evaluation of mental health co-responder units in Brisbane, Australia, comprising of verbal or written interviews with police and mental health staff with an on-road role in the co-responder units, and their managers. The Consolidated Framework for Implementation Research was used to identify barriers and enablers to the program's implementation and effectiveness. Participants ( n = 30) from all groups felt strongly that the co-responder units are a substantial improvement over the usual police management of mental health crisis cases, and lead to better outcomes for consumers and the service. Enablers included an information-sharing agreement; the Mental Health Co-Responder (MHCORE) program's compatibility with existing police and mental health services; and the learning opportunity for both organizations. Barriers included cultural differences between the organizations, particularly risk-aversion to suicidality for police and a focus on least-restrictive practices for health; extensive documentation requirements for health; and a lack of specific mental health training for police. Using an evidence-based implementation science framework enabled identification of a broad range of contextual barriers and enablers to implementation of police mental health co-responder programs. Adapting the program to address these barriers and enablers during the planning, implementation, monitoring, and evaluation phases increases the likelihood of the service's effectiveness. These findings will inform the spread and scale of the co-responder program across Queensland, and will be relevant to police districts internationally considering implementing a co-responder program.",Journal Article,PMC10775732,,,LAWFUL_PMC_XML,https://pmc.ncbi.nlm.nih.gov/articles/PMC10775732/,PMC XML: Discussion,"Discussion: Across all participant groups there was agreement that the MHCORE program is a substantial improvement on the standard police management of mental health crisis cases. Although some participants stressed that mental health is not police business per se, it was acknowledged that attending to people experiencing a mental health crisis is an unavoidable component of the role, and thus police need to be provided with training and innovative supports that allow them to manage these cases effectively.",,,Design classification required before appraisal,PENDING_AI_FULL_TEXT_REVIEW,FULL_TEXT_REVIEW_AWAITING_APPRAISAL,UNRESOLVED,NO,"Source discovery completed; no final scientific inclusion without full-text appraisal, exact claim mapping and human confirmation."
EV-0504,Examining how organizational leaders perceive internet-delivered cognitive behavioural therapy for public safety personnel using the RE-AIM implementation framework.,10.1016/j.invent.2024.100718,38318086,PMC10840103,LM64PKBH,2024,,,,CANONICAL_BASELINE,LOOP3X full-universe authoritative materialization,https://docs.google.com/spreadsheets/d/1PsCIFKpNMjrpsaHVu2mGKFYlRboKvNGgorZocCILnoY/edit#FULL_UNIVERSE_SCREENING,Drive modified 2026-09-21T02:35:49.190Z,PubMed A/B/C baseline,"Evidence Command Center 1,456 baseline; LOOP3X materialization",BASELINE,,HIGH_RELEVANCE,DIRECT_MANUSCRIPT_FIT,FULL_TEXT_REVIEW,P1 — HIGH,Cognition / firearm performance,International,Cognition and Firearm-Task Performance / Cognicao e tiro,YES,NO,NO,Verified — clear,NO,,PENDING,Refined 3-pass screen; scientific text separated from workflow/admin metadata,124,LOT-07-P1,https://pubmed.ncbi.nlm.nih.gov/38318086/,"Within Canada, internet-delivered cognitive behavioural therapy (ICBT) has recently been tailored by PSPNET to meet the needs of public safety personnel (PSP) to help address high rates of mental health problems within this population. Perceptions and outcomes of ICBT among PSP are promising, but it remains unknown how PSPNET is perceived by PSP organizational leaders. It is important to assess this gap because these leaders have significant potential to influence the uptake of ICBT. In the current study, PSP leaders ( n = 10) were interviewed to examine their perceptions of PSPNET and opportunities to improve ICBT implementation. The RE-AIM evaluation framework was used to assess PSP leaders' perceptions of PSPNET in terms of reach, effectiveness, adoption, implementation, and maintenance. The results evidenced that leaders perceived PSPNET as effective in reaching and serving PSP and PSP organizations. PSP leaders reported perceiving ICBT as effectively implemented, especially for being freely offered to individual PSP and for improving PSP's access to experienced therapists specifically trained to work with PSP. Participants indicated organizations have promoted and will continue promoting PSPNET longer-term, facilitating adoption and maintenance. Factors perceived as facilitating successful service delivery included building relationships and trust with PSP organizations and general support for PSP leadership mental health initiatives. PSP leaders identified perceived areas for improving ICBT implementation (e.g., ensuring leaders have access to data on PSPNET uptake and outcomes, creating promotional videos, expanding availability of PSPNET to other provinces, offering additional options for receiving therapist support). Overall, the study provides insights into PSP leaders' perceptions of the implementation of ICBT among PSP and ideas for optimizing implementation efforts.",Journal Article,PMC10840103,,,LAWFUL_PMC_XML,https://pmc.ncbi.nlm.nih.gov/articles/PMC10840103/,PMC XML: Discussion | Conclusion,"Discussion: ICBT has recently been tailored to PSP and found effective for treating symptoms of several mental disorders ( Hadjistavropoulos et al., 2021 ; McCall et al., 2023 ). The current study was designed to explore perceptions of PSPNET among PSP leaders along the five dimensions of the RE-AIM evaluation framework: reach, effectiveness, adoption, implementation, and maintenance ( Holtrop et al., 2018 ). The study used a qualitative approach for the RE-AIM framework as this approach can provide insights to why programs are effective or not and can help guide improvements to interventions but also implementation efforts ( Holtrop et al., 2018 ). Using a qualitative method helps provide an in-depth understanding of stakeholders' experiences. Understanding perceptions of effectiveness of ICBT for PSP among PSP leaders is critical because leaders can influence the uptake, implementation, and sustainment of services for PSP ( Damschroder et al., 2022 ; Knaak et al., 2019 ; Milliard, 2020 ). To improve understanding of ICBT for PSP, the current study also explored what PSP leaders perceived to be facilitators and barriers to the implementation of ICBT for PSP, along with their perceptions of ho | Conclusion: PSPNET has recently tailored ICBT to meet the needs of PSP. Prior research has shown that PSP have reported favorable perceptions of ICBT tailored for PSP and demonstrated promising clinical outcomes. The current study expanded on prior research on ICBT for PSP by exploring perceptions of ICBT among PSP leaders using the RE-AIM framework. It was important to explore leaders' perceptions of ICBT because they have significant potential to influence PSP's uptake of ICBT and were well poised to provide insights and suggestions to help facilitate more successful implementation efforts. The study results suggested PSPNET is perceived by leaders as reaching and effectively serving PSP and that PSP organizations have been promoting (adopting) and are eager to continue to promote (maintain) PSPNET. Leaders also perceived implementation as successful, especially in terms offering the service for free and increasing access to therapists who have specialized knowledge in working with PSP. Perceived facilitators for reaching PSP included building relationships with PSP and an organizational environment that is supportive of mental health initiatives. Despite support for mental health initiative",,,Design classification required before appraisal,PENDING_AI_FULL_TEXT_REVIEW,FULL_TEXT_REVIEW_AWAITING_APPRAISAL,UNRESOLVED,NO,"Source discovery completed; no final scientific inclusion without full-text appraisal, exact claim mapping and human confirmation."
EV-0507,Feeling the Strain: Understanding the Relationship between Stress and Physical Activity in Members of the Royal Canadian Navy.,10.1093/milmed/usae006,38302089,,MJ5TWXA7,2024,,,,CANONICAL_BASELINE,LOOP3X full-universe authoritative materialization,https://docs.google.com/spreadsheets/d/1PsCIFKpNMjrpsaHVu2mGKFYlRboKvNGgorZocCILnoY/edit#FULL_UNIVERSE_SCREENING,Drive modified 2026-09-21T02:35:49.190Z,PubMed A/B/C baseline,"Evidence Command Center 1,456 baseline; LOOP3X materialization",BASELINE,,HIGH_RELEVANCE,DIRECT_MANUSCRIPT_FIT,FULL_TEXT_REVIEW,P1 — HIGH,Musculoskeletal injury,International,Operational Implications / Discussion,YES,NO,NO,Verified — clear,NO,,PENDING,Refined 3-pass screen; scientific text separated from workflow/admin metadata,125,LOT-07-P1,https://pubmed.ncbi.nlm.nih.gov/38302089/,"Research finds that experiencing psychological stress can be associated with engaging in less physical activity, a critical contributor to operational readiness and overall health and well-being. As navy personnel tend to engage in lower levels of physical activity than other military personnel, the purpose of this study was to examine the relationship between stress and physical activity in the Royal Canadian Navy (RCN) and identify moderators of this relationship. Data for this study were obtained from an electronic workplace well-being survey administered to a stratified random sample of 930 members in hard sea occupations managed by the RCN. Multivariable logistic regressions examined the associations between indicators of stress (e.g., job stress, burnout, work-life conflict, and psychological distress) and physical activity engagement; the moderating effects of demographic/military characteristics and health status (e.g., rank, gender, sailing status, general health status, and body mass index [BMI]) were examined. Navy personnel who were married or in common-law relationships and those who reported poorer overall health were less likely to be physically active. Navy personnel with lower psychological distress were more likely be active (P = .03); however, direct associations with other indicators of stress were not significant. BMI was the only significant moderator of the relationship between stress and physical activity. Specifically, for members classified as obese, higher levels of burnout and work-life conflict were associated with being more physically active. Conversely, nonobese members with elevated burnout reported less physical activity. The findings of this study support a complex relationship between experiencing stress and engaging in physical activity, which showed varying patterns based on BMI classification. Although the cross-sectional nature of the data precludes any inferences about the direction of these effects, the results suggest that some members of the RCN are more at risk of experiencing decrements in physical activity. Future research should examine the types of physical activity supports and incentives that are needed to ensure that navy personnel derive the benefits of an active lifestyle, especially in times of stress.",Journal Article,,,,FULL_TEXT_UNAVAILABLE,,,,,NO_PMCID_IN_PRIMARY_METADATA,Design classification required before appraisal,NOT_POSSIBLE_WITHOUT_LAWFUL_FULL_TEXT,FULL_TEXT_REVIEW_AWAITING_APPRAISAL,FULL_TEXT_UNAVAILABLE,NO,"Source discovery completed; no final scientific inclusion without full-text appraisal, exact claim mapping and human confirmation."
EV-0511,"The Tactical Athlete: Definitions, Cardiovascular Assessment, and Management, and ""Fit for Duty"" Standards.",10.1016/j.ccep.2023.09.010,38280817,,U73PZJSZ,2024,,,,CANONICAL_BASELINE,LOOP3X full-universe authoritative materialization,https://docs.google.com/spreadsheets/d/1PsCIFKpNMjrpsaHVu2mGKFYlRboKvNGgorZocCILnoY/edit#FULL_UNIVERSE_SCREENING,Drive modified 2026-09-21T02:35:49.190Z,PubMed A/B/C baseline,"Evidence Command Center 1,456 baseline; LOOP3X materialization",BASELINE,,HIGH_RELEVANCE,DIRECT_MANUSCRIPT_FIT,FULL_TEXT_REVIEW,P1 — HIGH,Medical / cardiovascular readiness,International,Medical and Cardiovascular Readiness / Saude e prontidao medica,YES,NO,NO,Verified — clear,NO,,PENDING,Refined 3-pass screen; scientific text separated from workflow/admin metadata,126,LOT-07-P1,https://pubmed.ncbi.nlm.nih.gov/38280817/,"Tactical athletes are individuals in the military, law enforcement, and other professions whose occupations have significant physical fitness requirements coupled with the potential for exposure to life-threatening situations. Such exposures can have varied hemodynamic effects on the cardiovascular system. It is crucial that their clinical evaluation is inclusive of specific occupational requirements. Safety protocols regarding medical clearance are relatively more stringent for this population than for competitive athletes due to the increased impact to the tactical athlete, their team, and the population they aim to serve and protect should they experience a cardiovascular event on the job.",Journal Article; Review,,,,FULL_TEXT_UNAVAILABLE,,,,,NO_PMCID_IN_PRIMARY_METADATA,Design classification required before appraisal,NOT_POSSIBLE_WITHOUT_LAWFUL_FULL_TEXT,FULL_TEXT_REVIEW_AWAITING_APPRAISAL,FULL_TEXT_UNAVAILABLE,NO,"Source discovery completed; no final scientific inclusion without full-text appraisal, exact claim mapping and human confirmation."
EV-0518,Macrotraumatic Fractures of the Multisegmented Ankle-Foot Complex in Military Tactical Athletes: A Cohort Study.,10.7547/22-114,38175726,,6GHDSV2R,2023,,,,CANONICAL_BASELINE,LOOP3X full-universe authoritative materialization,https://docs.google.com/spreadsheets/d/1PsCIFKpNMjrpsaHVu2mGKFYlRboKvNGgorZocCILnoY/edit#FULL_UNIVERSE_SCREENING,Drive modified 2026-09-21T02:35:49.190Z,PubMed A/B/C baseline,"Evidence Command Center 1,456 baseline; LOOP3X materialization",BASELINE,,HIGH_RELEVANCE,DIRECT_MANUSCRIPT_FIT,FULL_TEXT_REVIEW,P1 — HIGH,Musculoskeletal injury,International,Operational Implications / Discussion,YES,NO,NO,Verified — clear,NO,,PENDING,Refined 3-pass screen; scientific text separated from workflow/admin metadata,127,LOT-07-P1,https://pubmed.ncbi.nlm.nih.gov/38175726/,"Ankle-foot injuries are common in military personnel and substantially degrade function and force readiness. The purpose of this retrospective cohort study was to assess the incidence and contributing factors of traumatic ankle-foot fractures in the US military. A population-based study of all service members in the US military was performed assessing the factors of sex, occupation, service branch, rank, and year on segmental tibia-fibula, rearfoot, and forefoot fracture incidence between 2006 and 2015. The Defense Medical Epidemiology Database was queried for the number of individuals with fractures of the tibia-fibula, rearfoot, and forefoot using International Classification of Diseases, Ninth Revision, Clinical Modification on the initial medical encounter. Unadjusted relative risk (RR) calculations were performed assessing sex and occupation. A negative binomial regression assessed the adjusted factors of sex, branch, rank, and year. During this study, 95,540 enlisted service members (8.4 per 1,000 person-years) and 13,318 military officers (5.8 per 1,000 person-years) were diagnosed with ankle-foot fractures. In the adjusted analysis, sex was found to only be a significant factor in forefoot fractures (RR, 1.54), with female service members having a significantly higher risk. There were no significant sex-related differences observed in tibia-fibula or rearfoot fractures. US Navy and Air Force personnel had significantly lower risk of tibia-fibula fractures (RR range, 0.76-0.84) compared with the US Army. Forefoot fracture risk was significantly higher in the US Marine Corps (RR, 1.47) compared with the US Army. Officers had consistently lower risk for fractures in each segment (RR range, 0.68-0.77) compared with enlisted personnel. Enlisted engineers, aviation, and artillery/gunnery compared to infantry, and ground/naval gunfire officers had the greatest relative risk compared all other officer fields (RR range, 1.11-3.67). Sex, occupation, branch, and rank were salient factors for macrotraumatic ankle-foot fractures. These findings can be used to inform and increase precision in medical planning and in the targeted development of preventive interventions.",Journal Article,,,,FULL_TEXT_UNAVAILABLE,,,,,NO_PMCID_IN_PRIMARY_METADATA,Design classification required before appraisal,NOT_POSSIBLE_WITHOUT_LAWFUL_FULL_TEXT,FULL_TEXT_REVIEW_AWAITING_APPRAISAL,FULL_TEXT_UNAVAILABLE,NO,"Source discovery completed; no final scientific inclusion without full-text appraisal, exact claim mapping and human confirmation."
EV-0519,Body composition as a marker of performance and health in military personnel.,10.3389/fspor.2023.1223254,38169866,PMC10759214,GK4YDBQM,2023,,,,CANONICAL_BASELINE,LOOP3X full-universe authoritative materialization,https://docs.google.com/spreadsheets/d/1PsCIFKpNMjrpsaHVu2mGKFYlRboKvNGgorZocCILnoY/edit#FULL_UNIVERSE_SCREENING,Drive modified 2026-09-21T02:35:49.190Z,PubMed A/B/C baseline,"Evidence Command Center 1,456 baseline; LOOP3X materialization",BASELINE,,HIGH_RELEVANCE,DIRECT_MANUSCRIPT_FIT,FULL_TEXT_REVIEW,P1 — HIGH,Physical / academy readiness,International,Physical and Academy Readiness / Aptidao e academia,YES,NO,NO,Verified — clear,NO,,PENDING,Refined 3-pass screen; scientific text separated from workflow/admin metadata,128,LOT-07-P1,https://pubmed.ncbi.nlm.nih.gov/38169866/,"Body composition standards are set to ensure operational readiness in active-duty military personnel. To meet body composition standards, some individuals, however, may engage in unhealthy weight control behaviors (i.e., weight cycling and disordered eating). The objectives of this review are to: (1) evaluate the evidence regarding body composition and the associations to physical and military specific performance; (2) discuss body composition and potential health consequences; and (3) examine the evidence of weight cycling and disordered eating behaviors in military personnel for weight control. A systematic search to identify peer-reviewed research articles was conducted in PubMed on 2/20/2023 using Medical Subject Headings (MeSH) including but not limited to ""Military Personnel"", ""Tactical Athlete"", ""Weight Loss"", ""Body Composition"", and ""Weight Cycling"". A total of 225 research articles were identified. The list was narrowed down to articles from the last 20 years (2003-2023) in military personnel. Only studies in which percent body fat was directly measured were included resulting in 17 research articles for this review. Evidence-based research is limited on the relationship between body composition and operational readiness. Weight cycling and disordered eating behaviors also has been reported for weight control, yet additional research is needed. Specifically, future research should focus on female service members, racial and ethnic differences, age, and postpartum status and include other service branches (i.e., Air Force and Navy). A comprehensive survey on weight cycling, disordered eating, and weight management would be valuable to determine the prevalence and extent of this issue. This information along with performance data would guide policy makers on the relevance and appropriateness of existing body composition standards.",Journal Article; Review,PMC10759214,,,LAWFUL_PMC_XML,https://pmc.ncbi.nlm.nih.gov/articles/PMC10759214/,PMC XML: ,,,,Design classification required before appraisal,PENDING_AI_FULL_TEXT_REVIEW,FULL_TEXT_REVIEW_AWAITING_APPRAISAL,UNRESOLVED,NO,"Source discovery completed; no final scientific inclusion without full-text appraisal, exact claim mapping and human confirmation."
EV-0524,The effect of mild to moderate COVID-19 infection on the cardiorespiratory fitness of firefighters.,10.3389/fpubh.2023.1308605,38106889,PMC10724018,H88KUXKE,2023,,,,CANONICAL_BASELINE,LOOP3X full-universe authoritative materialization,https://docs.google.com/spreadsheets/d/1PsCIFKpNMjrpsaHVu2mGKFYlRboKvNGgorZocCILnoY/edit#FULL_UNIVERSE_SCREENING,Drive modified 2026-09-21T02:35:49.190Z,PubMed A/B/C baseline,"Evidence Command Center 1,456 baseline; LOOP3X materialization",BASELINE,,HIGH_RELEVANCE,DIRECT_MANUSCRIPT_FIT,FULL_TEXT_REVIEW,P1 — HIGH,Physical / academy readiness,International,Physical and Academy Readiness / Aptidao e academia,YES,NO,NO,Verified — clear,NO,,PENDING,Refined 3-pass screen; scientific text separated from workflow/admin metadata,129,LOT-07-P1,https://pubmed.ncbi.nlm.nih.gov/38106889/,"An adequate level of cardiorespiratory fitness (CRF) is critical for firefighters to perform the strenuous and physiologically demanding work of firefighting safely and effectively. The coronavirus disease 2019 (COVID-19) has been shown to negatively impact CRF in both the acute phase and longer-term following infection. This study aimed to determine changes to the CRF of firefighters pre- to post-mild to moderate COVID-19 infection and to investigate the impact of days past COVID-19 infection on change in CRF. CRF measures from cardiopulmonary exercise testing (CPET) at annual occupational health exams that occurred pre-COVID-19 infection in 2019 were obtained for firefighters from seven Arizona fire departments. Measures were compared to CPET evaluations from annual health exams the following year in a cohort of firefighters who self-reported mild to moderate illness following COVID-19 infection between exams. Among a cohort of 103 firefighters, mean age 40 ± 9 years, CRF [as measured by peak oxygen consumption (VO 2 )] declined by an average of 2.55 ml·kg -1 ·min -1 or 7.3% ( d = -0.38, p < 0.001) following COVID-19 infection (mean time from COVID-19 infection to CPET was 110 ± 78 days). The number of days past COVID-19 infection showed a small, yet significant, relationship to peak VO 2 ( r = 0.250, p = 0.011). Estimated marginal effects indicated that when biological sex, age, and BMI are controlled for, predicted peak VO 2 returned to pre-COVID-19 values ~300 days after COVID-19 infection. Peak VO 2 (ml·kg -1 ·min -1 ) declined 7.3% among firefighters an average of 110 days past reporting mild to moderate COVID-19 infection. This decrease has implications for the operational readiness and safety of firefighters.","Journal Article; Research Support, U.S. Gov't, Non-P.H.S.",PMC10724018,,,LAWFUL_PMC_XML,https://pmc.ncbi.nlm.nih.gov/articles/PMC10724018/,PMC XML: ,,,,Design classification required before appraisal,PENDING_AI_FULL_TEXT_REVIEW,FULL_TEXT_REVIEW_AWAITING_APPRAISAL,UNRESOLVED,NO,"Source discovery completed; no final scientific inclusion without full-text appraisal, exact claim mapping and human confirmation."
EV-0528,Accuracy of heart rate measured by military-grade wearable ECG monitor compared with reference and commercial monitors.,10.1136/military-2023-002541,38053265,,JZ35N8Z3,2025,,,,CANONICAL_BASELINE,LOOP3X full-universe authoritative materialization,https://docs.google.com/spreadsheets/d/1PsCIFKpNMjrpsaHVu2mGKFYlRboKvNGgorZocCILnoY/edit#FULL_UNIVERSE_SCREENING,Drive modified 2026-09-21T02:35:49.190Z,PubMed A/B/C baseline,"Evidence Command Center 1,456 baseline; LOOP3X materialization",BASELINE,,HIGH_RELEVANCE,DIRECT_MANUSCRIPT_FIT,FULL_TEXT_REVIEW,P1 — HIGH,Monitoring / wearables,International,Future Research Agenda / Agenda de pesquisa,YES,NO,NO,Verified — clear,NO,,PENDING,Refined 3-pass screen; scientific text separated from workflow/admin metadata,130,LOT-07-P1,https://pubmed.ncbi.nlm.nih.gov/38053265/,"Physiological monitoring of soldiers can indicate combat readiness and performance. Despite demonstrated use of wearable devices for HR monitoring, commercial options lack desired military features. A newly developed OMNI monitor includes desired features such as long-range secure data transmission. This study investigated the accuracy of the OMNI to measure HR via accuracy of R-R interval duration relative to research-grade ECG and commercial products. 54 healthy individuals (male/female=37/17, age=22.2±3.6 years, height=173.0±9.1 cm, weight=70.1±11.2 kg) completed a submaximal exercise test while wearing a reference ECG (Biopac) and a randomly assigned chest-based monitor (OMNI, Polar H10, Equivital EQ-02, Zephyr Bioharness 3). All participants also wore two wrist-based photoplethysmography (PPG) devices, Garmin fēnix 6 and Empatica E4. Bland-Altman analyses of agreement, concordance correlation coefficient (CCC) and root-mean-squared error (RMSE) were used to determine accuracy of the OMNI and commercial devices relative to Biopac. Additionally, a linear mixed-effects model evaluated the effects of device and exercise intensity on agreement. Chest-based devices showed superior agreement with Biopac for measuring R-R interval compared with wrist-based ones in terms of mean bias, CCC and RMSE, with OMNI demonstrating the best scores on all metrics. Linear mixed-effects model showed no significant main or interaction effects for the chest-based devices. However, significant effects were found for Garmin and Empatica devices (p<0.001) as well as the interaction effects between both Garmin and Empatica and exercise intensity (p<0.001). Chest-based ECG devices are preferred to wrist-based PPG devices due to superior HR accuracy over a range of exercise intensities, with the OMNI device demonstrating equal, if not superior, performance to other commercial ECG monitors. Additionally, wrist-based PPG devices are significantly affected by exercise intensity as they underestimate HR at low intensities and overestimate HR at high intensities.",Journal Article,,,,FULL_TEXT_UNAVAILABLE,,,,,NO_PMCID_IN_PRIMARY_METADATA,Design classification required before appraisal,NOT_POSSIBLE_WITHOUT_LAWFUL_FULL_TEXT,FULL_TEXT_REVIEW_AWAITING_APPRAISAL,FULL_TEXT_UNAVAILABLE,NO,"Source discovery completed; no final scientific inclusion without full-text appraisal, exact claim mapping and human confirmation."
EV-0529,Group brief cognitive behavioral therapy for suicide prevention compared to dialectal behavior therapy skills group for military service members: a study protocol of a randomized controlled trial.,10.1186/s12888-023-05282-x,38053122,PMC10696749,E6NT8NXM,2023,,,,CANONICAL_BASELINE,LOOP3X full-universe authoritative materialization,https://docs.google.com/spreadsheets/d/1PsCIFKpNMjrpsaHVu2mGKFYlRboKvNGgorZocCILnoY/edit#FULL_UNIVERSE_SCREENING,Drive modified 2026-09-21T02:35:49.190Z,PubMed A/B/C baseline,"Evidence Command Center 1,456 baseline; LOOP3X materialization",BASELINE,,HIGH_RELEVANCE,DIRECT_MANUSCRIPT_FIT,FULL_TEXT_REVIEW,P1 — HIGH,Cognition / firearm performance,International,Cognition and Firearm-Task Performance / Cognicao e tiro,YES,NO,NO,Verified — clear,NO,,PENDING,Refined 3-pass screen; scientific text separated from workflow/admin metadata,131,LOT-07-P1,https://pubmed.ncbi.nlm.nih.gov/38053122/,"Suicide is a pressing matter for the military. Not only does it pose a health risk, but suicide also compromises operational readiness. Despite provision of suicide prevention clinical best practices, the Department of Defense suffers several challenges (e.g., clinician shortages) limiting the agency's ability to effectively respond to service member suicide. Implementation of evidence-based suicide-specific group therapy is a possible solution to service member well-being needs and system challenges. Service members can also gain coping skills useful beyond managing suicidal thoughts and behaviors. This 2-arm non-inferiority randomized controlled trial compares a group therapy format of Brief Cognitive Behavioral Therapy (i.e., G-BCBT) with Dialectical Behavior Therapy (DBT) Skills Group. Both therapies are delivered in-person at a United States Naval Medical Center. Participants (N = 136) are active-duty service members with recent suicidal thoughts or suicidal behavior. Evaluation features electronically delivered questionnaires at baseline, after each treatment session, and at 3- and 6-month follow-up. The primary outcome concerns G-BCBT impacts on suicidal ideation. Secondary outcomes of interest are suicide attempt, psychological distress (e.g., symptoms of depression, anxiety), and self-regulatory skills (e.g., emotion regulation). We also examine self-regulatory skills as treatment moderators. Clinical trial strengths and limitations are reviewed. This study was registered at Clinicaltrials.gov (protocol NCT05401838).","Clinical Trial Protocol; Journal Article; Research Support, Non-U.S. Gov't",PMC10696749,,W81XWH2210234 Congressionally Directed Medical Research Programs,LAWFUL_PMC_XML,https://pmc.ncbi.nlm.nih.gov/articles/PMC10696749/,PMC XML: Discussion,"Discussion: Suicide remains a pressing public health problem in the military. BCBT has shown efficacy in an individual therapy format [ 7 ]. This clinical trial extends the promise of BCBT to address military suicide, this time in a group therapy format. An added value of the trial is understanding how theoretically [ 31 , 34 ] and empirically [ 33 , 38 ] relevant coping factors may impact intervention outcomes. Coping self-efficacy, emotion regulation, and behavioral disinhibition may be identified as future specific treatment targets to reduce suicide among military service members.",,,RoB 2,PENDING_AI_FULL_TEXT_REVIEW,FULL_TEXT_REVIEW_AWAITING_APPRAISAL,UNRESOLVED,NO,"Source discovery completed; no final scientific inclusion without full-text appraisal, exact claim mapping and human confirmation."
EV-0534,"Applying the Theoretical Domains Framework to identify police, fire, and paramedic preferences for accessing mental health care in a First Responder Operational Stress Injury Clinic: a qualitative study.",10.24095/hpcdp.43.10/11.02,37991887,PMC10753900,5JH2RNA7,2023,,,,CANONICAL_BASELINE,LOOP3X full-universe authoritative materialization,https://docs.google.com/spreadsheets/d/1PsCIFKpNMjrpsaHVu2mGKFYlRboKvNGgorZocCILnoY/edit#FULL_UNIVERSE_SCREENING,Drive modified 2026-09-21T02:35:49.190Z,PubMed A/B/C baseline,"Evidence Command Center 1,456 baseline; LOOP3X materialization",BASELINE,,HIGH_RELEVANCE,DIRECT_MANUSCRIPT_FIT,FULL_TEXT_REVIEW,P1 — HIGH,Musculoskeletal injury,International,Operational Implications / Discussion,YES,NO,NO,Verified — clear,NO,,PENDING,Refined 3-pass screen; scientific text separated from workflow/admin metadata,132,LOT-07-P1,https://pubmed.ncbi.nlm.nih.gov/37991887/,"First responders and other public safety personnel (PSP; e.g. correctional workers, firefighters, paramedics, police, public safety communicators) are often exposed to events that have the potential to be psychologically traumatizing. Such exposures may contribute to poor mental health outcomes and a greater need to seek mental health care. However, a theoretically driven, structured qualitative study of barriers and facilitators of help-seeking behaviours has not yet been undertaken in this population. This study used the Theoretical Domains Framework (TDF) to identify and better understand critical barriers and facilitators of help-seeking and accessing mental health care for a planned First Responder Operational Stress Injury (OSI) clinic. We conducted face-to-face, one-on-one semistructured interviews with 24 first responders (11 firefighters, five paramedics, and eight police officers), recruited using purposive and snowball sampling. Interviews were analyzed using deductive content analysis. The TDF guided study design, interview content, data collection, and analysis. The most reported barriers included concerns regarding confidentiality, lack of trust, cultural competency of clinicians, lack of clarity about the availability and accessibility of services, and stigma within first responder organizations. Key themes influencing help-seeking were classified into six of the TDF's 14 theoretical domains: environmental context and resources; knowledge; social influences; social/professional role and identity; emotion; and beliefs about consequences. The results identified key actions that can be utilized to tailor interventions to encourage attendance at a First Responder OSI Clinic. Such approaches include providing transparency around confidentiality, policies to ensure greater cultural competency in all clinic staff, and clear descriptions of how to access care; routinely involving families; and addressing stigma.",Journal Article,PMC10753900,,,LAWFUL_PMC_XML,https://pmc.ncbi.nlm.nih.gov/articles/PMC10753900/,PMC XML: ,,,,Design classification required before appraisal,PENDING_AI_FULL_TEXT_REVIEW,FULL_TEXT_REVIEW_AWAITING_APPRAISAL,UNRESOLVED,NO,"Source discovery completed; no final scientific inclusion without full-text appraisal, exact claim mapping and human confirmation."
EV-0543,Mental Health Predictors of Response to Standard Medical Intervention at a Military Pain Specialty Clinic.,10.1093/milmed/usad060,37948258,,6Y6656D5,2023,,,,CANONICAL_BASELINE,LOOP3X full-universe authoritative materialization,https://docs.google.com/spreadsheets/d/1PsCIFKpNMjrpsaHVu2mGKFYlRboKvNGgorZocCILnoY/edit#FULL_UNIVERSE_SCREENING,Drive modified 2026-09-21T02:35:49.190Z,PubMed A/B/C baseline,"Evidence Command Center 1,456 baseline; LOOP3X materialization",BASELINE,,HIGH_RELEVANCE,DIRECT_MANUSCRIPT_FIT,FULL_TEXT_REVIEW,P1 — HIGH,Mental health / stress,International,Organizational Health Context / Discussao,YES,NO,NO,Verified — clear,NO,,PENDING,Refined 3-pass screen; scientific text separated from workflow/admin metadata,133,LOT-07-P1,https://pubmed.ncbi.nlm.nih.gov/37948258/,"Chronic pain among active duty service members can negatively impact operational readiness and contributes to significant health care costs within military treatment facilities. Response to standard medical intervention (SMI) for chronic pain is highly variable. The objective of the current study was to examine whether mental health indicators predict individual variation in response to SMI for chronic pain in a military pain specialty clinic. This is a retrospective observational study of data previously collected at the Pain Medicine Center at Naval Medical Center San Diego (NMCSD) approved by the NMCSD Institutional Review Board. We included 286 ADSMs who completed the Pain Assessment Screening Tool and Outcomes Registry (PASTOR) at two assessment points (mean = 118.45 days apart, SD = 37.22) as part of standard care. Hierarchical linear regression analyses were conducted to examine whether pretreatment mental health measures predict changes in the pain impact score (PIS)-a composite measure of pain intensity, pain interference, and physical functioning-over the course of treatment. After controlling for pretreatment PIS, pretreatment PTSD symptoms, fatigue, and anger were all significant predictors of posttreatment PIS: Higher PTSD symptoms, higher fatigue, and lower anger predicted poorer response to treatment (all Ps < .05). Higher pretreatment PTSD and fatigue symptoms may portend poorer response to SMI for chronic pain. Poor response to treatment may also be predicted by lower pretreatment anger. Further investigation is warranted to identify the best strategies for treating chronic pain in military treatment facilities when these conditions are identified during initial evaluation.",Observational Study; Journal Article,,,,FULL_TEXT_UNAVAILABLE,,,,,NO_PMCID_IN_PRIMARY_METADATA,JBI analytical cross-sectional/cohort checklist as applicable,NOT_POSSIBLE_WITHOUT_LAWFUL_FULL_TEXT,FULL_TEXT_REVIEW_AWAITING_APPRAISAL,FULL_TEXT_UNAVAILABLE,NO,"Source discovery completed; no final scientific inclusion without full-text appraisal, exact claim mapping and human confirmation."
EV-0555,Heart Rate Variability Assessment of Land Navigation and Load Carriage Activities in Specialist Police Selection.,10.3390/healthcare11192677,37830716,PMC10572114,IUJQGYGJ,2023,,,,CANONICAL_BASELINE,LOOP3X full-universe authoritative materialization,https://docs.google.com/spreadsheets/d/1PsCIFKpNMjrpsaHVu2mGKFYlRboKvNGgorZocCILnoY/edit#FULL_UNIVERSE_SCREENING,Drive modified 2026-09-21T02:35:49.190Z,PubMed A/B/C baseline,"Evidence Command Center 1,456 baseline; LOOP3X materialization",BASELINE,,HIGH_RELEVANCE,DIRECT_MANUSCRIPT_FIT,FULL_TEXT_REVIEW,P1 — HIGH,Load carriage / equipment burden,International,Integrated Operational Readiness / Discussion,YES,NO,NO,Verified — clear,NO,,PENDING,Refined 3-pass screen; scientific text separated from workflow/admin metadata,134,LOT-07-P1,https://pubmed.ncbi.nlm.nih.gov/37830716/,"Police tactical group (PTG) personnel are exposed to physical, mental, and emotional stressors. Consequently, PTG selection courses (SCs) impart similar challenges, often resulting in candidate attrition. Holistic assessment may provide additional support to stakeholders given these risks. Heart Rate Variability (HRV) is an objective holistic stress measure that may be applicable in PTG SCs but has not been thoroughly researched. Therefore, this study aimed to report HRV data in an end-user accessible format and determine the relationship between HRV and attrition. A total of 18 qualified Australian State law enforcement officers completed a 1-day physical readiness assessment. Of those, six males progressed to an additional two-day course, on which this study is focused. This two-day selection consisted of additional physical challenges and occupational assessments. HRV was obtained from 2-lead ECGs and defined as the percentage of R-R intervals that varied by ≥50 ms (pRR50). Data were summarized in a heat map of consecutive short-term analyses. Three candidates withdrew. A logistic regression based on heat map data found high HRV was significant for predicting attrition, χ 2 (6) = 8.318, p = 0.004. HRV may provide insight for PTG stakeholders monitoring attrition. While the sample size was limited and replication is needed, this study tentatively establishes value for HRV monitoring in PTG SCs.",Journal Article,PMC10572114,,13461098 Bond University,LAWFUL_PMC_XML,https://pmc.ncbi.nlm.nih.gov/articles/PMC10572114/,PMC XML: ,,,,Design classification required before appraisal,PENDING_AI_FULL_TEXT_REVIEW,FULL_TEXT_REVIEW_AWAITING_APPRAISAL,UNRESOLVED,NO,"Source discovery completed; no final scientific inclusion without full-text appraisal, exact claim mapping and human confirmation."
EV-0564,"COVID-19 Concerns, Information Needs, and Adverse Mental Health Outcomes among U.S. Soldiers.",10.1093/milmed/usad350,37715687,,J8NG4UGK,2024,,,,CANONICAL_BASELINE,LOOP3X full-universe authoritative materialization,https://docs.google.com/spreadsheets/d/1PsCIFKpNMjrpsaHVu2mGKFYlRboKvNGgorZocCILnoY/edit#FULL_UNIVERSE_SCREENING,Drive modified 2026-09-21T02:35:49.190Z,PubMed A/B/C baseline,"Evidence Command Center 1,456 baseline; LOOP3X materialization",BASELINE,,HIGH_RELEVANCE,DIRECT_MANUSCRIPT_FIT,FULL_TEXT_REVIEW,P1 — HIGH,Mental health / stress,International,Organizational Health Context / Discussao,YES,NO,NO,Verified — clear,NO,,PENDING,Refined 3-pass screen; scientific text separated from workflow/admin metadata,135,LOT-07-P1,https://pubmed.ncbi.nlm.nih.gov/37715687/,"The coronavirus disease 2019 (COVID-19) pandemic disrupted U.S. Military operations and potentially compounded the risk for adverse mental health outcomes by layering unique occupational stress on top of general restrictions, fears, and concerns. The objective of the current study was to characterize the prevalence of COVID-19 concerns and information needs, demographic disparities in these outcomes, and the degree to which COVID-19 concerns and information needs were associated with heightened risk for adverse mental health outcomes among U.S. Army soldiers. Command-directed anonymous surveys were administered electronically to U.S. soldiers assigned to one of three regional commands in the Northwest United States, Europe, and Asia-Pacific Region. Surveys were administered in May to June 2020 to complete (time 1: n = 21,294) and again in December 2020 to January 2021 (time 2: n = 10,861). Only active duty or active reservists/national guard were eligible to participate. Members from other branches of service were also not eligible. Highly prevalent COVID-19 concerns included the inability to spend time with friends/family, social activities, and changing rules, regulations, and guidance related to COVID-19. Some information needs were endorsed by one quarter or more soldiers at both time points, including stress management/coping, travel, how to protect oneself, and maintaining mission readiness. COVID-19 concerns and information needs were most prevalent among non-White soldiers. Concerns and information needs did not decline overall between the assessments. Finally, COVID-19 concerns were associated with greater risk of multiple adverse mental health outcomes at both time points. COVID-19 concerns and information needs were prevalent and showed little evidence of decrement over the course of the first 6 months of the pandemic. COVID-19 concerns were consistently associated with adverse mental health outcomes. These data highlight two targets and potential demographic subgroups such that local leadership and Army medicine and public health enterprises can be better prepared to monitor and address to maintain force health and readiness in the face of possible future biomedical threats.","Journal Article; Research Support, U.S. Gov't, Non-P.H.S.",,,U.S. Army Medical Research and Development Command; Army Public Health Center,FULL_TEXT_UNAVAILABLE,,,,,NO_PMCID_IN_PRIMARY_METADATA,Design classification required before appraisal,NOT_POSSIBLE_WITHOUT_LAWFUL_FULL_TEXT,FULL_TEXT_REVIEW_AWAITING_APPRAISAL,FULL_TEXT_UNAVAILABLE,NO,"Source discovery completed; no final scientific inclusion without full-text appraisal, exact claim mapping and human confirmation."
EV-0567,Using Focus Groups to Identify Nutrition Education Needs and Implementation Strategies for the Wildland Firefighter.,10.1097/jom.0000000000002959,37696801,,AJL5B28L,2024,,,,CANONICAL_BASELINE,LOOP3X full-universe authoritative materialization,https://docs.google.com/spreadsheets/d/1PsCIFKpNMjrpsaHVu2mGKFYlRboKvNGgorZocCILnoY/edit#FULL_UNIVERSE_SCREENING,Drive modified 2026-09-21T02:35:49.190Z,PubMed A/B/C baseline,"Evidence Command Center 1,456 baseline; LOOP3X materialization",BASELINE,,HIGH_RELEVANCE,DIRECT_MANUSCRIPT_FIT,FULL_TEXT_REVIEW,P1 — HIGH,Nutrition / shift work,International,Nutrition and Schedule Load / Nutricao e jornadas,YES,NO,NO,Verified — clear,NO,,PENDING,Refined 3-pass screen; scientific text separated from workflow/admin metadata,136,LOT-07-P1,https://pubmed.ncbi.nlm.nih.gov/37696801/,"The aims of the study are to describe the current state, identify topics of importance, and suggest implementation strategies for tailored nutrition education for the WLFFs. Focus groups were conducted and survey data was collected to gather qualitative and quantitative data from a sample of WLFFs. Constant comparative strategy was used to generate themes from transcripts. Wildland firefighters showed interest in early-introduced, multimodal, and specific nutrition education tailored to the demands of the WLFF. Study findings provide nutrition topics of interest and importance to WLFFs and may be used to develop educational materials.","Journal Article; Research Support, Non-U.S. Gov't; Research Support, U.S. Gov't, Non-P.H.S.",,,,FULL_TEXT_UNAVAILABLE,,,,,NO_PMCID_IN_PRIMARY_METADATA,Design classification required before appraisal,NOT_POSSIBLE_WITHOUT_LAWFUL_FULL_TEXT,FULL_TEXT_REVIEW_AWAITING_APPRAISAL,FULL_TEXT_UNAVAILABLE,NO,"Source discovery completed; no final scientific inclusion without full-text appraisal, exact claim mapping and human confirmation."
EV-0578,Male Army ROTC Cadets Fail to Meet Military Dietary Reference Intakes and Exhibit a High Prevalence of Low Energy Availability and Poor Sleep Quality.,10.3390/jfmk8030095,37489308,PMC10366743,6WNT6UJ3,2023,,,,CANONICAL_BASELINE,LOOP3X full-universe authoritative materialization,https://docs.google.com/spreadsheets/d/1PsCIFKpNMjrpsaHVu2mGKFYlRboKvNGgorZocCILnoY/edit#FULL_UNIVERSE_SCREENING,Drive modified 2026-09-21T02:35:49.190Z,PubMed A/B/C baseline,"Evidence Command Center 1,456 baseline; LOOP3X materialization",BASELINE,,HIGH_RELEVANCE,DIRECT_MANUSCRIPT_FIT,FULL_TEXT_REVIEW,P1 — HIGH,Nutrition / shift work,International,Nutrition and Schedule Load / Nutricao e jornadas,YES,NO,NO,Verified — clear,NO,,PENDING,Refined 3-pass screen; scientific text separated from workflow/admin metadata,137,LOT-07-P1,https://pubmed.ncbi.nlm.nih.gov/37489308/,"The purpose of this study was to assess the dietary habits, prevalence of low energy availability (EA), and sleep quality in a cohort of male army Reserve Officer Training Corps (ROTC) cadets, and to investigate the relationship between EA and sleep quality as well as EA and various body composition variables that are important for tactical readiness. Thirteen male army ROTC cadets (22.2 ± 4.1 yrs; BMI: 26.1 ± 2.3) had their EA and body composition assessed using diet and exercise records alongside bioelectrical impedance analysis. Cadets also completed a validated sleep questionnaire. Sixty-two percent of participants presented with clinically low EA (<30 kcal/kg fat-free mass [FFM]) and none met the optimum EA threshold (≥45 kcal/kg FFM). Dietary analysis indicated that 15%, 23%, 46%, 23%, and 7% of cadets met the Military Dietary Reference Intakes (MDRI) for calories, carbohydrates, protein, fat, and fiber, respectively. Additionally, 85% of cadets exhibited poor sleep quality. Significant associations between EA and fat mass/percent body fat were shown ( p < 0.05). There was, however, no statistically significant correlation between EA and sleep quality. The present study found a high prevalence of low EA and sleep disturbance among male army ROTC cadets and that many were unable to meet the MDRIs for energy and macronutrient intake. Further, low EA was associated with higher percent body fat and fat mass but not sleep quality.",Journal Article,PMC10366743,,,LAWFUL_PMC_XML,https://pmc.ncbi.nlm.nih.gov/articles/PMC10366743/,PMC XML: ,,,,Design classification required before appraisal,PENDING_AI_FULL_TEXT_REVIEW,FULL_TEXT_REVIEW_AWAITING_APPRAISAL,UNRESOLVED,NO,"Source discovery completed; no final scientific inclusion without full-text appraisal, exact claim mapping and human confirmation."
EV-0583,Contributions from incumbent police officer's physical activity and body composition to occupational assessment performance.,10.3389/fpubh.2023.1217187,37415704,PMC10321756,8XVBQIYE,2023,,,,CANONICAL_BASELINE,LOOP3X full-universe authoritative materialization,https://docs.google.com/spreadsheets/d/1PsCIFKpNMjrpsaHVu2mGKFYlRboKvNGgorZocCILnoY/edit#FULL_UNIVERSE_SCREENING,Drive modified 2026-09-21T02:35:49.190Z,PubMed A/B/C baseline,"Evidence Command Center 1,456 baseline; LOOP3X materialization",BASELINE,,HIGH_RELEVANCE,DIRECT_MANUSCRIPT_FIT,FULL_TEXT_REVIEW,P1 — HIGH,Physical / academy readiness,International,Physical and Academy Readiness / Aptidao e academia,YES,NO,NO,Verified — clear,NO,,PENDING,Refined 3-pass screen; scientific text separated from workflow/admin metadata,138,LOT-07-P1,https://pubmed.ncbi.nlm.nih.gov/37415704/,"Police officers must perform various tasks in unpredictable work environments and potentially volatile situations. This study aimed to determine if cardiovascular fitness, body composition, and physical activity levels could predict performance in a Midwest Police Department's Physical Readiness Assessment (PRA). Researchers collected data from thirty incumbent police officers (33.9 ± 8.3 years, female = 5). Anthropometric data included height, body mass, body fat percentage (BF%), fat-free mass (FFM), and maximal hand grip strength. The police officers also completed a physical activity rating (PA-R) scale to estimate maximal oxygen consumption ( V ˙ O 2max ) and the International Physical Activity Questionnaire (IPAQ). Police officers then conducted their department's PRA. Stepwise linear regression analyses were used to determine the relationship between predictor variables and PRA performance. Pearson's product-moment correlations investigated relationships between anthropometric, physical fitness, and physical activity variables and PRA performance using SPSS (v.28). The significance level was set at p < 0.05. Descriptive data for the sample includes BF%: 27.85 ± 7.57%, FFM: 65.73 ± 10.72 kg, hand grip strength: 55.51 ± 11.07 kg, weekday sedentary time (WST): 328 ± 28.26 min, weekend day sedentary time (WDST): 310 ± 28.92 min, daily moderate-to-vigorous physical activity (MVPA): 29.02 ± 39.41 min, PRA: 273.6 ± 51.4 s and estimated V ˙ O 2max : 43.26 ± 6.35 mL kg -1 min -1 . The stepwise regression analyses indicated that BF% was predictive of PRA time ( R 2 = 0.32, p < 0.01); estimated V ˙ O 2max predictive of PRA time ( R 2 = 0.45, p < 0.001). There were significant correlations between BF % and PRA time ( r = 0.57, p < 0.001), PA-R and MVPA ( r = 0.71, p < 0.001), %BF % and WDST ( r = -0.606, p < 0.001), hand grip and FFM ( r = 0.602, p < 0.001) and PA-R and PRA time ( r = -0.36, p < 0.05). The results of this exploratory study highlight that higher estimated V ˙ O 2max and lower BF% were the best predictors for faster PRA completion times, accounting for 45% and 32% of the variance, respectively. The findings of this study support the need for wellness and fitness initiatives in law enforcement agencies focused on increasing cardiovascular fitness and physical activity while decreasing BF% to ensure optimal performance in policing and overall health.",Journal Article,PMC10321756,,,LAWFUL_PMC_XML,https://pmc.ncbi.nlm.nih.gov/articles/PMC10321756/,PMC XML: Results | Discussion,"Results: Thirty incumbent police officers (33.9 ± 8.3 years; female = 5) completed the study. These police officers had various duties in the department, which included: uniformed patrol ( n = 15), school resource officers ( n = 1), special weapons and tactics ( n = 1), drug/gang units ( n = 4), detective (plain clothed) ( n = 4), community policing ( n = 4), and administration ( n = 1). T-tests reported significant differences in height, body mass, fat-free mass (FFM), and hand grip strength between females and males for the total sample and when outliers were removed ( p < 0.05). It is important to note that when outliers were removed there was a significant difference in PA-R between males and females. T-tests reported significant differences in PA-R, MVPA and estimated V ˙ O 2max based on PRA completion time ( Table 1 ). When the outliers were removed MVPA was no longer significant. PA data is described in Figure 1 . Using the World Health Organization BMI categories, three officers (10%) were classified as normal weight, 15 (50%) were classified as overweight, and 12 (40%) officers as obese. Descriptive data for the sample are included in Table 1 . | Discussion: The current study sought to determine if cardiovascular fitness, body composition, and PA levels could be used as predictors of PRA time to completion in Midwest police officers. Our data demonstrates that BF% and estimated V ˙ O 2max were predictors of PRA time. These findings are similar to previous research ( 8 , 18 ), indicating that individual officers who are more fit and who possess a lower BF% may perform better on completing an occupational physical abilities assessment.",,,Design classification required before appraisal,PENDING_AI_FULL_TEXT_REVIEW,FULL_TEXT_REVIEW_AWAITING_APPRAISAL,UNRESOLVED,NO,"Source discovery completed; no final scientific inclusion without full-text appraisal, exact claim mapping and human confirmation."
EV-0586,Body composition changes during 8 weeks of military training are not accurately captured by circumference-based assessments.,10.3389/fphys.2023.1183836,37351259,PMC10282178,WEWHTUGL,2023,,,,CANONICAL_BASELINE,LOOP3X full-universe authoritative materialization,https://docs.google.com/spreadsheets/d/1PsCIFKpNMjrpsaHVu2mGKFYlRboKvNGgorZocCILnoY/edit#FULL_UNIVERSE_SCREENING,Drive modified 2026-09-21T02:35:49.190Z,PubMed A/B/C baseline,"Evidence Command Center 1,456 baseline; LOOP3X materialization",BASELINE,,HIGH_RELEVANCE,DIRECT_MANUSCRIPT_FIT,FULL_TEXT_REVIEW,P1 — HIGH,Physical / academy readiness,International,Physical and Academy Readiness / Aptidao e academia,YES,NO,NO,Verified — clear,NO,,PENDING,Refined 3-pass screen; scientific text separated from workflow/admin metadata,139,LOT-07-P1,https://pubmed.ncbi.nlm.nih.gov/37351259/,"In 1981, the US military adopted body fat standards to promote physical readiness and prevent obesity. Separate circumference-based equations were developed for women and men. Both predictive equations were known to underestimate %BF. However, it was not known how well these abdominal circumference-based methods tracked changes in %BF. This study examined the validity of the circumference-based %BF equations for assessing changes in %BF in young adult recruits during Army Basic Combat Training (BCT). Dual-energy X-ray absorptiometry (DXA) and circumference-based measures of %BF were obtained in women ( n = 481) and men ( n = 926) at the start (pre-BCT) and end (post-BCT) of 8 weeks of BCT. Repeated-measure ANOVAs were used to assess differences between DXA and circumference pre-BCT and for the change during BCT. Pre-BCT, circumferences underestimated %BF relative to DXA, with mean errors of -6.0% ± 4.4% for women and -6.0% ± 3.5% for men (both p < 0.01), and no difference between sexes was observed ( p = 0.77). DXA detected a -4.0% ± 2.4% and -3.3% ± 2.8% change in %BF for women and men in response to BCT, respectively (both p < 0.01), whereas circumference estimates of %BF indicated a 0.0% ± 3.3% ( p = 0.86) change in women and a -2.2% ± 3.3% ( p < 0.01) change in men (sex difference by technique p < 0.01). In conclusion, circumference-based measures underestimated %BF at the start of BCT in both sexes as compared to DXA. Circumference measures underestimated changes in %BF during BCT in men and did not detect changes in women. These findings suggest that circumference-based %BF metrics may not be an appropriate tool to track changes in body composition during short duration training.",Journal Article,PMC10282178,,,LAWFUL_PMC_XML,https://pmc.ncbi.nlm.nih.gov/articles/PMC10282178/,PMC XML: Discussion,"Discussion: Even though both men and women significantly lost %BF during BCT, the magnitude of this loss was not appreciated by circumference methods compared to DXA, particularly in women. In our study, we observed a 4.0% decline in %BF in women that was not captured by circumference measurements. These observations are in line with the results of a prior study of female trainees using DXA and skinfold anthropometric assessments of %BF ( Friedl et al., 2001 ). Multiple skinfold formulas in that study failed to demonstrate changes in %BF despite the 2.3% decrease observed by DXA ( Friedl et al., 2001 ). The conclusion from that study was that fat and muscle distribution changes in women in response to exercise were inadequately predicted from anthropometric measurements. Notably, that study did not include a male comparison group. For men, the circumference equation for %BF estimation highlighted the value of a single abdominal circumference in tracking male body composition, with the changes measured in this study by DXA closely associated with the changes in abdominal circumference. This was previously observed in a more extreme form in fit lean male soldiers who had an average of 10 cm redu",,,Design classification required before appraisal,PENDING_AI_FULL_TEXT_REVIEW,FULL_TEXT_REVIEW_AWAITING_APPRAISAL,UNRESOLVED,NO,"Source discovery completed; no final scientific inclusion without full-text appraisal, exact claim mapping and human confirmation."
EV-0590,Sex differences in musculoskeletal injury epidemiology and subsequent loss of tactical readiness during Marine Corps Officer Candidates School.,10.1136/military-2023-002392,37336580,,GAT5XPQT,2024,,,,CANONICAL_BASELINE,LOOP3X full-universe authoritative materialization,https://docs.google.com/spreadsheets/d/1PsCIFKpNMjrpsaHVu2mGKFYlRboKvNGgorZocCILnoY/edit#FULL_UNIVERSE_SCREENING,Drive modified 2026-09-21T02:35:49.190Z,PubMed A/B/C baseline,"Evidence Command Center 1,456 baseline; LOOP3X materialization",BASELINE,,HIGH_RELEVANCE,DIRECT_MANUSCRIPT_FIT,FULL_TEXT_REVIEW,P1 — HIGH,Musculoskeletal injury,International,Operational Implications / Discussion,YES,NO,NO,Verified — clear,NO,,PENDING,Refined 3-pass screen; scientific text separated from workflow/admin metadata,140,LOT-08-P1,https://pubmed.ncbi.nlm.nih.gov/37336580/,"The US Marine Corps (USMC) Officer Candidates School (OCS) is a 10-week training course for Marine Officer Candidates (MOCs). OCS training is rigorous and demanding, which results in a high risk of musculoskeletal injuries (MSIs). The objective of this analysis was to describe MSIs among women and men during the USMC OCS at Quantico, Virginia, from September 2020 to November 2021. This prospective cohort study assessed MSIs that occurred among 736 MOCs (women: 17.8% of sample, men: 82.2%). Data for the study were derived from routinely collected injury data by athletic trainers and physical therapists embedded within the training units. Injury incidence, event at the time of injury occurrence, anatomic location, injury type and disposition following injury were described. Fisher's exact tests were used to compare proportions of injured women and men. The cumulative injury incidence was higher among women (39.7%) compared with men (23.1%, p<0.001). When specific events associated with injuries were reported, most frequent events were the obstacle course (women: 20.9% of injuries, men: 12.9%) and the conditioning hike (women: 11.6%, men: 6.9%). Most injures affected the lower body (women: 67.4%, men: 70.8%). The most frequent body part injured was the lower leg (18.6%) in women and the knee (23.3%) in men. The most frequent injury type was strain (women: 39.5%, men: 24.3%), followed by sprain (women: 16.3%, men: 14.9%). A greater percentage of female (92.3%) compared with male MOCs (69.3%; p<0.001) were assigned light duty status following MSIs. Mitigation of injuries during OCS events such as the obstacle course and the conditioning hike needs further investigation. The high risk of overuse lower leg injuries among women and the higher incidence of injuries among women compared with men underscore the need for further investigation of modifiable sex-specific injury risk factors.",Journal Article,,,,FULL_TEXT_UNAVAILABLE,,,,,NO_PMCID_IN_PRIMARY_METADATA,Design classification required before appraisal,NOT_POSSIBLE_WITHOUT_LAWFUL_FULL_TEXT,FULL_TEXT_REVIEW_AWAITING_APPRAISAL,FULL_TEXT_UNAVAILABLE,NO,"Source discovery completed; no final scientific inclusion without full-text appraisal, exact claim mapping and human confirmation."
EV-0611,Performance changes during repeated military occupational test and its associations to physical performance.,10.1080/00140139.2023.2193869,36939035,,YRXTU9TP,2023,,,,CANONICAL_BASELINE,LOOP3X full-universe authoritative materialization,https://docs.google.com/spreadsheets/d/1PsCIFKpNMjrpsaHVu2mGKFYlRboKvNGgorZocCILnoY/edit#FULL_UNIVERSE_SCREENING,Drive modified 2026-09-21T02:35:49.190Z,PubMed A/B/C baseline,"Evidence Command Center 1,456 baseline; LOOP3X materialization",BASELINE,,HIGH_RELEVANCE,DIRECT_MANUSCRIPT_FIT,FULL_TEXT_REVIEW,P1 — HIGH,Physical / academy readiness,International,Physical and Academy Readiness / Aptidao e academia,YES,NO,NO,Verified — clear,NO,,PENDING,Refined 3-pass screen; scientific text separated from admin metadata,141,LOT-08-P1,https://pubmed.ncbi.nlm.nih.gov/36939035/,"The present study investigated performance changes during three runs (1 min recovery) of repeated military simulation task test (RMST) and its associations with physical performance. Voluntary male soldiers ( N = 114) participated in a series of measurements of physical performance. Lower body explosive force production, anaerobic endurance and upper body strength endurance together explained 58% of the variance in the first RSMT ( p < 0.001). The same variables explained the variance in the second and third runs of RSMT by 60% and 51%, but explosive force production was replaced with aerobic endurance, assessed by the 3.2 km loaded run ( p < 0.001). This study demonstrated that the role of explosive power of the lower body decreased and military specific aerobic endurance increased when occupational performance was assessed under acute fatigue even during a short high-intensity test. These results may benefit tactical strength and conditioning coaches in training optimisation for improved occupational performance in military. Practioners summary: Soldiers are required to perform occupational tasks in a repeated manner with short recovery time. In the present study, the role of explosive power of the lower body decreased and military specific aerobic endurance increased when occupational performance was assessed with a repeated high-intensity task specific performance test.",Journal Article,,,,FULL_TEXT_UNAVAILABLE,,,,,NO_PMCID_IN_PRIMARY_METADATA,Design classification required before appraisal,NOT_POSSIBLE_WITHOUT_LAWFUL_FULL_TEXT,FULL_TEXT_REVIEW_AWAITING_APPRAISAL,FULL_TEXT_UNAVAILABLE,NO,"Source discovery completed; no final scientific inclusion without full-text appraisal, exact claim mapping and human confirmation."
EV-0616,US Army Reserve Officers' Training Corps Cadets' Knowledge of Exercise-related Musculoskeletal Injuries.,10.70252/rfnz6668,36895433,PMC9987521,Q9E6G3RF,2022,,,,CANONICAL_BASELINE,LOOP3X full-universe authoritative materialization,https://docs.google.com/spreadsheets/d/1PsCIFKpNMjrpsaHVu2mGKFYlRboKvNGgorZocCILnoY/edit#FULL_UNIVERSE_SCREENING,Drive modified 2026-09-21T02:35:49.190Z,PubMed A/B/C baseline,"Evidence Command Center 1,456 baseline; LOOP3X materialization",BASELINE,,HIGH_RELEVANCE,DIRECT_MANUSCRIPT_FIT,FULL_TEXT_REVIEW,P1 — HIGH,Musculoskeletal injury,International,Operational Implications / Discussion,YES,NO,NO,Verified — clear,NO,,PENDING,Refined 3-pass screen; scientific text separated from admin metadata,142,LOT-08-P1,https://pubmed.ncbi.nlm.nih.gov/36895433/,"Musculoskeletal injuries, especially resulting from physical training, are a significant threat to military readiness. Due to costs related to treating injuries and the high probability of chronic, recurrent injuries, prevention should be a primary focus to maximize human performance and military success. However, in the US Army, many personnel are uninformed on injury prevention topics, and no research has identified injury prevention knowledge gaps in military leaders. This study examined the current knowledge of US Army ROTC cadets on injury prevention topics. This cross-sectional study was conducted at two university ROTC programs in the US. Cadets completed a questionnaire to identify participants' knowledge of injury risk factors and effective prevention strategies. Participants' perceptions of their leadership and their desires for future injury prevention education were also assessed. The survey was completed by 114 cadets. Except for dehydration and prior injury, participants had a greater than 10% incorrect response rate for questions regarding the impact of various factors on injury risk. Overall, participants displayed a positive view of their leadership's interest in injury prevention. The majority (74%) of participants reported a preference to receive injury prevention educational materials via electronic delivery. To develop implementation strategies and educational materials for injury prevention, identifying current injury prevention knowledge of military personnel should be a priority for researchers and military leaders. The initial military training of future officers is a critical time for further research and education efforts to improve the effectiveness and adoption of injury prevention strategies.",Journal Article,PMC9987521,,,LAWFUL_PMC_XML,https://pmc.ncbi.nlm.nih.gov/articles/PMC9987521/,PMC XML: ,,,,Design classification required before appraisal,PENDING_AI_FULL_TEXT_REVIEW,FULL_TEXT_REVIEW_AWAITING_APPRAISAL,UNRESOLVED,NO,"Source discovery completed; no final scientific inclusion without full-text appraisal, exact claim mapping and human confirmation."
EV-0619,Immediate Medical Care Rendered by US Law Enforcement Officers after Officer-Involved Shootings - An Open-Access Public Domain Video Analysis.,10.1017/s1049023x23000171,36872570,,9N7YVHTY,2023,,,,CANONICAL_BASELINE,LOOP3X full-universe authoritative materialization,https://docs.google.com/spreadsheets/d/1PsCIFKpNMjrpsaHVu2mGKFYlRboKvNGgorZocCILnoY/edit#FULL_UNIVERSE_SCREENING,Drive modified 2026-09-21T02:35:49.190Z,PubMed A/B/C baseline,"Evidence Command Center 1,456 baseline; LOOP3X materialization",BASELINE,,HIGH_RELEVANCE,DIRECT_MANUSCRIPT_FIT,FULL_TEXT_REVIEW,P1 — HIGH,Cognition / firearm performance,International,Cognition and Firearm-Task Performance / Cognicao e tiro,YES,NO,NO,Verified — clear,NO,,PENDING,Refined 3-pass screen; scientific text separated from admin metadata,143,LOT-08-P1,https://pubmed.ncbi.nlm.nih.gov/36872570/,"After officer-involved shootings (OIS), rapid delivery of emergency medical care is critical but may be delayed due to scene safety concerns. The purpose of this study was to describe medical care rendered by law enforcement officers (LEOs) after lethal force incidents. Retrospective analysis of open-source video footage of OIS occurring from February 15, 2013 through December 31, 2020. Frequency and nature of care provided, time until LEO and Emergency Medical Services (EMS) care, and mortality outcomes were evaluated. The study was deemed exempt by the Mayo Clinic Institutional Review Board. Three hundred forty-two (342) videos were included in the final analysis; LEOs rendered care in 172 (50.3%) incidents. Average elapsed time from time-of-injury (TOI) to LEO-provided care was 155.8 (SD = 198.8) seconds. Hemorrhage control was the most common intervention performed. An average of 214.2 seconds elapsed between LEO care and EMS arrival. No mortality difference was identified between LEO versus EMS care (P = .1631). Subjects with truncal wounds were more likely to die than those with extremity wounds (P < .00001). It was found that LEOs rendered medical care in one-half of all OIS incidents, initiating care on average 3.5 minutes prior to EMS arrival. Although no significant mortality difference was noted for LEO versus EMS care, this finding must be interpreted cautiously, as specific interventions, such as extremity hemorrhage control, may have impacted select patients. Future studies are needed to determine optimal LEO care for these patients.",Journal Article; Video-Audio Media,,,,FULL_TEXT_UNAVAILABLE,,,,,NO_PMCID_IN_PRIMARY_METADATA,Design classification required before appraisal,NOT_POSSIBLE_WITHOUT_LAWFUL_FULL_TEXT,FULL_TEXT_REVIEW_AWAITING_APPRAISAL,FULL_TEXT_UNAVAILABLE,NO,"Source discovery completed; no final scientific inclusion without full-text appraisal, exact claim mapping and human confirmation."
EV-0640,Impact of Two Types of Fitness Programs on Soldier Physical Fitness.,10.70252/ybtf2692,36582397,PMC9762245,PWZV62A7,2022,,,,CANONICAL_BASELINE,LOOP3X full-universe authoritative materialization,https://docs.google.com/spreadsheets/d/1PsCIFKpNMjrpsaHVu2mGKFYlRboKvNGgorZocCILnoY/edit#FULL_UNIVERSE_SCREENING,Drive modified 2026-09-21T02:35:49.190Z,PubMed A/B/C baseline,"Evidence Command Center 1,456 baseline; LOOP3X materialization",BASELINE,,HIGH_RELEVANCE,DIRECT_MANUSCRIPT_FIT,FULL_TEXT_REVIEW,P1 — HIGH,Physical / academy readiness,International,Physical and Academy Readiness / Aptidao e academia,YES,NO,NO,Verified — clear,NO,,PENDING,Refined 3-pass screen; scientific text separated from admin metadata,144,LOT-08-P1,https://pubmed.ncbi.nlm.nih.gov/36582397/,"This study compared an expert supervised, fully resourced physical training (PT) program compared to a traditional physical training PT plan on Army Officer Candidate School (OSC) soldier fitness outcomes. This retrospective cohort study compared 228 OCS soldiers (179 male [26.74±3.78 years] and 49 female [26.55±4.18 years]) in two companies for 12 weeks. One company participated in a fully resourced PT program designed by fitness experts to improve overall fitness and mobility (TAP-C). One company participated in traditional physical training designed to excel on the Army combat fitness test (ACFT, includes deadlift, power throw, push up, sprint-drag-carry, core strength, run) developed and led by OCS soldiers with standard resources. We assessed performance on the ACFT events, and grip strength, standing broad jump, overhead squat, and 90/90 switch assessment. Analysis of covariance was used to compare main effects of company on ACFT measures, controlling for covariates of pretest score differences and sex. Results included a significant effect of group on ACFT performance (N=228), F(1, 223) = 12.8, p<0.001 and on performance of five of the six ACFT events: MDL, F(1, 223) = 5.44, p = 0.021; HRP, F(1, 223) = 11.67, p < 0.001; SDC, F(1, 223) = 20.06, p < 0.001; LTK, F(1, 223) = 16.95, p < 0.001; and 2MR, F(1, 223) = 23.76, p < 0.001. The traditional company performed significantly better on ACFT muscular, anerobic and aerobic endurance focused events; the TAP-C company performed significantly better on muscular strength/explosive power events and mobility assessments.",Journal Article,PMC9762245,,,LAWFUL_PMC_XML,https://pmc.ncbi.nlm.nih.gov/articles/PMC9762245/,PMC XML: ,,,,Design classification required before appraisal,PENDING_AI_FULL_TEXT_REVIEW,FULL_TEXT_REVIEW_AWAITING_APPRAISAL,UNRESOLVED,NO,"Source discovery completed; no final scientific inclusion without full-text appraisal, exact claim mapping and human confirmation."
EV-0641,"Pre-neuromusculoskeletal injury Risk factor Evaluation and Post-neuromusculoskeletal injury Assessment for Return-to-duty/activity Enhancement (PREPARE) in military service members: a prospective, observational study protocol.",10.1186/s12967-022-03832-7,36567311,PMC9790128,9G2W5VC6,2022,,,,CANONICAL_BASELINE,LOOP3X full-universe authoritative materialization,https://docs.google.com/spreadsheets/d/1PsCIFKpNMjrpsaHVu2mGKFYlRboKvNGgorZocCILnoY/edit#FULL_UNIVERSE_SCREENING,Drive modified 2026-09-21T02:35:49.190Z,PubMed A/B/C baseline,"Evidence Command Center 1,456 baseline; LOOP3X materialization",BASELINE,,HIGH_RELEVANCE,DIRECT_MANUSCRIPT_FIT,FULL_TEXT_REVIEW,P1 — HIGH,Musculoskeletal injury,International,Operational Implications / Discussion,YES,NO,NO,Verified — clear,NO,,PENDING,Refined 3-pass screen; scientific text separated from admin metadata,145,LOT-08-P1,https://pubmed.ncbi.nlm.nih.gov/36567311/,"Non-battle related musculoskeletal injuries (MSKI) are one of the primary medical issues diminishing Service member medical readiness. The MSKI problem is challenging because it is difficult to assess all of the factors that increase MSKI risk and influence post-MSKI outcomes. Currently, there are no high-throughput, clinically-feasible, and comprehensive assessments to generate patient-centric data for informing pre- and post-MSKI risk assessment and mitigation strategies. The objective of the ""Pre-neuromusculoskeletal injury Risk factor Evaluation and Post-neuromusculoskeletal injury Assessment for Return-to-duty/activity Enhancement (PREPARE)"" study is to develop a comprehensive suite of clinical assessments to identify the patient-specific factors contributing to MSKI risks and undesired post-MSKI outcomes. This is a phased approach, multi-center prospective, observational study (ClinicalTrials.gov number: NCT05111925) to identify physical and psychosocial factors contributing to greater MSKI risk and undesired post-MSKI outcomes, and to identify and validate a minimal set of assessments to personalize risk mitigation and rehabilitation strategies. In Phase I, one cohort (n = 560) will identify the physical and psychosocial factors contributing to greater MSKI risks (single assessment), while a second cohort (n = 780) will identify the post-MSKI physical and psychosocial factors contributing to undesired post-MSKI outcomes (serial assessments at enrollment, 4 weeks post-enrollment, 12 weeks post-enrollment). All participants will complete comprehensive movement assessments captured via a semi-automated markerless motion capture system and instrumented walkway, joint range of motion assessments, psychosocial measures, and self-reported physical fitness performance and MSKI history. We will follow participants for 6 months. We will identify the minimum set of clinical assessments that provide requisite data to personalize MSKI risk mitigation and rehabilitation strategies, and in Phase II validate our optimized assessments in new cohorts. The results of this investigation will provide clinically relevant data to efficiently inform MSKI risk mitigation and rehabilitation programs, thereby helping to advance medical care and retain Service members on active duty status. PREPARE was prospectively registered on ClinicalTrials.gov (NCT05111925) on 5 NOV 2021, prior to study commencement.","Journal Article; Research Support, U.S. Gov't, Non-P.H.S.; Clinical Trial Protocol",PMC9790128,,,LAWFUL_PMC_XML,https://pmc.ncbi.nlm.nih.gov/articles/PMC9790128/,PMC XML: Discussion,"Discussion: Currently, Military Health System healthcare providers and human performance professionals have limited resources to efficiently and comprehensively identify the factors that influence MSKI risks and outcomes. The PREPARE study will deliver comprehensive clinical assessment batteries that efficiently identify the Service member specific factors that contribute to MSKI risk and undesired post-MSKI outcomes. In the near-term, this will provide contemporary evidenced-based military-relevant, field-expedient MSKI screening and prediction tools to inform Service members’ MSKI susceptibilities and ability to RTD/A following MSKI. In the long-term, this will result in personalized pre- and post-MSKI care, culminating in reduced rehabilitation time and costs and fewer days on limited duty status. Furthermore, the use of semi-automated field-expedient technologies will allow assessments to be immediately translated into practice. PREPARE will provide healthcare providers objective data across the spectrum of MSKI management (prevention to RTD/A) to guide MSKI risk mitigation strategies and make better informed RTD/A decisions; thereby, improving Service member health, medical readiness, and",,,RoB 2,PENDING_AI_FULL_TEXT_REVIEW,FULL_TEXT_REVIEW_AWAITING_APPRAISAL,UNRESOLVED,NO,"Source discovery completed; no final scientific inclusion without full-text appraisal, exact claim mapping and human confirmation."
EV-0643,Inter-Rater and Intra-Rater Reliability of Return-to-Work Screening Tests for UK Firefighters Following Injury.,10.3390/healthcare10122381,36553905,PMC9778182,CUD7RC9P,2022,,,,CANONICAL_BASELINE,LOOP3X full-universe authoritative materialization,https://docs.google.com/spreadsheets/d/1PsCIFKpNMjrpsaHVu2mGKFYlRboKvNGgorZocCILnoY/edit#FULL_UNIVERSE_SCREENING,Drive modified 2026-09-21T02:35:49.190Z,PubMed A/B/C baseline,"Evidence Command Center 1,456 baseline; LOOP3X materialization",BASELINE,,HIGH_RELEVANCE,DIRECT_MANUSCRIPT_FIT,FULL_TEXT_REVIEW,P1 — HIGH,Musculoskeletal injury,International,Operational Implications / Discussion,YES,NO,NO,Verified — clear,NO,,PENDING,Refined 3-pass screen; scientific text separated from admin metadata,146,LOT-08-P1,https://pubmed.ncbi.nlm.nih.gov/36553905/,"The aim of this study was to assess the inter-rater and intra-rater reliability of a return-to-work (RTW) screening test to be used on UK firefighters following injury. The inter rater and intra-rater reliability of eight tasks involved in a screening test was used to assess readiness to RTW for UK firefighters following injury. These tasks included the following: (1) putting on and removing a breathing apparatus set (BA), (2) a ladder lift simulation, (3) a ladder carry simulation, (4) a light portable pump (LPP) lift and carry simulation, (5) a hose run, (6) a ladder climb with leg lock, (7) a casualty evacuation and (8) a confined space crawl simulation. The inter-rater reliability between each individual screening task was interpreted as Excellent (ICC = 0.94-1.00) for eleven (68.75%) of the screening task videos and as Good (ICC = 0.75-0.88) for five (31.25%) of the screening task videos. Intra-rater reliability was interpreted as Excellent (ICC = 1) for twenty-six participants (74.3%), Good (ICC = 0.76-0.88) for eight participants (22.9%) and Moderate for one participant (2.8%). Due to the reliability of this screening test, it allows conclusions to be made from the results which can inform a RTW decision for a firefighter.",Journal Article,PMC9778182,,,LAWFUL_PMC_XML,https://pmc.ncbi.nlm.nih.gov/articles/PMC9778182/,PMC XML: ,,,,Design classification required before appraisal,PENDING_AI_FULL_TEXT_REVIEW,FULL_TEXT_REVIEW_AWAITING_APPRAISAL,UNRESOLVED,NO,"Source discovery completed; no final scientific inclusion without full-text appraisal, exact claim mapping and human confirmation."
EV-0646,Less daytime sleepiness and slow wave activity during sleep predict better physical readiness in military personnel.,10.1016/j.sleh.2022.10.013,36503874,,L9UGI5DM,2023,,,,CANONICAL_BASELINE,LOOP3X full-universe authoritative materialization,https://docs.google.com/spreadsheets/d/1PsCIFKpNMjrpsaHVu2mGKFYlRboKvNGgorZocCILnoY/edit#FULL_UNIVERSE_SCREENING,Drive modified 2026-09-21T02:35:49.190Z,PubMed A/B/C baseline,"Evidence Command Center 1,456 baseline; LOOP3X materialization",BASELINE,,HIGH_RELEVANCE,DIRECT_MANUSCRIPT_FIT,FULL_TEXT_REVIEW,P1 — HIGH,Sleep / fatigue / recovery,International,Integrated Operational Readiness / Discussion,YES,NO,NO,Verified — clear,NO,,PENDING,Refined 3-pass screen; scientific text separated from admin metadata,147,LOT-08-P1,https://pubmed.ncbi.nlm.nih.gov/36503874/,"Military personnel must maintain physical performance despite exposure to operational stressors such as sleep loss, caloric restriction and high cognitive load. Habitual sleep and specific sleep features are positively associated with fitness and may contribute to physical performance in operational settings. Further, by affecting muscle recovery, sleep may contribute to the ability to maintain performance across multiple days of exposure to operational stressors. We examined the role of individual differences in baseline sleep on baseline physical performance and on change in physical performance throughout exposure to simulated military operational stress (SMOS). Military personnel (36 male, 9 female, 26.3 ± 5.3 years) completed a 5-day SMOS protocol during which they completed a tactical mobility test daily. Sleep questionnaires were administered at intake and sleep was monitored each night with polysomnography. Lasso regressions were used to identify meaningful predictors of physical performance at baseline and of change in physical performance across SMOS. Better aerobic fitness, lower daytime sleepiness (Epworth Sleepiness Scale), and lower absolute slow wave activity (0.5-4 Hz) predicted better physical performance at baseline (66.1% of variance explained), but did not relate to changes in performance. Collectively, higher daytime sleepiness and slow wave activity may reflect more chronic exposure to insufficient sleep and higher baseline sleep drive, which in turn led to compromised physical performance. The findings suggest that low self-report sleepiness and low objective slow wave activity may reflect two quantifiable markers of healthy sleep behaviors that have implications for operational performance.","Journal Article; Research Support, U.S. Gov't, Non-P.H.S.",,,,FULL_TEXT_UNAVAILABLE,,,,,NO_PMCID_IN_PRIMARY_METADATA,Design classification required before appraisal,NOT_POSSIBLE_WITHOUT_LAWFUL_FULL_TEXT,FULL_TEXT_REVIEW_AWAITING_APPRAISAL,FULL_TEXT_UNAVAILABLE,NO,"Source discovery completed; no final scientific inclusion without full-text appraisal, exact claim mapping and human confirmation."
EV-0650,Predicting Firefighters' Physical Ability Test Scores from Anaerobic Fitness Parameters & Mental Toughness Levels.,10.3390/ijerph192215253,36429971,PMC9691205,7GXSP268,2022,,,,CANONICAL_BASELINE,LOOP3X full-universe authoritative materialization,https://docs.google.com/spreadsheets/d/1PsCIFKpNMjrpsaHVu2mGKFYlRboKvNGgorZocCILnoY/edit#FULL_UNIVERSE_SCREENING,Drive modified 2026-09-21T02:35:49.190Z,PubMed A/B/C baseline,"Evidence Command Center 1,456 baseline; LOOP3X materialization",BASELINE,,HIGH_RELEVANCE,DIRECT_MANUSCRIPT_FIT,FULL_TEXT_REVIEW,P1 — HIGH,Physical / academy readiness,International,Physical and Academy Readiness / Aptidao e academia,YES,NO,NO,Verified — clear,NO,,PENDING,Refined 3-pass screen; scientific text separated from admin metadata,148,LOT-08-P1,https://pubmed.ncbi.nlm.nih.gov/36429971/,"Physical ability test (PAT) evaluates firefighters' (FF) occupational capacity. The contribution of anaerobic systems during PAT and mental toughness (MT) relationship to PAT is unexplored. PAT modeling based on anaerobic fitness (AF), MT, and respective relationships were examined. Fourteen male FFs (Age: 29.0 ± 7.0 years) completed a PAT composed of occupationally-specific tasks in full gear. On a separate day, a series of AF assessments were performed (handgrip-dynamometry: HG; vertical-jump: VJ; Margaria-Kalamen: MK; 300-yard shuttle run: 300YD). MT was evaluated using military training MT inventory (MTMTI) and sports MT questionnaire (SMTQ). We tested the PAT model using multiple backward regression and related correlations coefficients at p < 0.05. A 78% proportion of PAT was explained by AF parameters (F 2,13 = 20.2, <0.05). PAT was significantly correlated with HG (r = -0.71, p < 0.01), VJ (r = -0.73, p < 0.01), MK (r = -0.75, p < 0.01), and with 300YD (r = 0.60, p < 0.05). MT did not demonstrate significant correlation with PAT ( p > 0.01). Anaerobic system significantly contributes to PAT performance. FFs should optimize AF training, which would allow for enhanced occupational performance in PAT. Further investigation into psychological determinants of FFs is recommended.",Journal Article,PMC9691205,,,LAWFUL_PMC_XML,https://pmc.ncbi.nlm.nih.gov/articles/PMC9691205/,PMC XML: ,,,,Design classification required before appraisal,PENDING_AI_FULL_TEXT_REVIEW,FULL_TEXT_REVIEW_AWAITING_APPRAISAL,UNRESOLVED,NO,"Source discovery completed; no final scientific inclusion without full-text appraisal, exact claim mapping and human confirmation."
EV-0651,"Speed, Skill Retention, and End User Perceptions of iTClamp Application by Navy Corpsmen on a Manikin Model of Femoral Hemorrhage.",10.1093/milmed/usac355,36424914,,EMSHW9Y8,2023,,,,CANONICAL_BASELINE,LOOP3X full-universe authoritative materialization,https://docs.google.com/spreadsheets/d/1PsCIFKpNMjrpsaHVu2mGKFYlRboKvNGgorZocCILnoY/edit#FULL_UNIVERSE_SCREENING,Drive modified 2026-09-21T02:35:49.190Z,PubMed A/B/C baseline,"Evidence Command Center 1,456 baseline; LOOP3X materialization",BASELINE,,HIGH_RELEVANCE,DIRECT_MANUSCRIPT_FIT,FULL_TEXT_REVIEW,P1 — HIGH,Tactical medicine / TCCC / TECC / APH,Both,Tactical Medicine Readiness / APH-Tatico,YES,NO,NO,Verified — clear,NO,,PENDING,Refined 3-pass screen; scientific text separated from admin metadata,149,LOT-08-P1,https://pubmed.ncbi.nlm.nih.gov/36424914/,"Tactical Combat Casualty Care guidelines recommend packing junctional wounds with gauze, applying direct pressure for 3 minutes, and then securing with an external pressure dressing. This method is time-consuming, which can be problematic in a combat environment. Alternatively, the iTClamp has documented efficacy and rapid application. However, no studies have evaluated device application by military prehospital medical providers, such as Navy corpsmen, or their user experience with the device. Research data derived from a protocol were approved by the Naval Medical Center Portsmouth's Institutional Review Board in compliance with all applicable federal regulations governing the protection of human subjects. Navy corpsmen with the current Tactical Combat Casualty Care certification applied the iTClamp or standard pressure dressing on a manikin model of femoral hemorrhage in a crossover study design. Each participant used both devices in a randomized fashion. Time to application was recorded, and participants completed Likert scale surveys to evaluate both devices for preference, ease of use, and physical assessment. A repeat assessment was performed 1 month later to assess skill atrophy. Repeated-measures ANOVA was used to compare application time. Likert scale survey data were analyzed using Mann-Whitney and Wilcoxon tests to compare survey data within and between time points, respectively. The application of the iTClamp was more than twice as fast as the application of pressure dressings at both the initial and follow-up evaluations. There was no statistically significant difference in application times between the first evaluation and the 30-day assessment of either device, indicating no atrophy in skill. While 65% and 52% of the participants expressed preference in for the iTClamp in their surveys during the initial and follow-up respective visits, the difference in preference was not statistically significant for either the initial or the follow-up survey. Open-ended survey responses yielded both perceived advantages and disadvantages for each treatment option. In austere or hostile environments, speed of treatment and extrication can have significant implications for the safety of both the patient and the medical providers. Hemorrhage control interventions must be both effective and easy to use for a prehospital provider to ensure its efficacy in a live battlefield situation. The iTClamp is small, simple, and fast to use, but its wide adoption in the field may be based on limitations perceived by participants, including narrow indications for use. However, based on our findings, it is reasonable to field the iTClamp depending on provider preference.","Journal Article; Randomized Controlled Trial; Research Support, Non-U.S. Gov't",,,,FULL_TEXT_UNAVAILABLE,,,,,NO_PMCID_IN_PRIMARY_METADATA,RoB 2,NOT_POSSIBLE_WITHOUT_LAWFUL_FULL_TEXT,FULL_TEXT_REVIEW_AWAITING_APPRAISAL,FULL_TEXT_UNAVAILABLE,NO,"Source discovery completed; no final scientific inclusion without full-text appraisal, exact claim mapping and human confirmation."
EV-0653,"The Tactical Athlete: Definitions, Cardiovascular Assessment, and Management, and ""Fit for Duty"" Standards.",10.1016/j.ccl.2022.08.008,36368814,,PTYBH6NK,2023,,,,CANONICAL_BASELINE,LOOP3X full-universe authoritative materialization,https://docs.google.com/spreadsheets/d/1PsCIFKpNMjrpsaHVu2mGKFYlRboKvNGgorZocCILnoY/edit#FULL_UNIVERSE_SCREENING,Drive modified 2026-09-21T02:35:49.190Z,PubMed A/B/C baseline,"Evidence Command Center 1,456 baseline; LOOP3X materialization",BASELINE,,HIGH_RELEVANCE,DIRECT_MANUSCRIPT_FIT,FULL_TEXT_REVIEW,P1 — HIGH,Medical / cardiovascular readiness,International,Medical and Cardiovascular Readiness / Saude e prontidao medica,YES,NO,NO,Verified — clear,NO,,PENDING,Refined 3-pass screen; scientific text separated from admin metadata,150,LOT-08-P1,https://pubmed.ncbi.nlm.nih.gov/36368814/,"Tactical athletes are individuals in the military, law enforcement, and other professions whose occupations have significant physical fitness requirements coupled with the potential for exposure to life-threatening situations. Such exposures can have varied hemodynamic effects on the cardiovascular system. It is crucial that their clinical evaluation is inclusive of specific occupational requirements. Safety protocols regarding medical clearance are relatively more stringent for this population than for competitive athletes due to the increased impact to the tactical athlete, their team, and the population they aim to serve and protect should they experience a cardiovascular event on the job.",Journal Article; Review,,,,FULL_TEXT_UNAVAILABLE,,,,,NO_PMCID_IN_PRIMARY_METADATA,Design classification required before appraisal,NOT_POSSIBLE_WITHOUT_LAWFUL_FULL_TEXT,FULL_TEXT_REVIEW_AWAITING_APPRAISAL,FULL_TEXT_UNAVAILABLE,NO,"Source discovery completed; no final scientific inclusion without full-text appraisal, exact claim mapping and human confirmation."
EV-0655,Body composition of extreme performers in the US Marine Corps.,10.1136/military-2022-002189,36323456,PMC11287561,RU9CPMBE,2024,,,,CANONICAL_BASELINE,LOOP3X full-universe authoritative materialization,https://docs.google.com/spreadsheets/d/1PsCIFKpNMjrpsaHVu2mGKFYlRboKvNGgorZocCILnoY/edit#FULL_UNIVERSE_SCREENING,Drive modified 2026-09-21T02:35:49.190Z,PubMed A/B/C baseline,"Evidence Command Center 1,456 baseline; LOOP3X materialization",BASELINE,,HIGH_RELEVANCE,DIRECT_MANUSCRIPT_FIT,FULL_TEXT_REVIEW,P1 — HIGH,Physical / academy readiness,International,Physical and Academy Readiness / Aptidao e academia,YES,NO,NO,Verified — clear,NO,,PENDING,Refined 3-pass screen; scientific text separated from admin metadata,151,LOT-08-P1,https://pubmed.ncbi.nlm.nih.gov/36323456/,"The creation of highly muscled and strong fighters is a recurring theme in human performance enhancement concepts. Physical readiness standards, intended to prevent obesity in the military, produce contradictory objectives, hounding large individuals to lose weight because of confusion between body size and body composition. Through selection, specialised training and policy exceptions the US Marine Corps has successfully developed a unique group of large (body mass index (BMI) >30 kg/m 2 ) and strong individuals, the body bearers (BB) who carry coffins of Marines to their final resting place. We examined the relationship between adiposity and body size from nine male BB (age 25.0±2.1, height: 1.84±0.04 (1.80-1.92) m, BMI: 33.0±2.1 (30-37) kg/m 2 ). Body composition was assessed by dual-energy X-ray absorptiometry (DXA), bioelectrical impedance (BIA) and tape measured abdominal circumference (AC)-based equations and from three-dimensional scanning (3DS). Measures were made of fat-free mass (FFM): 90.5±7.0 (82.0-106.7) kg, where FFM included total body water: 62.8±5.0 (55.8-71.8) L, representing 69±2 (67-73) % of FFM, along with calculated FFM index: 26.8±2.4 (24.4-32.9) kg/m 2 ). DXA measures were made for bone mineral content 4.1±0.4 (3.5-4.9) kg, bone mineral density (BMD) 1.56±0.10 (1.37-1.76) g/cm 2 and %BF 19.5±6.6 (9.0-27.8). Additional measures of percent body fat (%BF) were made by AC: 20.3±2.9 (15.2-24.6), BIA: 23.7±6.4 (9.8-29.2) and 3DS: 25.5±4.7 (18.9-32.2). AC %BF reasonably matched DXA %BF, with expected overprediction and underprediction at low and high DXA %BF. BIA %BF was affected by deviations from assumed FFM hydration (72%-73%). These men are classified as obese by BMI but carried massive amounts of muscle and bone on their large frames, while presenting a range of %BF irrelevant to strength performance. BMI did not predict obesity and adiposity had no association with muscle mass and strength performance.",Journal Article,PMC11287561,,,LAWFUL_PMC_XML,https://pmc.ncbi.nlm.nih.gov/articles/PMC11287561/,PMC XML: Results | Discussion,"Results: Basic characteristics from the group (age, height, body mass, BMI) were: age 25±2.1 (21–28) years, height 1.84±0.04 (1.80–1.92) m, body mass 111.5±6.8 (103–124) kg, BMI 33.0±2.1 (30–37) kg/m 2 . Measured body composition values (mean±SD, ranges) are shown in Table 1 . The men averaged PFT, CFT scores of 268 and 264, repectively, and all the men demonstrated maximal or near-maximal performance in pull-ups (count of 23) and crunches (count of 110 or 115, depending on age). | Discussion: The men in this study represented a group of elite performers selected to serve in their current job specialty on the basis of strength. They were characterised by extraordinarily high FFM, including muscle and bone, yet demonstrated a wide variation in relative BF (9 to nearly 29 %BF). Based on fat-free mass index (FFMI), these men are above the 99th percentile for FFMI of US men (National Health and Nutrition Examination Survey (NHANES), age 25 years). 11 These data are comparable to 53 young collegiate Division 1 American football defensive linemen reported in the consortium study by Bosch et al , averaging BMI 33.7 kg/m 2 , FFM 87.6 kg and %BF 23.5. 12 These data also closely matched a cohort of 23 young professional sumo athletes averaging BMI 36.0 kg/m 2 , FFM 83.2 kg and %BF 27 (based on underwater weighing). 13 However, they did not reach the upper human limits of lean mass described by Kraemer et al in the ‘ strongest man ’ competitors. 14 This high FFM was attained despite the generalised training required of these Marines to maintain high standards on the Marine Corps CFT and the PFT. Run training compromises maximal resistance training gains in FFM, as demonstrated in F",,,Design classification required before appraisal,PENDING_AI_FULL_TEXT_REVIEW,FULL_TEXT_REVIEW_AWAITING_APPRAISAL,UNRESOLVED,NO,"Source discovery completed; no final scientific inclusion without full-text appraisal, exact claim mapping and human confirmation."
EV-0658,"Aerobic fitness predicted by demographics, anthropometrics, health behaviour, physical activity and muscle fitness in male and female recruits entering military service.",10.1136/military-2022-002267,36270735,,53TRUBAE,2024,,,,CANONICAL_BASELINE,LOOP3X full-universe authoritative materialization,https://docs.google.com/spreadsheets/d/1PsCIFKpNMjrpsaHVu2mGKFYlRboKvNGgorZocCILnoY/edit#FULL_UNIVERSE_SCREENING,Drive modified 2026-09-21T02:35:49.190Z,PubMed A/B/C baseline,"Evidence Command Center 1,456 baseline; LOOP3X materialization",BASELINE,,HIGH_RELEVANCE,DIRECT_MANUSCRIPT_FIT,FULL_TEXT_REVIEW,P1 — HIGH,Physical / academy readiness,International,Physical and Academy Readiness / Aptidao e academia,YES,NO,NO,Verified — clear,NO,,PENDING,Refined 3-pass screen; scientific text separated from admin metadata,152,LOT-08-P1,https://pubmed.ncbi.nlm.nih.gov/36270735/,"The physical and mental training load can be high during military service. Therefore, tailored preconditioning programmes based on assessment of physical fitness could increase readiness for military service, especially among those ones with lower baseline fitness level. The purpose of present study was to investigate how self-assessed health behaviour, physical activity and muscle fitness can predict physical fitness in young male and female military cohorts. Demographics, health behaviour and daily physical activity preceding military service were surveyed by a questionnaire. Thereafter, physical fitness was assessed during the military service by the tests of 12 min running, 1 min push-ups and sit-ups. Explosive power of the lower extremities was studied by maximal standing long jump. Measurements of body anthropometry consisted of body mass, height, and waist circumference. The two strongest individual predictors of objectively measured running distance in 12 min were self-reported physical activity and physical readiness in both men and women. Self-reported physical activity, readiness for military service, sitting time, education, smoking and body anthropometrics together explained 52% of the variance in the 12 min running test result (R 2 =0.52, mean absolute percentage error (MAPE) 8.8%, mean absolute error (MAE) 207 m) in men, while for women the predictive values were weaker. Addition of muscle fitness results to the adjusted regression model further improved the model, which explained 59% of the variance in the 12 min running tests result of male conscripts (R 2 =0.59, MAPE 7.8%, MAE 181 m). In the present study, self-reported physical activity, muscle fitness, physical readiness for military service, sitting time, education, smoking and body anthropometrics predicted inadequately the measured endurance capacity among recruits. The present questionnaire-based variables do not accurately predict physical fitness of recruits and thus, they are not either suitable for practical use for preconditioning programmes or preselection before entering the military service.",Journal Article,,,,FULL_TEXT_UNAVAILABLE,,,,,NO_PMCID_IN_PRIMARY_METADATA,Design classification required before appraisal,NOT_POSSIBLE_WITHOUT_LAWFUL_FULL_TEXT,FULL_TEXT_REVIEW_AWAITING_APPRAISAL,FULL_TEXT_UNAVAILABLE,NO,"Source discovery completed; no final scientific inclusion without full-text appraisal, exact claim mapping and human confirmation."
EV-0663,Nutrition Program Fidelity Assessment tool: a framework for optimising implementation in military dining facilities.,10.1017/s1368980022001896,36226363,PMC11077443,JXCHUD72,2023,,,,CANONICAL_BASELINE,LOOP3X full-universe authoritative materialization,https://docs.google.com/spreadsheets/d/1PsCIFKpNMjrpsaHVu2mGKFYlRboKvNGgorZocCILnoY/edit#FULL_UNIVERSE_SCREENING,Drive modified 2026-09-21T02:35:49.190Z,PubMed A/B/C baseline,"Evidence Command Center 1,456 baseline; LOOP3X materialization",BASELINE,,HIGH_RELEVANCE,DIRECT_MANUSCRIPT_FIT,FULL_TEXT_REVIEW,P1 — HIGH,Nutrition / shift work,International,Nutrition and Schedule Load / Nutricao e jornadas,YES,NO,NO,Verified — clear,NO,,PENDING,Refined 3-pass screen; scientific text separated from admin metadata,153,LOT-08-P1,https://pubmed.ncbi.nlm.nih.gov/36226363/,"The aim was to develop, refine and assess the usefulness of the Go for Green ® (G4G) 2.0 Program Fidelity Assessment (PFA) tool. G4G 2.0 is a Department of Defense programme designed to optimise access, availability and knowledge of high-performance nutritious foods in military dining facilities (DFAC). During a multi-site study to evaluate G4G 2.0 on meal quality and diner satisfaction, subject matter experts developed and refined a PFA tool based on eight programme requirements (PR). They identified tasks critical to programme success and corresponding benchmarks, then proposed expansion of several PR and developed a scoring system to assess adherence. Three PFA were conducted (Site 1, Site 2A and Site B). Two DFAC in the USA implementing the G4G 2.0 programme. Military DFAC participating in a G4G 2.0 evaluation study. After G4G 2.0 implementation, Site 1 conducted a PFA and met benchmarks for eight of fifteen sections. At Site 2, a PFA was conducted after G4G 2.0 implementation (Site 2A) and one 3 months later (Site 2B) with twelve of fifteen and ten of fifteen sections meeting benchmarks, respectively. Research highlights the need to maximise implementation quality to ensure interventions are effective, achievable and efficient. Using a PFA tool to objectively assess nutrition interventions can inform programme fidelity, successes and opportunities for improvement. Results identify key areas that require additional training and resources to optimise access to nutrient-dense foods that support nutritional fitness. This feedback is critical for assessing potential programme impact on Service Members.","Journal Article; Research Support, Non-U.S. Gov't",PMC11077443,,,LAWFUL_PMC_XML,https://pmc.ncbi.nlm.nih.gov/articles/PMC11077443/,PMC XML: Results,"Results: The G4G Program Office collaborated with DFAC staff and management at two military study sites to execute G4G 2.0 planning, implementation and sustainment. The implementation process resulted in the development and refinement of content and benchmarks to objectively assess programme fidelity by using the first G4G PFA tool. For accurate comparison, certain data from Site 1 were retroactively added to the expanded PFA version utilised at Site 2. During the study, the G4G Program Office conducted in-person management training (PR1), assigned colour and Na codes to a 21-d menu with twelve specialty bar options (PR2) to meet G4G 2.0 menu targets (PR3) and printed materials and other marketing strategies (PR7).",,,Design classification required before appraisal,PENDING_AI_FULL_TEXT_REVIEW,FULL_TEXT_REVIEW_AWAITING_APPRAISAL,UNRESOLVED,NO,"Source discovery completed; no final scientific inclusion without full-text appraisal, exact claim mapping and human confirmation."
EV-0665,Musculoskeletal injury in military specialists: a 2-year retrospective study.,10.1136/military-2022-002165,36175032,,AX2AUWSU,2024,,,,CANONICAL_BASELINE,LOOP3X full-universe authoritative materialization,https://docs.google.com/spreadsheets/d/1PsCIFKpNMjrpsaHVu2mGKFYlRboKvNGgorZocCILnoY/edit#FULL_UNIVERSE_SCREENING,Drive modified 2026-09-21T02:35:49.190Z,PubMed A/B/C baseline,"Evidence Command Center 1,456 baseline; LOOP3X materialization",BASELINE,,HIGH_RELEVANCE,DIRECT_MANUSCRIPT_FIT,FULL_TEXT_REVIEW,P1 — HIGH,Musculoskeletal injury,International,Operational Implications / Discussion,YES,NO,NO,Verified — clear,NO,,PENDING,Refined 3-pass screen; scientific text separated from admin metadata,154,LOT-08-P1,https://pubmed.ncbi.nlm.nih.gov/36175032/,"Military specialists are elite personnel who are trained to work across diverse operational environments where a high level of physical conditioning is a prerequisite for their role. Anecdotally, personnel are acknowledged to be at high risk of developing musculoskeletal injuries (MSKIs). However, there are presently no published data on this UK military population to support this view. This is the first (2-year) retrospective epidemiological study to identify the MSKI sustained by this military population. All MSKI reported over a 2-year period (January 2018-December 2019) were recorded to identify the incidence, frequency, nature, onset, cause, location and reporting times. Injuries were described using injury count and relative frequency (percentage). Time at risk for each personnel day was calculated as 365 days. A total of 199 personnel reported 229 injuries over the reporting periods. The injury incidence rates were 26.8 personnel per 100 person years (2018) and 27.7 personnel per 100 person years (2019), respectively. Military training accounted for the highest number of injuries (32%), followed by 'other injuries' (28%), personal training (28%) and sport (12%). The leading activity associated with injury was weight training (15%), followed by running (11%) and military exercise (10%). Lower extremity injuries accounted for the highest number of injuries (40%), followed by trunk (36%) and upper extremity (24%) injuries. This study identifies the MSKI profile of a military specialist population over a 2-year period. Areas where modifiable risk factors may be identified to reduce risk of injury are highlighted. Recommendations for further research include investigating injury burden and the impact of injury on operational readiness.",Journal Article,,,,FULL_TEXT_UNAVAILABLE,,,,,NO_PMCID_IN_PRIMARY_METADATA,Design classification required before appraisal,NOT_POSSIBLE_WITHOUT_LAWFUL_FULL_TEXT,FULL_TEXT_REVIEW_AWAITING_APPRAISAL,FULL_TEXT_UNAVAILABLE,NO,"Source discovery completed; no final scientific inclusion without full-text appraisal, exact claim mapping and human confirmation."
EV-0670,A pragmatic strength and conditioning intervention for firefighters: Feasibility of the Tactical Athlete Resilience Program (TARP).,10.1002/hpja.656,36054639,PMC10091986,MXI6B2SQ,2023,,,,CANONICAL_BASELINE,LOOP3X full-universe authoritative materialization,https://docs.google.com/spreadsheets/d/1PsCIFKpNMjrpsaHVu2mGKFYlRboKvNGgorZocCILnoY/edit#FULL_UNIVERSE_SCREENING,Drive modified 2026-09-21T02:35:49.190Z,PubMed A/B/C baseline,"Evidence Command Center 1,456 baseline; LOOP3X materialization",BASELINE,,HIGH_RELEVANCE,DIRECT_MANUSCRIPT_FIT,FULL_TEXT_REVIEW,P1 — HIGH,Physical / academy readiness,International,Physical and Academy Readiness / Aptidao e academia,YES,NO,NO,Verified — clear,NO,,PENDING,Refined 3-pass screen; scientific text separated from admin metadata,155,LOT-08-P1,https://pubmed.ncbi.nlm.nih.gov/36054639/,"Firefighting is physically and mentally taxing and recruits are expected to have optimal health and fitness. However, physical fitness tends to decline following initial training, placing firefighters at an increased risk for stress and injury. Efforts are needed to engage and support firefighters in maintaining adequate health and fitness to withstand the rigorous demands of their occupation. This study examined the feasibility of TARP, a pragmatic strength and conditioning intervention for metropolitan-based firefighters, delivered in collaboration with a professional National Rugby League club. A mixed-methods approach was utilised to examine program implementation, recruitment and sample characteristics, intervention satisfaction and acceptability, and participants' response to the intervention. Evaluation measures included field notes taken during steering committee meetings, participant flow data, baseline and follow-up outcome measures, self-report questionnaires, and telephone interviews with a sample of participants. Participants (N = 113) were predominantly men (82%) with a mean age of 43 ± 9.3 years and BMI of 26.6 ± 2.9 kg/m 2 . Program satisfaction was high (95% very satisfied or somewhat satisfied) among program completers (42% retention). Key strengths of the program included delivery through the professional sports club, quality of facilities and equipment, and scheduling flexibility. Future programs should consider incorporating education or training to support behaviour change maintenance and strategies to retain participants at follow-up. Results provide valuable insights into the design and delivery of interventions for firefighters and demonstrate the importance of strong partnerships between community stakeholders.",Journal Article,PMC10091986,,Fire and Rescue NSW; Australian Government Research Training Program Scholarship; CAPMC CIHR Canada; CAPMC CIHR Canada,LAWFUL_PMC_XML,https://pmc.ncbi.nlm.nih.gov/articles/PMC10091986/,PMC XML: RESULTS | DISCUSSION | CONCLUSION,"RESULTS: Results are presented under four topics as they relate to the feasibility of TARP: (1) program implementation; (2) recruitment and sample characteristics; (3) intervention satisfaction and acceptability; and, (4) participants' responses to the intervention. | DISCUSSION: Firefighting is physically and mentally taxing and requires optimal health and fitness for safe and effective work – factors that tend to decline after recruitment. 37 Previous studies have demonstrated the potential for exercise interventions to improve outcomes of health and fitness among firefighters 2 , 6 ; however, less is known about the feasibility of implementing these interventions in the real world. Feasibility studies can provide valuable insight into the process of development and implementation of interventions and are needed to better address challenges related to engaging firefighters in health promotion programs (eg, shift system, varied schedules). The present study examined the feasibility of TARP, a pragmatic strength and conditioning intervention for metropolitan‐based firefighters delivered in collaboration with the SSFC. Our findings provide direction for program refinement as well as consideration for the design and delivery of interventions aimed at increasing the health and well‐being of firefighters. | CONCLUSION: Understanding program feasibility is necessary to support the sustainability and dissemination of initiatives. The present study provides valuable insights into the design and delivery of interventions for firefighters. A strength of this intervention was the pragmatic delivery of a flexible training program to an active‐duty workforce through the collaborative partnership of community stakeholders. In particular, delivering interventions for firefighters in collaboration with a professional sports club offers unique opportunities for recruitment and allowed firefighters to participate in an independently delivered program with the support of their employer. The sustainability and scalability of TARP, as with similar interventions, is dependent on several factors including the availability of strategic partnerships as well as the extent to which stakeholders see value (eg, reducing injury claims) in maintaining these partnerships. Strong collaborations between stakeholders such as these are critical to the development of robust and sustainable interventions.",,,Design classification required before appraisal,PENDING_AI_FULL_TEXT_REVIEW,FULL_TEXT_REVIEW_AWAITING_APPRAISAL,UNRESOLVED,NO,"Source discovery completed; no final scientific inclusion without full-text appraisal, exact claim mapping and human confirmation."
EV-0681,International society of sports nutrition position stand: tactical athlete nutrition.,10.1080/15502783.2022.2086017,35813846,PMC9261739,HARKT768,2022,,,,CANONICAL_BASELINE,LOOP3X full-universe authoritative materialization,https://docs.google.com/spreadsheets/d/1PsCIFKpNMjrpsaHVu2mGKFYlRboKvNGgorZocCILnoY/edit#FULL_UNIVERSE_SCREENING,Drive modified 2026-09-21T02:35:49.190Z,PubMed A/B/C baseline,"Evidence Command Center 1,456 baseline; LOOP3X materialization",BASELINE,,HIGH_RELEVANCE,DIRECT_MANUSCRIPT_FIT,FULL_TEXT_REVIEW,P1 — HIGH,Nutrition / shift work,International,Nutrition and Schedule Load / Nutricao e jornadas,YES,NO,NO,Verified — clear,NO,,PENDING,Refined 3-pass screen; scientific text separated from admin metadata,156,LOT-08-P1,https://pubmed.ncbi.nlm.nih.gov/35813846/,"This position stand aims to provide an evidence-based summary of the energy and nutritional demands of tactical athletes to promote optimal health and performance while keeping in mind the unique challenges faced due to work schedules, job demands, and austere environments. After a critical analysis of the literature, the following nutritional guidelines represent the position of the International Society of Sports Nutrition (ISSN). Nutritional considerations should include the provision and timing of adequate calories, macronutrients, and fluid to meet daily needs as well as strategic nutritional supplementation to improve physical, cognitive, and occupational performance outcomes; reduce risk of injury, obesity, and cardiometabolic disease; reduce the potential for a fatal mistake; and promote occupational readiness. Energy demands should be met by utilizing the Military Dietary Reference Intakes (MDRIs) established and codified in Army Regulation 40-25. Although research is somewhat limited, military personnel may also benefit from caffeine, creatine monohydrate, essential amino acids, protein, omega-3-fatty acids, beta-alanine, and L-tyrosine supplementation, especially during high-stress conditions. Specific energy needs are unknown and may vary depending on occupation-specific tasks. It is likely the general caloric intake and macronutrient guidelines for recreational athletes or the Acceptable Macronutrient Distribution Ranges for the general healthy adult population may benefit first responders. Strategies such as implementing wellness policies, setting up supportive food environments, encouraging healthier food systems, and using community resources to offer evidence-based nutrition classes are inexpensive and potentially meaningful ways to improve physical activity and diet habits. The following provides a more detailed overview of the literature and recommendations for these populations.",Journal Article,PMC9261739,,,LAWFUL_PMC_XML,https://pmc.ncbi.nlm.nih.gov/articles/PMC9261739/,PMC XML: Conclusion,"Conclusion: Tactical athletes, including military personnel and first responders, work in unique occupational environments that challenge them both physically and mentally. As such, maintaining and optimizing health and performance are critical issues for all tactical athletes. As outlined throughout, appropriate fueling and hydration are critical for tactical athlete readiness and to improve health status, reduce the risk of injury and disease, and improve performance. To date, limited research has been conducted among these populations to identify fueling and hydration requirements. Currently, most of the available recommendations are derived from both general and athletic populations, and further research is needed to best understand the specific health and performance needs of these populations. While performance optimization is important, focused efforts must first be made to establish a pattern of physical activity and dietary intake that reduces the risk for cardiometabolic disease and increases fitness. As more data emerge, specific guidelines surrounding various dietary patterns and dietary supplement use will be generated, and while warfighters, firefighters, and law enforcement pers",,,Design classification required before appraisal,PENDING_AI_FULL_TEXT_REVIEW,FULL_TEXT_REVIEW_AWAITING_APPRAISAL,UNRESOLVED,NO,"Source discovery completed; no final scientific inclusion without full-text appraisal, exact claim mapping and human confirmation."
EV-0682,"Body Composition, Eicosapentaenoic Acid, and Vitamin D are Associated with Army Combat Fitness Test Performance.",10.1080/15502783.2022.2094717,35813844,PMC9261738,L5AV6ZZN,2022,,,,CANONICAL_BASELINE,LOOP3X full-universe authoritative materialization,https://docs.google.com/spreadsheets/d/1PsCIFKpNMjrpsaHVu2mGKFYlRboKvNGgorZocCILnoY/edit#FULL_UNIVERSE_SCREENING,Drive modified 2026-09-21T02:35:49.190Z,PubMed A/B/C baseline,"Evidence Command Center 1,456 baseline; LOOP3X materialization",BASELINE,,HIGH_RELEVANCE,DIRECT_MANUSCRIPT_FIT,FULL_TEXT_REVIEW,P1 — HIGH,Physical / academy readiness,International,Physical and Academy Readiness / Aptidao e academia,YES,NO,NO,Verified — clear,NO,,PENDING,Refined 3-pass screen; scientific text separated from admin metadata,157,LOT-08-P1,https://pubmed.ncbi.nlm.nih.gov/35813844/,"The Army Combat Fitness Test (ACFT), an updated and newly developed metric to assess combat readiness, may require specialized exercise and nutritional interventions. The purpose of this cross-sectional study was to investigate the relationship between body composition, erythrocyte long-chain omega-3 polyunsaturated fatty acids (LC n-3 PUFA), serum vitamin D (VITD) and ACFT performance. Sixty cadets (43 males, 17 females; 20.9 ± 3.8 years; 173.6 ± 10.2 cm; 75.6 ± 13.7 kg) completed the 6-event ACFT (3-repetition maximum trap-bar deadlift [3DL], standing power toss [SPT], hand-release pushups [HRPU], sprint-drag-carry shuttle run [SDC], leg tuck [LTK], or plank [PLK], and 2-mile run [2MR]), body composition analysis via dual-energy x-ray absorptiometry (percent body fat [%BF], lean body mass [LBM], fat-free mass index [FFMI (LBM+bone mineral content)]), and an omega-3 questionnaire. A sub-sample ( n = 50) completed blood draws for fatty acid (eicosapentaenoic acid [EPA] and docosahexaenoic acid [DHA]) and VITD analysis. Significance was set at p < .05. Lower %BF predicted better performance on all ACFT events ( p < .05), except the PLK. Higher LBM was predictive of better performance on the 3DL, SPT, and SDC ( p < .05), but no other events. Adjusted FFMI was positively correlated with the 3DL, SPT, HRPU, SDC, and ACFT scores ( p < .01 for all). Cadet EPA and DHA dietary intake and omega-3 erythrocyte status was well below established recommendations (25.6 ± 33.9 mg, 58.3 ± 78.1 mg, respectively) and an omega-3 index (O3i = %EPA+%DHA in erythrocytes) of 3.96 ± 1.36%, respectively. EPA was associated with better performance on the 3DL ( r = 0.280, p = .049), SPT ( r = 0.314, p = .027), LTK ( r = 0.316, p = .047), and PLK ( r = 0.837, p = .003). After adjusting for body composition, erythrocyte EPA only remained predictive of PLK scores ( p = .006). Every 0.1% increase in EPA translated into 5.4 (95% CI: 2.1, 8.8) better PLK score. The O3i or DHA were not associated with any performance variables. Cadets' average serum VITD status was 38.0 ± 14.9 ng∙ml -1 . VITD was associated with 3DL ( r = 0.305, p = .031), HRPU ( r = 0.355, p = .011), 2MR ( r = 0.326, p = .021), and total ACFT score ( r = 0.359, p = .011). VITD remained predictive of each event after adjustment for body composition. Every 10 ng∙ml -1 increase in VITD was associated with 3-point increase in 3DL, HRPU, 2MR scores, and a 13-point increase in the total ACFT score. Our data highlight the importance of measures of muscularity, LBM and FFMI, on ACFT performance. Additionally, EPA and VITD status is associated with various strength, power, and muscular and aerobic endurance components of the ACFT. While these results could help professionals better assess and train military personnel, especially since these measures are modifiable through exercise and dietary interventions, they are ultimately hypothesis generating and warrant further exploration.",Journal Article,PMC9261738,,,LAWFUL_PMC_XML,https://pmc.ncbi.nlm.nih.gov/articles/PMC9261738/,PMC XML: RESULTS | Discussion,"RESULTS: In total, 58 ROTC cadets and 2 other military personnel (43 males, 17 females) volunteered to participate in the study. Due to the low number of other military personnel, the cohort will be referred to as cadets throughout. All participants took the ACFT and, within 7-days, provided data on body composition ( n = 60) and omega-3 dietary intake; however, a sub-sample opted for a blood draw; hence, LC n-3 PUFA and VITD data were available for 50 cadets. Cadet descriptive data are shown in Table 1 . Table 1. Cadet descriptive data. Total (n = 60) Male (n = 43) Female (n = 17) Age (years) 20.9 ± 3.8 20.9 ± 4.2 20.7 ± 2.7 Height (cm) 173.6 ± 10.2 177.6 ± 8.3 163.4 ± 7.0 Weight (kg) 75.6 ± 13.7 81.1 ± 11.7 61.9 ± 7.2 BMI (kg∙m −2 ) 25.0 ± 2.9 25.7 ± 3.0 23.1 ± 1.7 Body Fat (%) 17.4 ± 5.2 15.1 ± 3.7 23.3 ± 3.9 Adjusted FFMI 20.8 ± 2.6 21.9 ± 2.0 17.9 ± 1.5 Total Body Water (%) 59.0 ± 4.2 60.4 ± 3.6 55.8 ± 3.8 ACFT Scores 3-RM Deadlift 81.5 ± 14.6 88.5 ± 10.3 63.8 ± 6.8 Standing Power Toss 73.4 ± 16.1 80.4 ± 9.9 55.7 ± 15.3 Hand-Release Pushup 81.8 ± 11.0 85.4 ± 9.4 72.8 ± 9.4 Sprint-Drag-Carry 83.7 ± 20.8 92.9 ± 9.0 60.5 ± 23.9 Leg Tuck 82.7 ± 13.8 84.9 ± 12.6 69.3 ± 13.9 Plank 65.4 ± 12. | Discussion: To our knowledge, this is the first study to examine the relationship between body composition, erythrocyte LC n-3 PUFAs, and serum VITD on ACFT performance outcomes. We hypothesized that LBM, LC n-3 PUFAs, and VITD would be significantly correlated with the ACFT, especially the strength and power events. In cadets, we demonstrated that body composition, %BF and LBM, were predictors of ACFT performance. Lower %BF predicted better performance on all ACFT events, except the PLK, whereas higher LBM predicted better performance on the 3DL, SPT, and SDC events. As expected, we found that FFMI adj was linearly correlated with 3DL, SPT, HRPU, SDC, and overall ACFT scores. The recommended 15 th percentile FFMI adj cutoff appears to identify those at risk of underperforming on the ACFT, and by extension, combat-related tasks. Cadets below the cutoff significantly underperformed on all ACFT events except for the PLK and had a higher rate of ACFT failures. Additionally, cadets reported a suboptimal dietary intake of LC n-3 PUFAs and had similarly low erythrocyte levels of EPA and DHA (average O3i < 4%). This may be a salient finding as EPA was positively associated with 3DL, SPT, LTK, and PLK",,,Design classification required before appraisal,PENDING_AI_FULL_TEXT_REVIEW,FULL_TEXT_REVIEW_AWAITING_APPRAISAL,UNRESOLVED,NO,"Source discovery completed; no final scientific inclusion without full-text appraisal, exact claim mapping and human confirmation."
EV-0684,Experiences of Athletic Trainers in Tactical Athlete Settings When Managing Patients With Mental Health Conditions.,10.4085/1062-6050-0148.22,35724359,PMC11215713,6VQPLLWP,2023,,,,CANONICAL_BASELINE,LOOP3X full-universe authoritative materialization,https://docs.google.com/spreadsheets/d/1PsCIFKpNMjrpsaHVu2mGKFYlRboKvNGgorZocCILnoY/edit#FULL_UNIVERSE_SCREENING,Drive modified 2026-09-21T02:35:49.190Z,PubMed A/B/C baseline,"Evidence Command Center 1,456 baseline; LOOP3X materialization",BASELINE,,HIGH_RELEVANCE,DIRECT_MANUSCRIPT_FIT,FULL_TEXT_REVIEW,P1 — HIGH,Mental health / stress,International,Organizational Health Context / Discussao,YES,NO,NO,Verified — clear,NO,,PENDING,Refined 3-pass screen; scientific text separated from admin metadata,158,LOT-08-P1,https://pubmed.ncbi.nlm.nih.gov/35724359/,"Researchers have demonstrated that job demands impair tactical athletes' mental health. Mental health stigmas in this population and limited resources may prevent individuals from receiving care. Athletic trainers (ATs) are often the first, and sometimes the only, contact for mental health concerns. Previous literature indicated that ATs desired more psychosocial training and experience. To investigate ATs' preparedness and experiences managing patients with mental health conditions in the tactical athlete setting. Consensual qualitative research study. One-on-one, semistructured interviews. Fifteen ATs (men = 7, women = 8; age = 36 ± 10 years; experience in tactical athlete setting = 4 years [range, 6 months-20 years]; military = 12, law enforcement = 2; fire service = 1). Interviews followed a 9-question protocol focused on job setting preparation, mental health training, and perceived role managing patients with mental health concerns. Interviews were audio recorded and transcribed verbatim. A 3-person coding team convened for data analysis following the consensual qualitative research tradition. Credibility and trustworthiness were established using a stability check, member checking, and multianalyst triangulation. Four domains emerged surrounding ATs' mental health management experiences with tactical athletes: (1) population norms, (2) provider preparation, (3) provider context, and (4) structure of job responsibilities. Most ATs felt their educational experiences lacked comprehensive mental health training. Some participants described formal employer resources that were optional or mandatory for their job, whereas others engaged in self-education to feel prepared for this setting. Participants shared that unfamiliar experiences, such as divorce and deployment, influenced their context as providers. Most ATs had no policy related to mental health care and referral, indicating it was outside their responsibilities or they were unsure of role delineation. For ATs working with tactical athletes, our respondents suggested that additional mental health education and training are necessary. They also indicated that improvement is needed in job structure regarding role delineation and the establishment of policies regarding behavioral health.",Journal Article,PMC11215713,,,LAWFUL_PMC_XML,https://pmc.ncbi.nlm.nih.gov/articles/PMC11215713/,PMC XML: ,,,,Design classification required before appraisal,PENDING_AI_FULL_TEXT_REVIEW,FULL_TEXT_REVIEW_AWAITING_APPRAISAL,UNRESOLVED,NO,"Source discovery completed; no final scientific inclusion without full-text appraisal, exact claim mapping and human confirmation."
EV-0685,"No pain, no gain: The military overtraining hypothesis of musculoskeletal stress and injury.",10.1080/09593985.2022.2082346,35695302,,VWKLSHGG,2023,,,,CANONICAL_BASELINE,LOOP3X full-universe authoritative materialization,https://docs.google.com/spreadsheets/d/1PsCIFKpNMjrpsaHVu2mGKFYlRboKvNGgorZocCILnoY/edit#FULL_UNIVERSE_SCREENING,Drive modified 2026-09-21T02:35:49.190Z,PubMed A/B/C baseline,"Evidence Command Center 1,456 baseline; LOOP3X materialization",BASELINE,,HIGH_RELEVANCE,DIRECT_MANUSCRIPT_FIT,FULL_TEXT_REVIEW,P1 — HIGH,Musculoskeletal injury,International,Operational Implications / Discussion,YES,NO,NO,Verified — clear,NO,,PENDING,Refined 3-pass screen; scientific text separated from admin metadata,159,LOT-08-P1,https://pubmed.ncbi.nlm.nih.gov/35695302/,"The purpose of this manuscript is to present a model of military overtraining and subsequent injury, discharge, and disability. Military training and combat operations are physically and physiologically demanding, placing great strain on the musculoskeletal system of warfighters. Non-battle musculoskeletal injuries (MSKI) are common and present a serious threat to operational readiness in today's military. MSKI risk stratification and prevention are an active area of research and is steeped in the background of sports science. Here, a model is proposed that incorporates the theory of General Adaptation Syndrome to describe how military training stressors may exceed that of training in traditional athletics and may induce sub-optimal training stressors. Positive feedback loops are discussed to explain how military overtraining (MOT) creates a system of ever-increasing stressors that can only be fully understood in the greater context of all environmental factors leading to overtraining. The Military Overtraining Hypothesis (MOTH) is proposed as a model that encapsulates the elevated MSKI risk in combat arms and other operational military personnel as an effort to broaden understanding of multifactorial military MSKI etiologies and as a tool for researchers and commanders to contextualize MSKI research and risk mitigation interventions.",Journal Article,,,,FULL_TEXT_UNAVAILABLE,,,,,NO_PMCID_IN_PRIMARY_METADATA,Design classification required before appraisal,NOT_POSSIBLE_WITHOUT_LAWFUL_FULL_TEXT,FULL_TEXT_REVIEW_AWAITING_APPRAISAL,FULL_TEXT_UNAVAILABLE,NO,"Source discovery completed; no final scientific inclusion without full-text appraisal, exact claim mapping and human confirmation."
EV-0692,Simulation-based education improves military trainees' skill performance and self-confidence in tourniquet placement: A randomized controlled trial.,10.1097/ta.0000000000003702,35617462,,Q5S6RBX6,2022,,,,CANONICAL_BASELINE,LOOP3X full-universe authoritative materialization,https://docs.google.com/spreadsheets/d/1PsCIFKpNMjrpsaHVu2mGKFYlRboKvNGgorZocCILnoY/edit#FULL_UNIVERSE_SCREENING,Drive modified 2026-09-21T02:35:49.190Z,PubMed A/B/C baseline,"Evidence Command Center 1,456 baseline; LOOP3X materialization",BASELINE,,HIGH_RELEVANCE,DIRECT_MANUSCRIPT_FIT,FULL_TEXT_REVIEW,P1 — HIGH,Tactical medicine / TCCC / TECC / APH,Both,Tactical Medicine Readiness / APH-Tatico,YES,NO,NO,Verified — clear,NO,,PENDING,Refined 3-pass screen; scientific text separated from admin metadata,160,LOT-09-P1,https://pubmed.ncbi.nlm.nih.gov/35617462/,"Tactical Combat Casualty Care (TCCC) is the standard of care for stabilization and treatment of military trauma patients. The Department of Defense has mandated that all service members receive role-based TCCC training and certification. Simulation education can increase procedural skills by providing opportunities for deliberate practice in safe, controlled environments. We developed and evaluated the effectiveness of a simulation-based TCCC training intervention to improve participants' skill performance and self-confidence in tourniquet placement. This study was a single-blinded, randomized trial with waitlist controls. Army Reserve Officers Training Corp cadets from a single training battalion comprised the study population. After randomization and baseline assessment of all participants, group A alone received focused, simulation-based TCCC tourniquet application training. Three months later, all participants underwent repeat testing, and after crossover, the waitlist group B received the same intervention. Two months later, all cadets underwent a third/final assessment. The primary outcome was tourniquet placement proficiency assessed by total score achieved on a standardized eight-item skill checklist. A secondary outcome was self-confidence in tourniquet application skill as judged by participants' Likert scale ratings. Forty-three Army Reserve Officers Training Corp cadets completed the study protocol. Participants in both group A (n = 25) and group B (n = 18) demonstrated significantly higher performance from baseline to final assessment at 5 months and 2 months, respectively, following the intervention. Mean total checklist score of the entire study cohort increased significantly from 5.53 (SD = 2.00) at baseline to 7.56 (SD = 1.08) at time 3, a gain of 36.7% ( p < 0.001). Both groups rated their self-confidence in tourniquet placement significantly higher following the training. A simulation-based TCCC curriculum resulted in significant, consistent, and sustained improvement in participants' skill proficiency and self-confidence in tourniquet placement. Participants maintained these gains 2 months to 5 months after initial training. Therapeutic/care management; Level II.","Journal Article; Randomized Controlled Trial; Research Support, U.S. Gov't, Non-P.H.S.",,,,FULL_TEXT_UNAVAILABLE,,,,,NO_PMCID_IN_PRIMARY_METADATA,RoB 2,NOT_POSSIBLE_WITHOUT_LAWFUL_FULL_TEXT,FULL_TEXT_REVIEW_AWAITING_APPRAISAL,FULL_TEXT_UNAVAILABLE,NO,"Source discovery completed; no final scientific inclusion without full-text appraisal, exact claim mapping and human confirmation."
EV-0695,Recovery of Cognitive Performance Following Multi-Stressor Military Training.,10.1177/00187208221086686,35549578,,IXVXN3TK,2024,,,,CANONICAL_BASELINE,LOOP3X full-universe authoritative materialization,https://docs.google.com/spreadsheets/d/1PsCIFKpNMjrpsaHVu2mGKFYlRboKvNGgorZocCILnoY/edit#FULL_UNIVERSE_SCREENING,Drive modified 2026-09-21T02:35:49.190Z,PubMed A/B/C baseline,"Evidence Command Center 1,456 baseline; LOOP3X materialization",BASELINE,,HIGH_RELEVANCE,DIRECT_MANUSCRIPT_FIT,FULL_TEXT_REVIEW,P1 — HIGH,Cognition / firearm performance,International,Cognition and Firearm-Task Performance / Cognicao e tiro,YES,NO,NO,Verified — clear,NO,,PENDING,Refined 3-pass screen; scientific text separated from admin metadata,161,LOT-09-P1,https://pubmed.ncbi.nlm.nih.gov/35549578/,"This project aimed to assess the impact of an 8-day military training exercise on cognitive performance, and track its recovery in periods of reduced training load and partially restored sleep. Military personnel often work in challenging multi-stressor environments, where sleep loss is inevitable. Sleep loss can impair multiple cognitive domains, which can have disastrous consequences in military contexts. A total of 57 male and female soldiers undergoing the Australian Army combat engineer Initial Employment Training course were recruited and tracked over a 16-day study period which included an 8-day field-based military training exercise. Cognitive performance was assessed via a computerised battery at seven time points across four sequential study periods; 1) baseline (PRE), 2) military field training exercise which included total sleep deprivation (EX-FIELD), 3) training exercise at simulated base with restricted sleep opportunities (EX-BASE), and 4) a 3-day recovery period (REC). Subjective load, fatigue, and sleep were evaluated continuously via questionnaire and actigraphy. Psychomotor speed, reaction time, visual tracking and vigilance were impaired following the EX-FIELD period ( p < 0.05). The majority of affected measures recovered 2 days following EX-FIELD, being no different in EX-BASE compared to PRE. The sensitivity of the cognitive tests to sleep restriction, and recovery, indicates they can help assess operational readiness in military personnel. Future studies should explore other indicators of, and strategies to preserve, operational readiness in military personnel. This study highlights the impact of work-induced fatigue on cognitive performance, and would interest authorities seeking to preserve operational readiness.","Journal Article; Research Support, Non-U.S. Gov't; Research Support, U.S. Gov't, Non-P.H.S.",,,,FULL_TEXT_UNAVAILABLE,,,,,NO_PMCID_IN_PRIMARY_METADATA,Design classification required before appraisal,NOT_POSSIBLE_WITHOUT_LAWFUL_FULL_TEXT,FULL_TEXT_REVIEW_AWAITING_APPRAISAL,FULL_TEXT_UNAVAILABLE,NO,"Source discovery completed; no final scientific inclusion without full-text appraisal, exact claim mapping and human confirmation."
EV-0705,Cognitive Resilience to Psychological Stress in Military Personnel.,10.3389/fpsyg.2022.809003,35369170,PMC8966027,ZG73R78N,2022,,,,CANONICAL_BASELINE,LOOP3X full-universe authoritative materialization,https://docs.google.com/spreadsheets/d/1PsCIFKpNMjrpsaHVu2mGKFYlRboKvNGgorZocCILnoY/edit#FULL_UNIVERSE_SCREENING,Drive modified 2026-09-21T02:35:49.190Z,PubMed A/B/C baseline,"Evidence Command Center 1,456 baseline; LOOP3X materialization",BASELINE,,HIGH_RELEVANCE,DIRECT_MANUSCRIPT_FIT,FULL_TEXT_REVIEW,P1 — HIGH,Cognition / firearm performance,International,Cognition and Firearm-Task Performance / Cognicao e tiro,YES,NO,NO,Verified — clear,NO,,PENDING,Refined 3-pass screen; scientific text separated from admin metadata,162,LOT-09-P1,https://pubmed.ncbi.nlm.nih.gov/35369170/,"Military personnel often perform complex cognitive operations under unique conditions of intense stress. This requirement to perform diverse physical and mental tasks under stress, often with high stakes, has led to recognition of the term 'tactical athlete' for these performers. Impaired cognitive performance as a result of this stress may have serious implications for the success of military operations and the well-being of military service men and women, particularly in combat scenarios. Therefore, understanding the nature of the stress experienced by military personnel and the resilience of cognitive functioning to this stress is of great importance. This review synthesises the current state of the literature regarding cognitive resilience to psychological stress in tactical athletes. The experience of psychological stress in military personnel is considered through the lens of the Transactional Theory of stress, while offering contemporary updates and new insights. Models of the effects of stress on cognitive performance are then reviewed to highlight the complexity of this interaction before considering recent advancements in the preparation of military personnel for the enhancement of cognitive resilience. Several areas for future research are identified throughout the review, emphasising the need for the wider use of self-report measures and mixed methods approaches to better reflect the subjective experience of stress and its impact on the performance of cognitive operations.",Journal Article; Review,PMC8966027,,,LAWFUL_PMC_XML,https://pmc.ncbi.nlm.nih.gov/articles/PMC8966027/,PMC XML: Conclusion,"Conclusion: The stressors faced by military personnel are diverse, ranging from boredom to the threat of injury and death. Advancements in technology and the nature of war mean that these stressors are also constantly evolving. It is, therefore, difficult to profile the stress experienced by military personnel in modern military operations and to determine the impact of this stress on cognitive performance. However, despite the diversity and evolution of these stressors, this review highlights that existing theoretical models remain relevant to understanding cognitive resilience in military settings. The Transactional Theory emphasises the importance of appraisal and coping for the subjective experience of stress. Attentional Control Theory and the compensatory control and maximal adaptability models explain how stress may impact on cognitive functioning by threatening limited reserves of effort and attention. Importantly, these existing theoretical perspectives emphasise that stress-induced changes in cognition may not initially be detected through decrements in performance, but instead through decreased efficiency. Further incorporation of these models into military settings will provide a p",,,Design classification required before appraisal,PENDING_AI_FULL_TEXT_REVIEW,FULL_TEXT_REVIEW_AWAITING_APPRAISAL,UNRESOLVED,NO,"Source discovery completed; no final scientific inclusion without full-text appraisal, exact claim mapping and human confirmation."
EV-0721,"Sex, military occupation and rank are associated with risk of anterior cruciate ligament injury in tactical-athletes.",10.1136/bmjmilitary-2021-002059,35165197,PMC10715491,F3SXCFLM,2023,,,,CANONICAL_BASELINE,LOOP3X full-universe authoritative materialization,https://docs.google.com/spreadsheets/d/1PsCIFKpNMjrpsaHVu2mGKFYlRboKvNGgorZocCILnoY/edit#FULL_UNIVERSE_SCREENING,Drive modified 2026-09-21T02:35:49.190Z,PubMed A/B/C baseline,"Evidence Command Center 1,456 baseline; LOOP3X materialization",BASELINE,,HIGH_RELEVANCE,DIRECT_MANUSCRIPT_FIT,FULL_TEXT_REVIEW,P1 — HIGH,Musculoskeletal injury,International,Operational Implications / Discussion,YES,NO,NO,Verified — clear,NO,,PENDING,Refined 3-pass screen; scientific text separated from admin metadata,163,LOT-09-P1,https://pubmed.ncbi.nlm.nih.gov/35165197/,"Anterior cruciate ligament (ACL) injury is common within the US military and represents a significant loss to readiness. Since recent changes to operational tempo, there has not been an analysis of ACL injury risk. The aim of this retrospective cohort study was to evaluate military occupation, sex, rank and branch of service on ACL injury risk in the US military from 2006 to 2018. The Defense Medical Epidemiology Database was queried for the number of US tactical athletes with International Classification of Diseases diagnosis codes 717.83 (old disruption of ACL), 844.2 (sprain of knee cruciate ligament), M23.61 (other spontaneous disruption of ACL) and S83.51 (sprain of ACL of knee) on their initial encounter. Relative risk and χ 2 statistics were calculated to assess sex and military occupation effects on ACL injury. A multivariable negative binomial regression model evaluated changes in ACL injury incidence with respect to sex, branch of service and rank. The study period displayed a significant decrease in the ACL injury rate at 0.18 cases per 1000 person-years or relative decrease of 4.08% each year (p<0.001) after averaging over the main and interactive effects of sex, rank and branch of service. The interaction effect of time with sex indicated a steeper decline in the incidence in men as compared with women. The risk of ACL injury by sex was modified by rank. The incidence among military personnel varied by occupation. Despite the decline among tactical athletes over time, rates of ACL injury remain much higher than the general US population. Sex, rank, branch of service and military occupation were found to be risk factors for ACL injury. It is critical for policy makers to understand the salient risk factors for ACL injury to guide proactive measures to prevent injury.",Journal Article,PMC10715491,,,LAWFUL_PMC_XML,https://pmc.ncbi.nlm.nih.gov/articles/PMC10715491/,PMC XML: Results | Discussion | Conclusion,"Results: From 2006 to 2018, 59 555 enlisted male officers sustained ACL injuries (4.8 per 1000 person-years) and 8350 enlisted female officers sustained ACL injuries (3.9 per 1000 person-years) for a total of 67 905 enlisted member ACL injuries across the services (4.6 per 1000 person-years). During the same time period, 9983 male officers sustained ACL injuries (4.0 per 1000 person-years) and 2198 female officers sustained ACL injuries (4.5 per 1000 person-years) for a total of 12 181 officer ACL injuries across the services (4.1 per 1000 person-years). Tables 1 and 2 display the counts and incidence of ACL injury. Online supplemental tables 1–4 detail the ACL injury counts, population at risk and injury rates in male and female enlisted members and officers. | Discussion: The primary finding of this study was the significant decrease in ACL injury rates over time regardless of sex, rank or branch of service, with injury rates declining at a steeper rate in male compared with female tactical athletes. The findings that ACL injury risk was modified by rank and occupation in male and female tactical athletes are the first to our knowledge to be reported. | Conclusion: Sex, rank, branch of service and military occupation have been found to be risk factors for ACL injury. There was a statistically significant decrease in the incidence of ACL injuries among tactical athletes in the US Armed Forces between the years 2006 and 2018 at an average rate of 0.18 cases per 1000 person-years or a 4.08% relative reduction each year. The rate of decrease was higher in male tactical athletes when considering rank and branch of service. The relationship of ACL injury incidence and sex was modified by rank. It is plausible that the physical demands and opportunity for exposure within specific military occupations in the enlisted and officer communities may play a role in the differences in ACL injury incidence among occupations reported in this study. Despite the decline in incidence among tactical athletes in the US military over time, the rates of ACL injury still remain higher than the civilian population.",,,Design classification required before appraisal,PENDING_AI_FULL_TEXT_REVIEW,FULL_TEXT_REVIEW_AWAITING_APPRAISAL,UNRESOLVED,NO,"Source discovery completed; no final scientific inclusion without full-text appraisal, exact claim mapping and human confirmation."
EV-0725,Pilot outcomes of cognitive processing therapy implementation in military health system outpatient behavioral health clinics.,10.1037/ser0000611,35099229,,ZFPMVIWN,2023,,,,CANONICAL_BASELINE,LOOP3X full-universe authoritative materialization,https://docs.google.com/spreadsheets/d/1PsCIFKpNMjrpsaHVu2mGKFYlRboKvNGgorZocCILnoY/edit#FULL_UNIVERSE_SCREENING,Drive modified 2026-09-21T02:35:49.190Z,PubMed A/B/C baseline,"Evidence Command Center 1,456 baseline; LOOP3X materialization",BASELINE,,HIGH_RELEVANCE,DIRECT_MANUSCRIPT_FIT,FULL_TEXT_REVIEW,P1 — HIGH,Cognition / firearm performance,International,Cognition and Firearm-Task Performance / Cognicao e tiro,YES,NO,NO,Verified — clear,NO,,PENDING,Refined 3-pass screen; scientific text separated from admin metadata,164,LOT-09-P1,https://pubmed.ncbi.nlm.nih.gov/35099229/,"Enterprise data indicates that U.S. service members (SMs) with posttraumatic stress disorder (PTSD) may not receive an evidence-based treatment (EBT) or may receive an EBT with low fidelity to the core components. Successful delivery of EBTs requires provider training and ongoing supervision/consultation, adjustment of clinic processes and structure, and leadership support. The Department of Defense (DoD) Practice-Based Implementation (PBI) Network is a dedicated team of implementation science specialists that support the integration of EBTs into clinical practice in the Military Health System (MHS). The PBI Network conducted a Cognitive Processing Therapy (CPT) pilot to investigate the acceptability and feasibility of a novel trauma specialist implementation approach proposed by South Texas Research Organizational Network Guiding Studies on Trauma and Resilience (STRONG STAR). This approach, CPT Trauma Specialist (CPT-TS), called for training designated behavioral health (BH) therapists as the primary CPT providers in their clinics. In collaboration with the Uniformed Services University Center for Deployment Psychology, the PBI Network provided training and consultation to 26 providers across 13 MHS BH clinics and supported ongoing facilitation. Despite provider interest and clinic leadership support, less than half of the pilot provider participants were able to meet the consultation and CPT delivery requirements for designation as a CPT trauma trained specialist. Prevalent implementation barriers included lack of adequate clinic resources, provider challenges balancing clinical and military-related duties, the need to focus on high-risk patients, and other military system-related constraints. These findings highlight the need for implementation scientists to examine alternatives to traditional training models and identify fidelity-consistent adaptations that allow for delivery of evidence-based care within highly constrained systems of care. (PsycInfo Database Record (c) 2023 APA, all rights reserved).",Journal Article,,,,FULL_TEXT_UNAVAILABLE,,,,,NO_PMCID_IN_PRIMARY_METADATA,Design classification required before appraisal,NOT_POSSIBLE_WITHOUT_LAWFUL_FULL_TEXT,FULL_TEXT_REVIEW_AWAITING_APPRAISAL,FULL_TEXT_UNAVAILABLE,NO,"Source discovery completed; no final scientific inclusion without full-text appraisal, exact claim mapping and human confirmation."
EV-0726,"Active Duty Service Members, Primary Managers, and Administrators' Perspectives on a Novel Sleep Telehealth Management Platform in the U.S. Military Healthcare System.",10.1093/milmed/usac006,35089344,,XDWGRPDM,2022,,,,CANONICAL_BASELINE,LOOP3X full-universe authoritative materialization,https://docs.google.com/spreadsheets/d/1PsCIFKpNMjrpsaHVu2mGKFYlRboKvNGgorZocCILnoY/edit#FULL_UNIVERSE_SCREENING,Drive modified 2026-09-21T02:35:49.190Z,PubMed A/B/C baseline,"Evidence Command Center 1,456 baseline; LOOP3X materialization",BASELINE,,HIGH_RELEVANCE,DIRECT_MANUSCRIPT_FIT,FULL_TEXT_REVIEW,P1 — HIGH,Sleep / fatigue / recovery,International,Integrated Operational Readiness / Discussion,YES,NO,NO,Verified — clear,NO,,PENDING,Refined 3-pass screen; scientific text separated from admin metadata,165,LOT-09-P1,https://pubmed.ncbi.nlm.nih.gov/35089344/,"Sleep disorders are common in the military, and there is a gross shortage of sleep specialists in the military health system. The purposes of the present study were to (1) understand perceptions and expectations surrounding sleep telehealth approaches and (2) solicit feedback to optimize and refine a proposed novel sleep telehealth management platform. To accomplish these objectives, we investigated the perceptions, expectations, and preferences of active duty service members (ADSMs) with sleep disorders, primary care managers (PCMs), and administrative stakeholders regarding sleep telehealth management. Using convenience sampling, we conducted five focus groups with 26 ADSMs and 11 individual interviews with PCMs from two military treatment facilities in the U.S National Capital Region and 11 individual interviews with administrative sleep stakeholders (9 military and 2 civilian). Active duty service members, PCMs, and administrative stakeholders provided insight regarding expectations for sleep telehealth as well as suggestions to optimize the novel sleep telehealth platform. In terms of outcomes, ADSMs expected sleep telehealth to improve sleep and convenience. Primary care managers expected improved sleep and other comorbidities, enhanced operational readiness, and reduced mortalities among their patients. Administrators expected increased access to care, optimized utilization of health services, realized cost savings, reduced accidents and errors, and improved military performance. In terms of the platform, for ADSMs, desired characteristics included delivery of timely clinical reports, improved patient-provider communication, and enhanced continuity of care. For PCMs and administrators,an ideal sleep telehealth solution will improve the diagnosis and triage of sleep patients, save PCM time, be easy to use, and integrate with the electronic health record system. The proposed sleep telehealth platform appealed to nearly all participants as a significant force multiplier to enhance sleep disorder management in the military. Stakeholders offered valuable recommendations to optimize the platform to ensure its successful real-world implementation.","Journal Article; Research Support, U.S. Gov't, Non-P.H.S.",,,,FULL_TEXT_UNAVAILABLE,,,,,NO_PMCID_IN_PRIMARY_METADATA,Design classification required before appraisal,NOT_POSSIBLE_WITHOUT_LAWFUL_FULL_TEXT,FULL_TEXT_REVIEW_AWAITING_APPRAISAL,FULL_TEXT_UNAVAILABLE,NO,"Source discovery completed; no final scientific inclusion without full-text appraisal, exact claim mapping and human confirmation."
EV-0728,"Moderate and Severe Acute Normobaric Hypoxia and the 3-Repetition Deadlift, Hand-Release Push-Up, and Leg Tuck Events From the Army Combat Fitness Test.",10.1093/milmed/usab399,35072728,,6T7GBFSV,2023,,,,CANONICAL_BASELINE,LOOP3X full-universe authoritative materialization,https://docs.google.com/spreadsheets/d/1PsCIFKpNMjrpsaHVu2mGKFYlRboKvNGgorZocCILnoY/edit#FULL_UNIVERSE_SCREENING,Drive modified 2026-09-21T02:35:49.190Z,PubMed A/B/C baseline,"Evidence Command Center 1,456 baseline; LOOP3X materialization",BASELINE,,HIGH_RELEVANCE,DIRECT_MANUSCRIPT_FIT,FULL_TEXT_REVIEW,P1 — HIGH,Physical / academy readiness,International,Physical and Academy Readiness / Aptidao e academia,YES,NO,NO,Verified — clear,NO,,PENDING,Refined 3-pass screen; scientific text separated from admin metadata,166,LOT-09-P1,https://pubmed.ncbi.nlm.nih.gov/35072728/,"The newly implemented Army Combat Fitness Test (ACFT) of the U.S. Army seeks to revolutionize the Army's fitness culture and reduce the rate of preventable injuries among soldiers. The initial rollout of the ACFT has been met with several challenges, including a gender-neutral scoring system. The ACFT has undergone several revisions to adapt to the present state of U.S. Army physical fitness; however, the test faces several more obstacles as more data become available. The ACFT was designed to measure combat readiness, a useful tool for units facing deployment or a change in duty station to a high-altitude environment. Reduced oxygen availability (hypoxia) at high altitude influences many physiological functions associated with physical fitness, such that there is an increased demand for oxygen in exercising muscle. Therefore, the purpose was to investigate the effects of normoxic and two levels of hypoxia exposure (moderate and severe; fraction of inspired oxygen [FiO2]: 16.0% and 14.3%) during the 3-repetition deadlift (MDL), hand-release push-up (HRP), and leg tuck (LTK) events of the ACFT. Fourteen recreationally active men (n = 10) and women (n = 4) soldier analogs (27.36 ± 1.12 years, height 1.71 ± 2.79 m, weight 80.60 ± 4.24 kg) completed the MDL, HRP, and LTK at normoxia and acute normobaric moderate (MH; FiO2 16%) and severe (SH; FiO2 14.3%) hypoxic exposure. Scores and performance were recorded for each event, and heart rate (HR) and total body oxygen saturation (SpO2) were monitored throughout. Repeated-measures analysis of variance (ANOVA) was used to assess differences in modified ACFT scores, performance, HR, and SpO2 among hypoxic conditions, with follow-up one-way ANOVA and paired t-test when appropriate. Total body oxygen saturation was decreased at MH and SH conditions compared to normoxia but did not vary between ACFT events. Heart rate was not influenced by altitude but did increase in response to exercise. Scores of the modified total and individual ACFT events were not different between normoxia, MH, and SH. There was also no difference in performance based on the amount of weight lifted during the MDL and number of repetitions of the HRP and LTK events in response to hypoxic exposure. Performance and scores of the modified ACFT were not influenced by acute normobaric MH and SH exposure compared to normoxia. Further investigations should examine the full testing battery of the ACFT to provide a comprehensive analysis and potential evidence for such differences.",Journal Article,,,,FULL_TEXT_UNAVAILABLE,,,,,NO_PMCID_IN_PRIMARY_METADATA,Design classification required before appraisal,NOT_POSSIBLE_WITHOUT_LAWFUL_FULL_TEXT,FULL_TEXT_REVIEW_AWAITING_APPRAISAL,FULL_TEXT_UNAVAILABLE,NO,"Source discovery completed; no final scientific inclusion without full-text appraisal, exact claim mapping and human confirmation."
EV-0729,Evaluation of Two Training Programs Designed to Enhance Performance on the Army Combat Fitness Test Among ROTC Cadets.,10.1093/milmed/usac015,35064262,,QQRDM2NM,2022,,,,CANONICAL_BASELINE,LOOP3X full-universe authoritative materialization,https://docs.google.com/spreadsheets/d/1PsCIFKpNMjrpsaHVu2mGKFYlRboKvNGgorZocCILnoY/edit#FULL_UNIVERSE_SCREENING,Drive modified 2026-09-21T02:35:49.190Z,PubMed A/B/C baseline,"Evidence Command Center 1,456 baseline; LOOP3X materialization",BASELINE,,HIGH_RELEVANCE,DIRECT_MANUSCRIPT_FIT,FULL_TEXT_REVIEW,P1 — HIGH,Physical / academy readiness,International,Physical and Academy Readiness / Aptidao e academia,YES,NO,NO,Verified — clear,NO,,PENDING,Refined 3-pass screen; scientific text separated from admin metadata,167,LOT-09-P1,https://pubmed.ncbi.nlm.nih.gov/35064262/,"Physical fitness is foundational to the U.S. Army as a component of combat readiness, and accurate assessment of readiness is imperative for mission success and soldiers' health and safety. To this end, the Army has developed the Army Combat Fitness Test (ACFT), which more accurately assesses these abilities and may aid development of a more combat-ready force. Reserve Officer Training Corps (ROTC) programs nationwide are often challenged by limited structured training time, as well as access to equipment and training space. Development and/or adaptation of a training program that addresses these limitations would benefit ROTC programs nationally. Therefore, the purpose of this study was to compare a standard military fitness training program to High-Intensity Functional Training (HIFT) in ROTC cadets. We hypothesized that a HIFT program would be more effective than the standard military program developed by the DoD on both ACFT performance and assessment of common Warrior Tasks and Battle Drills (WTBDs). This study was approved by the Institutional Review Board at Colorado State University (CSU). Participants were recruited from CSU's Army ROTC program. Before and upon completion of the training intervention, participants completed a battery of testing, conducted over three visits. The first visit consisted of body composition assessment and measurement of aerobic capacity (VO2max). Visit 2 was the ACFT, and Visit 3 was a ""benchmark test"" to assess WTBD performance. Participants then completed 10 weeks of group training. Once weekly, participants completed the Daily Analysis of Life Demands for Athletes (DALDA) survey to monitor the risk of overtraining. Responses to training and survey responses were examined using two-way analysis of variance (time × group) with repeated measures. Baseline characteristics were compared using Student's t-test to assess pre-intervention differences between groups. Pearson product correlations were used to test relationships between ACFT performance, body composition, and performance on the benchmark assessment. The significance level alpha was set at P < .05. Twenty-five men and 10 women competed the study (n = 35). Mean age was 19.8 ± 1.3 years, range 18-23. There were no significant changes in absolute or relative VO2max within or between groups. We found no difference in body mass, but did find a small but statistically significant favorable change in body composition, with no difference between groups. Overall ACFT scores and scores in five of the six events increased significantly across both groups, with no significant differences between groups. For the benchmark test, there was no significant difference between pre- and post-intervention benchmark scores, time to completion, 1,600-m ruck time, or accuracy. DALDA survey results indicate no apparent risk for overtraining. Three 60-minute sessions per week of moderate-high-intensity training elicited improvements in ACFT scores, with no statistically significant differences between training programs. For this population of ROTC cadets, implementing a structured training program with expert oversight appears to be effective. Based on the successes and unanticipated challenges encountered in this study, training programs that emphasize intensity, train a wide variety of movements, maximize adherence, and are adaptable to a variety of situations are likely to be successful at improving ACFT scores.","Journal Article; Research Support, Non-U.S. Gov't; Research Support, U.S. Gov't, Non-P.H.S.",,,,FULL_TEXT_UNAVAILABLE,,,,,NO_PMCID_IN_PRIMARY_METADATA,Design classification required before appraisal,NOT_POSSIBLE_WITHOUT_LAWFUL_FULL_TEXT,FULL_TEXT_REVIEW_AWAITING_APPRAISAL,FULL_TEXT_UNAVAILABLE,NO,"Source discovery completed; no final scientific inclusion without full-text appraisal, exact claim mapping and human confirmation."
EV-0734,Influence of Soldiers' Cardiorespiratory Fitness on Physiological Responses and Dropouts During a Loaded Long-distance March.,10.1093/milmed/usab540,35015894,PMC10363014,MUEIB4M4,2023,,,,CANONICAL_BASELINE,LOOP3X full-universe authoritative materialization,https://docs.google.com/spreadsheets/d/1PsCIFKpNMjrpsaHVu2mGKFYlRboKvNGgorZocCILnoY/edit#FULL_UNIVERSE_SCREENING,Drive modified 2026-09-21T02:35:49.190Z,PubMed A/B/C baseline,"Evidence Command Center 1,456 baseline; LOOP3X materialization",BASELINE,,HIGH_RELEVANCE,DIRECT_MANUSCRIPT_FIT,FULL_TEXT_REVIEW,P1 — HIGH,Physical / academy readiness,International,Physical and Academy Readiness / Aptidao e academia,YES,NO,NO,Verified — clear,NO,,PENDING,Refined 3-pass screen; scientific text separated from admin metadata,168,LOT-09-P1,https://pubmed.ncbi.nlm.nih.gov/35015894/,"In military service, marching is an important, common, and physically demanding task. Minimizing dropouts, maintaining operational readiness during the march, and achieving a fast recovery are desirable because the soldiers have to be ready for duty, sometimes shortly after an exhausting task. The present field study investigated the influence of the soldiers' cardiorespiratory fitness on physiological responses during a long-lasting and challenging 34 km march. Heart rate (HR), body core temperature (BCT), total energy expenditure (TEE), energy intake, motivation, and pain sensation were investigated in 44 soldiers (20.3 ± 1.3 years, 178.5 ± 7.0 cm, 74.8 ± 9.8 kg, body mass index: 23.4 ± 2.7 kg × m-2, peak oxygen uptake ($\dot{\rm{V}}$O2peak): 54.2 ± 7.9 mL × kg-1 × min-1) during almost 8 hours of marching. All soldiers were equipped with a portable electrocardiogram to record HR and an accelerometer on the hip, all swallowed a telemetry pill to record BCT, and all filled out a pre- and post-march questionnaire. The influence of aerobic capacity on the physiological responses during the march was examined by dividing the soldiers into three fitness groups according to their $\dot{\rm{V}}$O2peak. The group with the lowest aerobic capacity ($\dot{\rm{V}}$O2peak: 44.9 ± 4.8 mL × kg-1 × min-1) compared to the group with the highest aerobic capacity ($\dot{\rm{V}}$O2peak: 61.7 ± 2.2 mL × kg-1 × min-1) showed a significantly higher (P < .05) mean HR (133 ± 9 bpm and 125 ± 8 bpm, respectively) as well as peak BCT (38.6 ± 0.3 and 38.4 ± 0.2 °C, respectively) during the march. In terms of recovery ability during the break, no significant differences could be identified between the three groups in either HR or BCT. The energy deficit during the march was remarkably high, as the soldiers could only replace 22%, 26%, and 36% of the total energy expenditure in the lower, middle, and higher fitness group, respectively. The cardiorespiratory fittest soldiers showed a significantly higher motivation to perform when compared to the least cardiorespiratory fit soldiers (P = .002; scale from 1 [not at all] to 10 [extremely]; scale difference of 2.3). A total of nine soldiers (16%) had to end marching early: four soldiers (21%) in the group with the lowest aerobic capacity, five (28%) in the middle group, and none in the highest group. Soldiers with a high $\dot{\rm{V}}$O2peak showed a lower mean HR and peak BCT throughout the long-distance march, as well as higher performance motivation, no dropouts, and lower energy deficit. All soldiers showed an enormous energy deficit; therefore, corresponding nutritional strategies are recommended.",Journal Article,PMC10363014,,,LAWFUL_PMC_XML,https://pmc.ncbi.nlm.nih.gov/articles/PMC10363014/,PMC XML: RESULTS | DISCUSSION | CONCLUSIONS,"RESULTS: The total measured marching distance according to the Global Positioning System (GPS) devices was 33.64 ± 0.04 km, with a mean marching speed (break periods excluded) of 4.83 ± 0.84 km × h −1 . The starting point was 565 m above sea level and the soldiers hat to overcome 772 m negative altitude and 467 m positive altitude. The march duration was 7:55 hours (from 3:11 pm until 11:06 pm ) for all soldiers, with four breaks lasting between 19 and 24 minutes. The changes of the meteorological data from the beginning to the end of the march are presented in Table II . The age, height, weight, and body mass index of the 44 soldiers did not differ significantly between the LT, the MT, and the HT ( Table I ). The mean HR was significantly different between the groups ( P = .039), and post hoc analysis (Bonferroni) showed that, throughout the march, the soldiers in the HT had a significantly lower HR compared to soldiers grouped into the LT ( Table III , Figure 1 ). The three fitness groups showed no significant differences in peak HR, mean BCT, or peak BCT ( P = .050); however, the subsequent post hoc analysis revealed a significantly higher peak BCT in the LT compared to the HT ( Table II | DISCUSSION: The soldiers in the present study were all marching at the same speed and the same additional load. However, since the \documentclass[12pt]{minimal}
\usepackage{amsmath}
\usepackage{wasysym}
\usepackage{amsfonts}
\usepackage{amssymb}
\usepackage{amsbsy}
\usepackage{upgreek}
\usepackage{mathrsfs}
\setlength{\oddsidemargin}{-69pt}
\begin{document}
}{}$\dot{\rm{V}}$\end{document} O 2peak differed greatly between the three groups, the respective soldiers marched at different relative \documentclass[12pt]{minimal}
\usepackage{amsmath}
\usepackage{wasysym}
\usepackage{amsfonts}
\usepackage{amssymb}
\usepackage{amsbsy}
\usepackage{upgreek}
\usepackage{mathrsfs}
\setlength{\oddsidemargin}{-69pt}
\begin{document}
}{}$\dot{\rm{V}}$\end{document} O 2peak values. This impact is not only visible in the HR as well as in the BCT data, but also in the ability of food intake. Ideally, soldiers with lower \documentclass[12pt]{minimal}
\usepackage{amsmath}
\usepackage{wasysym}
\usepackage{amsfonts}
\usepackage{amssymb}
\usepackage{amsbsy}
\usepackage{upgreek}
\usepackage{mathrsfs}
\setlength{\oddsidemargin}{-69pt}
\begin{document}
}{}$\dot{\rm{V}}$\end{document} O 2peak values would have to march at  | CONCLUSIONS: This field study revealed a relationship between higher cardiorespiratory fitness and lower mean HR and peak BCT values throughout the long distance march. During the breaks, no evidence indicated a different recovery behavior for HR or BCT between the three groups. The rapid recovery of the energy stores should be given the utmost attention, as the entire sample showed an enormous energy deficit regardless of fitness level. A higher \documentclass[12pt]{minimal}
\usepackage{amsmath}
\usepackage{wasysym}
\usepackage{amsfonts}
\usepackage{amssymb}
\usepackage{amsbsy}
\usepackage{upgreek}
\usepackage{mathrsfs}
\setlength{\oddsidemargin}{-69pt}
\begin{document}
}{}$\dot{\rm{V}}$\end{document} O 2peak was also correlated with a higher motivation to perform and less likelihood of dropout from the march. Strategies to promote a higher \documentclass[12pt]{minimal}
\usepackage{amsmath}
\usepackage{wasysym}
\usepackage{amsfonts}
\usepackage{amssymb}
\usepackage{amsbsy}
\usepackage{upgreek}
\usepackage{mathrsfs}
\setlength{\oddsidemargin}{-69pt}
\begin{document}
}{}$\dot{\rm{V}}$\end{document} O 2peak (starting at 58.4 mL × kg −1 × min −1 ) and better nutrition are suggested to avoid restri",,,Design classification required before appraisal,PENDING_AI_FULL_TEXT_REVIEW,FULL_TEXT_REVIEW_AWAITING_APPRAISAL,UNRESOLVED,NO,"Source discovery completed; no final scientific inclusion without full-text appraisal, exact claim mapping and human confirmation."
EV-0747,Prescribed footwear and orthoses are not prophylactic in preventing lower extremity injuries in military tactical athletes: a systematic review with meta-analysis.,10.1136/bmjmilitary-2021-001955,34785586,,PEAH4E8D,2024,,,,CANONICAL_BASELINE,LOOP3X full-universe authoritative materialization,https://docs.google.com/spreadsheets/d/1PsCIFKpNMjrpsaHVu2mGKFYlRboKvNGgorZocCILnoY/edit#FULL_UNIVERSE_SCREENING,Drive modified 2026-09-21T02:35:49.190Z,PubMed A/B/C baseline,"Evidence Command Center 1,456 baseline; LOOP3X materialization",BASELINE,,HIGH_RELEVANCE,DIRECT_MANUSCRIPT_FIT,FULL_TEXT_REVIEW,P1 — HIGH,Musculoskeletal injury,Both,Operational Implications / Discussion,YES,NO,NO,Verified — clear,NO,,PENDING,Refined 3-pass screen; scientific text separated from admin metadata,169,LOT-09-P1,https://pubmed.ncbi.nlm.nih.gov/34785586/,"Military members are exposed to high cumulative physical loads that frequently lead to injury. Prescribed footwear and orthoses have been used to prevent injury. The purpose of this systematic review with meta-analysis was to assess if prescribed prophylactic footwear or foot orthoses reduced the risk of lower extremity injury in military tactical athletes. MEDLINE, Embase, Web of Science, Cumulative Index to Nursing and Allied Health Literature, SportDiscus, and Defense Technical Information Center databases were searched for randomised controlled trials published at any time that compared foot orthoses or prescribed footwear (to include shock-absorbing insoles and socks) with a placebo intervention or a no-treatment control. Methodological quality was assessed and the number of injuries, population at risk and duration of the study epoch were extracted and relative risk (RR) calculated. An omnibus meta-analysis was performed assessing all prescribed footwear and orthoses intervention studies, with subgroup analyses conducted on studies with similar interventions (ie, basketball athletic shoes, athletic shoes (prescribed by foot type), foot orthoses, shock-absorbing insoles, socks, tropical combat boots). Of 1673 studies identified, 22 were included. Three of eight studies that employed orthoses demonstrated significantly reduced overuse injuries compared with no-treatment controls (RR range: 0.34-0.68); one study showed neoprene insoles significantly decreased overuse injuries (RR: 0.75). There were no other significant effects in the individual studies and no protective effects observed in the omnibus meta-analysis or in the component subanalyses. Prescribed footwear and orthoses do not appear to have a prophylactic effect on lower quarter musculoskeletal injuries in military members and cannot be recommended at this time.",Meta-Analysis; Systematic Review; Journal Article,,,,FULL_TEXT_UNAVAILABLE,,,,,NO_PMCID_IN_PRIMARY_METADATA,AMSTAR 2,NOT_POSSIBLE_WITHOUT_LAWFUL_FULL_TEXT,FULL_TEXT_REVIEW_AWAITING_APPRAISAL,FULL_TEXT_UNAVAILABLE,NO,"Source discovery completed; no final scientific inclusion without full-text appraisal, exact claim mapping and human confirmation."
EV-0749,"Evaluating the Tactical Combat Casualty Care principles in civilian and military settings: systematic review, knowledge gap analysis and recommendations for future research.",10.1136/tsaco-2021-000773,34746434,PMC8527149,3ZT9ZWD9,2021,,,,CANONICAL_BASELINE,LOOP3X full-universe authoritative materialization,https://docs.google.com/spreadsheets/d/1PsCIFKpNMjrpsaHVu2mGKFYlRboKvNGgorZocCILnoY/edit#FULL_UNIVERSE_SCREENING,Drive modified 2026-09-21T02:35:49.190Z,PubMed A/B/C baseline,"Evidence Command Center 1,456 baseline; LOOP3X materialization",BASELINE,,HIGH_RELEVANCE,DIRECT_MANUSCRIPT_FIT,FULL_TEXT_REVIEW,P1 — HIGH,Tactical medicine / TCCC / TECC / APH,Both,Tactical Medicine Readiness / APH-Tatico,YES,NO,NO,Verified — clear,NO,,PENDING,Refined 3-pass screen; scientific text separated from admin metadata,170,LOT-09-P1,https://pubmed.ncbi.nlm.nih.gov/34746434/,"The Tactical Combat Casualty Care (TCCC) guidelines detail resuscitation practices in prehospital and austere environments. We sought to review the content and quality of the current TCCC and civilian prehospital literature and characterize knowledge gaps to offer recommendations for future research. MEDLINE, EMBASE, CINAHL, and Cochrane Central Register of Controlled Trials were searched for studies assessing intervention techniques and devices used in civilian and military prehospital settings that could be applied to TCCC guidelines. Screening and data extraction were performed according to PRISMA (Preferred Reporting Items for Systematic Reviews and Meta-Analyses) guidelines. Quality appraisal was conducted using appropriate tools. Ninety-two percent (n=57) of studies were observational. Most randomized trials had low risk of bias, whereas observational studies had higher risk of bias. Interventions of massive hemorrhage control (n=17) were wound dressings and tourniquets, suggesting effective hemodynamic control. Airway management interventions (n=7) had high success rates with improved outcomes. Interventions of respiratory management (n=12) reported low success with needle decompression. Studies assessing circulation (n=18) had higher quality of evidence and suggested improved outcomes with component hemostatic therapy. Hypothermia prevention interventions (n=2) were generally effective. Other studies identified assessed the use of extended focused assessment with sonography in trauma (n=3) and mixed interventions (n=2). The evidence was largely non-randomized with heterogeneous populations, interventions, and outcomes, precluding robust conclusions in most subjects addressed in the review. Knowledge gaps identified included the use of blood products and concentrate of clotting factors in the prehospital setting. Systematic review, level III.",Systematic Review; Journal Article,PMC8527149,,,LAWFUL_PMC_XML,https://pmc.ncbi.nlm.nih.gov/articles/PMC8527149/,PMC XML: Conclusions,"Conclusions: This review summarizes the main aspects of the evidence focusing on diagnosis and treatment, and the use of techniques and devices in the prehospital civilian or military settings. The difficulties in conducting RCTs in these settings are recognized. Future studies should further address interventions, techniques and devices pertaining to the MARCH criteria in the military and civilian environments. More specifically, more robust evidence addressing existent or new interventions, techniques, and devices in cold environments is important to develop the foundation of care for trauma patients in these environments.",,,AMSTAR 2,PENDING_AI_FULL_TEXT_REVIEW,FULL_TEXT_REVIEW_AWAITING_APPRAISAL,UNRESOLVED,NO,"Source discovery completed; no final scientific inclusion without full-text appraisal, exact claim mapping and human confirmation."
EV-0756,Fractures and Chronic Recurrence are Commonly Associated with Ankle Sprains: a 5-year Population-level Cohort of Patients Seen in the U.S. Military Health System.,10.26603/001c.27912,34631252,PMC8486414,ZNT9QUCE,2021,,,,CANONICAL_BASELINE,LOOP3X full-universe authoritative materialization,https://docs.google.com/spreadsheets/d/1PsCIFKpNMjrpsaHVu2mGKFYlRboKvNGgorZocCILnoY/edit#FULL_UNIVERSE_SCREENING,Drive modified 2026-09-21T02:35:49.190Z,PubMed A/B/C baseline,"Evidence Command Center 1,456 baseline; LOOP3X materialization",BASELINE,,HIGH_RELEVANCE,DIRECT_MANUSCRIPT_FIT,FULL_TEXT_REVIEW,P1 — HIGH,Musculoskeletal injury,International,Operational Implications / Discussion,YES,NO,NO,Verified — clear,NO,,PENDING,Refined 3-pass screen; scientific text separated from admin metadata,171,LOT-09-P1,https://pubmed.ncbi.nlm.nih.gov/34631252/,"Whereas ankle-foot injuries are ubiquitous and affect ~16% of military service-members, granularity of information pertaining to ankle sprain subgroups and associated variables is lacking. The purpose of this study was to characterize and contextualize the burden of ankle sprain injuries in the U.S. Military Health System. This was a retrospective cohort study of beneficiaries seeking care for ankle sprains, utilizing data from the Military Health System Data Repository from 2009 to 2013. Diagnosis and procedural codes were used to identify and categorize ankle sprains as isolated lateral, isolated medial, concomitant medial/lateral, unspecified, or concomitant ankle sprain with a malleolar or fibular fracture. Patient characteristics, frequency of recurrence, operative cases, and injury-related healthcare costs were analyzed. Of 30,910 patients included, 68.4% were diagnosed with unspecified ankle sprains, 22.8% with concomitant fractures, (6.9%) with isolated lateral sprains, (1.7%) with isolated medial sprains and 0.3% with combined medial/lateral sprains. Pertaining to recurrence, 44.2% had at least one recurrence. Sprains with fractures were ~2-4 times more likely to have surgery within one year following injury (36.2% with fractures; 9.7% with unspecified sprains) and had the highest ankle-related downstream costs. Fractures were a common comorbidity of ankle sprain (one in five injuries), and operative care occurred in 16.4% of cases. Recurrence in this cohort approximates the 40% previously reported in individuals with first-time ankle sprain who progress to chronic ankle instability. Future epidemiological studies should consider reporting on subcategories of ankle sprain injuries to provide a more granular assessment of the distribution of severity. 3b.",Journal Article,PMC8486414,,,LAWFUL_PMC_XML,https://pmc.ncbi.nlm.nih.gov/articles/PMC8486414/,PMC XML: RESULTS | DISCUSSION | CONCLUSION,"RESULTS: There were 289,680 unique individuals with an ankle-foot musculoskeletal injury identified during the study epoch. After isolating the cohort to only ankle sprain related injuries and applying exclusion criteria (Figure 1), there were 30,910 unique individuals remaining in the final cohort (mean age: 31.7±8.9, male sex: 60.8%, active-duty service component: 63.2%). The mean time a case was available for follow-up in this dynamic cohort was 729±147 days, with a median of 730 days. The follow-up times did not substantially differ between the injury subgroups. Almost one quarter of all cases (22.8%, n=7049) were diagnosed with a fracture. The generic diagnosis “unspecified ankle sprain” was employed for most individuals (68.4%; n=21,135). A small proportion of the cohort had the specific diagnoses of isolated lateral sprain (6.9%; n=2128) or isolated medial sprain (1.7%; n=513), and less than one percent (0.3%; n=85) were diagnosed with a combined medial and lateral sprain ( Figure 2 ). Service members who served in the Army, were junior enlisted, and on active duty accounted for the largest proportion of cases with ankle injuries ( Table 2 ). | DISCUSSION: The primary finding of this study was that recurrence of ankle sprain post injury approximated the 40% previously reported in individuals with first-time ankle sprain who progress to chronic ankle instability. 14 Fractures were a common comorbidity (one in five injuries), and operative care occurred in 16.4% of cases. Regardless of ankle injury diagnosis and complexity, more than half of individuals did not receive rehabilitation care following injury. Of the individuals who received care by a rehabilitation specialist, there was a substantially protracted delay from the time of injury to the first visit (mean of 72.6 days). This is the first study to have assessed and qualified population-level burden of ankle injuries at this level, with concomitant multimorbidity in the military. This is also innovative since this is also one of the first to report healthcare cost and utilization of rehabilitation services of ankle injuries within the US Military Health System. The mean healthcare cost for the treatment of ankle injuries was similar to the care of service members with low back pain, the leading sources of burden and cost in the Military Health System. 19,20 | CONCLUSION: Ankle sprains in a military population were primarily diagnosed using non-specific codes. Fractures were a common comorbidity, which warrants routine clinical examination (approximately 1 in 5 injuries included a fracture). Almost half of all patients (44.1%) had at least one recurrent episode following the initial injury. These recurrence rates approximate the 40% previously reported in individuals with first-time ankle sprain who progress to chronic ankle instability. Very few cases were seen in an urgent care setting (1.4%). For treatment 16.4% underwent surgical care and 41.9% had at least one associated physical rehabilitation procedure. Future epidemiological studies should consider reporting on subcategories of ankle sprain injuries to provide a more granular assessment of the distribution of severity. This can allow for assessment of treatment response variability within injury subgroups and improved precision for targeted interventions.",,,Design classification required before appraisal,PENDING_AI_FULL_TEXT_REVIEW,FULL_TEXT_REVIEW_AWAITING_APPRAISAL,UNRESOLVED,NO,"Source discovery completed; no final scientific inclusion without full-text appraisal, exact claim mapping and human confirmation."
EV-0757,A review of workplace mental health interventions and their implementation in public safety organizations.,10.1007/s00420-021-01772-1,34628523,,AX4C53VJ,2022,,,,CANONICAL_BASELINE,LOOP3X full-universe authoritative materialization,https://docs.google.com/spreadsheets/d/1PsCIFKpNMjrpsaHVu2mGKFYlRboKvNGgorZocCILnoY/edit#FULL_UNIVERSE_SCREENING,Drive modified 2026-09-21T02:35:49.190Z,PubMed A/B/C baseline,"Evidence Command Center 1,456 baseline; LOOP3X materialization",BASELINE,,HIGH_RELEVANCE,DIRECT_MANUSCRIPT_FIT,FULL_TEXT_REVIEW,P1 — HIGH,Mental health / stress,International,Organizational Health Context / Discussao,YES,NO,NO,Verified — clear,NO,,PENDING,Refined 3-pass screen; scientific text separated from admin metadata,172,LOT-09-P1,https://pubmed.ncbi.nlm.nih.gov/34628523/,"Workplace mental health is relevant to public safety organizations due to the exposure that many public safety personnel (PSP) have to psychological trauma in the course of their daily work. While the importance of attending to PSP mental health has been established, the implementation of workplace mental health interventions is not as well understood. This scoping review describes workplace mental health interventions and their implementation in public safety organizations. English published primary studies with any publication date up to July 3, 2020 were considered. JBI methodology and the Preferred Reporting Items for Systematic Reviews and Meta-Analyses extension for Scoping Reviews was followed. 89 citations met inclusion criteria out of the 62,299 found. Articles and reports found were largely published within the last decade, most frequently from Western nations, and most often applied to police, followed by firefighters. The focus of interventions was commonly stress management and resilience, and a frequent implementation strategy was multi-session group training. Comprehensive quality improvement initiatives, a focus on supervisors and managers, and interventions across primary, secondary, and tertiary prevention, were infrequent. Public safety organizations are frequently reporting on stress management and resilience interventions for police and firefighters, implemented through multi-session group training. A focus across a range of PSP, including paramedics, corrections officers, and emergency dispatchers, using implementation strategies beyond group training, is suggested. This area of research is currently expanding, with many studies published within the past decade; ongoing evaluation of the quality of interventions and implementation strategies is recommended.",Journal Article; Review,,,,FULL_TEXT_UNAVAILABLE,,,,,NO_PMCID_IN_PRIMARY_METADATA,Design classification required before appraisal,NOT_POSSIBLE_WITHOUT_LAWFUL_FULL_TEXT,FULL_TEXT_REVIEW_AWAITING_APPRAISAL,FULL_TEXT_UNAVAILABLE,NO,"Source discovery completed; no final scientific inclusion without full-text appraisal, exact claim mapping and human confirmation."
EV-0759,Military Body Composition Standards and Physical Performance: Historical Perspectives and Future Directions.,10.1519/jsc.0000000000004142,34593729,,9G67D4B4,2022,,,,CANONICAL_BASELINE,LOOP3X full-universe authoritative materialization,https://docs.google.com/spreadsheets/d/1PsCIFKpNMjrpsaHVu2mGKFYlRboKvNGgorZocCILnoY/edit#FULL_UNIVERSE_SCREENING,Drive modified 2026-09-21T02:35:49.190Z,PubMed A/B/C baseline,"Evidence Command Center 1,456 baseline; LOOP3X materialization",BASELINE,,HIGH_RELEVANCE,DIRECT_MANUSCRIPT_FIT,FULL_TEXT_REVIEW,P1 — HIGH,Physical / academy readiness,International,Physical and Academy Readiness / Aptidao e academia,YES,NO,NO,Verified — clear,NO,,PENDING,Refined 3-pass screen; scientific text separated from admin metadata,173,LOT-09-P1,https://pubmed.ncbi.nlm.nih.gov/34593729/,"Harty, PS, Friedl, KE, Nindl, BC, Harry, JR, Vellers, HL, and Tinsley, GM. Military body composition standards and physical performance: historical perspectives and future directions. J Strength Cond Res 36(12): 3551-3561, 2022-US military physique and body composition standards have been formally used for more than 100 years. These metrics promote appropriate physical fitness, trim appearance, and long-term health habits in soldiers, although many specific aspects of these standards have evolved as evidence-based changes have emerged. Body composition variables have been shown to be related to many physical performance outcomes including aerobic capacity, muscular endurance, strength and power production, and specialized occupational tasks involving heavy lifting and load carriage. Although all these attributes are relevant, individuals seeking to improve military performance should consider emphasizing strength, hypertrophy, and power production as primary training goals, as these traits appear vital to success in the new Army Combat Fitness Test introduced in 2020. This fundamental change in physical training may require an adjustment in body composition standards and methods of measurement as physique changes in modern male and female soldiers. Current research in the field of digital anthropometry (i.e., 3-D body scanning) has the potential to dramatically improve performance prediction algorithms and potentially could be used to inform training interventions. Similarly, height-adjusted body composition metrics such as fat-free mass index might serve to identify normal weight personnel with inadequate muscle mass, allowing for effective targeted nutritional and training interventions. This review provides an overview of the origin and evolution of current US military body composition standards in relation to military physical readiness, summarizes current evidence relating body composition parameters to aspects of physical performance, and discusses issues relevant to the emerging modern male and female warrior.",Review; Journal Article,,,,FULL_TEXT_UNAVAILABLE,,,,,NO_PMCID_IN_PRIMARY_METADATA,Design classification required before appraisal,NOT_POSSIBLE_WITHOUT_LAWFUL_FULL_TEXT,FULL_TEXT_REVIEW_AWAITING_APPRAISAL,FULL_TEXT_UNAVAILABLE,NO,"Source discovery completed; no final scientific inclusion without full-text appraisal, exact claim mapping and human confirmation."
EV-0760,Energy-Adjusted Dietary Intakes Are Associated with Perceived Barriers to Healthy Eating but Not Food Insecurity or Sports Nutrition Knowledge in a Pilot Study of ROTC Cadets.,10.3390/nu13093053,34578931,PMC8471493,WWWVAGZK,2021,,,,CANONICAL_BASELINE,LOOP3X full-universe authoritative materialization,https://docs.google.com/spreadsheets/d/1PsCIFKpNMjrpsaHVu2mGKFYlRboKvNGgorZocCILnoY/edit#FULL_UNIVERSE_SCREENING,Drive modified 2026-09-21T02:35:49.190Z,PubMed A/B/C baseline,"Evidence Command Center 1,456 baseline; LOOP3X materialization",BASELINE,,HIGH_RELEVANCE,DIRECT_MANUSCRIPT_FIT,FULL_TEXT_REVIEW,P1 — HIGH,Nutrition / shift work,International,Nutrition and Schedule Load / Nutricao e jornadas,YES,NO,NO,Verified — clear,NO,,PENDING,Refined 3-pass screen; scientific text separated from admin metadata,174,LOT-09-P1,https://pubmed.ncbi.nlm.nih.gov/34578931/,"Military service is inherently demanding and, due to the nature of these demands, the term ""tactical athlete"" has been coined to capture the physical requirements of the profession. Reserve Officers' Training Corps (ROTC) cadets are a unique subset of the military service community, and the complexity of their training and educational pursuits increases their susceptibility to unhealthy eating patterns. The purpose of this pilot study was to explore the relationship between the perceived barriers to healthy eating, food insecurity, sports nutrition knowledge, and dietary patterns among Army ROTC cadets. The usual dietary intake was gathered from ( N = 37) cadets using the General Nutrition Assessment Food Frequency Questionnaire. The perceived barriers to healthy eating were measured using a set of scales consisting of social barriers (6 items, α = 0.86), access barriers (2 items, α = 0.95), and personal barriers (2 items, α = 0.67), with higher-scale scores indicating greater perceived barriers. Spearman correlation coefficients were used to measure the association between the energy-adjusted dietary intakes and the scores on the barriers scales. Energy-adjusted intakes of calcium (ρ = -0.47, p ≤ 0.01), fiber (ρ = -0.35, p = 0.03), vitamin A (ρ = -0.46, p ≤ 0.01), vitamin C (ρ = -0.43, p ≤ 0.01), fruit (ρ = -0.34, p = 0.04), and vegetables (ρ = -0.50, p ≤ 0.01) were negatively correlated with the perceived personal barrier scores. The energy-adjusted intakes of fiber (ρ = -0.36, p = 0.03), vitamin C (ρ = -0.37, p = 0.03), and vitamin E (ρ = -0.45, p ≤.01) were negatively correlated with perceived social barriers, while energy-adjusted vitamin C intake was negatively correlated with perceived access barriers (ρ = -0.40, p = 0.01). Although additional research is needed to better understand the dietary patterns of ROTC cadets, among the participants in this study, greater perceived personal, social, and access barriers were associated with less nutrient-dense eating patterns. Interventions aimed at addressing such barriers may prove beneficial for the improvement of diet quality among ROTC cadets.",Journal Article,PMC8471493,,"NA College of Health and Human Sciences, Kansas State University",LAWFUL_PMC_XML,https://pmc.ncbi.nlm.nih.gov/articles/PMC8471493/,PMC XML: ,,,,Design classification required before appraisal,PENDING_AI_FULL_TEXT_REVIEW,FULL_TEXT_REVIEW_AWAITING_APPRAISAL,UNRESOLVED,NO,"Source discovery completed; no final scientific inclusion without full-text appraisal, exact claim mapping and human confirmation."
EV-0768,Can training trunk musculature influence musculoskeletal pain and physical performance in military police officers?,10.1080/00140139.2021.1973576,34445935,,3QV58JKG,2022,,,,CANONICAL_BASELINE,LOOP3X full-universe authoritative materialization,https://docs.google.com/spreadsheets/d/1PsCIFKpNMjrpsaHVu2mGKFYlRboKvNGgorZocCILnoY/edit#FULL_UNIVERSE_SCREENING,Drive modified 2026-09-21T02:35:49.190Z,PubMed A/B/C baseline,"Evidence Command Center 1,456 baseline; LOOP3X materialization",BASELINE,,HIGH_RELEVANCE,DIRECT_MANUSCRIPT_FIT,FULL_TEXT_REVIEW,P1 — HIGH,Physical / academy readiness,International,Physical and Academy Readiness / Aptidao e academia,YES,NO,NO,Verified — clear,NO,,PENDING,Refined 3-pass screen; scientific text separated from admin metadata,175,LOT-09-P1,https://pubmed.ncbi.nlm.nih.gov/34445935/,"To investigate the effect of a Trunk Training (TT) program on the general musculoskeletal pain (GMP) and physical performance of Military Police Officers. Twenty officers were divided into either control group (CG) or TT group (TTG). Both groups performed nine weeks of traditional physical training. However, the TTG had 25-minutes allocated to TT during each scheduled physical training period. Anthropometric, trunk endurance, and physical fitness tests were completed pre- and post-training for both groups. Both groups also answered a weekly questionnaire about their GMP. Post-training, trunk endurance performance was significantly higher ( p < 0.05) and the GMP significantly lower ( p < 0.05) in the TTG when compared to the CG. Improvement in side plank test scores was associated with a decreased in GMP ( r = -0.495, p < 0.05). TT can reduce the perception of GMP in addition to increasing the endurance of the trunk muscles. The side plank was the only physical test associated with GMP. Practitioner summary: Trunk Training can reduce general musculoskeletal pain and increase the endurance of the trunk muscles without a concomitant loss in general fitness in elite Military Police Officers. This research lasted 11 weeks and presents real-world and pragmatic findings.",Journal Article,,,,FULL_TEXT_UNAVAILABLE,,,,,NO_PMCID_IN_PRIMARY_METADATA,Design classification required before appraisal,NOT_POSSIBLE_WITHOUT_LAWFUL_FULL_TEXT,FULL_TEXT_REVIEW_AWAITING_APPRAISAL,FULL_TEXT_UNAVAILABLE,NO,"Source discovery completed; no final scientific inclusion without full-text appraisal, exact claim mapping and human confirmation."
EV-0771,A Threat to Military Combat Power: Dietary Supplements.,10.1016/j.amjmed.2021.07.026,34411520,,7MNV3CGX,2021,,,,CANONICAL_BASELINE,LOOP3X full-universe authoritative materialization,https://docs.google.com/spreadsheets/d/1PsCIFKpNMjrpsaHVu2mGKFYlRboKvNGgorZocCILnoY/edit#FULL_UNIVERSE_SCREENING,Drive modified 2026-09-21T02:35:49.190Z,PubMed A/B/C baseline,"Evidence Command Center 1,456 baseline; LOOP3X materialization",BASELINE,,HIGH_RELEVANCE,DIRECT_MANUSCRIPT_FIT,FULL_TEXT_REVIEW,P1 — HIGH,Nutrition / shift work,International,Nutrition and Schedule Load / Nutricao e jornadas,YES,NO,NO,Verified — clear,NO,,PENDING,Refined 3-pass screen; scientific text separated from admin metadata,176,LOT-09-P1,https://pubmed.ncbi.nlm.nih.gov/34411520/,"The use of dietary supplements by young warfighters is pervasive and comes with a readiness cost, especially in the deployed setting. Predatory targeting and marketing by various unscrupulous companies put this population at risk for a higher than baseline risk for adverse events. We report on 6 serious adverse events experienced by warfighters while deployed in Kuwait and Afghanistan. Presented is a discussion of current practice gaps and solutions, as well as details regarding how polypharmacy contributes to the seriousness of the threat posed by problematic supplements. The morbidity associated with the 6 cases of dietary supplement adverse events compromised mission readiness and was costly in terms of health and health care expenditures. The military dietary supplement issue needs exposure, review, and action at the highest levels of government.",Journal Article,,,,FULL_TEXT_UNAVAILABLE,,,,,NO_PMCID_IN_PRIMARY_METADATA,Design classification required before appraisal,NOT_POSSIBLE_WITHOUT_LAWFUL_FULL_TEXT,FULL_TEXT_REVIEW_AWAITING_APPRAISAL,FULL_TEXT_UNAVAILABLE,NO,"Source discovery completed; no final scientific inclusion without full-text appraisal, exact claim mapping and human confirmation."
EV-0776,Is tactical combat casualty care in terrorist attacks suitable for civilian first responders?,10.1097/ta.0000000000003337,34238863,,BM2ILMQS,2021,,,,CANONICAL_BASELINE,LOOP3X full-universe authoritative materialization,https://docs.google.com/spreadsheets/d/1PsCIFKpNMjrpsaHVu2mGKFYlRboKvNGgorZocCILnoY/edit#FULL_UNIVERSE_SCREENING,Drive modified 2026-09-21T02:35:49.190Z,PubMed A/B/C baseline,"Evidence Command Center 1,456 baseline; LOOP3X materialization",BASELINE,,HIGH_RELEVANCE,DIRECT_MANUSCRIPT_FIT,FULL_TEXT_REVIEW,P1 — HIGH,Tactical medicine / TCCC / TECC / APH,Both,Tactical Medicine Readiness / APH-Tatico,YES,NO,NO,Verified — clear,NO,,PENDING,Refined 3-pass screen; scientific text separated from admin metadata,177,LOT-09-P1,https://pubmed.ncbi.nlm.nih.gov/34238863/,"Prehospital management of intentional mass casualty incidents is a unique challenge to Emergency Medical Services. Tactical Combat Casualty Care (TCCC) and the use of tourniquets for extremity hemorrhage have already proven to reduce mortality on the battlefield. This literature review aims to determine the place of these military concepts in a civilian high-threat prehospital setting. The PubMed database was searched for articles published between January 1, 2000, and December 1, 2019, containing descriptions, discussions, or experiences of the application of tourniquets or other TCCC-based interventions in the civilian prehospital setting. Data extraction focused on identifying important common themes in the articles. Of the 286 identified articles, 30 were selected for inclusion. According to the Oxford Centre for Evidence-based Medicine Levels of Evidence, overall level of evidence was low. Most articles were observational, retrospective cohort studies without a nontourniquet control group. Outcome measures and variables were variably reported. Two articles specifically analyzed tourniquet use during high-threat situations, and three described their application by law enforcement personnel. Overall, tourniquets were found to be effective in stopping major limb bleeding. Reported mortality was low and related complications appeared to be infrequent. Only four articles mentioned the application of other TCCC-based maneuvers, such as airway and respiratory management. This literature review shows that tourniquets appear to be safe tools associated with few complications and might be effective in controlling major bleeding in civilian limb trauma. For example, during mass casualty incidents, their use could be justified. Training and equipping ambulance and police services to deal with massive bleeding could likewise improve interoperability and victim survival in a civilian high-threat prehospital setting. More qualitative research is needed to further evaluate the effects of hemorrhage control training for first responders on patient outcomes. Literature describing the application of other TCCC-based principles is limited, which makes it difficult to draw conclusions regarding their use in a civilian setting. Systematic review, level III.",Journal Article; Systematic Review,,CommentIn: J Trauma Acute Care Surg. 2021 Dec 1;91(6):e147-e148. doi: 10.1097/TA.0000000000003413. | CommentIn: J Trauma Acute Care Surg. 2021 Dec 1;91(6):e146-e147. doi: 10.1097/TA.0000000000003414.,,FULL_TEXT_UNAVAILABLE,,,,,NO_PMCID_IN_PRIMARY_METADATA,AMSTAR 2,NOT_POSSIBLE_WITHOUT_LAWFUL_FULL_TEXT,FULL_TEXT_REVIEW_AWAITING_APPRAISAL,FULL_TEXT_UNAVAILABLE,NO,"Source discovery completed; no final scientific inclusion without full-text appraisal, exact claim mapping and human confirmation."
EV-0780,Workplace mental health implementation strategies in public safety organizations: a scoping review protocol.,10.11124/jbies-20-00448,34137740,,4VQR3C5Q,2022,,,,CANONICAL_BASELINE,LOOP3X full-universe authoritative materialization,https://docs.google.com/spreadsheets/d/1PsCIFKpNMjrpsaHVu2mGKFYlRboKvNGgorZocCILnoY/edit#FULL_UNIVERSE_SCREENING,Drive modified 2026-09-21T02:35:49.190Z,PubMed A/B/C baseline,"Evidence Command Center 1,456 baseline; LOOP3X materialization",BASELINE,,HIGH_RELEVANCE,DIRECT_MANUSCRIPT_FIT,FULL_TEXT_REVIEW,P1 — HIGH,Mental health / stress,International,Organizational Health Context / Discussao,YES,NO,NO,Verified — clear,NO,,PENDING,Refined 3-pass screen; scientific text separated from admin metadata,178,LOT-09-P1,https://pubmed.ncbi.nlm.nih.gov/34137740/,"This scoping review aims to map workplace mental health implementation strategies in public safety organizations and describe the characteristics, participants, and contexts of these strategies. Workplace mental health implementation strategies are relevant to public safety organizations due to the exposure that many public safety personnel, such as firefighters, paramedics, and police officers, have to psychological trauma in the course of their daily work. While the importance of attending to public safety personnel's mental health has been established, workplace mental health implementation strategies have historically varied in public safety organizations. This scoping review will address workplace mental health implementation strategies used in public safety organizations. It will exclude studies that do not focus on workplace mental health, do not report on the implementation strategies used, or do not take place in a public safety context. Primary studies published in English with any publication date up to the present will be considered. JBI methodology and the Preferred Reporting Items for Systematic Reviews and Meta-Analyses extension for Scoping Reviews (PRISMA-ScR) will be followed. The search will be carried out in five databases and reference lists will also be searched for additional studies. Duplicates will be removed, and two independent reviewers will screen the titles, abstracts, and full text of the selected studies. Data collection will be performed using a tool developed by the researchers, based on JBI's model instrument for extracting study details, characteristics, and results. A summary of the results will be presented in diagrams, narratives, and tables.","Journal Article; Research Support, Non-U.S. Gov't",,,,FULL_TEXT_UNAVAILABLE,,,,,NO_PMCID_IN_PRIMARY_METADATA,Design classification required before appraisal,NOT_POSSIBLE_WITHOUT_LAWFUL_FULL_TEXT,FULL_TEXT_REVIEW_AWAITING_APPRAISAL,FULL_TEXT_UNAVAILABLE,NO,"Source discovery completed; no final scientific inclusion without full-text appraisal, exact claim mapping and human confirmation."
EV-0782,Dietary Intakes From Ad Libitum Consumption of Canadian Armed Forces Field Rations Compared With Usual Home Dietary Intakes and Military Dietary Reference Intakes.,10.1093/milmed/usab222,34117489,,KLVPNNJV,2023,,,,CANONICAL_BASELINE,LOOP3X full-universe authoritative materialization,https://docs.google.com/spreadsheets/d/1PsCIFKpNMjrpsaHVu2mGKFYlRboKvNGgorZocCILnoY/edit#FULL_UNIVERSE_SCREENING,Drive modified 2026-09-21T02:35:49.190Z,PubMed A/B/C baseline,"Evidence Command Center 1,456 baseline; LOOP3X materialization",BASELINE,,HIGH_RELEVANCE,DIRECT_MANUSCRIPT_FIT,FULL_TEXT_REVIEW,P1 — HIGH,Nutrition / shift work,International,Nutrition and Schedule Load / Nutricao e jornadas,YES,NO,NO,Verified — clear,NO,,PENDING,Refined 3-pass screen; scientific text separated from admin metadata,179,LOT-09-P1,https://pubmed.ncbi.nlm.nih.gov/34117489/,"Diet has an impact on weight status, health, and physical performance. Assessing the usual at-home dietary intakes of military personnel can help ascertain their nutritional status before field training or operations. Preference for foods consumed on a routine basis can also impact the military's preference for and consumption of field rations. Military personnel are limited by the inherent nature of the field rations and availability of calories and food types; and despite previous studies indicating a high acceptability of the field rations, it is unknown whether military personnel self-select the same number of calories when faced with a restricted list of field ration options as they would from their usual foods. Although field rations are intended to be nutritionally sufficient for standard military operations, there are limited data on the ad libitum intake of nutrients of Canadian Armed Forces (CAF) personnel from field rations in comparison to the military dietary reference intake (MDRI) recommendations, which establishes standards intended to meet the nutritional requirements of military personnel on duty. Thus, assessing the adequacy of their usual diets at home and longer-term sustenance on field rations in relation to MDRIs can provide insight on CAF personnel's operational readiness. The objectives of this study were to describe and compare, in a convenience sample of CAF, their ad libitum nutrient intakes from the consumption of self-selected field rations at home with their usual home intakes and to compare both with MDRI recommendations. Eighteen CAF participants weighed and recorded their dietary intake from the ad libitum consumption of field rations at home and their usual at-home diets. Both MDRIs and the Institute of Medicine's dietary reference intake recommendations were used to assess the adequacy of intakes for each individual. Paired Student's t-test or Wilcoxon-matched paired tests were used to compare nutrient intake levels between usual at-home diets and field rations consumed at home. Mean daily energy intakes were similar between ad libitum intakes from field rations (2,688 ± 619 kcal) and usual home diets (2,657 ± 580 kcal), although participants had significantly higher intakes of protein and fat from their home diets and higher intakes of carbohydrates from the field rations (P ≤ 0.05). Participants had less than the recommended intakes of some micronutrients (vitamins A and D, folate, calcium, magnesium, and potassium), from both their home diets and field rations, but adequate intakes of vitamin C and iron. The results of this study showed no difference in energy intake between the consumption of field rations and home diets, with levels consistent with recommendations for individuals with average physical activity levels. The results also demonstrated less than the recommended intakes (in comparison with MDRIs) of some nutrients from both home diets and self-selected consumption of field rations, warranting further research into nutritional adequacy for operational readiness.","Journal Article; Research Support, Non-U.S. Gov't",,,CIHR Canada,FULL_TEXT_UNAVAILABLE,,,,,NO_PMCID_IN_PRIMARY_METADATA,Design classification required before appraisal,NOT_POSSIBLE_WITHOUT_LAWFUL_FULL_TEXT,FULL_TEXT_REVIEW_AWAITING_APPRAISAL,FULL_TEXT_UNAVAILABLE,NO,"Source discovery completed; no final scientific inclusion without full-text appraisal, exact claim mapping and human confirmation."
EV-0786,Timing of Stress Fractures in Soldiers During the First 6 Career Months: A Retrospective Cohort Study.,10.4085/1062-6050-0380.19,33975344,PMC8675322,5HYYA7LX,2021,,,,CANONICAL_BASELINE,LOOP3X full-universe authoritative materialization,https://docs.google.com/spreadsheets/d/1PsCIFKpNMjrpsaHVu2mGKFYlRboKvNGgorZocCILnoY/edit#FULL_UNIVERSE_SCREENING,Drive modified 2026-09-21T02:35:49.190Z,PubMed A/B/C baseline,"Evidence Command Center 1,456 baseline; LOOP3X materialization",BASELINE,,HIGH_RELEVANCE,DIRECT_MANUSCRIPT_FIT,FULL_TEXT_REVIEW,P1 — HIGH,Musculoskeletal injury,International,Operational Implications / Discussion,YES,NO,NO,Verified — clear,NO,,PENDING,Refined 3-pass screen; scientific text separated from admin metadata,180,LOT-10-P1,https://pubmed.ncbi.nlm.nih.gov/33975344/,"Stress fractures (SFs) are injuries that can result from beginning new or higher-volume physical training regimens. The pattern of clinical presentation of SFs over time after individuals start a new or more demanding physical training regimen is not well defined in the medical literature. To report trends in the clinical presentation of SFs over the first 6 months of soldiers' time in the service. Retrospective cohort study. This study was conducted using medical encounter and personnel data from US Army soldiers during the first 6 months of their career. United States Army soldiers beginning their careers from 2005 to 2014 (N = 701 027). Weekly SF numbers and incidence were calculated overall, as well as by sex, over the first 6 months of military service. Stress fracture diagnoses (n = 14 155) increased steeply in weeks 3 and 4, with a peak in the overall incidence during weeks 5 to 8. Although the clinical incidence of SFs generally decreased after 8 weeks, incident lower extremity SFs continued to present for more than 20 weeks. The hazard ratio for SFs among women compared with men was 4.14 (95% CI = 4.01, 4.27). Across the 6-month study period, women showed a more than 4 times greater hazard for SFs than men. The results also suggest that health care providers should be particularly vigilant for SFs within 3 weeks of beginning of a new or higher-intensity exercise regimen. The incidence of SFs may continue to climb for several weeks. Even as the SF incidence declines, these injuries may continue to appear clinically several months after a change in activity or training.",Journal Article,PMC8675322,,,LAWFUL_PMC_XML,https://pmc.ncbi.nlm.nih.gov/articles/PMC8675322/,PMC XML: ,,,,Design classification required before appraisal,PENDING_AI_FULL_TEXT_REVIEW,FULL_TEXT_REVIEW_AWAITING_APPRAISAL,UNRESOLVED,NO,"Source discovery completed; no final scientific inclusion without full-text appraisal, exact claim mapping and human confirmation."
EV-0795,Physical fitness in Spanish naval cadets. A four-year study.,10.5603/imh.2021.0002,33829468,,367Y4W9A,2021,,,,CANONICAL_BASELINE,LOOP3X full-universe authoritative materialization,https://docs.google.com/spreadsheets/d/1PsCIFKpNMjrpsaHVu2mGKFYlRboKvNGgorZocCILnoY/edit#FULL_UNIVERSE_SCREENING,Drive modified 2026-09-21T02:35:49.190Z,PubMed A/B/C baseline,"Evidence Command Center 1,456 baseline; LOOP3X materialization",BASELINE,,HIGH_RELEVANCE,DIRECT_MANUSCRIPT_FIT,FULL_TEXT_REVIEW,P1 — HIGH,Physical / academy readiness,International,Physical and Academy Readiness / Aptidao e academia,YES,NO,NO,Verified — clear,NO,,PENDING,Refined 3-pass screen; scientific text separated from admin metadata,181,LOT-10-P1,https://pubmed.ncbi.nlm.nih.gov/33829468/,"Military physical readiness largely depends on soldiers maintaining their general health and physical fitness at a level which enables them to perform their requisite occupational duties in garrison and deployment environments. Understanding the physical fitness of naval cadets throughout its formative stages will help us define a training programme tailored to their needs. The objective of this study was to analyse the physical fitness of cadets enrolled in military training in the academic year 2018-2019 in the Military Naval Academy in Marín, Spain. A longitudinal correlational-descriptive design was undertaken. 167 of the 292 students who participated in the global analysis participated in the pre and post (first and second semester) physical fitness tests (153 males and 14 females, mean age 21.9 ± 3.5) and were stratified into age groups. Anthropometric measurements and data from the Spanish army physical fitness assessment system (2 min push-ups, 1000 and 50 m races, vertical jump and 50 m swimming) were used. A descriptive, inferential, and correlational analysis was carried out and the level of significance set for the study was p ≤ 0.05. Inferential analysis between age group markers and over the total sample shows statistical differences for the total sample in the 1000 m and 50 m race (p < 0.001) and in vertical jump test (p < 0.010). There was significant statistical correlation between all five tests undertaken. The level of physical fitness of cadets at the Military Naval Academy in Marín, Spain appears to be acceptable when compared to other countries' military naval corps. Coherence between training and evaluation is extremely important, and a re-evaluation of stamina and strength training is probably advisable.",Journal Article,,,,FULL_TEXT_UNAVAILABLE,,,,,NO_PMCID_IN_PRIMARY_METADATA,Design classification required before appraisal,NOT_POSSIBLE_WITHOUT_LAWFUL_FULL_TEXT,FULL_TEXT_REVIEW_AWAITING_APPRAISAL,FULL_TEXT_UNAVAILABLE,NO,"Source discovery completed; no final scientific inclusion without full-text appraisal, exact claim mapping and human confirmation."
EV-0799,Effects of foam rolling for delayed onset muscle soreness on loaded military task performance and perceived recovery.,10.1016/j.jesf.2021.02.002,33786041,PMC7970355,LJL4AIYL,2021,,,,CANONICAL_BASELINE,LOOP3X full-universe authoritative materialization,https://docs.google.com/spreadsheets/d/1PsCIFKpNMjrpsaHVu2mGKFYlRboKvNGgorZocCILnoY/edit#FULL_UNIVERSE_SCREENING,Drive modified 2026-09-21T02:35:49.190Z,PubMed A/B/C baseline,"Evidence Command Center 1,456 baseline; LOOP3X materialization",BASELINE,,HIGH_RELEVANCE,DIRECT_MANUSCRIPT_FIT,FULL_TEXT_REVIEW,P1 — HIGH,Sleep / fatigue / recovery,International,Integrated Operational Readiness / Discussion,YES,NO,NO,Verified — clear,NO,,PENDING,Refined 3-pass screen; scientific text separated from admin metadata,182,LOT-10-P1,https://pubmed.ncbi.nlm.nih.gov/33786041/,"The purpose of this investigation was to evaluate the effects of foam rolling (FR) and passive recovery (PR) on symptoms of delayed-onset muscle soreness (DOMS) and military-specific performance. Twenty men and women (age: 23.6 ± 4.1 years, height: 176.4 ± 5.6 cm, and body mass: 84.7 ± 13.4 kg) completed a DOMS-inducing exercise protocol (DIP), followed by FR or PR. Four loaded military tasks (LMT) were performed 24 h later. Rating of perceived exertion (RPE) was measured during DIP and after each LMT. Rating of muscle pain (RMP) was measured prior to the LMTs and after the recovery protocols. A repeated measure analysis of variance and partial eta squared were used to compare LMT performance across baseline, FR and PR sessions. Friedman tests compared perceptual variables across baseline, FR, and PR. Wilcoxon matched-pairs signed-ranks test evaluated RPE during DIP, post-DIP, and post-recovery RMP between FR and PR. LMT performance times were significantly faster after FR compared to PR (stair climb: p = .038, cover position sprint: p = .011, simulated ammunition can carry: p = .003, Shuttle Run: p = .034). RPE measured during LMTs was similar across all data points. Post-recovery RMP for FR (3.0 (2.3, 4.0)) and PR (4.0 (3.0, 6.0)) were not significantly different. FR reduced the impact of DOMS on three loaded tactical performance tasks without significant reduction in perceived soreness.",Journal Article,PMC7970355,,,LAWFUL_PMC_XML,https://pmc.ncbi.nlm.nih.gov/articles/PMC7970355/,PMC XML: Results | Discussion,"Results: Initially, 21 participants were recruited for the study, however, one participant’s data were excluded due to noncompliance with the investigators’ pre-testing instructions. Therefore, data of 20 participants were used for statistical analyses. Descriptive characteristics of participants, 1RM data, and physical fitness testing performance data are presented in Table 1 . Table 1 Participants’ descriptive statistics (mean ± SD). Table 1 Variable Full sample ( N = 20) Age (years) 23.6 ± 4.1 Height (cm) 176.4 ± 5.6 Body mass (kg) 84.7 ± 13.4 Body fat (%) 17.3 ± 9.2 1 RM back squat (kg) 132.5 ± 45.1 Sit-ups 54.6 ± 10.6 Push-ups 48.6 ± 23.5 2-mile run (s) 900.3 ± 102.0 | Discussion: In the current investigation, the DOMS-inducing exercise session impaired performance on three of the four LMTs 24 h later regardless of the post-exercise recovery method used. The 20-min FR treatment performed immediately after a DOMS-inducing exercise session effectively mitigated the negative impact of DOMS on military task performances while wearing a 12 kg external load in comparison to a PR. Surprisingly, FR had no significant impact on RMP or RPE at any time point in comparison to baseline or PR conditions. These findings suggest that FR can reduce the impact of DOMS on military performances, and that the mitigation of these performance decrements may be independent of changes in muscle pain or perceived exertion.",,,Design classification required before appraisal,PENDING_AI_FULL_TEXT_REVIEW,FULL_TEXT_REVIEW_AWAITING_APPRAISAL,UNRESOLVED,NO,"Source discovery completed; no final scientific inclusion without full-text appraisal, exact claim mapping and human confirmation."
EV-0800,Brief behavioral treatment for insomnia: Treatment schedule and training feasibility in the military.,10.1037/ser0000528,33779201,,U9BNM236,2022,,,,CANONICAL_BASELINE,LOOP3X full-universe authoritative materialization,https://docs.google.com/spreadsheets/d/1PsCIFKpNMjrpsaHVu2mGKFYlRboKvNGgorZocCILnoY/edit#FULL_UNIVERSE_SCREENING,Drive modified 2026-09-21T02:35:49.190Z,PubMed A/B/C baseline,"Evidence Command Center 1,456 baseline; LOOP3X materialization",BASELINE,,HIGH_RELEVANCE,DIRECT_MANUSCRIPT_FIT,FULL_TEXT_REVIEW,P1 — HIGH,Sleep / fatigue / recovery,International,Integrated Operational Readiness / Discussion,YES,NO,NO,Verified — clear,NO,,PENDING,Refined 3-pass screen; scientific text separated from admin metadata,183,LOT-10-P1,https://pubmed.ncbi.nlm.nih.gov/33779201/,"Insomnia is a threat to the well-being and combat readiness of military service members. Brief Behavioral Treatment for Insomnia (BBTI) is effective in treating insomnia, but the treatment schedule is difficult to implement in the Military Health System due to shorter appointment windows than what is offered in civilian settings. In the present study, 23 behavioral health providers were trained in a version of BBTI adapted for use within the Military Health System. Training was conducted remotely via a 2-day webinar, followed by 12 weekly telephone consultations with a trainer. Surveys were conducted before and after the 2-day webinar, and after the consultation period. Training led to increases in target knowledge scores and self-rated confidence in administering BBTI. All providers reported implementing the treatment with multiple patients during the 12-week period, and all providers reported that the intervention was more effective than their usual treatment method. All behavioral health providers also reported that they were likely to use BBTI in the future when treating patients with insomnia, and that they would advertise their BBTI skills to primary care providers to encourage insomnia referrals. Although conducted with a small sample size, the current study gives provisional support for (a) feasibility of implementing the adapted version of BBTI within the Military Health System and (b) feasibility of training the adapted BBTI to behavioral health providers via remote learning methodology. (PsycInfo Database Record (c) 2022 APA, all rights reserved).",Journal Article,,,Military Operational Medicine Research Program,FULL_TEXT_UNAVAILABLE,,,,,NO_PMCID_IN_PRIMARY_METADATA,Design classification required before appraisal,NOT_POSSIBLE_WITHOUT_LAWFUL_FULL_TEXT,FULL_TEXT_REVIEW_AWAITING_APPRAISAL,FULL_TEXT_UNAVAILABLE,NO,"Source discovery completed; no final scientific inclusion without full-text appraisal, exact claim mapping and human confirmation."
EV-0804,Sex and occupation are salient factors associated with lateral ankle sprain risk in military tactical athletes.,10.1016/j.jsams.2021.02.016,33707156,,ACDDMGDM,2021,,,,CANONICAL_BASELINE,LOOP3X full-universe authoritative materialization,https://docs.google.com/spreadsheets/d/1PsCIFKpNMjrpsaHVu2mGKFYlRboKvNGgorZocCILnoY/edit#FULL_UNIVERSE_SCREENING,Drive modified 2026-09-21T02:35:49.190Z,PubMed A/B/C baseline,"Evidence Command Center 1,456 baseline; LOOP3X materialization",BASELINE,,HIGH_RELEVANCE,DIRECT_MANUSCRIPT_FIT,FULL_TEXT_REVIEW,P1 — HIGH,Musculoskeletal injury,International,Operational Implications / Discussion,YES,NO,NO,Verified — clear,NO,,PENDING,Refined 3-pass screen; scientific text separated from admin metadata,184,LOT-10-P1,https://pubmed.ncbi.nlm.nih.gov/33707156/,"To assess the risk of lateral ankle sprain (LAS) in male and female tactical athletes across different military occupations in the US military. Retrospective cohort. The Defense Medical Epidemiology Database was queried for the number of individuals with ICD-9 diagnosis codes 845.00 (sprain of ankle, unspecified) and 845.02 (calcaneofibular ligament sprain) on their initial encounter from 2006 to 2015. Relative risk (RR) and chi-square statistics were calculated assessing sex and occupational category on LAS risk. 272,970 enlisted males (27.9 per 1000 person-years), 56,732 enlisted females (34.5 per 1000 person-years), 24,534 male officers (12.6 per 1000 person-years), and 6020 female officers (16.4 per 1000 person-years) incurred a LAS. Enlisted females in all occupational groups were at significantly higher risk for LAS than their male counterparts (RR 1.09-1.68; p<0.001), except for Engineers (p=0.15). Female officers had consistently higher risk for LAS in all occupational groups (RR 1.10-1.42; p<0.001) compared with male officers, except Ground/Naval Gunfire (p=0.23). Contrasted with Infantry, enlisted tactical athletes in the Special Operations Forces, Mechanized/Armor, Aviation, Maintenance, and Maritime/Naval Specialties were at lower risk (RR 0.38-0.93; p<0.001), Artillery, Engineers, and Logistics Specialties were at higher risk (RR 1.04-1.18; p<0.001), and Administration, Intelligence, and Communications were no different (p=0.69). Compared with Ground/Naval Gunfire officers, Aviation officers were at significantly lower risk (RR, 0.75; p<0.001), and Engineers, Maintenance, Administration, Operations/Intelligence, and Logistics officers were at higher risk (RR, 1.08-1.20; p<0.001). Sex and military occupation were salient factors associated with LAS risk.",Journal Article,,,,FULL_TEXT_UNAVAILABLE,,,,,NO_PMCID_IN_PRIMARY_METADATA,Design classification required before appraisal,NOT_POSSIBLE_WITHOUT_LAWFUL_FULL_TEXT,FULL_TEXT_REVIEW_AWAITING_APPRAISAL,FULL_TEXT_UNAVAILABLE,NO,"Source discovery completed; no final scientific inclusion without full-text appraisal, exact claim mapping and human confirmation."
EV-0809,Relationships between balance and physical fitness variables in firefighter recruits.,10.3233/wor-203401,33612511,,HJHMPBCW,2021,,,,CANONICAL_BASELINE,LOOP3X full-universe authoritative materialization,https://docs.google.com/spreadsheets/d/1PsCIFKpNMjrpsaHVu2mGKFYlRboKvNGgorZocCILnoY/edit#FULL_UNIVERSE_SCREENING,Drive modified 2026-09-21T02:35:49.190Z,PubMed A/B/C baseline,"Evidence Command Center 1,456 baseline; LOOP3X materialization",BASELINE,,HIGH_RELEVANCE,DIRECT_MANUSCRIPT_FIT,FULL_TEXT_REVIEW,P1 — HIGH,Physical / academy readiness,International,Physical and Academy Readiness / Aptidao e academia,YES,NO,NO,Verified — clear,NO,,PENDING,Refined 3-pass screen; scientific text separated from admin metadata,185,LOT-10-P1,https://pubmed.ncbi.nlm.nih.gov/33612511/,"Research has suggested that balance ability contributes to musculoskeletal injury (MSKI) rates in firefighters. Though the Y-Balance Test (YBT) can predict injury, it is unclear what physical measures inform YBT performance in firefighters. Thus, there is a lack of knowledge regarding best practice for improving balance in firefighters. To evaluate the relationship between the YBT and fitness measures, including body composition, aerobic capacity, functional total-body power, upper and lower-body strength, and movement efficiency, among firefighters. Dynamic balance (YBT), body mass index (BMI), body-fat percentage (BF%), fat free mass (FFM), aerobic capacity (VO2max), stair climb (SC), upper (1RMbench) and lower-body (1RMsquat) strength, and Fusionetics™ Movement Efficiency Screen (ME) measures were collected among 35 firefighter recruits. Pearson correlation coefficients were used to examine relationships between YBT and the performance measures. Dynamic balance ability in firefighter recruits is significantly (p < 0.05) related to BMI, lower-body strength, and movement quality, but not with aerobic capacity, stair climb performance, and upper body strength. Greater YBT performance in firefighter recruits is associated with lower BMI, greater functional movement, and greater lower-body strength. Future research is warranted to incorporate these elements into balance training programs for firefighter recruits.",Journal Article,,,,FULL_TEXT_UNAVAILABLE,,,,,NO_PMCID_IN_PRIMARY_METADATA,Design classification required before appraisal,NOT_POSSIBLE_WITHOUT_LAWFUL_FULL_TEXT,FULL_TEXT_REVIEW_AWAITING_APPRAISAL,FULL_TEXT_UNAVAILABLE,NO,"Source discovery completed; no final scientific inclusion without full-text appraisal, exact claim mapping and human confirmation."
EV-0823,Influence of Body Composition on Post-Exercise Parasympathetic Reactivation of Firefighter Recruits.,10.3390/ijerph18010339,33466351,PMC7795331,N6LUDCIX,2021,,,,CANONICAL_BASELINE,LOOP3X full-universe authoritative materialization,https://docs.google.com/spreadsheets/d/1PsCIFKpNMjrpsaHVu2mGKFYlRboKvNGgorZocCILnoY/edit#FULL_UNIVERSE_SCREENING,Drive modified 2026-09-21T02:35:49.190Z,PubMed A/B/C baseline,"Evidence Command Center 1,456 baseline; LOOP3X materialization",BASELINE,,HIGH_RELEVANCE,DIRECT_MANUSCRIPT_FIT,FULL_TEXT_REVIEW,P1 — HIGH,Physical / academy readiness,International,Physical and Academy Readiness / Aptidao e academia,YES,NO,NO,Verified — clear,NO,,PENDING,Refined 3-pass screen; scientific text separated from admin metadata,186,LOT-10-P1,https://pubmed.ncbi.nlm.nih.gov/33466351/,"Firefighters have a sustained risk for experiencing a sudden cardiac event after completing a fire call. Heart rate recovery (HRR) can be utilized to characterize autonomic nervous system (ANS) recovery and has been linked to cardiac events. Research suggests that body composition influences post-exercise HRR responses in non-firefighter populations. The purpose of this study was to examine the influence of body mass index (BMI), waist circumference (WC), and percent body fat (BF) on the HRR response of firefighter recruits. BMI (kg·m -2 ), WC (cm), and BF (%) data from 57 firefighter recruits were collected. HRR (b·min -1 ) data were collected at completion (HR 0 ), as well as 15 (HR 15 ), 30 (HR 30 ), 45 (HR 45 ), 60 (HR 60 ), 120 (HR 120 ), and 180 (HR 180 ) seconds following a submaximal step test, and commonly utilized clinical HRR indices were calculated (ΔHRR 30 , ΔHRR 60 , ΔHRR 120 , and ΔHRR 180 ). After controlling for sex, linear mixed regression models did not identify significant interactions between body composition ( p s > 0.05) and HRR response across time. However, significant ( p s < 0.05) indirect semi-partial correlations were identified between BF and ΔHRR 30 ( r sp = -0.31) and ΔHRR 60 ( r sp = -0.27), respectively. Reducing overall BF (vs. BMI or WC) should be prioritized to improve the post-exercise ANS recovery of firefighter recruits.",Journal Article,PMC7795331,,,LAWFUL_PMC_XML,https://pmc.ncbi.nlm.nih.gov/articles/PMC7795331/,PMC XML: ,,,,Design classification required before appraisal,PENDING_AI_FULL_TEXT_REVIEW,FULL_TEXT_REVIEW_AWAITING_APPRAISAL,UNRESOLVED,NO,"Source discovery completed; no final scientific inclusion without full-text appraisal, exact claim mapping and human confirmation."
EV-0832,Resolving the Burden of Low Back Pain in Military Service Members and Veterans (RESOLVE): Protocol for a Multisite Pragmatic Clinical Trial.,10.1093/pm/pnaa367,33313735,PMC7825002,JT4S2PB5,2020,,,,CANONICAL_BASELINE,LOOP3X full-universe authoritative materialization,https://docs.google.com/spreadsheets/d/1PsCIFKpNMjrpsaHVu2mGKFYlRboKvNGgorZocCILnoY/edit#FULL_UNIVERSE_SCREENING,Drive modified 2026-09-21T02:35:49.190Z,PubMed A/B/C baseline,"Evidence Command Center 1,456 baseline; LOOP3X materialization",BASELINE,,HIGH_RELEVANCE,DIRECT_MANUSCRIPT_FIT,FULL_TEXT_REVIEW,P1 — HIGH,Musculoskeletal injury,International,Operational Implications / Discussion,YES,NO,NO,Pending,NO,,PENDING,Refined 3-pass screen; scientific text separated from admin metadata,187,LOT-10-P1,https://pubmed.ncbi.nlm.nih.gov/33313735/,"Physical therapy (PT) is frequently used for the management of low back pain (LBP) within the US Departments of Defense (DOD) and Veterans Affairs (VA). However, variations in PT practice patterns and use of ineffective interventions lower the quality and increase the cost of care. Although adherence to the clinical practice guidelines (CPGs) can improve the outcomes and cost-effectiveness of LBP care, PT CPG adherence remains below 50%. The Resolving the Burden of Low Back Pain in Military Service Members and Veterans (RESOLVE) trial will evaluate the effectiveness of an active PT CPG implementation strategy using an education, audit, and feedback model for reducing pain, disability, medication use, and cost of LBP care within the DOD and VA health care systems. The RESOLVE trial will include 3,300 to 7,260 patients with LBP across three DOD and two VA medical facilities using a stepped-wedge study design. An education, audit, and feedback model will be used to encourage physical therapists to better adhere to the PT CPG recommendations. The Oswestry Disability Index and the Defense and Veterans Pain Rating Scale will be used as primary outcomes. Secondary outcomes will include the LBP-related medication use, medical resource utilization, and biopsychosocial predictors of outcomes. Statistical analyses will be based on the intention-to-treat principle and will use linear mixed models to compare treatment conditions and examine the interactions between treatment and subgrouping status (e.g., limb loss). The RESOLVE trial will provide a pragmatic approach to evaluate whether better adherence to PT CPGs can reduce pain, disability, medication use, and LBP care cost within the DOD and VA health care systems.","Journal Article; Research Support, N.I.H., Extramural; Research Support, U.S. Gov't, Non-P.H.S.",PMC7825002,ErratumIn: Pain Med. 2021 Aug 6;22(8):1887. doi: 10.1093/pm/pnab052.,U24 AT009769 AT NCCIH NIH HHS United States,LAWFUL_PMC_XML,https://pmc.ncbi.nlm.nih.gov/articles/PMC7825002/,PMC XML: ,,,,Design classification required before appraisal,PENDING_AI_FULL_TEXT_REVIEW,FULL_TEXT_REVIEW_AWAITING_APPRAISAL,UNRESOLVED,NO,"Source discovery completed; no final scientific inclusion without full-text appraisal, exact claim mapping and human confirmation."
EV-0857,Differences in Body Composition across Police Occupations and Moderation Effects of Leisure Time Physical Activity.,10.3390/ijerph17186825,32962049,PMC7558920,745TYA45,2020,,,,CANONICAL_BASELINE,LOOP3X full-universe authoritative materialization,https://docs.google.com/spreadsheets/d/1PsCIFKpNMjrpsaHVu2mGKFYlRboKvNGgorZocCILnoY/edit#FULL_UNIVERSE_SCREENING,Drive modified 2026-09-21T02:35:49.190Z,PubMed A/B/C baseline,"Evidence Command Center 1,456 baseline; LOOP3X materialization",BASELINE,,HIGH_RELEVANCE,DIRECT_MANUSCRIPT_FIT,FULL_TEXT_REVIEW,P1 — HIGH,Physical / academy readiness,International,Physical and Academy Readiness / Aptidao e academia,YES,NO,NO,Verified — clear,NO,,PENDING,Refined 3-pass screen; scientific text separated from admin metadata,188,LOT-10-P1,https://pubmed.ncbi.nlm.nih.gov/32962049/,"This study investigated differences in the body composition of police officers from different occupational groups and the moderation effects of leisure time physical activity (LTPA). A sample of 237 police officers (special anti-terrorist unit, gendarmerie, firefighters, and general duties) participated in the study. Body mass index (BMI), percent of body fat (%BF), percent of skeletal muscle mass (%SMM), and index of hypokinesia (IH) were assessed using a multichannel bioelectric impedance analyzer and officers reported the amount of LTPA using an international physical activity questionnaire. The sample was divided in three groups relative to LTPA, sedentary (0-149 min/week), moderately active (150-299 min/week), and very active (300+ min/week). Multiple analysis of variance (4 × 3) was used to analyze if occupational groups differed based solely on occupation, if officers from the same occupation differed in muscularity and fatness based on LTPA, and if any differences in body composition occurred between officers from different occupations with the same level of LTPA. Police officers from more physically demanding occupations demonstrated lower %BF and IH, while having higher %SMM. This was also observed among the officers of the same occupation who reported a higher LTPA, while officers who reported very high LTPA had similar body composition.",Journal Article,PMC7558920,,,LAWFUL_PMC_XML,https://pmc.ncbi.nlm.nih.gov/articles/PMC7558920/,PMC XML: ,,,,Design classification required before appraisal,PENDING_AI_FULL_TEXT_REVIEW,FULL_TEXT_REVIEW_AWAITING_APPRAISAL,UNRESOLVED,NO,"Source discovery completed; no final scientific inclusion without full-text appraisal, exact claim mapping and human confirmation."
EV-0874,Evaluating Nutrient Intake of Career Firefighters Compared to Military Dietary Reference Intakes.,10.3390/nu12061876,32585995,PMC7353453,N44XG434,2020,,,,CANONICAL_BASELINE,LOOP3X full-universe authoritative materialization,https://docs.google.com/spreadsheets/d/1PsCIFKpNMjrpsaHVu2mGKFYlRboKvNGgorZocCILnoY/edit#FULL_UNIVERSE_SCREENING,Drive modified 2026-09-21T02:35:49.190Z,PubMed A/B/C baseline,"Evidence Command Center 1,456 baseline; LOOP3X materialization",BASELINE,,HIGH_RELEVANCE,DIRECT_MANUSCRIPT_FIT,FULL_TEXT_REVIEW,P1 — HIGH,Nutrition / shift work,International,Nutrition and Schedule Load / Nutricao e jornadas,YES,NO,NO,Verified — clear,NO,,PENDING,Refined 3-pass screen; scientific text separated from admin metadata,189,LOT-10-P1,https://pubmed.ncbi.nlm.nih.gov/32585995/,"The primary goals of the Dietary Reference Intakes (DRI) are to plan and assess nutrient intakes to promote health, reduce chronic disease, and prevent toxicity. Firefighters have unique nutrient needs compared to the public due to their job demands. The military provides the only published guidance for tactical athletes' nutrient needs. The purpose of this study was to determine whether firefighters were meeting the Military Dietary Reference Intakes (MDRI). A cross-sectional study was conducted in a sample of career firefighters ( n = 150, 37.4 ± 8.4 year-old males) employed in Southern California. Data were gathered during baseline assessments from a Federal Emergency Management Agency-funded Firefighter Wellness Initiative. Participants were asked to log their food and beverage consumption over a 72-h period. Descriptive statistics (means, standard deviations, 95% confidence intervals) were calculated for all participant characteristics and average three-day nutrient intakes. A 95% confidence interval compared their nutrient intake to MDRI to identify differences in nutrient intakes, significance accepted at p = 0.05. Compared to MDRI reference values, firefighters consumed an inadequate amount of total calories, linolenic and alpha-linolenic fatty acid, fiber, vitamins D, E, and K, potassium, magnesium, zinc, and carbohydrates. Vitamin D, magnesium, and potassium had the greatest shortcomings (95.3%, 94.0%, and 98.7%, respectively, under MRDA). Thus, firefighters are not meeting the established MDRI for several key nutrients required to promote health, improve performance, and reduce chronic disease. Dietitians and health care providers may use the results of this study to help design health promotion programs for this population. Future research should develop a customized reference intake for firefighters.",Journal Article,PMC7353453,,EMW-2017-FP-00711 Federal Emergency Management Agency,LAWFUL_PMC_XML,https://pmc.ncbi.nlm.nih.gov/articles/PMC7353453/,PMC XML: ,,,,Design classification required before appraisal,PENDING_AI_FULL_TEXT_REVIEW,FULL_TEXT_REVIEW_AWAITING_APPRAISAL,UNRESOLVED,NO,"Source discovery completed; no final scientific inclusion without full-text appraisal, exact claim mapping and human confirmation."
EV-0878,Concussion-Recovery Trajectories Among Tactical Athletes: Results From the CARE Consortium.,10.4085/1062-6050-10-19,32556201,PMC7384467,LQU4PYPD,2020,,,,CANONICAL_BASELINE,LOOP3X full-universe authoritative materialization,https://docs.google.com/spreadsheets/d/1PsCIFKpNMjrpsaHVu2mGKFYlRboKvNGgorZocCILnoY/edit#FULL_UNIVERSE_SCREENING,Drive modified 2026-09-21T02:35:49.190Z,PubMed A/B/C baseline,"Evidence Command Center 1,456 baseline; LOOP3X materialization",BASELINE,,HIGH_RELEVANCE,DIRECT_MANUSCRIPT_FIT,FULL_TEXT_REVIEW,P1 — HIGH,Sleep / fatigue / recovery,International,Integrated Operational Readiness / Discussion,YES,NO,NO,Verified — clear,NO,,PENDING,Refined 3-pass screen; scientific text separated from admin metadata,190,LOT-10-P1,https://pubmed.ncbi.nlm.nih.gov/32556201/,"Assessments of the duration of concussion recovery have primarily been limited to sport-related concussions and male contact sports. Furthermore, whereas durations of symptoms and return-to-activity (RTA) protocols encompass total recovery, the trajectory of each duration has not been examined separately. To identify individual (eg, demographics, medical history), initial concussion injury (eg, symptoms), and external (eg, site) factors associated with symptom duration and RTA-protocol duration after concussion. Cohort study. Three US military service academies. A total of 10 604 cadets at participating US military service academies enrolled in the study and completed a baseline evaluation and up to 5 postinjury evaluations. A total of 726 cadets (451 men, 275 women) sustained concussions during the study period. Number of days from injury (1) until the participant became asymptomatic and (2) to complete the RTA protocol. Varsity athlete cadets took less time than nonvarsity cadets to become asymptomatic (hazard ratio [HR] = 1.75, 95% confidence interval = 1.38, 2.23). Cadets who reported less symptom severity on the Sport Concussion Assessment Tool, third edition (SCAT3), within 48 hours of concussion had 1.45 to 3.77 times shorter symptom-recovery durations than those with more symptom severity. Similar to symptom duration, varsity status was associated with a shorter RTA-protocol duration (HR = 1.74, 95% confidence interval = 1.34, 2.25), and less symptom severity on the SCAT3 was associated with a shorter RTA-protocol duration (HR range = 1.31 to 1.47). The academy that the cadet attended was associated with the RTA-protocol duration (P < .05). The initial total number of symptoms reported and varsity athlete status were strongly associated with symptom and RTA-protocol durations. These findings suggested that external (varsity status and academy) and injury (symptom burden) factors influenced the time until RTA.",Journal Article,PMC7384467,,,LAWFUL_PMC_XML,https://pmc.ncbi.nlm.nih.gov/articles/PMC7384467/,PMC XML: ,,,,Design classification required before appraisal,PENDING_AI_FULL_TEXT_REVIEW,FULL_TEXT_REVIEW_AWAITING_APPRAISAL,UNRESOLVED,NO,"Source discovery completed; no final scientific inclusion without full-text appraisal, exact claim mapping and human confirmation."
EV-0886,Implementation and Evaluation of Tactical Combat Casualty Care for Army Aviators.,10.1093/milmed/usz491,32314785,,MTP4JWU2,2020,,,,CANONICAL_BASELINE,LOOP3X full-universe authoritative materialization,https://docs.google.com/spreadsheets/d/1PsCIFKpNMjrpsaHVu2mGKFYlRboKvNGgorZocCILnoY/edit#FULL_UNIVERSE_SCREENING,Drive modified 2026-09-21T02:35:49.190Z,PubMed A/B/C baseline,"Evidence Command Center 1,456 baseline; LOOP3X materialization",BASELINE,,HIGH_RELEVANCE,DIRECT_MANUSCRIPT_FIT,FULL_TEXT_REVIEW,P1 — HIGH,Tactical medicine / TCCC / TECC / APH,International,Tactical Medicine Readiness / APH-Tatico,YES,NO,NO,Verified — clear,NO,,PENDING,Refined 3-pass screen; scientific text separated from admin metadata,191,LOT-10-P1,https://pubmed.ncbi.nlm.nih.gov/32314785/,"The importance of developing military strategies to decrease preventable death by mitigating hemorrhage and reducing time between the point of injury and surgical intervention on the battlefield is highlighted in previous studies. Successful implementation of Tactical Combat Casualty Care (TCCC) throughout elements of the USA and allied militaries begins to address this need. However, TCCC implementation is neither even nor complete in the larger, conventional force. Army Aviators are at risk for preventable death as they do not receive prehospital care training and are challenged to render prehospital care in the austere environment of helicopter operations. Army aviators are at risk for preventable death due to the challenges to render prehospital care in the austere environment of helicopter operations. Helicopters often fly at low altitudes, engage in direct action in support of ground troops, operate at a great distance from medical facilities, typically do not have medical personnel onboard, and can have long wait times for medical evacuation services due to the far forward nature of helicopter operations. This is a quality improvement pre-post-intervention design study evaluating the implementation of a combat casualty care training program for Army aviators using well-established evidence-based guidelines for providing care to casualties on the battlefield. The evaluation consisted of participants' self-perceived confidence in providing care to a casualty and change in knowledge level in combat casualty care in a pre/post-intervention design. Clinical skills of tourniquet application, nasopharyngeal airway placement, and needle chest decompression were assessed on a pass/fail grading standard. A total of 18 participants completed the pre- and post-education surveys. A paired t-test showed a statistically significant increase in total composite scores from pre (M = 24.67, SD = 5.06) to post-education self-efficacy (M = 37.94, SD = 2.10), t (17) = -11.29, p < 0.001. A paired t-test revealed a significant increase in exam scores from pre (M = 70.22, SD = 9.43) to post (M = 87.78, SD = 7.19), t (17) = -7.31, p < 0.001. There was no pre-intervention skills assessment, however, all participants (n = 18, 100%) passed the tourniquet application, needle chest compression, and insertion of nasopharyngeal airway. TCCC for Army Aviators is easily implemented, demonstrates an increase in knowledge and confidence in providing prehospital care, and provides effective scenario-based training of necessary psychomotor skills needed to reduce preventable death on the battlefield. TCCC for Army Aviators effectively takes the TCCC for All Combatants curriculum and modifies it to address the unique considerations in treating wounded aviators and passengers, both in flight and after crashes. This project demonstrates on a small scale how TCCC can be tailored to specific military jobs in order to successfully meet the intent of the upcoming All Service Member TCCC course mandated in DoD 1322.24. Beyond Army aviation, this program is easily modifiable for aviators throughout the military and civilian sector.",Journal Article,,,,FULL_TEXT_UNAVAILABLE,,,,,NO_PMCID_IN_PRIMARY_METADATA,Design classification required before appraisal,NOT_POSSIBLE_WITHOUT_LAWFUL_FULL_TEXT,FULL_TEXT_REVIEW_AWAITING_APPRAISAL,FULL_TEXT_UNAVAILABLE,NO,"Source discovery completed; no final scientific inclusion without full-text appraisal, exact claim mapping and human confirmation."
EV-0899,RETURNING A SPECIAL OPERATIONS CANDIDATE TO DUTY FOLLOWING AN AIRBORNE OPERATION INJURY: A CASE REPORT.,,32089966,PMC7015033,L8YELI2E,2020,,,,CANONICAL_BASELINE,LOOP3X full-universe authoritative materialization,https://docs.google.com/spreadsheets/d/1PsCIFKpNMjrpsaHVu2mGKFYlRboKvNGgorZocCILnoY/edit#FULL_UNIVERSE_SCREENING,Drive modified 2026-09-21T02:35:49.190Z,PubMed A/B/C baseline,"Evidence Command Center 1,456 baseline; LOOP3X materialization",BASELINE,,HIGH_RELEVANCE,DIRECT_MANUSCRIPT_FIT,FULL_TEXT_REVIEW,P1 — HIGH,Musculoskeletal injury,International,Operational Implications / Discussion,YES,NO,NO,Verified — clear,NO,,PENDING,Refined 3-pass screen; scientific text separated from admin metadata,192,LOT-10-P1,https://pubmed.ncbi.nlm.nih.gov/32089966/,"Musculoskeletal injuries are recognized as the leading health problem and primary source of injury, disability, and financial burden across the military. 1-5 Special Operations Forces are at an increased risk of musculoskeletal injury due to increased physical demands, precipitous deployments, and continual training and deployment cycles. 6,4 Multiple injury screening tools exist, yet decisions to return to duty are frequently deferred to individual institutional protocol or provider clinical decision making, with no accepted gold standard. 2,3,4,5 . The purpose of this case report is to describe the application of a system to return a Special Operations Forces candidate to duty following an ankle injury sustained during a military static line airborne operation while in the Special Forces Qualification Course. The subject was a 34-year-old male with surgical fixation of a left distal fibular fracture with syndesmotic tear after landing from a static line airborne jump during the Special Forces Qualification Course. This case report provides a system to determine return to duty following an ankle fracture and provides a guide to returning a subject to participation, duty, and tactical performance training. Outcome measures recorded were vast, as the use of multiple measures are more indicative of overall function than any single measure. Impairment based measures included Global Rating of Change Scale (GROC), Numeric Pain Rating Scale (NPRS), lateral step down and Closed Chain Dorsiflexion (CCDF). Functional outcome measures included: the Functional Movement Screen™ (FMS™), Lower Quarter Y-Balance (LQYB), three hop tests for distance, and physical performance metrics. The most substantial challenge to this process was the lack of standardized and validated military return to duty testing and guidelines in the literature. Ideally, pre-injury assessment would provide a baseline; however, compared to peers, the subject was well within acceptable ranges for all physical performance metrics at final Return to Duty testing. The subject was returned to duty 10 months after initial injury being physically comparable to his cohorts and being able to complete all military requirements. 5.",Journal Article,PMC7015033,,,LAWFUL_PMC_XML,https://pmc.ncbi.nlm.nih.gov/articles/PMC7015033/,PMC XML: ,,,,Design classification required before appraisal,PENDING_AI_FULL_TEXT_REVIEW,FULL_TEXT_REVIEW_AWAITING_APPRAISAL,UNRESOLVED,NO,"Source discovery completed; no final scientific inclusion without full-text appraisal, exact claim mapping and human confirmation."
EV-0900,Identifying Risk and Resilience Factors Associated With the Likelihood of Seeking Mental Health Care Among U.S. Army Soldiers-in-Training.,10.1093/milmed/usz483,32077952,,V9KVAYMI,2020,,,,CANONICAL_BASELINE,LOOP3X full-universe authoritative materialization,https://docs.google.com/spreadsheets/d/1PsCIFKpNMjrpsaHVu2mGKFYlRboKvNGgorZocCILnoY/edit#FULL_UNIVERSE_SCREENING,Drive modified 2026-09-21T02:35:49.190Z,PubMed A/B/C baseline,"Evidence Command Center 1,456 baseline; LOOP3X materialization",BASELINE,,HIGH_RELEVANCE,DIRECT_MANUSCRIPT_FIT,FULL_TEXT_REVIEW,P1 — HIGH,Mental health / stress,International,Organizational Health Context / Discussao,YES,NO,NO,Verified — clear,NO,,PENDING,Refined 3-pass screen; scientific text separated from admin metadata,193,LOT-10-P1,https://pubmed.ncbi.nlm.nih.gov/32077952/,"The Department of Defense aims to maintain mission readiness of its service members. Therefore, it is important to understand factors associated with treatment seeking in order to identify areas of prevention and intervention early in a soldier's career that can promote positive functioning and increase their likelihood of seeking mental health care when necessary. Using a theory of planned behavior lens, this study identified potential barriers (risk) and facilitators (resilience) to treatment seeking among 24,717 soldiers-in-training who participated in the New Soldiers Study component of the ""Army Study to Assess Risk and Resilience in Servicemembers"" (Army STARRS). Approval for this study was granted by the University of Iowa IRB # 201706739. Hierarchal linear regression modeling and independent samples t-tests were used to examine associations between demographics and study variables, intersections of risk and resilience, and to explore differences in the likelihood of seeking help based on mental health diagnoses. A four-stage hierarchical linear regression was conducted, using likelihood of help-seeking as the dependent variable, to identify the most salient factors related to help-seeking. ""Step one"" of the analysis revealed soldiers-in-training who identified as female, Hispanic or Other ethnicity, and married, divorced, or separated reported a greater likelihood of seeking help. ""Step two"" of the analysis indicated soldiers-in-training with a history of sexual trauma, experience of impaired parenting, and clinical levels of mental health symptomatology (anxiety, depression, PTSD) reported a greater likelihood of seeking help. Inversely, soldiers-in-training with a history of emotional trauma and parental absence/separation reported a lower likelihood of seeking help. ""Step three"" of the analysis demonstrated soldiers-in-training with a prior history of seeking help and larger social networks had a greater likelihood of seeking help. ""Step four"" of the analysis revealed several interactive effects between risk and resilience factors. Specifically, soldiers-in-training who reported greater depressive symptomatology in combination with prior history of treatment seeking reported a greater likelihood of help seeking, whereas soldiers-in-training who reported prior sexual trauma and PTSD in combination with large social networks reported a lower likelihood of seeking help. Finally, a greater percentage of soldiers-in-training with clinical levels of anxiety, depression, and PTSD indicated they would likely seek help in comparison to soldiers-in-training without clinical symptoms. Findings suggest few soldiers-in-training are likely to seek help when experiencing a problem. General efforts to encourage help-seeking when needed are warranted with particular focus on subsets of soldiers-in-training (eg, men, those with a history of some adverse childhood experiences). Strengths of this study include the examination of a large sample of soldiers-in-training to identify possible leverage points for early intervention or prevention prior to entering stressful military operating environments. Limitations of this study include the examination of only one military branch and exclusion of soldiers not ""in-training."" Future studies could consider replicating the current study using a sample of military personnel longitudinally to track behavioral trends as well as looking at military populations outside of basic combat training.",Journal Article,,,,FULL_TEXT_UNAVAILABLE,,,,,NO_PMCID_IN_PRIMARY_METADATA,Design classification required before appraisal,NOT_POSSIBLE_WITHOUT_LAWFUL_FULL_TEXT,FULL_TEXT_REVIEW_AWAITING_APPRAISAL,FULL_TEXT_UNAVAILABLE,NO,"Source discovery completed; no final scientific inclusion without full-text appraisal, exact claim mapping and human confirmation."
EV-0904,"Tactical Combat Casualty Care Training, Knowledge, and Utilization in the US Army.",10.1093/milmed/usz303,32074304,,9H2D984V,2020,,,,CANONICAL_BASELINE,LOOP3X full-universe authoritative materialization,https://docs.google.com/spreadsheets/d/1PsCIFKpNMjrpsaHVu2mGKFYlRboKvNGgorZocCILnoY/edit#FULL_UNIVERSE_SCREENING,Drive modified 2026-09-21T02:35:49.190Z,PubMed A/B/C baseline,"Evidence Command Center 1,456 baseline; LOOP3X materialization",BASELINE,,HIGH_RELEVANCE,DIRECT_MANUSCRIPT_FIT,FULL_TEXT_REVIEW,P1 — HIGH,Tactical medicine / TCCC / TECC / APH,International,Tactical Medicine Readiness / APH-Tatico,YES,NO,NO,Verified — clear,NO,,PENDING,Refined 3-pass screen; scientific text separated from admin metadata,194,LOT-10-P1,https://pubmed.ncbi.nlm.nih.gov/32074304/,"Tactical Combat Casualty Care (TCCC) is the execution of prehospital trauma skills in the combat environment. TCCC was recognized by the 2018 Department of Defense Instruction on Medical Readiness Training as a critical wartime task. This study examines the training, understanding, and utilization of TCCC principles and guidelines among US Army medical providers and examines provider confidence of medics in performing TCCC skills. A cross-sectional survey, developed by members of the Committee on TCCC, was distributed to all US Army Physicians and Physician Assistants via anonymous electronic communication. A total of 613 completed surveys were included in the analyses. Logistic regression analyses were conducted on: TCCC test score of 80% or higher, confidence with medic utilization of TCCC, and medic utilization of ketamine in accordance with TCCC. <60% of respondents expressed confidence in the ability of the medics to perform all TCCC skills. Supervising providers who that believed 80 to 100% of their medics had completed TCCC training had more confidence in their medic's TCCC abilities. With TCCC, a recognized lifesaver on the battlefield, continued training and utilization of TCCC concepts are paramount for deploying personnel.",Journal Article,,,,FULL_TEXT_UNAVAILABLE,,,,,NO_PMCID_IN_PRIMARY_METADATA,Design classification required before appraisal,NOT_POSSIBLE_WITHOUT_LAWFUL_FULL_TEXT,FULL_TEXT_REVIEW_AWAITING_APPRAISAL,FULL_TEXT_UNAVAILABLE,NO,"Source discovery completed; no final scientific inclusion without full-text appraisal, exact claim mapping and human confirmation."
EV-0906,Mental Health Service Use in Depressed Military Personnel: A Systematic Review.,10.1093/milmed/usaa015,32073617,,GIJ9D5WU,2020,,,,CANONICAL_BASELINE,LOOP3X full-universe authoritative materialization,https://docs.google.com/spreadsheets/d/1PsCIFKpNMjrpsaHVu2mGKFYlRboKvNGgorZocCILnoY/edit#FULL_UNIVERSE_SCREENING,Drive modified 2026-09-21T02:35:49.190Z,PubMed A/B/C baseline,"Evidence Command Center 1,456 baseline; LOOP3X materialization",BASELINE,,HIGH_RELEVANCE,DIRECT_MANUSCRIPT_FIT,FULL_TEXT_REVIEW,P1 — HIGH,Mental health / stress,Both,Organizational Health Context / Discussao,YES,NO,NO,Verified — clear,NO,,PENDING,Refined 3-pass screen; scientific text separated from admin metadata,195,LOT-10-P1,https://pubmed.ncbi.nlm.nih.gov/32073617/,"Major depression is a leading cause of morbidity in military personnel and an important impediment to operational readiness in military organizations. Although treatment options are available, a large proportion of individuals with depression do not access mental health services. Quantifying and closing this treatment gap is a public health priority. However, the scientific literature on the major depression treatment gap in military organizations has never been systematically reviewed. We systematically searched the EMBASE, MEDLINE, and PsychINFO databases for studies measuring recent mental health service use in personnel serving in the armed forces of a Five-Eye country (Australia, Canada, New Zealand, the United Kingdom, or the United States). We excluded studies conducted with retired veterans. Because of the substantial heterogeneity in included studies, we did not pool their results. Instead, we computed median period prevalence of mental health service use. Twenty-eight studies were included in the systematic review; 12 had estimated mental health service use in personnel with depression, and another 16 had estimated mental health service use in personnel with depression or another mental health disorder. The period prevalence of mental health service use in depressed military personnel ranged from 20 to 75% in 12 included studies, with a median of 48%, over 2-12 months. The other 16 studies yielded similar conclusions; they reported period prevalence of mental health service use in personnel with any mental health disorder ranging from 14 to 75%, with a median of 36%, over 1-12 months. The median was higher in studies relying on diagnostic interviews to identify depressed personnel, compared to studies relying on screening tools (60% vs. 44%). There is a large treatment gap for major depression in particular, and for mental health disorders in general, among military personnel. However, our results highlight the association between the use of measurement tools and treatment gaps: estimated treatment gaps were larger when depressed patients were identified by screening tools instead of diagnostic interviews. Researchers should be wary of overestimating the mental health treatment gap when using screening tools in future studies.","Journal Article; Research Support, Non-U.S. Gov't; Systematic Review",,,,FULL_TEXT_UNAVAILABLE,,,,,NO_PMCID_IN_PRIMARY_METADATA,AMSTAR 2,NOT_POSSIBLE_WITHOUT_LAWFUL_FULL_TEXT,FULL_TEXT_REVIEW_AWAITING_APPRAISAL,FULL_TEXT_UNAVAILABLE,NO,"Source discovery completed; no final scientific inclusion without full-text appraisal, exact claim mapping and human confirmation."
EV-0919,A Cross-Sectional Examination of the Association Between Social Media Use and Sleep Among a Sample of U.S. Army Soldiers.,10.1093/milmed/usz423,31822912,,DYH996QK,2020,,,,CANONICAL_BASELINE,LOOP3X full-universe authoritative materialization,https://docs.google.com/spreadsheets/d/1PsCIFKpNMjrpsaHVu2mGKFYlRboKvNGgorZocCILnoY/edit#FULL_UNIVERSE_SCREENING,Drive modified 2026-09-21T02:35:49.190Z,PubMed A/B/C baseline,"Evidence Command Center 1,456 baseline; LOOP3X materialization",BASELINE,,HIGH_RELEVANCE,DIRECT_MANUSCRIPT_FIT,FULL_TEXT_REVIEW,P1 — HIGH,Sleep / fatigue / recovery,International,Integrated Operational Readiness / Discussion,YES,NO,NO,Verified — clear,NO,,PENDING,Refined 3-pass screen; scientific text separated from admin metadata,196,LOT-10-P1,https://pubmed.ncbi.nlm.nih.gov/31822912/,"In the United States (U.S.), approximately 35% of adults sleep less than 7 hours per night. The relationship between social media use and insufficient sleep has not thoroughly been examined among adults. The purpose of this study was to determine if social media use is associated with insufficient sleep among a sample of U.S. Army Soldiers. This study surveyed 9,052 U.S. Soldiers in 2018 via a self-administered online questionnaire. Using multivariable logistic regression, we examined the association between social media use (<38 hours vs. ≥38 hours per week) and insufficient sleep, controlling for demographic and behavioral covariates. Overall, 54.9% of Soldiers reported insufficient sleep. There was no significant relationship between excessive social media use and insufficient sleep in the multivariable logistic regression (OR: 1.03; CI: 0.87-1.23). The covariates of sex, race/ethnicity, rank, hazardous alcohol consumption, anxiety, and depression were significantly associated with insufficient sleep. Soldiers who reported symptoms of anxiety were more than twice as likely (OR: 2.11; CI: 1.65-2.70) to report insufficient sleep than Soldiers without signs of anxiety. Additionally, Soldiers who reported depressive symptoms were 85% (OR: 1.85; CI: 1.44-2.37) more likely to experience insufficient sleep than Soldiers without signs of depression. Sufficient sleep is essential to ensuring mission readiness and preventing accidental morbidity and mortality among Soldiers. The findings of this analysis do not suggest a link between extended social media use and insufficient sleep. However, though previously uninvestigated, Soldiers reporting symptoms of anxiety and depression were more likely to experience insufficient sleep compared to unafflicted Soldiers. Therefore developing a culture that encourages Soldiers to seek necessary behavioral health screening and care could be a key primary strategy to promote adequate sleep.","Journal Article; Research Support, U.S. Gov't, Non-P.H.S.",,,,FULL_TEXT_UNAVAILABLE,,,,,NO_PMCID_IN_PRIMARY_METADATA,Design classification required before appraisal,NOT_POSSIBLE_WITHOUT_LAWFUL_FULL_TEXT,FULL_TEXT_REVIEW_AWAITING_APPRAISAL,FULL_TEXT_UNAVAILABLE,NO,"Source discovery completed; no final scientific inclusion without full-text appraisal, exact claim mapping and human confirmation."
EV-0930,Hormonal balance and nutritional intake in elite tactical athletes.,10.1016/j.steroids.2019.108504,31586604,,N9YZ43DS,2019,,,,CANONICAL_BASELINE,LOOP3X full-universe authoritative materialization,https://docs.google.com/spreadsheets/d/1PsCIFKpNMjrpsaHVu2mGKFYlRboKvNGgorZocCILnoY/edit#FULL_UNIVERSE_SCREENING,Drive modified 2026-09-21T02:35:49.190Z,PubMed A/B/C baseline,"Evidence Command Center 1,456 baseline; LOOP3X materialization",BASELINE,,HIGH_RELEVANCE,DIRECT_MANUSCRIPT_FIT,FULL_TEXT_REVIEW,P1 — HIGH,Nutrition / shift work,International,Nutrition and Schedule Load / Nutricao e jornadas,YES,NO,NO,Verified — clear,NO,,PENDING,Refined 3-pass screen; scientific text separated from admin metadata,197,LOT-10-P1,https://pubmed.ncbi.nlm.nih.gov/31586604/,"Chronic exposure to multifactorial stress, such as that endured by elite military operators, may lead to overtraining syndrome and negatively impact hormonal regulation. In acute settings (<6 mos), military training has been shown to lead to hormonal dysfunction; however, less is known about the consequences of long-term military training. Thus, the purpose of this study was to determine the chronic effects of military operations and training on the hormone profile of elite military operators. A cross-sectional, random sample of active duty elite US military operators (n = 65, age = 29.8 ± 1.0 yrs, height = 178.4 ± 0.7 cm, weight = 85.1 ± 2.0 kg) concomitantly engaged in rigorous physical training were recruited to participate in the study. Following an overnight fast, waking plasma concentrations of luteinizing hormone, total testosterone (TT), free testosterone, sex-hormone binding globulin, cortisol, thyroid stimulating hormone, triiodothyronine, and thyroxine were obtained. Data were analyzed for correlations and compared against normative reference values. There was a significant positive correlation between TT and cortisol (R 2 = 0.07; P = 0.038). In addition, 43% of the participants (n = 28) had TT below age-based normative reference ranges. These results indicate that long-term military operations and training may place a large burden on the operators and depress or alter the hypothalamic pituitary, adrenal, gonadal, and thyroid axes.","Journal Article; Research Support, U.S. Gov't, Non-P.H.S.",,,,FULL_TEXT_UNAVAILABLE,,,,,NO_PMCID_IN_PRIMARY_METADATA,Design classification required before appraisal,NOT_POSSIBLE_WITHOUT_LAWFUL_FULL_TEXT,FULL_TEXT_REVIEW_AWAITING_APPRAISAL,FULL_TEXT_UNAVAILABLE,NO,"Source discovery completed; no final scientific inclusion without full-text appraisal, exact claim mapping and human confirmation."
EV-0936,The relationship between vitamin D status and depression in a tactical athlete population.,10.1186/s12970-019-0308-5,31500652,PMC6734287,EZX5SNFU,2019,,,,CANONICAL_BASELINE,LOOP3X full-universe authoritative materialization,https://docs.google.com/spreadsheets/d/1PsCIFKpNMjrpsaHVu2mGKFYlRboKvNGgorZocCILnoY/edit#FULL_UNIVERSE_SCREENING,Drive modified 2026-09-21T02:35:49.190Z,PubMed A/B/C baseline,"Evidence Command Center 1,456 baseline; LOOP3X materialization",BASELINE,,HIGH_RELEVANCE,DIRECT_MANUSCRIPT_FIT,FULL_TEXT_REVIEW,P1 — HIGH,Mental health / stress,International,Organizational Health Context / Discussao,YES,NO,NO,Verified — clear,NO,,PENDING,Refined 3-pass screen; scientific text separated from admin metadata,198,LOT-10-P1,https://pubmed.ncbi.nlm.nih.gov/31500652/,"Stressors inherent to the military, such as combat exposure, separation from family, and strenuous training, collectively contribute to compromised psychological resilience and greatly impact military performance. This retrospective review of records was conducted to determine whether vitamin D status was associated with diagnoses of depression and if diagnoses differed by geographic location. Depression (defined using diagnostic codes) was more prevalent in individuals who were diagnosed with vitamin D deficiency (20.4%) than in individuals who were not (4.2%). After adjustment, vitamin D deficient diagnoses remained significantly associated with depression diagnoses (OR = 1.22; 95% CI, 1.11-1.33, p < 0.001). Furthermore, vitamin D deficient diagnoses were strongly associated with geographic latitude (r 2 = 0.92, p = 0.002). These results suggest that service members stationed at installations located at northerly latitudes may be at increased risk for vitamin D deficiency. Furthermore, vitamin D deficient service members may be at higher risk for diagnosis of depression. As a number of military service members avoid reporting symptoms or seeking treatment, vitamin D status may be a useful screening tool to identify service members at risk for depression.",Journal Article,PMC6734287,,,LAWFUL_PMC_XML,https://pmc.ncbi.nlm.nih.gov/articles/PMC6734287/,PMC XML: Results | Discussion | Conclusions,"Results: The demographic characteristics of the study sample, grouped by geographic location, are presented in Table 2 . Of the total sample, 80.8% were active duty Army, 86.2% were male, and 86.3% were enlisted. The greatest number of records were obtained from the MTF located in Killeen, TX, whereas the fewest number of records were obtained from the MTF located in Fairbanks, AK. The largest age group was the 25–34 year old age group, followed by the 18–24 year old age group, which made up 40 and 36.9% of the sample, respectively. In total, 40% of personnel were senior ranking, compared to 60% of personnel that were junior ranking. Table 2 Demographic characteristics of active duty service members by military treatment facility location MTF Location Fairbanks, AK Watertown, NY Tacoma, WA Fayetteville, NC El Paso, TX Killeen, TX Totals n = 10,920 % n = 31,130 % n = 59,613 % n = 88,826 % n = 90,667 % n = 100,662 % n = 381,818 % Characteristic Service Type Active Army 10,534 96.5 29,810 95.8 55,147 92.5 82,591 93 55,015 60.7 75,312 74.8 308,409 80.8 Active Guard 386 3.5 1320 4.2 4466 7.5 6235 7 33,652 39.3 25,350 25.2 73,409 19.2 Gender Male 9799 89.7 27,850 89.5 50,979 85.5 77,150 86.9 78,5 | Discussion: This retrospective cross-sectional study describes significant associations between vitamin D deficiency, depression, and geographic location. Of the 381,818 records that were included for analysis, a total of 3730 records contained a diagnostic code for vitamin D deficiency. The overall prevalence of vitamin D deficiency (< 1%), found in this study, is notably lower than previous studies of military personnel; which report that vitamin D deficiency ranges between 16 and 30% [ 15 , 16 ]. The prevalence of vitamin D deficiency diagnoses were highest among males, the senior enlisted group, and the 25–34 year old age group. As this study only reviewed diagnoses, the actual number of service members who were examined for vitamin D status could not be determined. With this limitation, it is possible that a much larger number of personnel included in this study may have been vitamin D deficient but never received testing or diagnosis. Previous studies that report a higher prevalence of vitamin D deficiency in military populations describe research methods that include vitamin D testing or access to vitamin D status for the entire sample [ 15 , 16 ]. Additionally, a portion of the low pre | Conclusions: Vitamin D deficiency is a worldwide problem with a growing number of known health implications. This study demonstrated that active duty service members with a diagnosis of vitamin D deficiency were much more likely to have a diagnosis of depression. Although further studies are needed to support this relationship, this may highlight the usefulness of vitamin D testing as an additional screening method for depression. Vitamin D testing, in conjunction with current screening tools, may be a better approach to circumvent service members who are reluctant to seek care for mental health conditions. This may especially be true for service members who are stationed at installation located in northern latitudes who present a higher risk for depression. Implementing standardized policies for vitamin D testing and diagnosing could be instrumental in increasing the likelihood that service members are diagnosed as vitamin D deficient and are identified for mental health interventions sooner rather than later.",,,Design classification required before appraisal,PENDING_AI_FULL_TEXT_REVIEW,FULL_TEXT_REVIEW_AWAITING_APPRAISAL,UNRESOLVED,NO,"Source discovery completed; no final scientific inclusion without full-text appraisal, exact claim mapping and human confirmation."
EV-0939,"Implementation interventions for musculoskeletal programs of care in the active military and barriers, facilitators, and outcomes of implementation: a scoping review.",10.1186/s13012-019-0931-1,31419992,PMC6698020,4822LNWP,2019,,,,CANONICAL_BASELINE,LOOP3X full-universe authoritative materialization,https://docs.google.com/spreadsheets/d/1PsCIFKpNMjrpsaHVu2mGKFYlRboKvNGgorZocCILnoY/edit#FULL_UNIVERSE_SCREENING,Drive modified 2026-09-21T02:35:49.190Z,PubMed A/B/C baseline,"Evidence Command Center 1,456 baseline; LOOP3X materialization",BASELINE,,HIGH_RELEVANCE,DIRECT_MANUSCRIPT_FIT,FULL_TEXT_REVIEW,P1 — HIGH,Musculoskeletal injury,International,Operational Implications / Discussion,YES,NO,NO,Verified — clear,NO,,PENDING,Refined 3-pass screen; scientific text separated from admin metadata,199,LOT-10-P1,https://pubmed.ncbi.nlm.nih.gov/31419992/,"Musculoskeletal disorders are common in the active military and are associated with significant lost duty days and disability. Implementing programs of care to manage musculoskeletal disorders can be challenging in complex healthcare systems such as in the military. Understanding how programs of care for musculoskeletal disorders have been implemented in the military and how they impact outcomes may help to inform future implementation interventions in this population. We conducted a scoping review using the modified Arksey and O'Malley framework to identify literature on (1) implementation interventions of musculoskeletal programs of care in the active military, (2) barriers and facilitators of implementation, and (3) implementation outcomes. We identified studies published in English by searching MEDLINE, CINAHL, Embase, and CENTRAL (Cochrane) from inception to 1 June 2018 and hand searched reference lists of relevant studies. We included empirical studies. We synthesized study results according to three taxonomies: the Effective Practice and Organization of Care (EPOC) taxonomy to classify the implementation interventions; the capability, opportunity, motivation-behavior (COM-B) system to classify barriers and facilitators of implementation; and Proctor et al.'s taxonomy (Adm Policy Ment Health 38:65-76, 2011) to classify outcomes in implementation research. We identified 1785 studies and 16 were relevant. All but two of the relevant studies were conducted in the USA. Implementation interventions were primarily associated with delivery arrangements (e.g., multidisciplinary care). Most barriers or facilitators of implementation were environmental (physical or social). Service and client outcomes indicated improved efficiency of clinical care and improved function and symptomology. Studies reporting implementation outcomes indicated the programs were acceptable, appropriate, feasible, or sustainable. Identification of evidence-based approaches for the management of musculoskeletal disorders is a priority for active-duty military. Our findings can be used by military health services to inform implementation strategies for musculoskeletal programs of care. Further research is needed to better understand (1) the components of implementation interventions, (2) how to overcome barriers to implementation, and (3) how to measure implementation outcomes to improve quality of care and recovery from musculoskeletal disorders.","Journal Article; Research Support, Non-U.S. Gov't; Scoping Review",PMC6698020,,,LAWFUL_PMC_XML,https://pmc.ncbi.nlm.nih.gov/articles/PMC6698020/,PMC XML: Discussion | Conclusion,"Discussion: To our knowledge, this is the first scoping study to identify implementation interventions for musculoskeletal programs of care in the active military and barriers, facilitators, and outcomes of implementation. | Conclusion: Musculoskeletal disorders are a leading cause of disability in the military and effective treatment strategies are required to improve return to duty and maintain operational readiness. However, implementing programs of care is challenging given the complexity of the military healthcare system. We synthesized the available scientific literature regarding implementation interventions for musculoskeletal programs of care in the active military, and the barriers, facilitators, and outcomes of implementation. Further research is needed to better understand the various components and players of implementation interventions, how to overcome barriers to implementation, effectiveness of implementation interventions, and on implementation outcomes and their measurement. Once a program of care is successfully implemented, the ultimate goal is to determine whether it improves important patient outcomes such as recovery and return to duty.",,,Design classification required before appraisal,PENDING_AI_FULL_TEXT_REVIEW,FULL_TEXT_REVIEW_AWAITING_APPRAISAL,UNRESOLVED,NO,"Source discovery completed; no final scientific inclusion without full-text appraisal, exact claim mapping and human confirmation."
EV-0944,Multiligamentous Knee Injuries in the Military Tactical Athlete.,10.1097/jsa.0000000000000253,31361717,,7LNMW8IU,2019,,,,CANONICAL_BASELINE,LOOP3X full-universe authoritative materialization,https://docs.google.com/spreadsheets/d/1PsCIFKpNMjrpsaHVu2mGKFYlRboKvNGgorZocCILnoY/edit#FULL_UNIVERSE_SCREENING,Drive modified 2026-09-21T02:35:49.190Z,PubMed A/B/C baseline,"Evidence Command Center 1,456 baseline; LOOP3X materialization",BASELINE,,HIGH_RELEVANCE,DIRECT_MANUSCRIPT_FIT,FULL_TEXT_REVIEW,P1 — HIGH,Musculoskeletal injury,International,Operational Implications / Discussion,YES,NO,NO,Verified — clear,NO,,PENDING,Refined 3-pass screen; scientific text separated from admin metadata,200,LOT-11-P1,https://pubmed.ncbi.nlm.nih.gov/31361717/,"Multiligament knee injuries pose a significant challenge to military service members looking to return to active duty service. They represent a diverse injury pattern and recovery is often complicated by other ipsilateral extremity trauma and systemic injuries. There is a paucity of high-quality evidence guiding the treatment of these injuries. Despite this, orthopedic surgeons are tasked with a young, active, high demand population looking to maximize their recovery after these complex injuries. We present a synthesis of the available civilian and military literature and provide an evidence-based review with considerations specific to a military population.",Journal Article; Review,,,,FULL_TEXT_UNAVAILABLE,,,,,NO_PMCID_IN_PRIMARY_METADATA,Design classification required before appraisal,NOT_POSSIBLE_WITHOUT_LAWFUL_FULL_TEXT,FULL_TEXT_REVIEW_AWAITING_APPRAISAL,FULL_TEXT_UNAVAILABLE,NO,"Source discovery completed; no final scientific inclusion without full-text appraisal, exact claim mapping and human confirmation."
EV-0951,Sleep health and its association with performance and motivation in tactical athletes enrolled in the Reserve Officers' Training Corps.,10.1016/j.sleh.2019.01.004,31208712,,2S8MF2BQ,2019,,,,CANONICAL_BASELINE,LOOP3X full-universe authoritative materialization,https://docs.google.com/spreadsheets/d/1PsCIFKpNMjrpsaHVu2mGKFYlRboKvNGgorZocCILnoY/edit#FULL_UNIVERSE_SCREENING,Drive modified 2026-09-21T02:35:49.190Z,PubMed A/B/C baseline,"Evidence Command Center 1,456 baseline; LOOP3X materialization",BASELINE,,HIGH_RELEVANCE,DIRECT_MANUSCRIPT_FIT,FULL_TEXT_REVIEW,P1 — HIGH,Sleep / fatigue / recovery,International,Integrated Operational Readiness / Discussion,YES,NO,NO,Verified — clear,NO,,PENDING,Refined 3-pass screen; scientific text separated from admin metadata,201,LOT-11-P1,https://pubmed.ncbi.nlm.nih.gov/31208712/,"To examine habitual sleep health and investigate how habitual sleep duration impacts performance and motivation in Reserve Officers' Training Corps (ROTC) tactical athletes. Observational. A large, state university. Fifty-four young tactical athletes enrolled in ROTC. Participants wore wrist actigraph devices and completed sleep diaries for 7 days prior to completing a cognitive/motor test battery. The mean objective total sleep time of the participants was 6.17 ± 0.69 hours, with only 7.4% of participants averaging ≥7 hours of sleep per day. A mean sleep quality rating between ""Poor"" and ""Fair"" was reported by 22.2% of participants. The mean Epworth Sleepiness Scale rating was 8.80 ± 3.24, with 27.8% of participants reporting scores >10. Controlling for age and gender, the average objective total sleep duration was significantly associated with performance on the Symbol Digit Modalities Test (P = .026) and with motivation levels to perform the cognitive/motor battery (P = .016), but not with performance on the Psychomotor Vigilance Test, Flanker task, Trail Making Test, or Standing Broad Jump. ROTC tactical athletes habitually sleep less than the recommended 7 hours per day with roughly one-fourth reporting excessive daytime sleepiness and one-fifth reporting poor sleep quality, which may increase their risk for future adverse health outcomes. Longer sleep durations were associated with higher motivation levels and better cognitive processing speed performance; however, they were not associated with executive function, psychomotor vigilance, or broad jump performance.","Journal Article; Observational Study; Research Support, Non-U.S. Gov't",,,,FULL_TEXT_UNAVAILABLE,,,,,NO_PMCID_IN_PRIMARY_METADATA,JBI analytical cross-sectional/cohort checklist as applicable,NOT_POSSIBLE_WITHOUT_LAWFUL_FULL_TEXT,FULL_TEXT_REVIEW_AWAITING_APPRAISAL,FULL_TEXT_UNAVAILABLE,NO,"Source discovery completed; no final scientific inclusion without full-text appraisal, exact claim mapping and human confirmation."
EV-0954,Improvised Inguinal Junctional Tourniquets: Recommendations From the Special Operations Combat Medical Skills Sustainment Course.,10.55460/4qm4-j8mg,31201768,,HS4NTALW,2019,,,,CANONICAL_BASELINE,LOOP3X full-universe authoritative materialization,https://docs.google.com/spreadsheets/d/1PsCIFKpNMjrpsaHVu2mGKFYlRboKvNGgorZocCILnoY/edit#FULL_UNIVERSE_SCREENING,Drive modified 2026-09-21T02:35:49.190Z,PubMed A/B/C baseline,"Evidence Command Center 1,456 baseline; LOOP3X materialization",BASELINE,,HIGH_RELEVANCE,DIRECT_MANUSCRIPT_FIT,FULL_TEXT_REVIEW,P1 — HIGH,Tactical medicine / TCCC / TECC / APH,International,Tactical Medicine Readiness / APH-Tatico,YES,NO,NO,Verified — clear,NO,,PENDING,Refined 3-pass screen; scientific text separated from admin metadata,202,LOT-11-P1,https://pubmed.ncbi.nlm.nih.gov/31201768/,"Effectively and rapidly controlling significant junctional hemorrhage is an important effort of Tactical Combat Casualty Care (TCCC) and can potentially contribute to greater survival on the battlefield. Although the US Food and Drug Administration (FDA) has approved labeling of four devices for use as junctional tourniquets, many Special Operations Forces (SOF) medics do not carry commercially marketed junctional tourniquets. As part of ongoing educational improvement during Special Operations Combat Medical Skills Sustainment Courses (SOCMSSC), the authors surveyed medics to determine why they do not carry commercial tourniquets and present principles and methods of improvised junctional tourniquet (IJT) application. The authors describe the construction and application of IJTs, including the use of available pressure delivery devices and emphasizing that successful application requires sufficient and repetitive training.",Journal Article,,,,FULL_TEXT_UNAVAILABLE,,,,,NO_PMCID_IN_PRIMARY_METADATA,Design classification required before appraisal,NOT_POSSIBLE_WITHOUT_LAWFUL_FULL_TEXT,FULL_TEXT_REVIEW_AWAITING_APPRAISAL,FULL_TEXT_UNAVAILABLE,NO,"Source discovery completed; no final scientific inclusion without full-text appraisal, exact claim mapping and human confirmation."
EV-0960,"Examining a novel firefighter exercise training program on simulated fire ground test performance, cardiorespiratory endurance, and strength: a pilot investigation.",10.1186/s12995-019-0232-2,31049072,PMC6480838,BDI2BKL8,2019,,,,CANONICAL_BASELINE,LOOP3X full-universe authoritative materialization,https://docs.google.com/spreadsheets/d/1PsCIFKpNMjrpsaHVu2mGKFYlRboKvNGgorZocCILnoY/edit#FULL_UNIVERSE_SCREENING,Drive modified 2026-09-21T02:35:49.190Z,PubMed A/B/C baseline,"Evidence Command Center 1,456 baseline; LOOP3X materialization",BASELINE,,HIGH_RELEVANCE,DIRECT_MANUSCRIPT_FIT,FULL_TEXT_REVIEW,P1 — HIGH,Physical / academy readiness,International,Physical and Academy Readiness / Aptidao e academia,YES,NO,NO,Verified — clear,NO,,PENDING,Refined 3-pass screen; scientific text separated from admin metadata,203,LOT-11-P1,https://pubmed.ncbi.nlm.nih.gov/31049072/,"Firefighting is a dangerous occupation with high rates of injuries and fatalities, with the majority of line of duty fatalities due to cardiovascular events. Additionally, firefighters struggle with poor health/low levels of fitness, including high (> 80%) rates of overweight and obesity. Limited resources exist for fire departments that are tailored to the culture and work requirements of these ""tactical athletes"". Though there has been increasing interest in high intensity functional training (HIFT) programs, research data are lacking among firefighters and few studies have focused on training recruits. The purpose of this pilot investigation was to examine a novel HIFT program (TF20) on fire academy recruits' health, fitness, and performance as determined by a simulated fire ground test (SFGT), as well as determining the program's acceptability and feasibility. Thirteen participants were recruited from an entry level fire academy and were randomly assigned to the control (CG, n = 6) or HIFT group (TF20, n = 7). The CG was asked to continue current exercise habits. TF20 was provided a 10-week online based training program that included periodized workouts, nutritional information, and mental readiness education. Due to attrition within the first two weeks of the study, 10 male fire recruits (23 ± 3 years) completed the study (CG, n = 3, TF20, n = 7). All 10 participants completed baseline and follow-up assessments. The TF20 group showed improvement on numerous outcome measures including SFGT (40% passing at baseline, 86% passing post-intervention). TF20 participants significantly increased estimated VO2max ( p = 0.028), improved body composition (p = 0.028), and improved grip strength ( p = 0.018). The CG did not experience any significant changes. The TF20 group completed approximately 75% of the assigned workouts. While TF20 participants showed significant fitness gains, the small sample size limited direct comparisons to the CG. TF20 was well-received although there may be a better way to implement the intervention to increase participation. This investigation provides promising outcomes, useful information about implementation, feasibility, and acceptability for the TF20 HIFT program among firefighter recruits. IRB #8063 APPROVED 01/04/2016. NCT03319394. Registered 28 September 2014. Retrospectively registered.",Journal Article,PMC6480838,,,LAWFUL_PMC_XML,https://pmc.ncbi.nlm.nih.gov/articles/PMC6480838/,PMC XML: Results | Discussion | Conclusion,"Results: Thirteen participants consented to study participation (TF20: n = 7, 100% male, 22.6 ± 2.9 years; CG: n = 6, 83% male, 23.5 ± 3.6 years). Participant demographic characteristics are presented in Table 2 . The Mann-Whitney U test revealed there were no significant differences at baseline between the two groups with respect to demographic factors or on pre-intervention fitness measures. Ten male fire service recruits (aged 19–27 years) completed the study, including baseline and follow-up assessments and 10 weeks of either the TF20 intervention or self-guided exercise (TF20 n = 7, CG n = 3). Overall, the participants were less physically active than expected at baseline. Of the nine (6 TF20, 3 CG) that filled out a baseline questionnaire regarding current exercise behavior (over the past 30 days), 44% of TF20 group ( n = 4) and 67% of the CG ( n = 2) met either moderate or vigorous aerobic PAG. Only four (all in TF20 group) met the current physical activity guidelines (aerobic and muscle-strengthening). Table 2 Participant demographics at baseline (N = 13) Variable CG TF20 Difference Age (years) 23.5 22.6 −0.9 Gender (%Male) 83.0 100.0 + 17.0 Weight (kg) 72.4 90.0 + 17.6 a BMI (kg/m  | Discussion: The purpose of this pilot investigation was to assess performance outcomes, acceptability, and feasibility of an innovative firefighter fitness and wellness program (TF20) on firefighter recruits’ health, fitness, and performance. We hypothesized that TF20 participants would demonstrate greater improvements in fire ground performance, body composition, and strength than the CG participants. This pilot study examined the program’s performance and acceptability in “real world conditions” to determine if TF20 training program was relevant for firefighter recruits as they progressed through a fire academy. | Conclusion: This study is the first to systematically document the effects of TF20 and is one of few to examine firefighter recruits specifically. This investigation provides promising results for the feasibility, acceptability, and potential efficacy of high-intensity training programs designed for the fire service. It also provides useful information that will aid in the design and implementation of a larger randomized controlled trial and provides alternative guidance for exercise prescription specifically for firefighters. Further investigation is necessary with a larger sample population to examine different types of physical training and its effects on the firefighter population, specifically firefighter recruits. Future studies should also examine the impact of load carriage on firefighter performance and examine the difference between weighted vests and full firefighter turnout gear on physiologic performance.",,,Design classification required before appraisal,PENDING_AI_FULL_TEXT_REVIEW,FULL_TEXT_REVIEW_AWAITING_APPRAISAL,UNRESOLVED,NO,"Source discovery completed; no final scientific inclusion without full-text appraisal, exact claim mapping and human confirmation."
EV-0980,Extended Ketogenic Diet and Physical Training Intervention in Military Personnel.,10.1093/milmed/usz046,30877806,,2YW4A557,2019,,,,CANONICAL_BASELINE,LOOP3X full-universe authoritative materialization,https://docs.google.com/spreadsheets/d/1PsCIFKpNMjrpsaHVu2mGKFYlRboKvNGgorZocCILnoY/edit#FULL_UNIVERSE_SCREENING,Drive modified 2026-09-21T02:35:49.190Z,PubMed A/B/C baseline,"Evidence Command Center 1,456 baseline; LOOP3X materialization",BASELINE,,HIGH_RELEVANCE,DIRECT_MANUSCRIPT_FIT,FULL_TEXT_REVIEW,P1 — HIGH,Nutrition / shift work,International,Nutrition and Schedule Load / Nutricao e jornadas,YES,NO,NO,Verified — clear,NO,,PENDING,Refined 3-pass screen; scientific text separated from admin metadata,204,LOT-11-P1,https://pubmed.ncbi.nlm.nih.gov/30877806/,"Ketogenic diets (KDs) that elevate ketones into a range referred to as nutritional ketosis represent a possible nutrition approach to address the emerging physical readiness and obesity challenge in the military. An emerging body of evidence demonstrates broad-spectrum health benefits attributed to being in nutritional ketosis, but no studies have specifically explored the use of a KD in a military population using daily ketone monitoring to personalize the diet prescription. To evaluate the feasibility, metabolic, and performance responses of an extended duration KD, healthy adults (n = 29) from various military branches participated in a supervised 12-wk exercise training program. Fifteen participants self-selected to an ad libitum KD guided by daily measures of capillary blood ketones and 14 continued their normal mixed diet (MD). A battery of tests were performed before and after the intervention to assess changes in body mass, body composition, visceral fat, liver fat, insulin sensitivity, resting energy metabolism, and physical performance. All KD subjects were in nutritional ketosis during the intervention as assessed by daily capillary beta-hydroxybutyrate (βHB) (mean βHB 1.2 mM reported 97% of all days) and showed higher rates of fat oxidation indicative of keto-adaptation. Despite no instruction regarding caloric intake, the KD group lost 7.7 kg body mass (range -3.5 to -13.6 kg), 5.1% whole-body percent fat (range -0.5 to -9.6%), 43.7% visceral fat (range 3.0 to -66.3%) (all p < 0.001), and had a 48% improvement in insulin sensitivity; there were no changes in the MD group. Adaptations in aerobic capacity, maximal strength, power, and military-specific obstacle course were similar between groups (p > 0.05). US military personnel demonstrated high adherence to a KD and showed remarkable weight loss and improvements in body composition, including loss of visceral fat, without compromising physical performance adaptations to exercise training. Implementation of a KD represents a credible strategy to enhance overall health and readiness of military service members who could benefit from weight loss and improved body composition.","Journal Article; Research Support, Non-U.S. Gov't",,CommentIn: Mil Med. 2019 Oct 1;184(9-10):198. doi: 10.1093/milmed/usz183.,,FULL_TEXT_UNAVAILABLE,,,,,NO_PMCID_IN_PRIMARY_METADATA,Design classification required before appraisal,NOT_POSSIBLE_WITHOUT_LAWFUL_FULL_TEXT,FULL_TEXT_REVIEW_AWAITING_APPRAISAL,FULL_TEXT_UNAVAILABLE,NO,"Source discovery completed; no final scientific inclusion without full-text appraisal, exact claim mapping and human confirmation."
EV-0983,"Effects of 6-Month Military Deployment on Physical Fitness, Body Composition, and Selected Health-Related Biomarkers.",10.1519/jsc.0000000000002885,30829983,,7VGC285F,2021,,,,CANONICAL_BASELINE,LOOP3X full-universe authoritative materialization,https://docs.google.com/spreadsheets/d/1PsCIFKpNMjrpsaHVu2mGKFYlRboKvNGgorZocCILnoY/edit#FULL_UNIVERSE_SCREENING,Drive modified 2026-09-21T02:35:49.190Z,PubMed A/B/C baseline,"Evidence Command Center 1,456 baseline; LOOP3X materialization",BASELINE,,HIGH_RELEVANCE,DIRECT_MANUSCRIPT_FIT,FULL_TEXT_REVIEW,P1 — HIGH,Physical / academy readiness,International,Physical and Academy Readiness / Aptidao e academia,YES,NO,NO,Verified — clear,NO,,PENDING,Refined 3-pass screen; scientific text separated from admin metadata,205,LOT-11-P1,https://pubmed.ncbi.nlm.nih.gov/30829983/,"Sedliak, M, Sedliak, P, and Vaara, JP. Effects of 6-month military deployment on physical fitness, body composition, and selected health-related biomarkers. J Strength Cond Res 35(4): 1074-1081, 2021-The purpose was to study the effects of 6-month deployment to Afghanistan on physical performance, anthropometrical, and health-related biochemical parameters in soldiers with sedentary to light physical workload shifts. Twenty-five male soldiers (30 ± 4 years) volunteered and were measured before and after the 6-month deployment. Another 25 home-land-based male soldiers (30 ± 6 years) served as controls. Total body fat percentage decreased in deployed soldiers (Pre: 23.2 ± 5.3 vs. Post: 20.8 ± 5.5%, p < 0.05), whereas no change was observed in control (20.2 ± 6.9 vs. 20.5 ± 7.0%). Physical performance improved in deployed soldiers in 4 × 10-m shuttle run (10.86 ± 0.90 vs. 10.49 ± 0.63 seconds) and pull-up test to failure (4.7 ± 3.7 vs. 7.5 ± 6.7 rep.) (p < 0.05) but not in the controls for the respective tests (10.28 ± 0.74 vs. 10.40 ± 0.76 seconds and 10.2 ± 7.8 vs. 10.2 ± 7.5 rep.). Deployed soldiers also improved 5-km run with a simulated combat gear time (29.2 ± 3.1 vs. 27.4 ± 3.0 minutes), whereas in control the time increased (26.4 ± 2.9 vs. 27.8 ± 2.6 minutes, p < 0.05). Load at maximum power output in bench press was improved in deployed soldiers (51.6 ± 11.3 vs. 56.2 ± 12.6 kg, p < 0.05). Serum glucose and creatinine decreased (5.46 ± 0.53 vs. 4.87 ± 0.74 mmol·L-1 and 87.4 ± 10.7 vs. 80.9 ± 10.2 μmmol·L-1, respectively), and hemoglobin and hematocrite increased (15.13 ± 0.82 vs. 16.75 ± 0.85 g·dl-1 and 45.3 ± 1.5 vs. 48.1 ± 2.4%, respectively, p < 0.05) in the deployment group. In conclusion, after 6-month deployment consisting of sedentary and low physical occupational load, soldiers were able to increase their physical fitness and decrease their body fat content and improve selected health-related biochemical parameters. Therefore, the adoption and promotion of leisure-time physical activity in soldiers during deployments is essential to maintain combat readiness.",Journal Article,,,,FULL_TEXT_UNAVAILABLE,,,,,NO_PMCID_IN_PRIMARY_METADATA,Design classification required before appraisal,NOT_POSSIBLE_WITHOUT_LAWFUL_FULL_TEXT,FULL_TEXT_REVIEW_AWAITING_APPRAISAL,FULL_TEXT_UNAVAILABLE,NO,"Source discovery completed; no final scientific inclusion without full-text appraisal, exact claim mapping and human confirmation."
EV-0987,Relationship of Strength and Conditioning Metrics to Success on the Army Ranger Physical Assessment Test.,10.1519/jsc.0000000000003044,30789582,,8DTMBQWT,2019,,,,CANONICAL_BASELINE,LOOP3X full-universe authoritative materialization,https://docs.google.com/spreadsheets/d/1PsCIFKpNMjrpsaHVu2mGKFYlRboKvNGgorZocCILnoY/edit#FULL_UNIVERSE_SCREENING,Drive modified 2026-09-21T02:35:49.190Z,PubMed A/B/C baseline,"Evidence Command Center 1,456 baseline; LOOP3X materialization",BASELINE,,HIGH_RELEVANCE,DIRECT_MANUSCRIPT_FIT,FULL_TEXT_REVIEW,P1 — HIGH,Physical / academy readiness,International,Physical and Academy Readiness / Aptidao e academia,YES,NO,NO,Verified — clear,NO,,PENDING,Refined 3-pass screen; scientific text separated from admin metadata,206,LOT-11-P1,https://pubmed.ncbi.nlm.nih.gov/30789582/,"Barringer, ND, McKinnon, CJ, O'Brien, NC, and Kardouni, JR. Relationship of strength and conditioning metrics to success on the army ranger physical assessment test. J Strength Cond Res 33(4): 958-964, 2019-The purpose of our study was to compare standard strength and conditioning assessments in the Ranger Athlete Warrior (RAW) assessments to a tactical assessment of the Ranger Physical Assessment Test (RPAT) to determine what influence, if any, that they may have on the RPAT outcome. We analyzed RAW and RPAT data on 1,141 soldiers attempting the Ranger Assessment and Selection Program I (RASP I) for entrance into the 75th Ranger Regiment as part of their routine program data collection from July 2014 to July 2017. We found better performance in the broad jump, pull-ups, and average 300-yard shuttle time was associated with improved odds of passing the RPAT. For every increasing 2.54 centimeters in broad jump, the odds of passing the RPAT increased by 4% (OR = 1.04, 95% CI [1.01-1.07]). Each additional pull-up was associated with 6% better odds (OR = 1.06, 95% CI [1.01-1.12]) of passing the RPAT, and every second faster in the 300-yard shuttle was associated with 9% better odds of passing the RPAT (OR = 1.09, 95% CI [1.03-1.14]). The results of this study indicate that lower-body power, pulling strength, and anaerobic conditioning seemed to have the greatest influence on RPAT success. Our current results provide guidance to Strength Coaches or TSAC-Fs preparing tactical athletes for this specific or similar tactical assessment as better performance was found for tactical athletes with greater lower-body power, pulling strength, and anaerobic endurance.",Comparative Study; Journal Article,,,,FULL_TEXT_UNAVAILABLE,,,,,NO_PMCID_IN_PRIMARY_METADATA,Design classification required before appraisal,NOT_POSSIBLE_WITHOUT_LAWFUL_FULL_TEXT,FULL_TEXT_REVIEW_AWAITING_APPRAISAL,FULL_TEXT_UNAVAILABLE,NO,"Source discovery completed; no final scientific inclusion without full-text appraisal, exact claim mapping and human confirmation."
EV-0991,Risk of post-traumatic knee osteoarthritis after knee injury in military service members.,10.1002/msc.1378,30609244,,S2WLG7N2,2019,,,,CANONICAL_BASELINE,LOOP3X full-universe authoritative materialization,https://docs.google.com/spreadsheets/d/1PsCIFKpNMjrpsaHVu2mGKFYlRboKvNGgorZocCILnoY/edit#FULL_UNIVERSE_SCREENING,Drive modified 2026-09-21T02:35:49.190Z,PubMed A/B/C baseline,"Evidence Command Center 1,456 baseline; LOOP3X materialization",BASELINE,,HIGH_RELEVANCE,DIRECT_MANUSCRIPT_FIT,FULL_TEXT_REVIEW,P1 — HIGH,Musculoskeletal injury,International,Operational Implications / Discussion,YES,NO,NO,Verified — clear,NO,,PENDING,Refined 3-pass screen; scientific text separated from admin metadata,207,LOT-11-P1,https://pubmed.ncbi.nlm.nih.gov/30609244/,"The aims of the present study were: (a) to identify the incidence of osteoarthritis (OA) after a traumatic knee injury; (b) identify the risk of post-traumatic osteoarthritis (PTOA) based on the type of injury; and (c) identify the time from injury to OA diagnosis. The Expeditionary Medical Encounter Database, containing healthcare utilization for all deployment injuries sustained by military service members, was queried for traumatic knee injuries between 2001 and 2016. Subsequent diagnosis of knee OA was identified, defined as PTOA. Time to knee PTOA diagnosis was determined and logistic regression was used to obtain odds ratios (ORs) (95% confidence interval [CI]) between knee injury type and development of PTOA. A total of 345 (9.57%) of the 3,605 subjects were diagnosed with PTOA. The median time to diagnosis was 4.10 years. Four primary diagnoses remained significantly associated with PTOA after adjusting for age and injury severity score: fracture (adjusted OR [aOR] = 1.36; 95% CI 1.02, 1.82), sprain (aOR = 1.59; 95% CI 1.23, 2.06), dislocation (aOR = 3.70; 95% CI 2.09, 6.55) and derangement (aOR = 2.38; 95% CI 1.33, 4.28). Subjects were significantly less likely to develop PTOA after a soft-tissue injury (aOR = 0.44; 95% CI 0.41, 0.75). A substantial number of individuals with a traumatic knee injury developed early PTOA (9.6%). Certain knee injuries have a greater association with PTOA. Future studies should implement longer surveillance periods and identify other healthcare variables associated with the risk of developing PTOA, to include appropriate and timely interventions.",Journal Article,,,,FULL_TEXT_UNAVAILABLE,,,,,NO_PMCID_IN_PRIMARY_METADATA,Design classification required before appraisal,NOT_POSSIBLE_WITHOUT_LAWFUL_FULL_TEXT,FULL_TEXT_REVIEW_AWAITING_APPRAISAL,FULL_TEXT_UNAVAILABLE,NO,"Source discovery completed; no final scientific inclusion without full-text appraisal, exact claim mapping and human confirmation."
EV-0998,Fight load index and body composition are most associated with combat fitness in female Marines.,10.1016/j.jsams.2018.10.014,30448087,,BTVFX4AY,2019,,,,CANONICAL_BASELINE,LOOP3X full-universe authoritative materialization,https://docs.google.com/spreadsheets/d/1PsCIFKpNMjrpsaHVu2mGKFYlRboKvNGgorZocCILnoY/edit#FULL_UNIVERSE_SCREENING,Drive modified 2026-09-21T02:35:49.190Z,PubMed A/B/C baseline,"Evidence Command Center 1,456 baseline; LOOP3X materialization",BASELINE,,HIGH_RELEVANCE,DIRECT_MANUSCRIPT_FIT,FULL_TEXT_REVIEW,P1 — HIGH,Physical / academy readiness,International,Physical and Academy Readiness / Aptidao e academia,YES,NO,NO,Verified — clear,NO,,PENDING,Refined 3-pass screen; scientific text separated from admin metadata,208,LOT-11-P1,https://pubmed.ncbi.nlm.nih.gov/30448087/,"Optimizing tactical fitness is important for combat readiness and injury prevention, especially as women have entered ground combat military occupational specialties. To assess characteristics of male and female Marines by Combat Fitness Test (CFT) performance clusters. Cross-sectional study. Anthropometric, body composition (BF%, fat and fat-free mass [FM and FFM], and Fight load index [FLI], physiological (maximal oxygen uptake, lactate threshold and anaerobic power/capacity), and musculoskeletal (isokinetic strength of the knee, shoulder, torso, and isometric strength of the ankle) assessments were obtained from 294 male (M) and female (F) Marines. Hierarchical cluster analysis classified Marines based on performance of two CFT events (sec): Maneuver Under Fire (MANUF) and Movement to Contact (MTC). Following tests for normality, one-way ANOVA or Kruskal Wallis tests, followed by Bonferroni post-hoc tests, assessed characteristics across clusters and sex (alpha=0.05). Two clusters (C) were determined: C1: N=66F, 16M and C2: N=18F, 194M, with C2 demonstrating better performance on the MANUF and MTC. C1F demonstrated significantly greater BF% and FLI than C1M, C2F, and C2M. C2M demonstrated significantly greater knee flexion strength than C1F and C2F, but C1M was only significantly greater than C1F. C2M demonstrated significantly greater ankle eversion and inversion strength than C1F. Women with increased BF%, increased FM and reduced FFM relative to a fighting load may have decreased performance in combat-related tasks. Training programs based on an individual Marine's baseline body composition and fitness characteristics can enhance combat fitness and force readiness.",Journal Article,,,,FULL_TEXT_UNAVAILABLE,,,,,NO_PMCID_IN_PRIMARY_METADATA,Design classification required before appraisal,NOT_POSSIBLE_WITHOUT_LAWFUL_FULL_TEXT,FULL_TEXT_REVIEW_AWAITING_APPRAISAL,FULL_TEXT_UNAVAILABLE,NO,"Source discovery completed; no final scientific inclusion without full-text appraisal, exact claim mapping and human confirmation."
EV-1009,Effects of Tactical Emergency Casualty Care Training for Law Enforcement Officers.,10.1017/s1049023x18000730,30168405,,D2RT6YCE,2018,,,,CANONICAL_BASELINE,LOOP3X full-universe authoritative materialization,https://docs.google.com/spreadsheets/d/1PsCIFKpNMjrpsaHVu2mGKFYlRboKvNGgorZocCILnoY/edit#FULL_UNIVERSE_SCREENING,Drive modified 2026-09-21T02:35:49.190Z,PubMed A/B/C baseline,"Evidence Command Center 1,456 baseline; LOOP3X materialization",BASELINE,,HIGH_RELEVANCE,DIRECT_MANUSCRIPT_FIT,FULL_TEXT_REVIEW,P1 — HIGH,Tactical medicine / TCCC / TECC / APH,International,Tactical Medicine Readiness / APH-Tatico,YES,NO,NO,Verified — clear,NO,,PENDING,Refined 3-pass screen; scientific text separated from admin metadata,209,LOT-11-P1,https://pubmed.ncbi.nlm.nih.gov/30168405/,"This study evaluated how Tactical Emergency Casualty Care (TECC) training prepared law enforcement officers (LEOs) with the tools necessary to provide immediate, on-scene medical care to successfully stabilize victims of trauma. This was a retrospective, de-identified study using a seven-item Fairfax County (Virginia USA) TECC After-Action Questionnaire and Arlington County (Virginia USA) police reports. Forty-six encounters were collected from 2015 through 2016. Eighty-four percent (n=39) of the encounters were from TECC After-Action Questionnaires and 15% (n=7) were from police reports. The main injuries included 13% (n=6) arterial bleeds, 46% (n=21) mild/moderate bleeds, 37% (n=17) large wounds, 20% (n=9) penetrating chest wounds, and 13% (n=6) open abdominal wounds. One-hundred percent of officers reported success in stabilizing victim injuries. Seventy-four percent of officers (n=26) did not encounter problems caring for a patient while 26% (n=9) encountered a problem. Ninety-seven percent (n=37/38) answered Yes, the training was sufficient, and three percent (n=1) indicated it was OK. This is the most comprehensive study of TECC use among LEOs to date that supports the importance of TECC training for all LEOs in prehospital trauma care. Results of this study showed TECC training prepared LEOs with the operational tools necessary to provide immediate, on-scene medical care to successfully stabilize victims of trauma. Continuing to train increasing numbers of LEOs in TECC is key to saving the lives of victims of trauma in the future. RothschildHR, MathiesonK. Effects of Tactical Emergency Casualty Care training for law enforcement officers. Prehosp Disaster Med. 2018;33(5):495-500.",Journal Article,,,,FULL_TEXT_UNAVAILABLE,,,,,NO_PMCID_IN_PRIMARY_METADATA,Design classification required before appraisal,NOT_POSSIBLE_WITHOUT_LAWFUL_FULL_TEXT,FULL_TEXT_REVIEW_AWAITING_APPRAISAL,FULL_TEXT_UNAVAILABLE,NO,"Source discovery completed; no final scientific inclusion without full-text appraisal, exact claim mapping and human confirmation."
EV-1014,Neuromuscular Performance and Hormonal Profile During Military Training and Subsequent Recovery Period.,10.1093/milmed/usy176,30053107,,GGW7BF3W,2019,,,,CANONICAL_BASELINE,LOOP3X full-universe authoritative materialization,https://docs.google.com/spreadsheets/d/1PsCIFKpNMjrpsaHVu2mGKFYlRboKvNGgorZocCILnoY/edit#FULL_UNIVERSE_SCREENING,Drive modified 2026-09-21T02:35:49.190Z,PubMed A/B/C baseline,"Evidence Command Center 1,456 baseline; LOOP3X materialization",BASELINE,,HIGH_RELEVANCE,DIRECT_MANUSCRIPT_FIT,FULL_TEXT_REVIEW,P1 — HIGH,Sleep / fatigue / recovery,International,Integrated Operational Readiness / Discussion,YES,NO,NO,Verified — clear,NO,,PENDING,Refined 3-pass screen; scientific text separated from admin metadata,210,LOT-11-P1,https://pubmed.ncbi.nlm.nih.gov/30053107/,"Military training loads may induce different physiological responses in garrison and field training and only a little is known about how short-time recovery, lasting a few days, affects neuromuscular fitness and hormonal profile. This study aimed to investigate the effects of garrison and field military service on neuromuscular performance and hormonal profile and to evaluate the effects of a 3-day recovery on those factors. Twenty healthy male soldiers (20 ± 1 years) participated in the study, which consisted of 4 days of garrison training [days (D) 1-4] and 7 days of military field training (Days 5-12) followed by a 3-day recovery period (Day 15). Serum hormone concentrations [testosterone (TES), cortisol (COR), sex-hormone binding globulin (SHBG), free thyroxine (T4)] were assessed at D1, D5, D8-12, and D15. Handgrip strength was measured in 10 participants at D1, D5, D8, D12, and D15. Maximal isometric force, electromyography, and rate of force development (RFD) of the knee extensors and arm flexors were also measured at D5, D12, and D15. The maximal force of both the arm flexors and knee extensors was not affected by the garrison or field training, whereas the RFD of the knee extensors was decreased during the field training (D5: 383 ± 130 vs. D12: 321 ± 120 N/s, p < 0.05). In addition, handgrip strength was mostly no affected, although a significant difference was observed between D8 and D12 (531 ± 53 vs. 507 ± 43 N, p < 0.05) during the field training. TES decreased already during the garrison training (D1: 18.2 ± 3.9 vs. D5: 16.2 ± 4.0 nmol/L, p < 0.05) and decreased further during the field training compared to baseline (D8: 10.2 ± 3.6 - D11: 11.4 ± 5.4 nmol/L, p < 0.05) exceeding the lowest concentration in the end of the field training (D12: 7.1 ± 4.1 nmol/L, p < 0.05). Similar changes were observed in free TES (D1: 72.2 ± 31.4 vs. D12: 35.1 ± 21.5 nmol/L, p < 0.001). The TES concentration recovered back to the baseline level and free TES increased after the recovery period compared with the baseline values (D15: 19.9 ± 5.3 nmol/L, D15: 99.7 ± 41.1 nmol/L, respectively). No changes were observed in the COR or SHBG concentrations during the garrison period. COR was decreased in the end of the field training (D12: 388 ± 109 nmol/L) compared with baseline (D1: 536 ± 113 nmol/L) (p < 0.05-0.001) but recovered back to the baseline levels after the recovery period (D15: 495 ± 58 nmol/L), whereas SHBG linearly increased towards the end of the field training (p < 0.05-0.001). The present findings demonstrate that neuromuscular performance can be relatively well maintained during short-term garrison and field training even when a clear decrease in hormonal profile is evident. In addition, hormonal responses during field training seem to be greater compared to garrison training, however, the recovery of 3-day in free-living conditions seems to be sufficient for hormonal recovery. Therefore, a short-term recovery period lasting few days after the military field training may be required to maintain operational readiness after the field training.",Journal Article,,,,FULL_TEXT_UNAVAILABLE,,,,,NO_PMCID_IN_PRIMARY_METADATA,Design classification required before appraisal,NOT_POSSIBLE_WITHOUT_LAWFUL_FULL_TEXT,FULL_TEXT_REVIEW_AWAITING_APPRAISAL,FULL_TEXT_UNAVAILABLE,NO,"Source discovery completed; no final scientific inclusion without full-text appraisal, exact claim mapping and human confirmation."
EV-1020,Risk for Lower Extremity Injury After Concussion: A Matched Cohort Study in Soldiers.,10.2519/jospt.2018.8053,29739302,,A3LY9W49,2018,,,,CANONICAL_BASELINE,LOOP3X full-universe authoritative materialization,https://docs.google.com/spreadsheets/d/1PsCIFKpNMjrpsaHVu2mGKFYlRboKvNGgorZocCILnoY/edit#FULL_UNIVERSE_SCREENING,Drive modified 2026-09-21T02:35:49.190Z,PubMed A/B/C baseline,"Evidence Command Center 1,456 baseline; LOOP3X materialization",BASELINE,,HIGH_RELEVANCE,DIRECT_MANUSCRIPT_FIT,FULL_TEXT_REVIEW,P1 — HIGH,Musculoskeletal injury,International,Operational Implications / Discussion,YES,NO,NO,Verified — clear,NO,,PENDING,Refined 3-pass screen; scientific text separated from admin metadata,211,LOT-11-P1,https://pubmed.ncbi.nlm.nih.gov/29739302/,"Background Rates of lower extremity musculoskeletal injury are reportedly higher in professional and collegiate athletes following concussions. However, there is a paucity of evidence on this relationship in individuals who are not high-level athletes. Objectives To examine the risk of acute lower extremity musculoskeletal injury in soldiers within 2 years of an incident concussion, compared to matched nonconcussed soldiers. Methods This was a matched-cohort study that used the medical encounter and personnel data of active-duty US Army soldiers from 2005 to 2011. Incident concussions were identified using International Classification of Diseases-Ninth Revision codes in medical encounter data of all soldiers from 2005 to 2009. One nonconcussed soldier in the US Army during the same month was matched by age, sex, rank, length of service, deployment status, and military career field to each concussed soldier. Hazard ratio (HR) and 95% confidence interval (CI) were calculated for the risk of lower extremity injury within 2 years of the incident concussion. Monthly HRs were compared to identify differences in injury rates between the groups, and an HR for the period of greatest difference was also calculated. Results A total of 23 044 individuals (11 522 concussed and 11 522 nonconcussed) were included in the study. Within 2 years of concussion, the hazard of lower extremity injury was 38% greater in concussed compared to nonconcussed soldiers (HR, 1.38; 95% CI: 1.30, 1.46), while the 15-month hazard was 45% greater (HR, 1.45; 95% CI: 1.36, 1.56). Conclusion The rate of lower extremity musculoskeletal injury among this population of physically active adults is higher following concussion, and the risk remains elevated for more than a year following injury. Level of Evidence Prognosis, level 2b. J Orthop Sports Phys Ther 2018;48(7):533-540. Epub 8 May 2018. doi:10.2519/jospt.2018.8053.",Journal Article,,,,FULL_TEXT_UNAVAILABLE,,,,,NO_PMCID_IN_PRIMARY_METADATA,Design classification required before appraisal,NOT_POSSIBLE_WITHOUT_LAWFUL_FULL_TEXT,FULL_TEXT_REVIEW_AWAITING_APPRAISAL,FULL_TEXT_UNAVAILABLE,NO,"Source discovery completed; no final scientific inclusion without full-text appraisal, exact claim mapping and human confirmation."
EV-1026,Self-reported musculoskeletal complaints and injuries and exposure of physical workload in Swedish soldiers serving in Afghanistan.,10.1371/journal.pone.0195548,29621324,PMC5886608,MJMAFA4A,2018,,,,CANONICAL_BASELINE,LOOP3X full-universe authoritative materialization,https://docs.google.com/spreadsheets/d/1PsCIFKpNMjrpsaHVu2mGKFYlRboKvNGgorZocCILnoY/edit#FULL_UNIVERSE_SCREENING,Drive modified 2026-09-21T02:35:49.190Z,PubMed A/B/C baseline,"Evidence Command Center 1,456 baseline; LOOP3X materialization",BASELINE,,HIGH_RELEVANCE,DIRECT_MANUSCRIPT_FIT,FULL_TEXT_REVIEW,P1 — HIGH,Musculoskeletal injury,International,Operational Implications / Discussion,YES,NO,NO,Verified — clear,NO,,PENDING,Refined 3-pass screen; scientific text separated from admin metadata,212,LOT-11-P1,https://pubmed.ncbi.nlm.nih.gov/29621324/,"Musculoskeletal complaints and injuries (MSCI) are common in military populations. However, only a limited number of studies have followed soldiers during international deployments and investigated the prevalence of MSCI during and at the end of their deployment. The aim was to describe the prevalence of MSCI in different military occupational specialties and categorise their most common tasks in terms of exposures to physical workloads during a six-month long international deployment in Afghanistan. Cross-sectional survey, including 325 soldiers (300 men), aged 20-62 participating in an international deployment in Afghanistan during the spring of 2012. Soldiers were clustered into different military occupational specialties: Infantry, Administration, Logistics, Logistics/Camp, Medical and Other. Data were collected through the use of the Musculoskeletal Screening Protocol at the end of the international mission. Forty-seven percent reported MSCI during deployment, with 28% at the end. The most common locations of MSCI during the mission were lower back, knee, shoulders, upper back, neck and foot, while the knee and lower back prevailed at the end of the mission. Almost half of the soldiers who had MSCI reported affected work ability. The most common duties during the mission were vehicle patrolling, staff duties, guard/security duties, foot patrols and transportation. Soldiers reported that vehicle patrolling, staff duties and transportation were demanding with respect to endurance strength, guard/security duties challenged both maximum and endurance strength while foot patrolling challenged maximum and endurance strength, aerobic and anaerobic endurance and speed. MSCI during international deployment are common among Swedish soldiers. The results indicate the need to further develop strategies focusing on matching the soldiers' capacity to the job requirements, with relevant and fair physical selection-tests during the recruitment process and proactive interventions targeting MSCI before and during deployment, in order to enhance soldiers' readiness and promote operational readiness.",Journal Article,PMC5886608,,,LAWFUL_PMC_XML,https://pmc.ncbi.nlm.nih.gov/articles/PMC5886608/,PMC XML: Results | Discussion | Conclusion,"Results: A total of 325 soldiers, representing different military occupations, were included in the study. Soldiers were clustered into different Military Occupational Specialties (MOS): Infantry (n = 120), Logistics (n = 50), Logistics/camp (n = 59), Medical, consisting of the medical evacuation team and medical personnel working at the camp’s health centre (n = 18), Administration (n = 49) and Other (n = 29). The group ‘Other’ consisted of soldiers with mentoring assignments (i.e. mentoring of Afghan Police and Afghan Army) and liaison (including duties both at camp and in the field, where they wear only uniform as well as combat gear). For demographic data, see Table 1 . | Discussion: The aim of the study was to describe the prevalence of musculoskeletal complaints and injuries in different Swedish military occupational specialties’ and their estimated exposures to physical workloads in most common tasks during a six-month international deployment in Afghanistan. The present study revealed a high prevalence of MSCI during the mission, which is consistent with previous research by Konitzer et al, who found higher rates of musculoskeletal pain during deployment than before [ 16 ]. Also, Glad et al. found that the majority of reported MSCI in Swedish soldiers serving in Afghanistan occurred during deployment [ 12 ]. Roy et al. found exacerbations of previous injuries as one of the most common injury causes during deployment [ 9 ]. Even though the soldiers seem to be physically well prepared, the increased prevalence of MSCI during deployment might be explained by limited possibilities for recovery, as Rhon found in US soldiers serving in Iraq [ 17 ]. Another explanation is that MSCI are training-related and occur during physical training and sports. Roy et al. found weight lifting and sports as common causes of musculoskeletal injuries [ 9 ]. The high prevalence of | Conclusion: Musculoskeletal complaints and injuries during international deployment are common among Swedish soldiers. Furthermore, the soldiers are exposed to duties, which could be highly demanding on their maximum and endurance strength, aerobic and anaerobic endurance, all of which contribute to a high physical workload. The results of the present study indicate the need for the SwAF to further develop strategies focusing on matching the soldiers’ capacity to the job requirements, with relevant and fair physical selection-tests during the recruitment process and proactive interventions targeting MSCI before and during deployment, in order to enhance soldiers’ readiness and promote operational readiness.",,,Design classification required before appraisal,PENDING_AI_FULL_TEXT_REVIEW,FULL_TEXT_REVIEW_AWAITING_APPRAISAL,UNRESOLVED,NO,"Source discovery completed; no final scientific inclusion without full-text appraisal, exact claim mapping and human confirmation."
EV-1036,Changes in Physical Performance During 21 d of Military Field Training in Warfighters.,10.1093/milmed/usx049,29420780,,QLZUP7MN,2018,,,,CANONICAL_BASELINE,LOOP3X full-universe authoritative materialization,https://docs.google.com/spreadsheets/d/1PsCIFKpNMjrpsaHVu2mGKFYlRboKvNGgorZocCILnoY/edit#FULL_UNIVERSE_SCREENING,Drive modified 2026-09-21T02:35:49.190Z,PubMed A/B/C baseline,"Evidence Command Center 1,456 baseline; LOOP3X materialization",BASELINE,,HIGH_RELEVANCE,DIRECT_MANUSCRIPT_FIT,FULL_TEXT_REVIEW,P1 — HIGH,Physical / academy readiness,International,Physical and Academy Readiness / Aptidao e academia,YES,NO,NO,Verified — clear,NO,,PENDING,Refined 3-pass screen; scientific text separated from admin metadata,213,LOT-11-P1,https://pubmed.ncbi.nlm.nih.gov/29420780/,"Few studies have reported the amount of physical activity (PA) and its associations to physical performance of warfighters during military field training (MFT). The purpose of this study was to investigate changes in neuromuscular performance and PA among male Finnish Army conscripts during a 21-d MFT and to evaluate their recovery during 4 d after MFT. Body composition and physical performance were measured four times during the study (before MFT (PRE), after 12 d (MID), post training (POST) and after 4 d of recovery (RECO)). PA was measured throughout MFT in a group of healthy young male conscripts (n=49) by using a tri-axial accelerometer. The study was approved by the Finnish Defence Forces and was granted ethics approval by the Ethics Committee of the University of Jyväskylä. Body mass declined significantly from 73.5 ± 8.7 to 71.6 ± 8.2 kg, but it recovered close to the PRE values (73.0 ± 8.3 kg). The same trend was also found in skeletal muscle mass and fat mass. The change in body mass and in skeletal muscle mass correlated negatively with the change in vigorous physical activity (r = -0.374, p = 0.016, and r = -0.337, p = 0.031, respectively). Muscular endurance decreased significantly (p < 0.001) in sit-ups from the PRE (46 ± 9 reps/min) values compared with MID (40 ± 8 reps/min), POST (42 ± 8 reps/min), and RECO (34 ± 11 reps/min) values. Also in push-ups, the declines in the POST (34 ± 10 reps/min) and RECO (34 ± 13 reps/min) values (p < 0.001) from the PRE (40 ± 13 reps/min) and MID (39 ± 12 reps/min) values were observed. There was a significant decrease in a standing long jump in all measurement points MID (220 ± 20 cm), POST (216 ± 20 cm), and RECO (213 ± 20 cm) as compared with the PRE values (229 ± 23 cm, p < 0.001). There was no change in 3.2 km loaded march time between the PRE (23:57 ± 4:12 min:s) and POST (23:44 ± 5:02 min:s) measurement time points. In PA, the total number of steps per day was significantly (p < 0.001) greater during ST (13,722 ± 2,379 steps) and MFT (13,937 ± 2,276 steps) than during garrison days (9,550 ± 2,569 steps). In POST, there was significantly (p < 0.001) more light (1.5-3.0 metabolic equivalent) (2:34:38 ± 0:22:53 h:min:s in ST and 3:03:27 ± 0:23:24 h:min:s in MFT) and moderate (3.0-6.0 metabolic equivalent) (2:12:15 ± 0:23:14 h:min:s in ST and 2:47:59 ± 0:27:23 h:min:s in MFT) PA than in the PRE measurements. This study demonstrated slight decrements in warfighter physical performance during the 21-d MFT. The conscripts were overloaded during MFT, but 4 d of recovery seemed not to be enough to obtain the PRE measurement values in physical performance. This study also showed changes in the muscular endurance levels and PA during the 21-d MFT. It is important for warfighters to have a good physical fitness level PRE training or combat. As the prolonged MFT may have adverse effects in warfighters muscular endurance and PA levels, it is important to have sufficient recovery time after long MFT to regain combat readiness.","Journal Article; Research Support, Non-U.S. Gov't",,,,FULL_TEXT_UNAVAILABLE,,,,,NO_PMCID_IN_PRIMARY_METADATA,Design classification required before appraisal,NOT_POSSIBLE_WITHOUT_LAWFUL_FULL_TEXT,FULL_TEXT_REVIEW_AWAITING_APPRAISAL,FULL_TEXT_UNAVAILABLE,NO,"Source discovery completed; no final scientific inclusion without full-text appraisal, exact claim mapping and human confirmation."
EV-1048,Effects of technique-focused training in conjunction with physical readiness training on Army physical fitness test performance.,,29214624,,UXLCCUKC,2017,,,,CANONICAL_BASELINE,LOOP3X full-universe authoritative materialization,https://docs.google.com/spreadsheets/d/1PsCIFKpNMjrpsaHVu2mGKFYlRboKvNGgorZocCILnoY/edit#FULL_UNIVERSE_SCREENING,Drive modified 2026-09-21T02:35:49.190Z,PubMed A/B/C baseline,"Evidence Command Center 1,456 baseline; LOOP3X materialization",BASELINE,,HIGH_RELEVANCE,DIRECT_MANUSCRIPT_FIT,FULL_TEXT_REVIEW,P1 — HIGH,Physical / academy readiness,International,Physical and Academy Readiness / Aptidao e academia,YES,NO,NO,Verified — clear,NO,,PENDING,Refined 3-pass screen; scientific text separated from admin metadata,214,LOT-11-P1,https://pubmed.ncbi.nlm.nih.gov/29214624/,"The Army Physical Fitness Test (APFT) is a semiannual requirement. While conducting physical readiness training (PRT) is a requirement for all Soldiers, there is no requirement to train Soldiers on techniques that may help to optimize their performance on the APFT. A cohort of 34 officers that attended the Army Medical Department Basic Officer Leadership Course completed a technique-focused training program in conjunction with their required PRT program subsequent to failing one or more events on their initial APFT. The training consisted of a 30-minute video lesson and an individualized performance assessment completed by an Army physical therapist. Upon retest 10 days after the initial test, 27 (79.4%) participants passed the APFT with a mean improvement of 22.3 points on their overall APFT score. When evaluating change in performance by event based on failing the event initially, the observed improvement was an increase of over 9 push-ups, over 11 sit-ups, and nearly 2 minutes on the run event. The addition of a technique-focused training program to an existing PRT program can result in significant short-term improvement for those with substandard APFT performance.",Journal Article,,,,FULL_TEXT_UNAVAILABLE,,,,,NO_PMCID_IN_PRIMARY_METADATA,Design classification required before appraisal,NOT_POSSIBLE_WITHOUT_LAWFUL_FULL_TEXT,FULL_TEXT_REVIEW_AWAITING_APPRAISAL,FULL_TEXT_UNAVAILABLE,NO,"Source discovery completed; no final scientific inclusion without full-text appraisal, exact claim mapping and human confirmation."
EV-1050,Sex and age differences in physical performance: A comparison of Army basic training and operational populations.,10.1016/j.jsams.2017.10.002,29100826,,AVY55H2L,2017,,,,CANONICAL_BASELINE,LOOP3X full-universe authoritative materialization,https://docs.google.com/spreadsheets/d/1PsCIFKpNMjrpsaHVu2mGKFYlRboKvNGgorZocCILnoY/edit#FULL_UNIVERSE_SCREENING,Drive modified 2026-09-21T02:35:49.190Z,PubMed A/B/C baseline,"Evidence Command Center 1,456 baseline; LOOP3X materialization",BASELINE,,HIGH_RELEVANCE,DIRECT_MANUSCRIPT_FIT,FULL_TEXT_REVIEW,P1 — HIGH,Physical / academy readiness,International,Physical and Academy Readiness / Aptidao e academia,YES,NO,NO,Verified — clear,NO,,PENDING,Refined 3-pass screen; scientific text separated from admin metadata,215,LOT-11-P1,https://pubmed.ncbi.nlm.nih.gov/29100826/,"To determine the age- and sex-specific differences of physical fitness performances and Body Mass Index (BMI) in basic training and the operational Army. Cross-sectional Study. This secondary analysis utilizes retrospective surveys of U.S. Army Soldiers in Basic Combat Training (BCT) and operational units to compare physical performances between men and women as measured by the Army Physical Readiness Test (APFT). An ANOVA was used to compare mean differences in APFT results and BMI within sex-specific populations. A post hoc Tukey test identified specific mean differences. Adjusting for age, an ANCOVA was used to compare sex and occupation (infantry and non-infantry) differences in APFT results. Surveyed populations consisted of 2216 BCT Soldiers (1573 men and 643 women) and 5515 Operational Soldiers (4987 men and 528 women). Male and female operational Soldiers had greater muscular performance (79%-125% higher APFT push-ups, 66%-85% higher APFT sit-ups) and cardiorespiratory performance (22%-24% faster APFT 2-mile run times) than BCT Soldiers. Male BCT and operational Soldiers outperform their female counterparts on tests of muscular and cardiorespiratory endurance. Sex differences in physical performances attenuated among female Soldiers in operational units compared to BCT. Among male operational Soldiers, infantry Soldiers exhibited greater cardiorespiratory and muscular performance than non-infantry Soldiers. Higher BMI was associated with higher age groups, except for female BCT Soldiers. Gaps in cardiorespiratory and muscular performances between men and women should be addressed through targeted physical training programs that aim to minimize physiological differences.",Journal Article,,,,FULL_TEXT_UNAVAILABLE,,,,,NO_PMCID_IN_PRIMARY_METADATA,Design classification required before appraisal,NOT_POSSIBLE_WITHOUT_LAWFUL_FULL_TEXT,FULL_TEXT_REVIEW_AWAITING_APPRAISAL,FULL_TEXT_UNAVAILABLE,NO,"Source discovery completed; no final scientific inclusion without full-text appraisal, exact claim mapping and human confirmation."
EV-1051,Poor anaerobic power/capability and static balance predicted prospective musculoskeletal injuries among Soldiers of the 101st Airborne (Air Assault) Division.,10.1016/j.jsams.2017.10.023,29097231,,RPCB3YQD,2017,,,,CANONICAL_BASELINE,LOOP3X full-universe authoritative materialization,https://docs.google.com/spreadsheets/d/1PsCIFKpNMjrpsaHVu2mGKFYlRboKvNGgorZocCILnoY/edit#FULL_UNIVERSE_SCREENING,Drive modified 2026-09-21T02:35:49.190Z,PubMed A/B/C baseline,"Evidence Command Center 1,456 baseline; LOOP3X materialization",BASELINE,,HIGH_RELEVANCE,DIRECT_MANUSCRIPT_FIT,FULL_TEXT_REVIEW,P1 — HIGH,Musculoskeletal injury,International,Operational Implications / Discussion,YES,NO,NO,Verified — clear,NO,,PENDING,Refined 3-pass screen; scientific text separated from admin metadata,216,LOT-11-P1,https://pubmed.ncbi.nlm.nih.gov/29097231/,"Musculoskeletal injuries have negatively impacted tactical readiness. The identification of prospective and modifiable risk factors of preventable musculoskeletal injuries can guide specific injury prevention strategies for Soldiers and health care providers. To analyze physiological and neuromuscular characteristics as predictors of preventable musculoskeletal injuries. Prospective-cohort study. A total of 491 Soldiers were enrolled and participated in the baseline laboratory testing, including body composition, aerobic capacity, anaerobic power/capacity, muscular strength, flexibility, static balance, and landing biomechanics. After reviewing their medical charts, 275 male Soldiers who met the criteria were divided into two groups: with injuries (INJ) and no injuries (NOI). Simple and multiple logistic regression analyses were used to calculate the odds ratio (OR) and significant predictors of musculoskeletal injuries (p<0.05). The final multiple logistic regression model included the static balance with eyes-closed and peak anaerobic power as predictors of future injuries (p<0.001). The current results highlighted the importance of anaerobic power/capacity and static balance. High intensity training and balance exercise should be incorporated in their physical training as countermeasures.",Journal Article,,,,FULL_TEXT_UNAVAILABLE,,,,,NO_PMCID_IN_PRIMARY_METADATA,Design classification required before appraisal,NOT_POSSIBLE_WITHOUT_LAWFUL_FULL_TEXT,FULL_TEXT_REVIEW_AWAITING_APPRAISAL,FULL_TEXT_UNAVAILABLE,NO,"Source discovery completed; no final scientific inclusion without full-text appraisal, exact claim mapping and human confirmation."
EV-1052,"High-Mobility Multipurpose Wheeled Vehicle Rollover Accidents and Injuries to U.S. Army Soldiers by Reported Occupant Restraint Use, 1992-2013.",10.7205/milmed-d-16-00318,29087925,,TCDP6FEP,2017,,,,CANONICAL_BASELINE,LOOP3X full-universe authoritative materialization,https://docs.google.com/spreadsheets/d/1PsCIFKpNMjrpsaHVu2mGKFYlRboKvNGgorZocCILnoY/edit#FULL_UNIVERSE_SCREENING,Drive modified 2026-09-21T02:35:49.190Z,PubMed A/B/C baseline,"Evidence Command Center 1,456 baseline; LOOP3X materialization",BASELINE,,HIGH_RELEVANCE,DIRECT_MANUSCRIPT_FIT,FULL_TEXT_REVIEW,P1 — HIGH,Musculoskeletal injury,International,Operational Implications / Discussion,YES,NO,NO,Verified — clear,NO,,PENDING,Refined 3-pass screen; scientific text separated from admin metadata,217,LOT-11-P1,https://pubmed.ncbi.nlm.nih.gov/29087925/,"The high-mobility multipurpose wheeled vehicle (HMMWV) is a light military tactical vehicle. During Operation Iraqi Freedom and Operation Enduring Freedom, the U.S. Army modified the HMMWV into a combat vehicle by adding vehicle armor, which made the vehicle more difficult to control and more likely to roll over. Consequently, reports of fatal rollover accidents involving up-armored HMMWVs began to accumulate during the up-armoring period (August 2003 to April 2005). Furthermore, the lack of occupant restraint use prevalent in a predominantly young, male, and enlisted military population compounded the injuries resulting from these accidents. In this retrospective case series analysis, we describe the characteristics of U.S. Army HMMWV rollover accidents, occupants, and injuries reported worldwide from fiscal year 1992 to 2013 based on reported occupant restraint use. We conducted all analyses using Microsoft Excel 2010 and SAS version 9.1. Because this analysis does not constitute human subjects research, no institutional review board review was required. First, we obtained U.S. Army HMMWV accident records from the U.S. Army Combat Readiness Center, and selected those records indicating a HMMWV rollover had occurred. Next, we successively deduplicated the records at the accident, vehicle, occupant, and injury levels for descriptive analysis of characteristics at each level. For each occupant position, we calculated relative, attributable, and population attributable risks of nonfatal and fatal injury based on reported occupant restraint use. Finally, we analyzed body part injured and nature of injury to characterize the injury patterns that HMMWV occupants in each position sustained based on restraint use. We performed a χ 2 test of homogeneity to assess differences in injury patterns between restrained and unrestrained occupants. A total of 819 U.S. Army HMMWV rollover accidents worldwide were reported from October 1991 through May 2013 involving 821 HMMWVs and 1,395 occupants (828 nonfatally injured, 151 fatally injured, and 416 noninjured). Thirty-five percent of more severe (class A and B) accidents involved the M1114 up-armored variant, whereas 32% of less severe (class C and D) accidents involved the M998 nonarmored variant. Unrestrained occupants were 20% more likely to be nonfatally injured and 5.6 times more likely to be fatally injured than were restrained occupants. Among unrestrained occupants, restraint use could have potentially saved 82% of lives lost. Among all occupants involved in a HMMWV rollover, an estimated 56% of fatalities could have been prevented by restraint use. Unrestrained drivers and vehicle commanders had greater than expected torso injuries, while restrained vehicle commanders and passengers had greater than expected upper extremity injuries. Unrestrained drivers had greater than expected fractures, whereas restrained drivers and vehicle commanders had greater than expected sprains/strains. While reporting bias may exist, nevertheless these results show that occupant restraint use confers substantial life-saving protection to HMMWV occupants in rollover accidents. Therefore, commanders, safety officers, and peers should continue to promote and enforce restraint use consistently during all Army ground operations and training involving HMMWVs. Doing so will save Soldiers' lives in rollover accidents during the remaining years of the HMMWV program.",Journal Article,,,,FULL_TEXT_UNAVAILABLE,,,,,NO_PMCID_IN_PRIMARY_METADATA,Design classification required before appraisal,NOT_POSSIBLE_WITHOUT_LAWFUL_FULL_TEXT,FULL_TEXT_REVIEW_AWAITING_APPRAISAL,FULL_TEXT_UNAVAILABLE,NO,"Source discovery completed; no final scientific inclusion without full-text appraisal, exact claim mapping and human confirmation."
EV-1060,Priorities for implementing nutritional science into practice to optimize military performance.,10.1093/nutrit/nux019,28969346,,ZQKGU5I8,2017,,,,CANONICAL_BASELINE,LOOP3X full-universe authoritative materialization,https://docs.google.com/spreadsheets/d/1PsCIFKpNMjrpsaHVu2mGKFYlRboKvNGgorZocCILnoY/edit#FULL_UNIVERSE_SCREENING,Drive modified 2026-09-21T02:35:49.190Z,PubMed A/B/C baseline,"Evidence Command Center 1,456 baseline; LOOP3X materialization",BASELINE,,HIGH_RELEVANCE,DIRECT_MANUSCRIPT_FIT,FULL_TEXT_REVIEW,P1 — HIGH,Nutrition / shift work,International,Nutrition and Schedule Load / Nutricao e jornadas,YES,NO,NO,Verified — clear,NO,,PENDING,Refined 3-pass screen; scientific text separated from admin metadata,218,LOT-11-P1,https://pubmed.ncbi.nlm.nih.gov/28969346/,"The Metabolically Optimized Brain study explores nutritional science believed to be ready to place into practice to help improve US service member mission-readiness and performance. To this end, an implementation expert panel considered how the US Department of Defense Subsistence Food Service Program, which is operated by each branch of the military in dining facilities within the continental United States, could apply the best nutritional science in a cost-effective manner. The work of this panel was facilitated through a series of thematic conversations guided by evidence generated through systematic reviews, which were performed to identify systems and process gaps and propose possible solutions. The expert panel used a Delphi method of multiple voting, and ultimately proposed 11 systems changes, of which 6 were ranked as highest priority. The proposed highest priority changes were then discussed by the participants with additional stakeholders. The process described here highlights how experts from different sectors operating in a complex system of subsystems can come together to cross talk, identify gaps, and propose mutually beneficial system and process changes to improve the alignment of nutritional science and institutional food-service practice.",Journal Article,,,,FULL_TEXT_UNAVAILABLE,,,,,NO_PMCID_IN_PRIMARY_METADATA,Design classification required before appraisal,NOT_POSSIBLE_WITHOUT_LAWFUL_FULL_TEXT,FULL_TEXT_REVIEW_AWAITING_APPRAISAL,FULL_TEXT_UNAVAILABLE,NO,"Source discovery completed; no final scientific inclusion without full-text appraisal, exact claim mapping and human confirmation."
EV-1092,Trends and factors associated with insomnia and sleep apnea in all United States military service members from 2005 to 2014.,10.1111/jsr.12543,28448689,,G376N23N,2017,,,,CANONICAL_BASELINE,LOOP3X full-universe authoritative materialization,https://docs.google.com/spreadsheets/d/1PsCIFKpNMjrpsaHVu2mGKFYlRboKvNGgorZocCILnoY/edit#FULL_UNIVERSE_SCREENING,Drive modified 2026-09-21T02:35:49.190Z,PubMed A/B/C baseline,"Evidence Command Center 1,456 baseline; LOOP3X materialization",BASELINE,,HIGH_RELEVANCE,DIRECT_MANUSCRIPT_FIT,FULL_TEXT_REVIEW,P1 — HIGH,Sleep / fatigue / recovery,International,Integrated Operational Readiness / Discussion,YES,NO,NO,Verified — clear,NO,,PENDING,Refined 3-pass screen; scientific text separated from admin metadata,219,LOT-11-P1,https://pubmed.ncbi.nlm.nih.gov/28448689/,"Sleep disorders are a critical issue for the military, as they impact operational readiness, personnel health, wellbeing and health-care costs. The incidence of insomnia and obstructive sleep apnea (OSA) are increasing in the United States civilian population, and rates in military personnel exceed those of civilians. Using a comprehensive database, rates of medical encounters for insomnia and OSA were investigated and their associations with various demographic factors examined in the total US military population [1,381,406 ± 25,123, mean ± standard deviation (SD) personnel per year] from 2005 to 2014. Encounters for insomnia increased from 16 of 1000 in 2005 to 75 of 1000 in 2014 (372%). Encounters for OSA increased from 44 of 1000 in 2005 to 273 of 1000 in 2014 (517%). Those experiencing the greatest increases in insomnia included women, individuals ≥40 years of age, blacks, senior enlisted personnel and Army personnel compared to other military services. Those experiencing the greatest rates of OSA included men, individuals ≥40 years of age, blacks, senior officers and Army personnel. Rates of insomnia and OSA increased linearly over time (R 2 = 0.95-0.99; P < 0.01) for every subpopulation except those aged <20 years. In response to this epidemic-like increase in sleep disorders, their prevention, identification and aggressive treatment should become a health-care priority of the US military.",Journal Article,,,,FULL_TEXT_UNAVAILABLE,,,,,NO_PMCID_IN_PRIMARY_METADATA,Design classification required before appraisal,NOT_POSSIBLE_WITHOUT_LAWFUL_FULL_TEXT,FULL_TEXT_REVIEW_AWAITING_APPRAISAL,FULL_TEXT_UNAVAILABLE,NO,"Source discovery completed; no final scientific inclusion without full-text appraisal, exact claim mapping and human confirmation."
EV-1105,"A Descriptive Analysis of Tactical Casualty Care Interventions Performed by Law Enforcement Personnel in the State of Wisconsin, 2010-2015.",10.1017/s1049023x17000103,28219471,,HMB67V22,2017,,,,CANONICAL_BASELINE,LOOP3X full-universe authoritative materialization,https://docs.google.com/spreadsheets/d/1PsCIFKpNMjrpsaHVu2mGKFYlRboKvNGgorZocCILnoY/edit#FULL_UNIVERSE_SCREENING,Drive modified 2026-09-21T02:35:49.190Z,PubMed A/B/C baseline,"Evidence Command Center 1,456 baseline; LOOP3X materialization",BASELINE,,HIGH_RELEVANCE,DIRECT_MANUSCRIPT_FIT,FULL_TEXT_REVIEW,P1 — HIGH,Tactical medicine / TCCC / TECC / APH,International,Tactical Medicine Readiness / APH-Tatico,YES,NO,NO,Verified — clear,NO,,PENDING,Refined 3-pass screen; scientific text separated from admin metadata,220,LOT-12-P1,https://pubmed.ncbi.nlm.nih.gov/28219471/,"Introduction Based upon military experience, law enforcement has developed guidelines for medical care during high-threat conditions. The purpose of the current study was to provide a descriptive analysis of reported outcomes of law enforcement medical interventions. This was a descriptive analysis of a convenience sample of cases submitted to the Wisconsin Tactical Medicine Initiative (Wisconsin USA), after the provision of successful patient care, between January 2010 and December 2015. The study was reviewed by the Mayo Foundation Institutional Review Board (Rochester, Minnesota USA) and deemed exempt. Nineteen agencies submitted information during the study period. Of the 56 episodes of care reported, four (7.1%) cases involved care provided to injured officers while 52 (92.9%) involved care to injured civilians, including suspects. In at least two cases, on-going threats existed during the provision of medical care to an injured civilian. Law enforcement rendered care prior to Emergency Medical Services (EMS) arrival in all but two cases. The current case series demonstrates the life-saving potential for law enforcement personnel trained and equipped under current Tactical Combat Casualty Care (TCCC)/ Committee on Tactical Emergency Casualty Care (C-TECC) tactical casualty care guidelines. Although originally developed to save the lives of wounded combat personnel, in the civilian sector, the training appears more likely to save victims rather than law enforcement personnel. Stiles CM , Cook C , Sztajnkrycer MD . A descriptive analysis of tactical casualty care interventions performed by law enforcement personnel in the State of Wisconsin, 2010-2015. Prehosp Disaster Med. 2017;32(3):284-288.",Journal Article,,,,FULL_TEXT_UNAVAILABLE,,,,,NO_PMCID_IN_PRIMARY_METADATA,Design classification required before appraisal,NOT_POSSIBLE_WITHOUT_LAWFUL_FULL_TEXT,FULL_TEXT_REVIEW_AWAITING_APPRAISAL,FULL_TEXT_UNAVAILABLE,NO,"Source discovery completed; no final scientific inclusion without full-text appraisal, exact claim mapping and human confirmation."
EV-1107,"Reported Back Pain in Army Aircrew in Relation to Airframe, Gender, Age, and Experience.",10.3357/amhp.4740.2017,28095953,,24ZQLKG8,2017,,,,CANONICAL_BASELINE,LOOP3X full-universe authoritative materialization,https://docs.google.com/spreadsheets/d/1PsCIFKpNMjrpsaHVu2mGKFYlRboKvNGgorZocCILnoY/edit#FULL_UNIVERSE_SCREENING,Drive modified 2026-09-21T02:35:49.190Z,PubMed A/B/C baseline,"Evidence Command Center 1,456 baseline; LOOP3X materialization",BASELINE,,HIGH_RELEVANCE,DIRECT_MANUSCRIPT_FIT,FULL_TEXT_REVIEW,P1 — HIGH,Musculoskeletal injury,International,Operational Implications / Discussion,YES,NO,NO,Verified — clear,NO,,PENDING,Refined 3-pass screen; scientific text separated from admin metadata,221,LOT-12-P1,https://pubmed.ncbi.nlm.nih.gov/28095953/,"Back pain has remained an issue of significance among aircraft crewmembers for decades, occurring in the majority of military helicopter pilots with potential deleterious effects on performance, safety, and operational readiness. This exploratory, correlational survey study was designed to evaluate the presence of patterns and relationships that may require further examination to understand causal factors. The study population consisted of U.S. Army aviation crewmembers. Subjects (467) completed an anonymous survey, including questions regarding demographics, airframes, experience, pain history and severity, ergonomics, mitigation strategies, and duty limitations. Overall, 84.6% of participants reported back pain at some time during their flying career, with 77.8% reporting back pain in the last calendar year. Age was found to significantly correlate with earlier time to pain during flight, higher pain rating after flight, and occurrence of grounding. A stepwise linear regression model was used to explore the relationships between age, flight hours, and years of aviation experience, demonstrating age to be the significant variable accounting for the observed variance. Aircrew reported wear of combat-related survival equipment and poor lumbar support to be the most notable contributors. Back pain rates were consistent with previous studies. The relationship of age to back pain in this study may highlight unique pathophysiological pathways that should be further investigated within an occupational context to better understand the etiologic role. Enhanced seated lumbar support and combat-related survival equipment remain relatively low-cost/high-yield topics worthy of further investigation for exploiting efficient means to improve health, safety, and operational performance.Kelley AM, MacDonnell J, Grigley D, Campbell J, Gaydos SJ. Reported back pain in army aircrew in relation to airframe, gender, age, and experience. Aerosp Med Hum Perform. 2017; 88(2):96-103.",Journal Article,,,,FULL_TEXT_UNAVAILABLE,,,,,NO_PMCID_IN_PRIMARY_METADATA,Design classification required before appraisal,NOT_POSSIBLE_WITHOUT_LAWFUL_FULL_TEXT,FULL_TEXT_REVIEW_AWAITING_APPRAISAL,FULL_TEXT_UNAVAILABLE,NO,"Source discovery completed; no final scientific inclusion without full-text appraisal, exact claim mapping and human confirmation."
EV-1110,Sleep in the Military: Promoting Healthy Sleep Among U.S. Servicemembers.,,28083395,PMC5158299,VM3WA5NT,2015,,,,CANONICAL_BASELINE,LOOP3X full-universe authoritative materialization,https://docs.google.com/spreadsheets/d/1PsCIFKpNMjrpsaHVu2mGKFYlRboKvNGgorZocCILnoY/edit#FULL_UNIVERSE_SCREENING,Drive modified 2026-09-21T02:35:49.190Z,PubMed A/B/C baseline,"Evidence Command Center 1,456 baseline; LOOP3X materialization",BASELINE,,HIGH_RELEVANCE,DIRECT_MANUSCRIPT_FIT,FULL_TEXT_REVIEW,P1 — HIGH,Sleep / fatigue / recovery,International,Integrated Operational Readiness / Discussion,YES,NO,NO,Verified — clear,NO,,PENDING,Refined 3-pass screen; scientific text separated from admin metadata,222,LOT-12-P1,https://pubmed.ncbi.nlm.nih.gov/28083395/,"Sleep disturbances are a common reaction to stress and are linked to a host of physical and mental health problems. Given the unprecedented demands placed on U.S. military forces since 2001, there has been growing concern about the prevalence and consequences of sleep problems for servicemembers. Sleep problems often follow a chronic course, persisting long after servicemembers return home from combat deployments, with consequences for their reintegration and the readiness and resiliency of the force. Therefore, it is critical to understand the role of sleep problems in servicemembers' health and functioning and the policies and programs available to promote healthy sleep. This study provides the first comprehensive review of sleep-related policies and programs across the U.S. Department of Defense (DoD), along with a set of actionable recommendations for DoD, commanders, researchers, and medical professionals who treat U.S. servicemembers. The two-year multimethod study also examined the rates and correlates of sleep problems among post-deployed servicemembers, finding negative effects on mental health, daytime impairment, and perceived operational readiness. The research reviewed evidence-based interventions to treat sleep disturbances among servicemembers and veterans and exposed several individual- and system-level barriers to achieving healthy sleep. Implementing evidence-based treatments is just one step toward improving sleep across the force; as the research recommendations highlight, it is equally important that policies and programs also focus on preventing sleep problems and their consequences.",Journal Article,PMC5158299,,,LAWFUL_PMC_XML,https://pmc.ncbi.nlm.nih.gov/articles/PMC5158299/,PMC XML: ,,,,Design classification required before appraisal,PENDING_AI_FULL_TEXT_REVIEW,FULL_TEXT_REVIEW_AWAITING_APPRAISAL,UNRESOLVED,NO,"Source discovery completed; no final scientific inclusion without full-text appraisal, exact claim mapping and human confirmation."
EV-1128,Risk factors for back pain in marines; a prospective cohort study.,10.1186/s12891-016-1172-y,27474034,PMC4966738,WHKVUPPV,2016,,,,CANONICAL_BASELINE,LOOP3X full-universe authoritative materialization,https://docs.google.com/spreadsheets/d/1PsCIFKpNMjrpsaHVu2mGKFYlRboKvNGgorZocCILnoY/edit#FULL_UNIVERSE_SCREENING,Drive modified 2026-09-21T02:35:49.190Z,PubMed A/B/C baseline,"Evidence Command Center 1,456 baseline; LOOP3X materialization",BASELINE,,HIGH_RELEVANCE,DIRECT_MANUSCRIPT_FIT,FULL_TEXT_REVIEW,P1 — HIGH,Musculoskeletal injury,International,Operational Implications / Discussion,YES,NO,NO,Verified — clear,NO,,PENDING,Refined 3-pass screen; scientific text separated from admin metadata,223,LOT-12-P1,https://pubmed.ncbi.nlm.nih.gov/27474034/,"It is recognised that back pain (BP) is a debilitating medical problem in the soldier community, which limits operational readiness as well as work ability. As such, identification of risk factors is a necessity for effective preventive actions, but also regarded as important from a safety perspective. The aim of this prospective cohort study was therefore to identify risk factors for back pain and BP limiting work ability in active duty marines within a 6 and 12-month period. Demographic characteristics, health-related factors and occupational exposure information, as gathered from questionnaires, as well as clinical test of movement control among 137 Swedish marines were regressed with multivariable logistic regressions, and strength of associations was presented as odds ratio (OR) with 95 % confidence intervals (CI). BP within 6 and 12 months were used as primary outcomes, whereas BP limiting work ability within 6 and 12 months served as secondary outcomes. Previous BP and tall body height (≥1.86 m) emerged as risk factors for back pain within 6 months (OR 2.99, 95 % CI 1.22-7.30; OR 2.81, 95 % CI 1.16- 6.84, respectively), and 12 months (OR 6.75, 95 % CI 2.30-19.80; 2.75, 95 % CI 1.21-6.29, respectively). Previous BP was also identified as risk factor for BP limiting work ability within 12 months (OR 6.64, 95 % CI 1.78-24.78), and tall body height emerged as a risk within both six (OR 4.30, 95 % CI 1.31-14.13) and 12 months (OR 4.55, 95 % CI 1.53-13.57) from baseline. Marines with a history of BP are at risk of further BP episodes, which, thus, emphasise the importance of early BP preventive actions. Tall body height also emerged as an important risk which may reflect that personal equipment and work tasks are not adapted for the tallest marines. While this should be considered when introducing new work equipment, further studies are warranted to clarify the underlying mechanism of this association.","Journal Article; Research Support, Non-U.S. Gov't",PMC4966738,,,LAWFUL_PMC_XML,https://pmc.ncbi.nlm.nih.gov/articles/PMC4966738/,PMC XML: Results | Discussion | Conclusion,"Results: Table 1 provides participant characteristics at baseline. The cohort comprised primarily of marines with the grade of soldier (78 %) and having an occupational specialty as marine infantry (66 %). Twenty-six marines were lost to follow up at 6 months and, additionally, 12 more were lost to follow up at the 12-month interval. Compared with the analysed sample, these marines were older with a mean (Sd) of 26.0 (5.9) years, but did not differ with regard to prior MSDs. A separate analysis of the 36 marines excluded due to quitting the SAF, indicated younger marines, non-officers and marines reporting non-musculoskeletal diagnoses, such as cancer, cardiovascular or respiratory disease, to be more likely to terminate their employment in SAF during the course of the study. Nonetheless, these marines did not differ from those analysed with regard to prior MSDs. Table 1 Demographic data, self-rated general health and health-related quality of life at baseline a Mean SD Age (years) 23.6 4.3 Body weight (kg) 83.1 10.1 Body height (m) 1.83 0.06 Body mass index (kg/m 2 ) 24.9 2.4 % 95 % CI Smoker No 90.1 84.7–93.9 Occasionally 9.8 6.1–15.4 Yes 0 Non musculoskeletal co-morbidity b 4.3 2.1–8.6 G | Discussion: This first prospective cohort study of MSDs in Swedish Armed Forces (SAF) marines identified significant individual, health- and work- related risk factors for BP within a 6- and 12- month event window. Previous experienced BP pain episodes and being among the taller marines emerged as consistent risks for further BP episodes, while previous pain in the lower extremity and occupational sitting predicted BP only in the shorter perspective. | Conclusion: Previous experienced BP is a strong and consistent risk for further back pain episodes in this occupational group. This underlines the importance of prevention of first ever BP episodes as well as effective secondary preventive strategies for BP in marines. Tall body height also emerged as an important risk and may be due to equipment and work-tasks not adapted for the tallest marines. While this should be considered when introducing new work equipment in this population, the underlying mechanism needs to be further studied.",,,Design classification required before appraisal,PENDING_AI_FULL_TEXT_REVIEW,FULL_TEXT_REVIEW_AWAITING_APPRAISAL,UNRESOLVED,NO,"Source discovery completed; no final scientific inclusion without full-text appraisal, exact claim mapping and human confirmation."
EV-1133,Military Sleep Management: An Operational Imperative.,,27215880,,Z5NQNV33,2016,,,,CANONICAL_BASELINE,LOOP3X full-universe authoritative materialization,https://docs.google.com/spreadsheets/d/1PsCIFKpNMjrpsaHVu2mGKFYlRboKvNGgorZocCILnoY/edit#FULL_UNIVERSE_SCREENING,Drive modified 2026-09-21T02:35:49.190Z,PubMed A/B/C baseline,"Evidence Command Center 1,456 baseline; LOOP3X materialization",BASELINE,,HIGH_RELEVANCE,DIRECT_MANUSCRIPT_FIT,FULL_TEXT_REVIEW,P1 — HIGH,Sleep / fatigue / recovery,International,Integrated Operational Readiness / Discussion,YES,NO,NO,Verified — clear,NO,,PENDING,Refined 3-pass screen; scientific text separated from admin metadata,224,LOT-12-P1,https://pubmed.ncbi.nlm.nih.gov/27215880/,"Sleep is critical for military operational readiness but is commonly disregarded during operational planning. The start of combat operations with Operation Iraqi Freedom saw a dramatic rise in diagnosis rates of clinically significant sleep disorders among officers and enlisted. This coincided with a parallel rise in behavioral health disorders. In this article, the etiology of sleep problems and sleep disorders in our military population is reviewed, and guidance is provided for improving sleep health in our military population. It is our view that appropriate sleep planning and management affords military units and commanders a near-term tactical advantage in terms of maintaining alertness, a midterm tactical advantage of decreasing susceptibility to sleep and behavioral health disorders, and a long-term strategic advantage with increased readiness and resiliency of their Soldiers.",Journal Article; Review,,,,FULL_TEXT_UNAVAILABLE,,,,,NO_PMCID_IN_PRIMARY_METADATA,Design classification required before appraisal,NOT_POSSIBLE_WITHOUT_LAWFUL_FULL_TEXT,FULL_TEXT_REVIEW_AWAITING_APPRAISAL,FULL_TEXT_UNAVAILABLE,NO,"Source discovery completed; no final scientific inclusion without full-text appraisal, exact claim mapping and human confirmation."
EV-1140,Evaluation and Testing of Junctional Tourniquets by Special Operation Forces Personnel: A Comparison of the Combat Ready Clamp and the Junctional Emergency Treatment Tool.,,27045493,,7U2WFRLC,2016,,,,CANONICAL_BASELINE,LOOP3X full-universe authoritative materialization,https://docs.google.com/spreadsheets/d/1PsCIFKpNMjrpsaHVu2mGKFYlRboKvNGgorZocCILnoY/edit#FULL_UNIVERSE_SCREENING,Drive modified 2026-09-21T02:35:49.190Z,PubMed A/B/C baseline,"Evidence Command Center 1,456 baseline; LOOP3X materialization",BASELINE,,HIGH_RELEVANCE,DIRECT_MANUSCRIPT_FIT,FULL_TEXT_REVIEW,P1 — HIGH,Tactical medicine / TCCC / TECC / APH,International,Tactical Medicine Readiness / APH-Tatico,YES,NO,NO,Verified — clear,NO,,PENDING,Refined 3-pass screen; scientific text separated from admin metadata,225,LOT-12-P1,https://pubmed.ncbi.nlm.nih.gov/27045493/,"Previous research has shown that external hemorrhage from proximal leg amputations and junctional sites represents 19.2% of potentially survivable lethal hemorrhage. A recent effort to address this problem has resulted in the development of various junctional tourniquets. This study assessed and compared two Tactical Combat Casualty Care Committee-approved junctional tourniquets, the Combat Ready Clamp (CRoC) and the Junctional Emergency Treatment Tool (JETT), to contribute to their future development and to better inform on the decisions for device selection by military units. Aims of the study also were to provide concrete feedback and suggestions on how to effectively apply the devices. Via a specific questionnaire, 75 international attendees of the International Special Training Centre Medical Branch Special Operations Forces Advanced Medical First Responder course evaluated the CRoC and the JETT on different parameters. Both devices were tested objectively through timed applications aimed at stopping unilateral lower-extremity distal pulse on 33 of these 75 students, verified by palpation by Medical Branch instructors. Subjective and objective data were examined for mutual correlation. Users ranked the JETT higher than the CRoC on all parameters, including effectiveness on the battlefield (ρ < .001), ease of use (ρ < .039), speed of application (ρ < .001), and not slipping in use (ρ < .001), although the difference on other parameters such as effectiveness in hemorrhage control was not statistically significant. Considering all parameters together, the JETT was evaluated as a better device than the CRoC (ρ < .001). The application time measurement suggested that the JETT was applied faster (by approximately 15 seconds on average; ρ < .001). The fastest CRoC and JETT applications were 37 and 29 seconds, respectively. The JETT was not easier to use or more effective than the CRoC; there was a 9% failure rate of the JETT occluding a unilateral common femoral artery. The JETT's efficacy in occluding a unilateral common femoral artery can be compromised if the device's pelvic binder is not sufficiently tightened prior to threading the T-handled pad. The CRoC's application time can be drastically reduced if the device is kept assembled and firm pressure is immediately asserted upon placement on the intended location through the vertical arm, then threading the device. Both devices were applied safely; no adverse effects were reported during or after application. Even though the JETT might be preferred by military medical providers, the CRoC still has merits. As both devices proved to occlude the arterial flow in no less than 54 seconds on average, they could be used to supplement direct pressure and wound packing, the latter two still being considered the immediate actions for inguinal bleeding control. Considering that the CRoC and the JETT can be applied in as little as 37 and 29 seconds, respectively, users should be effectively trained and entirely proficient on either device to justify their election as the primary countermeasure to hemorrhage not amenable to regular tourniquets.",Comparative Study; Evaluation Study; Journal Article,,,,FULL_TEXT_UNAVAILABLE,,,,,NO_PMCID_IN_PRIMARY_METADATA,Design classification required before appraisal,NOT_POSSIBLE_WITHOUT_LAWFUL_FULL_TEXT,FULL_TEXT_REVIEW_AWAITING_APPRAISAL,FULL_TEXT_UNAVAILABLE,NO,"Source discovery completed; no final scientific inclusion without full-text appraisal, exact claim mapping and human confirmation."
EV-1142,Relationship between general nutrition knowledge and diet quality in Australian military personnel.,10.1017/s0007114516000532,26931550,,56PKXLES,2016,,,,CANONICAL_BASELINE,LOOP3X full-universe authoritative materialization,https://docs.google.com/spreadsheets/d/1PsCIFKpNMjrpsaHVu2mGKFYlRboKvNGgorZocCILnoY/edit#FULL_UNIVERSE_SCREENING,Drive modified 2026-09-21T02:35:49.190Z,PubMed A/B/C baseline,"Evidence Command Center 1,456 baseline; LOOP3X materialization",BASELINE,,HIGH_RELEVANCE,DIRECT_MANUSCRIPT_FIT,FULL_TEXT_REVIEW,P1 — HIGH,Nutrition / shift work,International,Nutrition and Schedule Load / Nutricao e jornadas,YES,NO,NO,Verified — clear,NO,,PENDING,Refined 3-pass screen; scientific text separated from admin metadata,226,LOT-12-P1,https://pubmed.ncbi.nlm.nih.gov/26931550/,"A balanced diet informed by sound nutrition knowledge is key for operational readiness and the health of military personnel. Unfortunately, research suggests that military personnel have inadequate dietary intakes. This study assessed general nutrition knowledge, diet quality and their association in Australian military personnel. A convenience sample of male military personnel (n 211) including Army soldiers and officers completed a validated general nutrition knowledge questionnaire (GNKQ) and FFQ. The GNKQ assessed knowledge of dietary guidelines (Section A), sources of nutrients (Section B), choosing everyday foods (Section C) and diet-disease relationships (Section D). The Australian Recommended Food Score (ARFS) was used to assess diet quality from FFQ data. Statistical analyses included the χ 2 test, Spearman's correlation test, t test, median test, ANCOVA and ordinal logistic regression. The mean total GNKQ score was 52·7 %. Participants performed best on Section A (58·5 %) followed by Sections B (57·3 %) and C (57·0 %) and worst on Section D (31·0 %). Overall, officers scored significantly higher than soldiers (58·7 v. 51·9 %, P=0·001). Age was weakly but positively correlated with GNKQ total scores (r 0·307; P<0·0005), with no significant effects seen for level of education (P=0·463) or living arrangement (P=0·167). Overall ARFS was 37·6 (sd 7·7) (50·8 %) with officers scoring significantly higher than soldiers (54·7 v. 50·3 %, P=0·040). No demographic variables influenced total ARFS. The total GNKQ score had a significant, positive but weak relationship with total ARFS (r 0·179; P=0·009). Given the importance of nutrition to personnel health and operational readiness, initiatives to improve nutrition knowledge and diet quality are recommended in this population, especially in soldiers.","Journal Article; Research Support, Non-U.S. Gov't",,,,FULL_TEXT_UNAVAILABLE,,,,,NO_PMCID_IN_PRIMARY_METADATA,Design classification required before appraisal,NOT_POSSIBLE_WITHOUT_LAWFUL_FULL_TEXT,FULL_TEXT_REVIEW_AWAITING_APPRAISAL,FULL_TEXT_UNAVAILABLE,NO,"Source discovery completed; no final scientific inclusion without full-text appraisal, exact claim mapping and human confirmation."
EV-1143,The Eagle Tactical Athlete Program Reduces Musculoskeletal Injuries in the 101st Airborne Division (Air Assault).,10.7205/milmed-d-14-00674,26926750,,8USEVIW3,2016,,,,CANONICAL_BASELINE,LOOP3X full-universe authoritative materialization,https://docs.google.com/spreadsheets/d/1PsCIFKpNMjrpsaHVu2mGKFYlRboKvNGgorZocCILnoY/edit#FULL_UNIVERSE_SCREENING,Drive modified 2026-09-21T02:35:49.190Z,PubMed A/B/C baseline,"Evidence Command Center 1,456 baseline; LOOP3X materialization",BASELINE,,HIGH_RELEVANCE,DIRECT_MANUSCRIPT_FIT,FULL_TEXT_REVIEW,P1 — HIGH,Musculoskeletal injury,Both,Operational Implications / Discussion,YES,NO,NO,Verified — clear,NO,,PENDING,Refined 3-pass screen; scientific text separated from admin metadata,227,LOT-12-P1,https://pubmed.ncbi.nlm.nih.gov/26926750/,"The Eagle Tactical Athlete Program (ETAP) was scientifically developed for the U.S. Army's 101st Airborne Division (Air Assault) to counter unintentional musculoskeletal injuries (MSIs). To determine if ETAP would reduce unintentional MSIs in a group of 101st Airborne Division (Air Assault) Soldiers. ETAP-trained noncommissioned led physical training. 1,720 Soldiers were enrolled (N = 1,136 experimental group [EXP], N = 584 control group [CON]) with injuries tracked before and after initiation of ETAP. The International Classification of Diseases, Ninth Revision, Clinical Modification (ICD-9-CM) codes were analyzed and described the anatomic locations, anatomic sub-locations, onset, and injury types. McNemar tests compared the proportions of injured subjects within each group. There was a significant reduction in the proportion of Soldiers with preventable MSIs in the EXP (pre: 213/1,136 (18.8%), post: 180/1,136 (15.8%), p = 0.041) but not in the CON. In addition, there was a significant reduction in stress fractures in the EXP (pre: 14/1,136 (1.2%), post: 5/1,136 (0.4%), p = 0.022) but no significant differences in the CON. The current analysis demonstrated that ETAP reduces preventable MSIs in garrison. The capability of ETAP to reduce injuries confirms the vital role of a scientifically designed training program on force readiness and health.","Journal Article; Randomized Controlled Trial; Research Support, U.S. Gov't, Non-P.H.S.",,,,FULL_TEXT_UNAVAILABLE,,,,,NO_PMCID_IN_PRIMARY_METADATA,RoB 2,NOT_POSSIBLE_WITHOUT_LAWFUL_FULL_TEXT,FULL_TEXT_REVIEW_AWAITING_APPRAISAL,FULL_TEXT_UNAVAILABLE,NO,"Source discovery completed; no final scientific inclusion without full-text appraisal, exact claim mapping and human confirmation."
EV-1145,Observed Rates of Lower Extremity Stress Fractures After Implementation of the Army Physical Readiness Training Program at JBSA Fort Sam Houston.,,26874090,,IGRAQKJB,2016,,,,CANONICAL_BASELINE,LOOP3X full-universe authoritative materialization,https://docs.google.com/spreadsheets/d/1PsCIFKpNMjrpsaHVu2mGKFYlRboKvNGgorZocCILnoY/edit#FULL_UNIVERSE_SCREENING,Drive modified 2026-09-21T02:35:49.190Z,PubMed A/B/C baseline,"Evidence Command Center 1,456 baseline; LOOP3X materialization",BASELINE,,HIGH_RELEVANCE,DIRECT_MANUSCRIPT_FIT,FULL_TEXT_REVIEW,P1 — HIGH,Musculoskeletal injury,International,Operational Implications / Discussion,YES,NO,NO,Verified — clear,NO,,PENDING,Refined 3-pass screen; scientific text separated from admin metadata,228,LOT-12-P1,https://pubmed.ncbi.nlm.nih.gov/26874090/,"Millions of dollars are lost each year to the US military in medical discharges from injuries sustained in the initial training of recruits. Most medical discharges in recruits are related to musculoskeletal overuse injuries, including stress fractures. Any strategies that can reduce injury rates are also likely to reduce rates of medical discharge. This study evaluated the Army Physical Readiness Training (PRT) program which was established to provide a method of physical fitness training that would reduce the number of preventable injuries. We conducted a retrospective study to evaluate the number of lower extremity stress fractures that were diagnosed in the 6 months prior to and 6 months following the implementation of the PRT program. Electronic medical records were queried for specific diagnoses of stress fractures to the pelvis, femoral neck, femoral shaft, tibia, fibula, tarsals and metatarsals. The observed number of diagnoses in each time period were compared using the χ² method. Decrease was shown not only in the overall occurrence of stress fractures, but specifically in the occurrence of stress fractures of the femoral neck, femoral shaft, and tarsals. Our study was able to show a correlation between the PRT program and a decrease in the observed occurrence of lower extremity stress fractures.",Journal Article,,,,FULL_TEXT_UNAVAILABLE,,,,,NO_PMCID_IN_PRIMARY_METADATA,Design classification required before appraisal,NOT_POSSIBLE_WITHOUT_LAWFUL_FULL_TEXT,FULL_TEXT_REVIEW_AWAITING_APPRAISAL,FULL_TEXT_UNAVAILABLE,NO,"Source discovery completed; no final scientific inclusion without full-text appraisal, exact claim mapping and human confirmation."
EV-1147,Effects of Age and Military Service on Strength and Physiological Characteristics of U.S. Army Soldiers.,10.7205/milmed-d-15-00036,26837087,,7TUQ4N9Q,2016,,,,CANONICAL_BASELINE,LOOP3X full-universe authoritative materialization,https://docs.google.com/spreadsheets/d/1PsCIFKpNMjrpsaHVu2mGKFYlRboKvNGgorZocCILnoY/edit#FULL_UNIVERSE_SCREENING,Drive modified 2026-09-21T02:35:49.190Z,PubMed A/B/C baseline,"Evidence Command Center 1,456 baseline; LOOP3X materialization",BASELINE,,HIGH_RELEVANCE,DIRECT_MANUSCRIPT_FIT,FULL_TEXT_REVIEW,P1 — HIGH,Physical / academy readiness,International,Physical and Academy Readiness / Aptidao e academia,YES,NO,NO,Verified — clear,NO,,PENDING,Refined 3-pass screen; scientific text separated from admin metadata,229,LOT-12-P1,https://pubmed.ncbi.nlm.nih.gov/26837087/,"Soldiers must maintain tactical performance capabilities over the course of their career. Loss in physical readiness may be a function of age and the operational demands associated with increasing years of service. The purpose of this study was to assess strength and physiological characteristics in different cohorts of U.S. Army Soldiers based on years of service and age. A total of 253 Soldiers (age: 28.1 ± 6.8 years; height: 1.76 ± 0.11 m; mass: 84.1 ± 12.2 kg) participated. Individual subject cohorts were created based on years of service (1-5 years, 6-10 years, 11-15 years) and age (20-24 years, 25-29 years, 30-34 years, 35-39 years, 40-44 years). Testing included shoulder, knee, ankle, and torso strength, aerobic capacity/lactate threshold, anaerobic power/capacity, and body composition/total mass. Those with 11 to 15 years of service and between ages 30 and 34 had a higher percentage of body fat, and lower aerobic capacity and lactate threshold than younger Soldiers with fewer years of service. Physical training interventions should focus on maintenance of physiological characteristics to offset the loss of readiness at the similar time point of 11 to 15 years of service and 30 to 34 years of age.","Journal Article; Research Support, U.S. Gov't, Non-P.H.S.",,,,FULL_TEXT_UNAVAILABLE,,,,,NO_PMCID_IN_PRIMARY_METADATA,Design classification required before appraisal,NOT_POSSIBLE_WITHOUT_LAWFUL_FULL_TEXT,FULL_TEXT_REVIEW_AWAITING_APPRAISAL,FULL_TEXT_UNAVAILABLE,NO,"Source discovery completed; no final scientific inclusion without full-text appraisal, exact claim mapping and human confirmation."
EV-1148,"Operational Physical Performance and Fitness in Military Women: Physiological, Musculoskeletal Injury, and Optimized Physical Training Considerations for Successfully Integrating Women Into Combat-Centric Military Occupations.",10.7205/milmed-d-15-00382,26741902,,DIX7J5EE,2016,,,,CANONICAL_BASELINE,LOOP3X full-universe authoritative materialization,https://docs.google.com/spreadsheets/d/1PsCIFKpNMjrpsaHVu2mGKFYlRboKvNGgorZocCILnoY/edit#FULL_UNIVERSE_SCREENING,Drive modified 2026-09-21T02:35:49.190Z,PubMed A/B/C baseline,"Evidence Command Center 1,456 baseline; LOOP3X materialization",BASELINE,,HIGH_RELEVANCE,DIRECT_MANUSCRIPT_FIT,FULL_TEXT_REVIEW,P1 — HIGH,Physical / academy readiness,International,Physical and Academy Readiness / Aptidao e academia,YES,NO,NO,Verified — clear,NO,,PENDING,Refined 3-pass screen; scientific text separated from admin metadata,230,LOT-12-P1,https://pubmed.ncbi.nlm.nih.gov/26741902/,"This article summarizes presentations from a 2014 United States Department of Defense (DoD) Health Affairs Women in Combat symposium addressing physiological, musculoskeletal injury, and optimized physical training considerations from the operational physical performance section. The symposium was held to provide a state-of-the-science meeting on the U.S. DoD's rescinding of the ground combat exclusion policy opening up combat-centric occupations to women. Physiological, metabolic, body composition, bone density, cardiorespiratory fitness, and thermoregulation differences between men and women were briefly reviewed. Injury epidemiological data are presented within military training and operational environments demonstrating women to be at a higher risk for musculoskeletal injuries than men. Physical training considerations for improved muscle strength and power, occupational task performance, load carriage were also reviewed. Particular focus of this article was given to translating physiological and epidemiological findings from the literature on these topics toward actionable guidance and policy recommendations for military leaders responsible for military physical training doctrine: (1) inclusion of resistance training with special emphasis on strength and power development (i.e., activation of high-threshold motor units and recruitment of type II high-force muscle fibers), upper-body strength development, and heavy load carriage, (2) moving away from ""field expediency"" as the major criteria for determining military physical training policy and training implementation, (3) improvement of load carriage ability with emphasis placed on specific load carriage task performance, combined with both resistance and endurance training, and (4) providing greater equipment resources, coaching assets, and increased training time dedicated to physical readiness training.",Journal Article,,,,FULL_TEXT_UNAVAILABLE,,,,,NO_PMCID_IN_PRIMARY_METADATA,Design classification required before appraisal,NOT_POSSIBLE_WITHOUT_LAWFUL_FULL_TEXT,FULL_TEXT_REVIEW_AWAITING_APPRAISAL,FULL_TEXT_UNAVAILABLE,NO,"Source discovery completed; no final scientific inclusion without full-text appraisal, exact claim mapping and human confirmation."
EV-1150,"Relationships Between Physical Fitness, Demands of Flight Duty, and Musculoskeletal Symptoms Among Military Pilots.",10.7205/milmed-d-14-00467,26633667,,G5JBP8SU,2015,,,,CANONICAL_BASELINE,LOOP3X full-universe authoritative materialization,https://docs.google.com/spreadsheets/d/1PsCIFKpNMjrpsaHVu2mGKFYlRboKvNGgorZocCILnoY/edit#FULL_UNIVERSE_SCREENING,Drive modified 2026-09-21T02:35:49.190Z,PubMed A/B/C baseline,"Evidence Command Center 1,456 baseline; LOOP3X materialization",BASELINE,,HIGH_RELEVANCE,DIRECT_MANUSCRIPT_FIT,FULL_TEXT_REVIEW,P1 — HIGH,Physical / academy readiness,International,Physical and Academy Readiness / Aptidao e academia,YES,NO,NO,Verified — clear,NO,,PENDING,Refined 3-pass screen; scientific text separated from admin metadata,231,LOT-12-P1,https://pubmed.ncbi.nlm.nih.gov/26633667/,"Although the mechanisms of G-induced stresses on the spinal structure of military pilots are well understood, less is known about relationships between the intensity of physical activity, fitness, occupational musculoskeletal symptoms, and the degree of resulting disabilities. During an aeromedical examination, Finnish military pilots answered a questionnaire on their flying experience, the occurrence of flight duty-related pain, the degree of resulting disabilities, and the intensity of physical activity they conducted. 195 males were selected for further analysis. They were divided into three groups, designated high G, low G, and HQ, according to their current flight duty profile. 93% of pilots who had passed fighter lead-in training reported flight duty-induced musculoskeletal disorders. The high-G group exhibited the highest aerobic capacity (p < 0.001) and muscular fitness scores (p < 0.001). The fittest individuals suffered markedly fewer disabilities than their less fit counterparts (p = 0.005). Flight hour accumulation among the subjects in the high-G group was associated (p = 0.010) with the occurrence of flight duty-induced disabilities. The fittest pilots flew aircraft that induce the heaviest accelerations. They also reported more musculoskeletal pain than the other pilots. Yet they seemed to experience fewer disabilities, which highlights the importance of physical training in the maintenance of operational readiness.",Journal Article,,,,FULL_TEXT_UNAVAILABLE,,,,,NO_PMCID_IN_PRIMARY_METADATA,Design classification required before appraisal,NOT_POSSIBLE_WITHOUT_LAWFUL_FULL_TEXT,FULL_TEXT_REVIEW_AWAITING_APPRAISAL,FULL_TEXT_UNAVAILABLE,NO,"Source discovery completed; no final scientific inclusion without full-text appraisal, exact claim mapping and human confirmation."
EV-1151,Preparing for Combat Readiness for the Fight: Physical Performance Profile of Female U.S. Marines.,10.1519/jsc.0000000000001269,26605806,,RLLYMA3Q,2016,,,,CANONICAL_BASELINE,LOOP3X full-universe authoritative materialization,https://docs.google.com/spreadsheets/d/1PsCIFKpNMjrpsaHVu2mGKFYlRboKvNGgorZocCILnoY/edit#FULL_UNIVERSE_SCREENING,Drive modified 2026-09-21T02:35:49.190Z,PubMed A/B/C baseline,"Evidence Command Center 1,456 baseline; LOOP3X materialization",BASELINE,,HIGH_RELEVANCE,DIRECT_MANUSCRIPT_FIT,FULL_TEXT_REVIEW,P1 — HIGH,Physical / academy readiness,International,Physical and Academy Readiness / Aptidao e academia,YES,NO,NO,Verified — clear,NO,,PENDING,Refined 3-pass screen; scientific text separated from admin metadata,232,LOT-12-P1,https://pubmed.ncbi.nlm.nih.gov/26605806/,"Females have been restricted from serving in direct combat arms' positions for decades. One reason for the exclusion derives from the perceived physical demands of these positions. As a result, many current efforts are directed toward defining the physical demands of combat arms' positions. The purpose of this study was to develop a physical performance and body composition profile of females who could overcome the physical demands of combat tasks that rely primarily on upper body strength. This study is based on an analysis of archival data from 2 separate samples of active-duty female Marines (n = 802), who had been recruited to participate in heavy lifting tasks. These tasks included lifting a heavy machine gun (HMG) lift (cohort 1, n = 423) and Clean and Press lifts (29.5-52.3 kg) (cohort 2, n = 379). To develop the physical performance profile, data from annual physical fitness tests were collected, which included run times, ammunition can lift, 804. Seven-meter (880-yard) movement to contact, and the maneuver under fire. In cohort 1, 65 females (∼15%; n = 423 females) successfully completed HMG; in cohort 2, 33 females (∼9%; n = 379 females) successfully completed another strength task, a Clean and Press of 52.3 kg. In both samples, female Marines who were successful on these tasks also outperformed their unsuccessful counterparts on the annual physical fitness tests. In addition, larger females typically outperformed their smaller counterparts. Females seeking assignment to closed combat arms' positions would thus be well served by targeting upper body strength, while maintaining overall physical fitness.","Journal Article; Research Support, U.S. Gov't, Non-P.H.S.",,,,FULL_TEXT_UNAVAILABLE,,,,,NO_PMCID_IN_PRIMARY_METADATA,Design classification required before appraisal,NOT_POSSIBLE_WITHOUT_LAWFUL_FULL_TEXT,FULL_TEXT_REVIEW_AWAITING_APPRAISAL,FULL_TEXT_UNAVAILABLE,NO,"Source discovery completed; no final scientific inclusion without full-text appraisal, exact claim mapping and human confirmation."
EV-1159,Perspectives on Aerobic and Strength Influences on Military Physical Readiness: Report of an International Military Physiology Roundtable.,10.1519/jsc.0000000000001025,26506170,,WIFSJWDM,2015,,,,CANONICAL_BASELINE,LOOP3X full-universe authoritative materialization,https://docs.google.com/spreadsheets/d/1PsCIFKpNMjrpsaHVu2mGKFYlRboKvNGgorZocCILnoY/edit#FULL_UNIVERSE_SCREENING,Drive modified 2026-09-21T02:35:49.190Z,PubMed A/B/C baseline,"Evidence Command Center 1,456 baseline; LOOP3X materialization",BASELINE,,HIGH_RELEVANCE,DIRECT_MANUSCRIPT_FIT,FULL_TEXT_REVIEW,P1 — HIGH,Physical / academy readiness,International,Physical and Academy Readiness / Aptidao e academia,YES,NO,NO,Verified — clear,NO,,PENDING,Refined 3-pass screen; scientific text separated from admin metadata,233,LOT-12-P1,https://pubmed.ncbi.nlm.nih.gov/26506170/,"Physical fitness training of military recruits is an enduring focus of armies. This is important for safe and effective performance of general tasks that anyone may have to perform in a military setting as well as preparation for more specialized training in specific job specialties. Decades of studies on occupationally specific physical requirements have characterized the dual aerobic and strength demands of typical military tasks; however, scientifically founded strategies to prepare recruits with a good mix of these 2 physiologically opposing capabilities have not been well established. High levels of aerobic training can compromise resistance training gains and increase injury rates. Resistance training requires a greater commitment of time and resources as well as a greater understanding of the science to produce true strength gains that may be beneficial to military performance. These are critical issues for modern armies with increased demands for well-prepared soldiers and fewer injury losses. The actual physical requirements tied to metrics of success in military jobs are also under renewed examination as women are increasingly integrated into military jobs previously performed only by men. At the third International Congress on Soldiers' Physical Performance, a roundtable of 10 physiologists with military expertise presented comparative perspectives on aerobic and strength training. These topics included the physiological basis of training benefits, how to train effectively, how to measure training effectiveness, considerations for the integration of women, and the big perspective. Key discussion points centered on (a) the significance of findings from research on integrated training, (b) strategies for effective strength development, and",Journal Article,,,,FULL_TEXT_UNAVAILABLE,,,,,NO_PMCID_IN_PRIMARY_METADATA,Design classification required before appraisal,NOT_POSSIBLE_WITHOUT_LAWFUL_FULL_TEXT,FULL_TEXT_REVIEW_AWAITING_APPRAISAL,FULL_TEXT_UNAVAILABLE,NO,"Source discovery completed; no final scientific inclusion without full-text appraisal, exact claim mapping and human confirmation."
EV-1163,Evaluation of General Nutrition Knowledge in Australian Military Personnel.,10.1016/j.jand.2015.08.014,26384465,,3KF9ZQH2,2016,,,,CANONICAL_BASELINE,LOOP3X full-universe authoritative materialization,https://docs.google.com/spreadsheets/d/1PsCIFKpNMjrpsaHVu2mGKFYlRboKvNGgorZocCILnoY/edit#FULL_UNIVERSE_SCREENING,Drive modified 2026-09-21T02:35:49.190Z,PubMed A/B/C baseline,"Evidence Command Center 1,456 baseline; LOOP3X materialization",BASELINE,,HIGH_RELEVANCE,DIRECT_MANUSCRIPT_FIT,FULL_TEXT_REVIEW,P1 — HIGH,Nutrition / shift work,International,Nutrition and Schedule Load / Nutricao e jornadas,YES,NO,NO,Verified — clear,NO,,PENDING,Refined 3-pass screen; scientific text separated from admin metadata,234,LOT-12-P1,https://pubmed.ncbi.nlm.nih.gov/26384465/,"Sound nutrition knowledge and a balanced diet are essential for operational readiness and optimal health of military personnel. Few studies have examined nutrition knowledge in this population. To assess the level of general nutrition knowledge across military occupations (ie, officers [OFFRs], physical training instructors [PTIs], cooks [CKs], and soldiers [SOLs]) compared with a civilian, community (C) sample. Cross-sectional study. Convenience sample of Australian military (M) and C participants. General nutrition knowledge measured using the validated General Nutrition Knowledge Questionnaire (GNKQ). Knowledge scores and the influence of demographic characteristics (eg, age, sex, level of education, and living arrangement) within and between M and C groups were evaluated. Analysis of variance, general linear models, independent-samples median test, t tests, χ(2) test, and Spearman's correlation. A sample of 1,295 participants were recruited with 622 (48%) from C. The M sample (n=673) consisted of SOLs 62.1%, OFFRs 9.1%, PTIs 12.8%, and CKs 16.0%. Mean age was higher for C than M (35.5±14 y vs 29.7±9.2 y; P<0.001). However, SOLs were younger and OFFRs older than other groups (P<0.001). The M sample had more men (91.1% vs 39.4%; P<0.001). The OFFRs, PTIs, and C members had similar total GNKQ scores (62.8%, 61.9%, and 64.7%, respectively) with these groups higher (P<0.001) than CKs and SOLs (56.4% and 50.6%, respectively). Across all participants, there was a positive relationship between total GNKQ score and age, female sex, and tertiary education (all P values <0.001). Significant differences identified in total GNKQ score between groups remained after adjusting for demographic factors. Young men (M or C) without tertiary education had the lowest GNKQ scores. Because low general nutrition knowledge may be detrimental to dietary intake, health, and operational readiness in military personnel, nutrition education programs particularly targeted at SOLs and CKs seem warranted.","Comparative Study; Journal Article; Research Support, Non-U.S. Gov't",,,,FULL_TEXT_UNAVAILABLE,,,,,NO_PMCID_IN_PRIMARY_METADATA,Design classification required before appraisal,NOT_POSSIBLE_WITHOUT_LAWFUL_FULL_TEXT,FULL_TEXT_REVIEW_AWAITING_APPRAISAL,FULL_TEXT_UNAVAILABLE,NO,"Source discovery completed; no final scientific inclusion without full-text appraisal, exact claim mapping and human confirmation."
EV-1176,"Musculoskeletal, biomechanical, and physiological gender differences in the US military.",,26101903,,NAHT345J,2015,,,,CANONICAL_BASELINE,LOOP3X full-universe authoritative materialization,https://docs.google.com/spreadsheets/d/1PsCIFKpNMjrpsaHVu2mGKFYlRboKvNGgorZocCILnoY/edit#FULL_UNIVERSE_SCREENING,Drive modified 2026-09-21T02:35:49.190Z,PubMed A/B/C baseline,"Evidence Command Center 1,456 baseline; LOOP3X materialization",BASELINE,,HIGH_RELEVANCE,DIRECT_MANUSCRIPT_FIT,FULL_TEXT_REVIEW,P1 — HIGH,Musculoskeletal injury,International,Operational Implications / Discussion,YES,NO,NO,Verified — clear,NO,,PENDING,Refined 3-pass screen; scientific text separated from admin metadata,235,LOT-12-P1,https://pubmed.ncbi.nlm.nih.gov/26101903/,"The repeal of the Direct Ground Combat Assignment Rule has renewed focus on examining performance capabilities of female military personnel and their ability to occupy previously restricted military occupational specialties. Previous research has revealed female Soldiers suffer a greater proportion of musculoskeletal injuries compared to males, including a significantly higher proportion of lower extremity, knee, and overuse injuries. Potential differences may also exist in musculoskeletal, biomechanical, and physiological characteristics between male and female Soldiers requiring implementation of gender-specific training in order to mitigate injury risk and enhance performance. To examine differences in musculoskeletal, biomechanical, and physiological characteristics in male and female Soldiers. A total of 406 101st Airborne Division (Air Assault) Soldiers (348 male; 58 female) participated. Subjects underwent testing for flexibility, isokinetic and isometric strength (percent body weight), single-leg balance, lower body biomechanics during a stop jump and drop landing, body composition, anaerobic power/capacity, and aerobic capacity. Independent t tests assessed between-group comparisons. Women demonstrated significantly greater flexibility (P<.01-P<.001) and better balance (P≤.001) than men. Men demonstrated significantly greater strength (P≤.001), aerobic capacity (47.5±7.6 vs 40.3±5.4 ml/kg/min, P<.001), anaerobic power (13.3±2.1 vs 9.5±1.7 W/kg, P<.001), and anaerobic capacity (7.8±1.0 vs 6.1±0.8 W/kg, P<.001) and lower body fat (20.1±7.5 vs 26.7±5.7 (%BF), P<.001). Women demonstrated significantly greater hip flexion and knee valgus at initial contact during both the stop jump and drop landing tasks and greater knee flexion at initial contact during the drop landing task (P<.05-P<.001). Gender differences exist in biomechanical, musculoskeletal, and physiological characteristics. Sex-specific interventions may aid in improving such characteristics to optimize physical readiness and decrease the injury risk during gender-neutral training, and decreasing between-sex variability in performance characteristics may result in enhanced overall unit readiness. Identification of sex-specific differences in injury patterns and characteristics should facilitate adjustments in training in order for both sexes to meet the gender-neutral occupational demands for physically demanding military occupational specialties.","Journal Article; Research Support, U.S. Gov't, Non-P.H.S.",,,,FULL_TEXT_UNAVAILABLE,,,,,NO_PMCID_IN_PRIMARY_METADATA,Design classification required before appraisal,NOT_POSSIBLE_WITHOUT_LAWFUL_FULL_TEXT,FULL_TEXT_REVIEW_AWAITING_APPRAISAL,FULL_TEXT_UNAVAILABLE,NO,"Source discovery completed; no final scientific inclusion without full-text appraisal, exact claim mapping and human confirmation."
EV-1178,PERFORMANCE OPTIMIZATION AND INJURY PREVENTION STRATEGIES FOR THE ARMY PHYSICAL FITNESS TEST: TECHNIQUE MATTERS.,,26075155,PMC4458927,4C4B2MSP,2015,,,,CANONICAL_BASELINE,LOOP3X full-universe authoritative materialization,https://docs.google.com/spreadsheets/d/1PsCIFKpNMjrpsaHVu2mGKFYlRboKvNGgorZocCILnoY/edit#FULL_UNIVERSE_SCREENING,Drive modified 2026-09-21T02:35:49.190Z,PubMed A/B/C baseline,"Evidence Command Center 1,456 baseline; LOOP3X materialization",BASELINE,,HIGH_RELEVANCE,DIRECT_MANUSCRIPT_FIT,FULL_TEXT_REVIEW,P1 — HIGH,Physical / academy readiness,International,Physical and Academy Readiness / Aptidao e academia,YES,NO,NO,Verified — clear,NO,,PENDING,Refined 3-pass screen; scientific text separated from admin metadata,236,LOT-12-P1,https://pubmed.ncbi.nlm.nih.gov/26075155/,"The Army Physical Fitness Test (APFT) is a biannual training requirement for all soldiers. The Army has made significant overall fitness gains by developing functional and comprehensive Physical Readiness Training (PRT) programs, but more emphasis on individualized physical fitness test taking technique is warranted in order to optimize performance. The purpose of this clinical commentary is to provide clinicians with several examples of APFT performance enhancement techniques that can potentially be applied not only in the Army, but throughout the military and in the sports community where general fitness assessments are routinely administered. 5.",Journal Article,PMC4458927,,,LAWFUL_PMC_XML,https://pmc.ncbi.nlm.nih.gov/articles/PMC4458927/,PMC XML: ,,,,Design classification required before appraisal,PENDING_AI_FULL_TEXT_REVIEW,FULL_TEXT_REVIEW_AWAITING_APPRAISAL,UNRESOLVED,NO,"Source discovery completed; no final scientific inclusion without full-text appraisal, exact claim mapping and human confirmation."
EV-1179,"Nutritional and sports supplement use among deployed U.S. Army soldiers in a remote, austere combat outpost in eastern Afghanistan.",10.7205/milmed-d-14-00334,25826344,,DX5XZP5C,2015,,,,CANONICAL_BASELINE,LOOP3X full-universe authoritative materialization,https://docs.google.com/spreadsheets/d/1PsCIFKpNMjrpsaHVu2mGKFYlRboKvNGgorZocCILnoY/edit#FULL_UNIVERSE_SCREENING,Drive modified 2026-09-21T02:35:49.190Z,PubMed A/B/C baseline,"Evidence Command Center 1,456 baseline; LOOP3X materialization",BASELINE,,HIGH_RELEVANCE,DIRECT_MANUSCRIPT_FIT,FULL_TEXT_REVIEW,P1 — HIGH,Nutrition / shift work,International,Nutrition and Schedule Load / Nutricao e jornadas,YES,NO,NO,Verified — clear,NO,,PENDING,Refined 3-pass screen; scientific text separated from admin metadata,237,LOT-12-P1,https://pubmed.ncbi.nlm.nih.gov/25826344/,"Nutritional and sports supplements are commonly used by soldiers, with uncertain implications for health and mission readiness. An anonymous survey was conducted of a company of U.S. Army paratroopers deployed to eastern Afghanistan between December 2011 and October 2012. Survey questions covered supplements used, duration of use, adverse effects, and medication interactions. Exercise habits, goals for exercise and supplement use, and information and acquisition sources were also queried. Out of 112 surveys distributed, 100 completed surveys were returned. 77 respondents reported using at least one supplement during deployment. On average, 2.5 supplements were used per individual surveyed. Nine respondents reported adverse effects of supplement use. No respondents reported serious complications of supplement use, drug interactions, or seeking medical care for supplement adverse effects. The Internet was the most frequently reported source of information on supplement use. Most frequently, supplements were acquired by Internet mail order. Supplement use occurs during deployment among paratroopers at a higher rate than reported in garrison, despite their remote and austere deployed location. These findings have profound implications for military health care providers and policy makers considering the health of deployed combat soldiers.",Journal Article,,,,FULL_TEXT_UNAVAILABLE,,,,,NO_PMCID_IN_PRIMARY_METADATA,Design classification required before appraisal,NOT_POSSIBLE_WITHOUT_LAWFUL_FULL_TEXT,FULL_TEXT_REVIEW_AWAITING_APPRAISAL,FULL_TEXT_UNAVAILABLE,NO,"Source discovery completed; no final scientific inclusion without full-text appraisal, exact claim mapping and human confirmation."
EV-1181,A study of prehospital medical documentation by military medical providers during precombat training.,,25770802,,HFBEQG5K,2015,,,,CANONICAL_BASELINE,LOOP3X full-universe authoritative materialization,https://docs.google.com/spreadsheets/d/1PsCIFKpNMjrpsaHVu2mGKFYlRboKvNGgorZocCILnoY/edit#FULL_UNIVERSE_SCREENING,Drive modified 2026-09-21T02:35:49.190Z,PubMed A/B/C baseline,"Evidence Command Center 1,456 baseline; LOOP3X materialization",BASELINE,,HIGH_RELEVANCE,DIRECT_MANUSCRIPT_FIT,FULL_TEXT_REVIEW,P1 — HIGH,Tactical medicine / TCCC / TECC / APH,International,Tactical Medicine Readiness / APH-Tatico,YES,NO,NO,Verified — clear,NO,,PENDING,Refined 3-pass screen; scientific text separated from admin metadata,238,LOT-12-P1,https://pubmed.ncbi.nlm.nih.gov/25770802/,"Documentation of medical care provided is paramount for improving performance and ultimately reducing morbidity and mortality. However, documentation of prehospital trauma care on the battlefield has historically been suboptimal. Modernization of prehospital documentation tools have aligned data and information to be gathered with up-to-date treatment being rendered through Tactical Combat Casualty Care (TCCC) protocols and practices. Our study was conducted to evaluate TCCC Card completion, and accuracy of card completion, by military medical providers conducting precombat training through the Tactical Combat Medical Care Course. Study results do not show a deficiency in TCCC documentation training as provided by this course which should translate to adequate ability to accurately document prehospital trauma care on the battlefield. Leadership emphasis and community acceptance is required to increase compliance with prehospital documentation.",Journal Article,,,,FULL_TEXT_UNAVAILABLE,,,,,NO_PMCID_IN_PRIMARY_METADATA,Design classification required before appraisal,NOT_POSSIBLE_WITHOUT_LAWFUL_FULL_TEXT,FULL_TEXT_REVIEW_AWAITING_APPRAISAL,FULL_TEXT_UNAVAILABLE,NO,"Source discovery completed; no final scientific inclusion without full-text appraisal, exact claim mapping and human confirmation."
EV-1184,Effects of two different 5 weeks training programs on the physical fitness of military recruits.,,25643544,,Q9TILZBM,2014,,,,CANONICAL_BASELINE,LOOP3X full-universe authoritative materialization,https://docs.google.com/spreadsheets/d/1PsCIFKpNMjrpsaHVu2mGKFYlRboKvNGgorZocCILnoY/edit#FULL_UNIVERSE_SCREENING,Drive modified 2026-09-21T02:35:49.190Z,PubMed A/B/C baseline,"Evidence Command Center 1,456 baseline; LOOP3X materialization",BASELINE,,HIGH_RELEVANCE,DIRECT_MANUSCRIPT_FIT,FULL_TEXT_REVIEW,P1 — HIGH,Physical / academy readiness,International,Physical and Academy Readiness / Aptidao e academia,YES,NO,NO,Verified — clear,NO,,PENDING,Refined 3-pass screen; scientific text separated from admin metadata,239,LOT-12-P1,https://pubmed.ncbi.nlm.nih.gov/25643544/,"The purpose of this study was to compare the effects of programmed continuous endurance and relative strength training (CERS) with the basic military physical readiness training (BMPR) on the physical readiness. Croatian military recruits (21.3 ± 1.9 years) were divided in the CERS (N = 48) and BMPR (N = 76) groups. Training sessions were conducted three times a week for a total of 5 weeks. The t-test determined positive training effects for both training programs. Significant positive changes in BMPR group were measured in almost all measured variables. In CERS group, besides the 20 m dash run, statistically significant positive changes were not determined in standing horizontal jump, pull-ups and sit and reach test. The positive training effects in both training groups were achieved because of the low initial physical readiness level of the recruits and a short training period in which the statistically significant differences between programs could not be achieved.",Clinical Trial; Comparative Study; Journal Article,,,,FULL_TEXT_UNAVAILABLE,,,,,NO_PMCID_IN_PRIMARY_METADATA,RoB 2,NOT_POSSIBLE_WITHOUT_LAWFUL_FULL_TEXT,FULL_TEXT_REVIEW_AWAITING_APPRAISAL,FULL_TEXT_UNAVAILABLE,NO,"Source discovery completed; no final scientific inclusion without full-text appraisal, exact claim mapping and human confirmation."
EV-1185,Body composition assessment failure rates and obesity in the United States Navy.,10.7205/milmed-d-14-00231,25643380,,RIW9ZPZJ,2015,,,,CANONICAL_BASELINE,LOOP3X full-universe authoritative materialization,https://docs.google.com/spreadsheets/d/1PsCIFKpNMjrpsaHVu2mGKFYlRboKvNGgorZocCILnoY/edit#FULL_UNIVERSE_SCREENING,Drive modified 2026-09-21T02:35:49.190Z,PubMed A/B/C baseline,"Evidence Command Center 1,456 baseline; LOOP3X materialization",BASELINE,,HIGH_RELEVANCE,DIRECT_MANUSCRIPT_FIT,FULL_TEXT_REVIEW,P1 — HIGH,Physical / academy readiness,International,Physical and Academy Readiness / Aptidao e academia,YES,NO,NO,Verified — clear,NO,,PENDING,Refined 3-pass screen; scientific text separated from admin metadata,240,LOT-13-P1,https://pubmed.ncbi.nlm.nih.gov/25643380/,"The purpose of this study was to identify subpopulations at high risk for body composition assessment (BCA) failure within the Navy. This study was an institutional review board-approved retrospective review of data retrieved from the Bureau of Medicine and Surgery Physical Readiness Information Management System. Data were considered clinically significant if a subpopulation's BCA failure rate was 10% or greater than that groups' gender average. The data obtained include the entire population, so no correction was necessary for sample bias and all differences are statistically significant. The prevalence of obesity was 13.6%. High-risk populations included age 36 to 40, rank of E5 and E6, females with a height between 68 and 69 inches, females 161 lb or heavier, males 201 lb or heavier, females with a body mass index of 27 or greater, and males with a body mass index of 29 or greater. This study identified multiple at risk populations for BCA failure. As we move forward with programs designed to combat increasing obesity rates, such as the Department of Defense Healthy Base Initiative, further resources and studies can be aimed toward these higher risk subpopulations.",Journal Article,,,,FULL_TEXT_UNAVAILABLE,,,,,NO_PMCID_IN_PRIMARY_METADATA,Design classification required before appraisal,NOT_POSSIBLE_WITHOUT_LAWFUL_FULL_TEXT,FULL_TEXT_REVIEW_AWAITING_APPRAISAL,FULL_TEXT_UNAVAILABLE,NO,"Source discovery completed; no final scientific inclusion without full-text appraisal, exact claim mapping and human confirmation."
EV-1193,Utility of a sports medicine model in military combat concussion and musculoskeletal restoration care.,10.7205/milmed-d-14-00191,25373061,,RFAZFBHQ,2014,,,,CANONICAL_BASELINE,LOOP3X full-universe authoritative materialization,https://docs.google.com/spreadsheets/d/1PsCIFKpNMjrpsaHVu2mGKFYlRboKvNGgorZocCILnoY/edit#FULL_UNIVERSE_SCREENING,Drive modified 2026-09-21T02:35:49.190Z,PubMed A/B/C baseline,"Evidence Command Center 1,456 baseline; LOOP3X materialization",BASELINE,,HIGH_RELEVANCE,DIRECT_MANUSCRIPT_FIT,FULL_TEXT_REVIEW,P1 — HIGH,Musculoskeletal injury,International,Operational Implications / Discussion,YES,NO,NO,Verified — clear,NO,,PENDING,Refined 3-pass screen; scientific text separated from admin metadata,241,LOT-13-P1,https://pubmed.ncbi.nlm.nih.gov/25373061/,"Combat-related concussions are significant sources of injury and morbidity among deployed military service members. Musculoskeletal injury also is one of the most prevalent battle and nonbattle-related deployed injury types. Both injuries threaten the service member's physical condition as well as unit and mission readiness due to reduced duty status or evacuation from military theater of operations. In August 2010, the Concussion Restoration Care Center (CRCC) was established at Camp Leatherneck, Afghanistan, to address the need for consistent and specialized evaluation and care of concussion and musculoskeletal injury. This performance improvement effort examined evaluation and treatment of concussion and musculoskeletal injury at the CRCC. Among 4,947 military personnel evaluated at the CRCC between August 2010 and May 2013, 97.9% were returned to duty and retained in theater. Members averaged 10 to 12 days of limited duty status to achieve complete recovery. Concussion injury was secondary to blast injury in 90% of cases. Sport/recreation, occupational, and other accidental injuries each represented 30% of the musculoskeletal injuries with only 10% reported as result of combat. The utilization patterns and outcome measures demonstrate the success and utility of a multidisciplinary clinical model of care for these two types of injuries in the far-forward deployed setting.",Journal Article,,,,FULL_TEXT_UNAVAILABLE,,,,,NO_PMCID_IN_PRIMARY_METADATA,Design classification required before appraisal,NOT_POSSIBLE_WITHOUT_LAWFUL_FULL_TEXT,FULL_TEXT_REVIEW_AWAITING_APPRAISAL,FULL_TEXT_UNAVAILABLE,NO,"Source discovery completed; no final scientific inclusion without full-text appraisal, exact claim mapping and human confirmation."
EV-1194,Law enforcement-applied tourniquets: a case series of life-saving interventions.,10.3109/10903127.2014.964893,25350269,,Q2JP3FFX,2015,,,,CANONICAL_BASELINE,LOOP3X full-universe authoritative materialization,https://docs.google.com/spreadsheets/d/1PsCIFKpNMjrpsaHVu2mGKFYlRboKvNGgorZocCILnoY/edit#FULL_UNIVERSE_SCREENING,Drive modified 2026-09-21T02:35:49.190Z,PubMed A/B/C baseline,"Evidence Command Center 1,456 baseline; LOOP3X materialization",BASELINE,,HIGH_RELEVANCE,DIRECT_MANUSCRIPT_FIT,FULL_TEXT_REVIEW,P1 — HIGH,Tactical medicine / TCCC / TECC / APH,International,Tactical Medicine Readiness / APH-Tatico,YES,NO,NO,Verified — clear,NO,,PENDING,Refined 3-pass screen; scientific text separated from admin metadata,242,LOT-13-P1,https://pubmed.ncbi.nlm.nih.gov/25350269/,"Although the epidemiology of civilian trauma is distinct from that encountered in combat, in both settings, extremity hemorrhage remains a major preventable cause of potential mortality. The current paper describes the largest case series in the literature in which police officers arriving prior to emergency medical services applied commercially available field tourniquets to civilian victims of violent trauma. Although all 3 patients with vascular injury arrived at the receiving emergency department in extremis, they were successfully resuscitated and survived to discharge without major morbidity. While this outcome is likely multifactorial and highlights the exceptional care delivered by the modern trauma system, tourniquet application appears to have kept critically injured patients alive long enough to reach definitive trauma care. No patient had a tourniquet-related complication. This case series suggests that law enforcement officers can effectively identify indications for tourniquets and rapidly apply such life-saving interventions.",Journal Article,,,,FULL_TEXT_UNAVAILABLE,,,,,NO_PMCID_IN_PRIMARY_METADATA,Design classification required before appraisal,NOT_POSSIBLE_WITHOUT_LAWFUL_FULL_TEXT,FULL_TEXT_REVIEW_AWAITING_APPRAISAL,FULL_TEXT_UNAVAILABLE,NO,"Source discovery completed; no final scientific inclusion without full-text appraisal, exact claim mapping and human confirmation."
EV-1198,Injury epidemiology of U.S. Army Special Operations forces.,10.7205/milmed-d-14-00078,25269128,,3RMGL6BD,2014,,,,CANONICAL_BASELINE,LOOP3X full-universe authoritative materialization,https://docs.google.com/spreadsheets/d/1PsCIFKpNMjrpsaHVu2mGKFYlRboKvNGgorZocCILnoY/edit#FULL_UNIVERSE_SCREENING,Drive modified 2026-09-21T02:35:49.190Z,PubMed A/B/C baseline,"Evidence Command Center 1,456 baseline; LOOP3X materialization",BASELINE,,HIGH_RELEVANCE,DIRECT_MANUSCRIPT_FIT,FULL_TEXT_REVIEW,P1 — HIGH,Musculoskeletal injury,International,Operational Implications / Discussion,YES,NO,NO,Verified — clear,NO,,PENDING,Refined 3-pass screen; scientific text separated from admin metadata,243,LOT-13-P1,https://pubmed.ncbi.nlm.nih.gov/25269128/,"Musculoskeletal injuries have long been a problem in general purpose forces, yet anecdotal evidence provided by medical, human performance, and training leadership suggests musculoskeletal injuries are also a readiness impediment to Special Operations Forces (SOF). The purpose of this study was to describe the injury epidemiology of SOF utilizing self-reported injury histories. Data were collected on 106 SOF (age: 31.7 ± 5.3 years, height: 179.0 ± 5.5 cm, mass: 85.9 ± 10.9 kg) for 1 year before the date of laboratory testing and filtered for total injuries and those with the potential to be preventable based on injury type, activity, and mechanism. The frequency of musculoskeletal injuries was 24.5 injuries per 100 subjects per year for total injuries and 18.9 injuries per 100 subjects per year for preventable injuries. The incidence of musculoskeletal injuries was 20.8 injured subjects per 100 subjects per year for total injuries and 16.0 injured subjects per 100 subjects per year for preventable injuries. Preventable musculoskeletal injuries comprised 76.9% of total injuries. Physical training (PT) was the most reported activity for total/preventable injuries (PT Command Organized: 46.2%/60.0%, PT Noncommand Organized: 7.7%/10.0%, PT Unknown: 3.8%/5.0%). Musculoskeletal injuries impede optimal physical readiness/tactical training in the SOF community. The data suggest a significant proportion of injuries are classified as preventable and may be mitigated with human performance programs.","Journal Article; Research Support, U.S. Gov't, Non-P.H.S.",,,,FULL_TEXT_UNAVAILABLE,,,,,NO_PMCID_IN_PRIMARY_METADATA,Design classification required before appraisal,NOT_POSSIBLE_WITHOUT_LAWFUL_FULL_TEXT,FULL_TEXT_REVIEW_AWAITING_APPRAISAL,FULL_TEXT_UNAVAILABLE,NO,"Source discovery completed; no final scientific inclusion without full-text appraisal, exact claim mapping and human confirmation."
EV-1209,Clinical encounters in tactical medicine: a mission-specific analysis of the Maryland State Police experience.,10.55460/eryz-toma,24952050,,VV6BT3AY,2014,,,,CANONICAL_BASELINE,LOOP3X full-universe authoritative materialization,https://docs.google.com/spreadsheets/d/1PsCIFKpNMjrpsaHVu2mGKFYlRboKvNGgorZocCILnoY/edit#FULL_UNIVERSE_SCREENING,Drive modified 2026-09-21T02:35:49.190Z,PubMed A/B/C baseline,"Evidence Command Center 1,456 baseline; LOOP3X materialization",BASELINE,,HIGH_RELEVANCE,DIRECT_MANUSCRIPT_FIT,FULL_TEXT_REVIEW,P1 — HIGH,Tactical medicine / TCCC / TECC / APH,International,Tactical Medicine Readiness / APH-Tatico,YES,NO,NO,Verified — clear,NO,,PENDING,Refined 3-pass screen; scientific text separated from admin metadata,244,LOT-13-P1,https://pubmed.ncbi.nlm.nih.gov/24952050/,"The Maryland State Police (MSP) Tactical Medical Unit (TMU) provides tactical emergency medical support (TEMS) through the deployment of specially trained state trooper tactical paramedics. The MSP TMU maintains an operational database of all mission related medical activity. This information constitutes a robust dataset derived from real world operational medicine experiences. A retrospective analysis of de-identified entries from the MSP TMU operational response database was performed for the 5-year period of 2007?2013. A summative analysis of missions, as well as a subgroup analysis of types of patients encountered, was performed to further characterize patient encounters based on the type of law enforcement tactical mission. Analysis was performed on 1,042 tactical missions, of which there were 367 total patient encounters during the study period. The majority (67%; 246/367) of patients encountered were law enforcement tactical team personnel. The most frequently occurring mission, by type, was high-risk warrant service, accounting for 45% (470/1,042) of all missions in this series. Law enforcement training support missions comprised 25% (259/1,042), and 15% (157/1,042) of all missions in the database were medical standbys for law enforcement operations. The highest number of patient contacts were associated with training activities, resulting in 29% (108/367) of clinical encounters. The next most common mission associated with patient encounters was high-risk warrant service (24%; 88/367). The 5-year analysis conducted in this study represents the largest known retrospective assessment of a state police tactical medical program. Training activities resulted in the highest number of patient encounters by this program, with law enforcement/tactical team personnel comprising the majority of patient encounters. The majority of chief complaints encountered were non?life threatening and reinforce the need for expanded scope of practice training and enhanced treatment protocols for tactical medics.",Journal Article,,,,FULL_TEXT_UNAVAILABLE,,,,,NO_PMCID_IN_PRIMARY_METADATA,Design classification required before appraisal,NOT_POSSIBLE_WITHOUT_LAWFUL_FULL_TEXT,FULL_TEXT_REVIEW_AWAITING_APPRAISAL,FULL_TEXT_UNAVAILABLE,NO,"Source discovery completed; no final scientific inclusion without full-text appraisal, exact claim mapping and human confirmation."
EV-1213,Attention and visual tracking degradation during acute sleep deprivation in a military sample.,10.3357/asem.3882.2014,24834562,,9UIS3G8T,2014,,,,CANONICAL_BASELINE,LOOP3X full-universe authoritative materialization,https://docs.google.com/spreadsheets/d/1PsCIFKpNMjrpsaHVu2mGKFYlRboKvNGgorZocCILnoY/edit#FULL_UNIVERSE_SCREENING,Drive modified 2026-09-21T02:35:49.190Z,PubMed A/B/C baseline,"Evidence Command Center 1,456 baseline; LOOP3X materialization",BASELINE,,HIGH_RELEVANCE,DIRECT_MANUSCRIPT_FIT,FULL_TEXT_REVIEW,P1 — HIGH,Sleep / fatigue / recovery,International,Integrated Operational Readiness / Discussion,YES,NO,NO,Verified — clear,NO,,PENDING,Refined 3-pass screen; scientific text separated from admin metadata,245,LOT-13-P1,https://pubmed.ncbi.nlm.nih.gov/24834562/,"Fatigue due to sleep restriction places individuals at elevated risk for accidents, degraded health, and impaired physical and mental performance. Early detection of fatigue-related performance decrements is an important component of injury prevention and can help to ensure optimal performance and mission readiness. This study used a predictive visual tracking task and a computer-based measure of attention to characterize fatigue-related attention decrements in healthy Army personnel during acute sleep deprivation. Serving as subjects in this laboratory-based study were 87 male and female service members between the ages of 18 and 50 with no history of brain injury with loss of consciousness, substance abuse, or significant psychiatric or neurologic diagnoses. Subjects underwent 26 h of sleep deprivation, during which eye movement measures from a continuous circular visual tracking task and attention measures (reaction time, accuracy) from the Attention Network Test (ANT) were collected at baseline, 20 h awake, and between 24 to 26 h awake. Increases in the variability of gaze positional errors (46-47%), as well as reaction time-based ANT measures (9-65%), were observed across 26 h of sleep deprivation. Accuracy of ANT responses declined across this same period (11%). Performance measures of predictive visual tracking accurately reflect impaired attention due to acute sleep deprivation and provide a promising approach for assessing readiness in personnel serving in diverse occupational areas, including flight and ground support crews.","Journal Article; Research Support, Non-U.S. Gov't; Research Support, U.S. Gov't, Non-P.H.S.",,,,FULL_TEXT_UNAVAILABLE,,,,,NO_PMCID_IN_PRIMARY_METADATA,Design classification required before appraisal,NOT_POSSIBLE_WITHOUT_LAWFUL_FULL_TEXT,FULL_TEXT_REVIEW_AWAITING_APPRAISAL,FULL_TEXT_UNAVAILABLE,NO,"Source discovery completed; no final scientific inclusion without full-text appraisal, exact claim mapping and human confirmation."
EV-1216,Relationships of physical performance tests to military-relevant tasks in women.,,24706238,,PKXGG6JW,2014,,,,CANONICAL_BASELINE,LOOP3X full-universe authoritative materialization,https://docs.google.com/spreadsheets/d/1PsCIFKpNMjrpsaHVu2mGKFYlRboKvNGgorZocCILnoY/edit#FULL_UNIVERSE_SCREENING,Drive modified 2026-09-21T02:35:49.190Z,PubMed A/B/C baseline,"Evidence Command Center 1,456 baseline; LOOP3X materialization",BASELINE,,HIGH_RELEVANCE,DIRECT_MANUSCRIPT_FIT,FULL_TEXT_REVIEW,P1 — HIGH,Physical / academy readiness,International,Physical and Academy Readiness / Aptidao e academia,YES,NO,NO,Verified — clear,NO,,PENDING,Refined 3-pass screen; scientific text separated from admin metadata,246,LOT-13-P1,https://pubmed.ncbi.nlm.nih.gov/24706238/,"This investigation sought to determine the most predictive measures of performance on a repetitive box lifting task (RBLT) and load bearing task (LBT) among 123 women (aged ±4 years, height 165±7 cm, body mass 64±10 kg). To determine the relationship of various predictors to performance on the RBLT and LBT, multiple regression analysis was conducted on body mass, height, leg cross-sectional area, upper and lower body muscular strength, lower body explosive power, upper and lower body local muscular endurance, and aerobic capacity. The mean±SD (range) number of repetitions for the RBLT was 86±23 (20-159). The mean±SD (range) time to complete the LBT was 2,054±340 seconds (1,307-3,447). The following equations were generated: RBLT (number of repetitions)=57.4+0.2(peak jump power)+0.4(number of pushups in 2 minutes)+0.15(number of repetitions during the squat endurance test)+1.39(one repetition maximal strength boxlift (kg))-0.04(2-mile run time (2MR) in seconds), R=0.81; standard error of the estimate (SEE)=14; LBT (in seconds)=1,831-4.28(number of repetitions during the squat endurance test)+0.95(2MR in seconds)-13.4(body mass), R=0.73; SEE=232. We found that the 2MR and squat endurance test were significant predictive factors for performance on both load carriage tasks. These data also imply that women's performance in combat-related tasks can be improved with training that targets muscular strength, power, and local muscular endurance in addition to aerobic capacity.",Journal Article,,,,FULL_TEXT_UNAVAILABLE,,,,,NO_PMCID_IN_PRIMARY_METADATA,Design classification required before appraisal,NOT_POSSIBLE_WITHOUT_LAWFUL_FULL_TEXT,FULL_TEXT_REVIEW_AWAITING_APPRAISAL,FULL_TEXT_UNAVAILABLE,NO,"Source discovery completed; no final scientific inclusion without full-text appraisal, exact claim mapping and human confirmation."
EV-1217,History of United States Army physical fitness and physical readiness training.,,24706237,,77EHWB8R,2014,,,,CANONICAL_BASELINE,LOOP3X full-universe authoritative materialization,https://docs.google.com/spreadsheets/d/1PsCIFKpNMjrpsaHVu2mGKFYlRboKvNGgorZocCILnoY/edit#FULL_UNIVERSE_SCREENING,Drive modified 2026-09-21T02:35:49.190Z,PubMed A/B/C baseline,"Evidence Command Center 1,456 baseline; LOOP3X materialization",BASELINE,,HIGH_RELEVANCE,DIRECT_MANUSCRIPT_FIT,FULL_TEXT_REVIEW,P1 — HIGH,Physical / academy readiness,International,Physical and Academy Readiness / Aptidao e academia,YES,NO,NO,Verified — clear,NO,,PENDING,Refined 3-pass screen; scientific text separated from admin metadata,247,LOT-13-P1,https://pubmed.ncbi.nlm.nih.gov/24706237/,"This article traces the history of US Army physical fitness assessments from the first test developed for Cadets at the US Military Academy in 1858 through efforts to revise the current Army Physical Fitness Test (APFT). The first ""Individual Efficiency Test"" (1920) for all Soldiers consisted of a 100-yard run, running broad jump, wall climb, hand grenade throw, and obstacle course. The first scientific efforts involved testing of 400 Soldiers and a factor analysis of 25 individual test items. In 1944, this resulted in a 7-item test (pull-up, burpee, squat jump, push-up, man-carry, sit-up and 300-yard run) with a 100-point scoring system. In 1943, women were encouraged to take a ""self-assessment"" consisting of push-ups, bent knee sit-ups, wing lifts, squat thrusts, running, and a stork stand. In 1946, age-adjusted standards were introduced and in 1965 semiannual fitness assessments were mandated. The number of tests proliferated in the 1969-1973 period with 7 separate assessments. The current APFT consisting of push-ups, sit-ups, and a 2-mile run was introduced in 1980 and alternative tests for those with physical limitations in 1982. Current efforts to revise the assessment involve systematic literature reviews and validating the relationship between test items and common Soldiering tasks.",Historical Article; Journal Article,,,,FULL_TEXT_UNAVAILABLE,,,,,NO_PMCID_IN_PRIMARY_METADATA,Design classification required before appraisal,NOT_POSSIBLE_WITHOUT_LAWFUL_FULL_TEXT,FULL_TEXT_REVIEW_AWAITING_APPRAISAL,FULL_TEXT_UNAVAILABLE,NO,"Source discovery completed; no final scientific inclusion without full-text appraisal, exact claim mapping and human confirmation."
EV-1226,"Association among functional-movement ability, fatigue, sedentary time, and fitness in 40 years and older active duty military personnel.",10.7205/milmed-d-13-00186,24306020,,N6RJCJ4I,2013,,,,CANONICAL_BASELINE,LOOP3X full-universe authoritative materialization,https://docs.google.com/spreadsheets/d/1PsCIFKpNMjrpsaHVu2mGKFYlRboKvNGgorZocCILnoY/edit#FULL_UNIVERSE_SCREENING,Drive modified 2026-09-21T02:35:49.190Z,PubMed A/B/C baseline,"Evidence Command Center 1,456 baseline; LOOP3X materialization",BASELINE,,HIGH_RELEVANCE,DIRECT_MANUSCRIPT_FIT,FULL_TEXT_REVIEW,P1 — HIGH,Sleep / fatigue / recovery,International,Integrated Operational Readiness / Discussion,YES,NO,NO,Verified — clear,NO,,PENDING,Refined 3-pass screen; scientific text separated from admin metadata,248,LOT-13-P1,https://pubmed.ncbi.nlm.nih.gov/24306020/,"Identifying potential modifiable determinants of functional movement ability and fatigue may inform efforts to maintain constant physical readiness, especially in active duty military over 40 years of age, who are largely sedentary throughout their work day. The primary aim of this study was to determine the associations among conventional fitness measures (body composition, flexibility, and strength), sedentary behavior (sitting time), functional movement ability, and fatigue in military personnel. Volunteer active duty personnel 40 years of age and older (n = 569 males; n = 121 females; mean ± SD for total sample = 44.5 ± 4.1 years) were assessed for adiposity (%Fat), strength, flexibility, self-reported sitting time, perceived fatigue using the fatigue severity scale, and functional movement ability using the functional movement screening criteria. Greater flexibility was associated with better functional movement screening scores (r = 0.34, p < 0.05), and waist circumference and %Fat were inversely related to function (r = -0.26 and -0.21, p < 0.05). Furthermore, less sitting time (p < 0.001) was associated with less fatigue. Our data suggest that exercise training, reductions in daily sitting time, and weight management may be viable intervention targets to enhance functional movement ability and reduce fatigue in 40+ year old active duty military personnel.","Journal Article; Research Support, Non-U.S. Gov't",,,,FULL_TEXT_UNAVAILABLE,,,,,NO_PMCID_IN_PRIMARY_METADATA,Design classification required before appraisal,NOT_POSSIBLE_WITHOUT_LAWFUL_FULL_TEXT,FULL_TEXT_REVIEW_AWAITING_APPRAISAL,FULL_TEXT_UNAVAILABLE,NO,"Source discovery completed; no final scientific inclusion without full-text appraisal, exact claim mapping and human confirmation."
EV-1235,Extreme conditioning programs and injury risk in a US Army Brigade Combat Team.,,24146241,,83CILHLV,2013,,,,CANONICAL_BASELINE,LOOP3X full-universe authoritative materialization,https://docs.google.com/spreadsheets/d/1PsCIFKpNMjrpsaHVu2mGKFYlRboKvNGgorZocCILnoY/edit#FULL_UNIVERSE_SCREENING,Drive modified 2026-09-21T02:35:49.190Z,PubMed A/B/C baseline,"Evidence Command Center 1,456 baseline; LOOP3X materialization",BASELINE,,HIGH_RELEVANCE,DIRECT_MANUSCRIPT_FIT,FULL_TEXT_REVIEW,P1 — HIGH,Musculoskeletal injury,International,Operational Implications / Discussion,YES,NO,NO,Verified — clear,NO,,PENDING,Refined 3-pass screen; scientific text separated from admin metadata,249,LOT-13-P1,https://pubmed.ncbi.nlm.nih.gov/24146241/,"Brigades and battalions throughout the US Army are currently implementing a variety of exercise and conditioning programs with greater focus on preparation for mission-specific tasks. An Army physical therapy clinic working with a light infantry brigade developed the Advanced Tactical Athlete Conditioning (ATAC) program. The ATAC program is a unique physical training program consisting of high-intensity aquatic exercises, tactical agility circuits, combat core conditioning, and interval speed training. Along with ATAC, battalions have also incorporated components of fitness programs such as the Ranger Athlete Warrior program and CrossFit (Crossfit, Inc, Santa Monica, CA) an extreme conditioning program (ECP). To determine if these new programs (ATAC, ECP) had an effect on injury rates and physical fitness. Surveys were administered to collect personal characteristics, tobacco use, personal physical fitness training, Army physical fitness test results, and self-reported injuries. Medical record injury data were obtained 6 months before and 6 months after the implementation of the new program. Predictors of injury risk were assessed using multivariate logistic regression. Odds ratios (OR) and 95% confidence intervals (CI) were reported. Injury incidence among Soldiers increased 12% for overall injuries and 16% for overuse injuries after the implementation of the ATAC/ECPs. However, injury incidence among Soldiers not participating in ATAC/ECPs also increased 14% for overall injuries and 10% for overuse injuries. Risk factors associated with higher injury risk for Soldiers participating in ATAC/ECPs included: greater mileage run per week during unit physical training (OR (>16 miles per week÷≤7 miles per week)=2.24, 95% CI, 1.33-3.80); higher body mass index (BMI) (OR (BMI 25-29.9÷BMI<25)=1.77, 95% CI, 1.29-2.44), (OR (BMI =30÷BMI<25)=2.72, 95% CI, 1.67-4.43); cigarette use (OR (smoker÷nonsmoker)=1.80, 95% CI, 1.34-2.42); poor performance on the 2-mile run during the Army Physical Fitness Test (APFT) (OR (=15.51 minutes÷≤13.52 minutes)=1.76, 95% CI, 1.13-2.74); Injury risk was lower for those reporting resistance training, (OR (<1 time per week÷none)=0.53, 95% CI, 0.31-0.92), (OR (1-2 times per week÷none)=0.50, 95% CI, 0.29-0.84), (OR (≥3 times per week÷none)=0.45, 95% CI, 0.24-0.85). Given that Soldiers participating in ATAC/ECPs showed similar changes in injury rates compared to Soldiers not participating in ATAC/ECPs, no recommendation can be made for or against implementation of ATAC/ECPs.",Journal Article,,,,FULL_TEXT_UNAVAILABLE,,,,,NO_PMCID_IN_PRIMARY_METADATA,Design classification required before appraisal,NOT_POSSIBLE_WITHOUT_LAWFUL_FULL_TEXT,FULL_TEXT_REVIEW_AWAITING_APPRAISAL,FULL_TEXT_UNAVAILABLE,NO,"Source discovery completed; no final scientific inclusion without full-text appraisal, exact claim mapping and human confirmation."
EV-1236,Strategies for optimizing military physical readiness and preventing musculoskeletal injuries in the 21st century.,,24146239,,JBDZX2BY,2013,,,,CANONICAL_BASELINE,LOOP3X full-universe authoritative materialization,https://docs.google.com/spreadsheets/d/1PsCIFKpNMjrpsaHVu2mGKFYlRboKvNGgorZocCILnoY/edit#FULL_UNIVERSE_SCREENING,Drive modified 2026-09-21T02:35:49.190Z,PubMed A/B/C baseline,"Evidence Command Center 1,456 baseline; LOOP3X materialization",BASELINE,,HIGH_RELEVANCE,DIRECT_MANUSCRIPT_FIT,FULL_TEXT_REVIEW,P1 — HIGH,Musculoskeletal injury,International,Operational Implications / Discussion,YES,NO,NO,Verified — clear,NO,,PENDING,Refined 3-pass screen; scientific text separated from admin metadata,250,LOT-13-P1,https://pubmed.ncbi.nlm.nih.gov/24146239/,"With downsizing of the military services and significant budget cuts, it will be more important than ever to optimize the health and performance of individual service members. Musculoskeletal injuries (MSIs) represent a major threat to the health and fitness of Soldiers and other service members that degrade our nation's ability to project military power. This affects both financial (such as the economic burden from medical, healthcare, and disability costs) and human manpower resources (Soldiers medically unable to optimally perform their duties and to deploy). For example, in 2012, MSIs represented the leading cause of medical care visits across the military services resulting in almost 2,200,000 medical encounters. They also result in more disability discharges than any other health condition. Nonbattle injuries (NBIs) have caused more medical evacuations (34%) from recent theaters of operation than any other cause including combat injuries. Physical training and sports are the main cause of these NBIs. The majority (56%) of these injuries are the direct result of physical training. Higher levels of physical fitness protect against such injuries; however, more physical training to improve fitness also causes higher injury rates. Thus, military physical training programs must balance the need for fitness with the risks of injuries. The Army has launched several initiatives that may potentially improve military physical readiness and reduce injuries. These include the US Army Training and Doctrine Command's Baseline Soldier Physical Readiness Requirements and Gender Neutral Physical Performance Standards studies, as well as the reimplementation of the Master Fitness Trainer program and the Army Medical Command's Soldier Medical Readiness and Performance Triad Campaigns. It is imperative for military leaders to understand that military physical readiness can be enhanced at the same time that MSIs are prevented. A strategic paradigm shift in the military's approach to physical readiness policies is needed to avoid further degradation of warfighting capability in an era of austerity. We believe this can be best accomplished through leveraging scientific, evidence-based best practices by Army senior leadership which supports, prioritizes, and implements innovative, synchronized, and integrated human performance optimization/injury prevention policy changes.",Journal Article,,,,FULL_TEXT_UNAVAILABLE,,,,,NO_PMCID_IN_PRIMARY_METADATA,Design classification required before appraisal,NOT_POSSIBLE_WITHOUT_LAWFUL_FULL_TEXT,FULL_TEXT_REVIEW_AWAITING_APPRAISAL,FULL_TEXT_UNAVAILABLE,NO,"Source discovery completed; no final scientific inclusion without full-text appraisal, exact claim mapping and human confirmation."
EV-1241,Blast-related ear injuries among U.S. military personnel.,10.1682/jrrd.2012.02.0024,24030196,,J22DTQLN,2013,,,,CANONICAL_BASELINE,LOOP3X full-universe authoritative materialization,https://docs.google.com/spreadsheets/d/1PsCIFKpNMjrpsaHVu2mGKFYlRboKvNGgorZocCILnoY/edit#FULL_UNIVERSE_SCREENING,Drive modified 2026-09-21T02:35:49.190Z,PubMed A/B/C baseline,"Evidence Command Center 1,456 baseline; LOOP3X materialization",BASELINE,,HIGH_RELEVANCE,DIRECT_MANUSCRIPT_FIT,FULL_TEXT_REVIEW,P1 — HIGH,Musculoskeletal injury,International,Operational Implications / Discussion,YES,NO,NO,Verified — clear,NO,,PENDING,Refined 3-pass screen; scientific text separated from admin metadata,251,LOT-13-P1,https://pubmed.ncbi.nlm.nih.gov/24030196/,"Blast-related ear injuries are a concern during deployment because they can compromise a servicemember's situational awareness and adversely affect operational readiness. The objectives of this study were to describe blast-related ear injuries during Operation Iraqi Freedom, identify the effect of hearing protection worn at the point of injury, and explore hearing loss and tinnitus outcomes within one year after injury. The Expeditionary Medical Encounter Database was used to identify military personnel who survived blast-related injury, and it was linked with outpatient medical databases to obtain diagnoses of hearing loss and tinnitus. The prevalence of ear injuries was 30.7% (1,223 of 3,981). The most common ear injury diagnoses were ""inner or middle ear injury involving tinnitus"" and tympanic membrane (TM) rupture. Hearing protection reduced the odds of ear injury involving tinnitus. Personnel with TM rupture had higher odds of hearing loss (odds ratio [OR] = 6.65, 95% confidence interval [CI] = 5.04-8.78) and tinnitus outcomes (OR = 4.34, 95% CI = 3.12-6.04) than those without TM rupture. Ear injuries and hearing impairment are frequent consequences of blast exposure during combat deployment. Hearing protection is warranted for all servicemembers at risk of blast exposure.","Journal Article; Research Support, U.S. Gov't, Non-P.H.S.",,,,FULL_TEXT_UNAVAILABLE,,,,,NO_PMCID_IN_PRIMARY_METADATA,Design classification required before appraisal,NOT_POSSIBLE_WITHOUT_LAWFUL_FULL_TEXT,FULL_TEXT_REVIEW_AWAITING_APPRAISAL,FULL_TEXT_UNAVAILABLE,NO,"Source discovery completed; no final scientific inclusion without full-text appraisal, exact claim mapping and human confirmation."
EV-1245,Implementation outcomes of military provider training in cognitive processing therapy and prolonged exposure therapy for post-traumatic stress disorder.,10.7205/milmed-d-13-00072,24005540,,IA3XN6B4,2013,,,,CANONICAL_BASELINE,LOOP3X full-universe authoritative materialization,https://docs.google.com/spreadsheets/d/1PsCIFKpNMjrpsaHVu2mGKFYlRboKvNGgorZocCILnoY/edit#FULL_UNIVERSE_SCREENING,Drive modified 2026-09-21T02:35:49.190Z,PubMed A/B/C baseline,"Evidence Command Center 1,456 baseline; LOOP3X materialization",BASELINE,,HIGH_RELEVANCE,DIRECT_MANUSCRIPT_FIT,FULL_TEXT_REVIEW,P1 — HIGH,Cognition / firearm performance,International,Cognition and Firearm-Task Performance / Cognicao e tiro,YES,NO,NO,Verified — clear,NO,,PENDING,Refined 3-pass screen; scientific text separated from admin metadata,252,LOT-13-P1,https://pubmed.ncbi.nlm.nih.gov/24005540/,"Between 2006 and 2012, the Department of Defense trained thousands of military mental health providers in the use of evidence-based treatments for post-traumatic stress disorder. Most providers were trained in multiday workshops that focused on the use of Cognitive Processing Therapy and Prolonged Exposure. This study is a follow-up evaluation of the implementation practices of 103 Air Force mental health providers. A survey was administered online to workshop participants; 34.2% of participants responded. Findings on treatment implementation with the providers indicated that a majority of respondents found the trainings valuable and were interested in using the treatments, yet they reported a lack of time in their clinic appointment structure to support their use. Insufficient supervision was also cited as a barrier to treatment use. Results suggest the need to improve strategies for implementing evidence-based practices with providers to enhance clinical outcomes in military settings.",Journal Article,,,,FULL_TEXT_UNAVAILABLE,,,,,NO_PMCID_IN_PRIMARY_METADATA,Design classification required before appraisal,NOT_POSSIBLE_WITHOUT_LAWFUL_FULL_TEXT,FULL_TEXT_REVIEW_AWAITING_APPRAISAL,FULL_TEXT_UNAVAILABLE,NO,"Source discovery completed; no final scientific inclusion without full-text appraisal, exact claim mapping and human confirmation."
EV-1273,Use of the dental disease nonbattle injury encounter module to assess the emergency rate on an Army military installation within the United States.,10.7205/milmed-d-12-00113,23025142,,GSCUAD59,2012,,,,CANONICAL_BASELINE,LOOP3X full-universe authoritative materialization,https://docs.google.com/spreadsheets/d/1PsCIFKpNMjrpsaHVu2mGKFYlRboKvNGgorZocCILnoY/edit#FULL_UNIVERSE_SCREENING,Drive modified 2026-09-21T02:35:49.190Z,PubMed A/B/C baseline,"Evidence Command Center 1,456 baseline; LOOP3X materialization",BASELINE,,HIGH_RELEVANCE,DIRECT_MANUSCRIPT_FIT,FULL_TEXT_REVIEW,P1 — HIGH,Musculoskeletal injury,International,Operational Implications / Discussion,YES,NO,NO,Verified — clear,NO,,PENDING,Refined 3-pass screen; scientific text separated from admin metadata,253,LOT-13-P1,https://pubmed.ncbi.nlm.nih.gov/23025142/,"The objectives of this study are (1) to establish a baseline rate for dental emergencies (DE) occurring within a Brigade Combat Team (BCT) garrisoned on a military installation located in the continental United States (CONUS), and (2) to determine if differences in risk of DE are observed in soldiers of different Dental Fitness Classifications (DFC). Data concerning DE were documented by Army Dental Corps providers using CONUS Dental Disease Nonbattle Injury Emergency Encounter module of the Corporate Dental Application (CDA). The data were collected from September 1, 2011 to December 15, 2011. The number of soldiers at risk, the BCT dental readiness, the DFC of each soldier who experienced a DE, and the date of the dental visit that preceded the DE were documented from CDA. The estimated rate of 221 DE per 1,000 soldiers per year was observed. The risk of DE for DFC 3 soldiers was five times that of soldiers who were DFC 1 or 2. Assessing the DE rate of a BCT in garrison is useful for stakeholders and policymakers who must accommodate the impact of DE on mission readiness.","Journal Article; Research Support, U.S. Gov't, Non-P.H.S.",,,,FULL_TEXT_UNAVAILABLE,,,,,NO_PMCID_IN_PRIMARY_METADATA,Design classification required before appraisal,NOT_POSSIBLE_WITHOUT_LAWFUL_FULL_TEXT,FULL_TEXT_REVIEW_AWAITING_APPRAISAL,FULL_TEXT_UNAVAILABLE,NO,"Source discovery completed; no final scientific inclusion without full-text appraisal, exact claim mapping and human confirmation."
EV-1277,"Injuries to deployed U.S. Army soldiers involved in HMMWV crashes, 2002-2006.",10.7205/milmed-d-11-00462,22934378,,KC36235M,2012,,,,CANONICAL_BASELINE,LOOP3X full-universe authoritative materialization,https://docs.google.com/spreadsheets/d/1PsCIFKpNMjrpsaHVu2mGKFYlRboKvNGgorZocCILnoY/edit#FULL_UNIVERSE_SCREENING,Drive modified 2026-09-21T02:35:49.190Z,PubMed A/B/C baseline,"Evidence Command Center 1,456 baseline; LOOP3X materialization",BASELINE,,HIGH_RELEVANCE,DIRECT_MANUSCRIPT_FIT,FULL_TEXT_REVIEW,P1 — HIGH,Musculoskeletal injury,International,Operational Implications / Discussion,YES,NO,NO,Verified — clear,NO,,PENDING,Refined 3-pass screen; scientific text separated from admin metadata,254,LOT-13-P1,https://pubmed.ncbi.nlm.nih.gov/22934378/,"Highly mobile multipurpose wheeled vehicle (HMMWV or Humvee) crashes present an important issue for the U.S. military. The aim of this study was to provide a descriptive analysis of occupants of military motor vehicle (MMV) crashes involving HMMWVs that occurred among deployed U.S. Army Soldiers. Crash-related data were collected from the U.S. Army Combat Readiness/Safety Center on MMV crashes among active duty Army personnel between 1999 and 2006. Records for 964 occupants with injuries from HMMWV crashes were analyzed, which represented 52% of the total occupants of MMV crashes. A significant association was observed between injury and engagement in combat, odds ratio 1.49 (1.03, 2.16). The risk of injury was greatest for gunners, odds ratio 2.37 (1.43, 3.92), and injury cost related to the crash was significantly related to prior deployment status (p < 0.001) and role of Soldier in the vehicle (Operator p = 0.005, Gunner p = 0.003). There was also a decrease over time in the number of crashes resulting in injury (p < 0.001). These data support the development of interventions that address the specific risks detailed, including the use of combat simulation training, increased protection for vulnerable positions, and enforcement of safety regulations.","Journal Article; Research Support, Non-U.S. Gov't; Research Support, U.S. Gov't, P.H.S.",,,5R49CE001507 CE NCIPC CDC HHS United States,FULL_TEXT_UNAVAILABLE,,,,,NO_PMCID_IN_PRIMARY_METADATA,Design classification required before appraisal,NOT_POSSIBLE_WITHOUT_LAWFUL_FULL_TEXT,FULL_TEXT_REVIEW_AWAITING_APPRAISAL,FULL_TEXT_UNAVAILABLE,NO,"Source discovery completed; no final scientific inclusion without full-text appraisal, exact claim mapping and human confirmation."
EV-1284,Donor performance of combat readiness skills of special forces soldiers are maintained immediately after whole blood donation: a study to support the development of a prehospital fresh whole blood transfusion program.,10.1111/j.1537-2995.2012.03767.x,22738468,,KFFMBVBC,2013,,,,CANONICAL_BASELINE,LOOP3X full-universe authoritative materialization,https://docs.google.com/spreadsheets/d/1PsCIFKpNMjrpsaHVu2mGKFYlRboKvNGgorZocCILnoY/edit#FULL_UNIVERSE_SCREENING,Drive modified 2026-09-21T02:35:49.190Z,PubMed A/B/C baseline,"Evidence Command Center 1,456 baseline; LOOP3X materialization",BASELINE,,HIGH_RELEVANCE,DIRECT_MANUSCRIPT_FIT,FULL_TEXT_REVIEW,P1 — HIGH,Tactical medicine / TCCC / TECC / APH,International,Tactical Medicine Readiness / APH-Tatico,YES,NO,NO,Verified — clear,NO,,PENDING,Refined 3-pass screen; scientific text separated from admin metadata,255,LOT-13-P1,https://pubmed.ncbi.nlm.nih.gov/22738468/,"Bleeding is a major cause of death in combat settings, and combat casualties in shock may benefit from fresh whole blood (FWB) transfusion. ""Buddy transfusion"" is a well-known lifesaving intervention, but little is known about donor combat safety aspects immediately after blood donation. The objectives of this study were to explore the effects of donation of 1 unit of blood on physical and combat-related performance among active duty soldiers. We also investigated the feasibility of a short training program to teach nonmedics buddy transfusion. Twenty-five fit male soldiers from a special forces unit were divided into three groups and tested on 1) a Bruce protocol treadmill stress test, push-ups, and pull-ups; 2) a 50-round rapid pistol shooting test; and 3) an uphill hiking exercise carrying a 20-kg backpack. After baseline testing, the soldiers performed the tests again (2-6 min) after donating 450 mL of blood. The training program included blood collection and reinfusion procedures and we measured success rate of venipuncture, time for blood collection, and success in placing sternal intraosseous needle and reinfusing 1 unit of autologous blood. We did not find any significant decrease in performance either in physical or in shooting performance after donating blood. Nonmedic soldiers had a 100% success rate in blood collection and also infusion on fellow soldiers after a short introduction to the procedures. This study supports the fact that buddy transfusion may be feasible for healthy well-trained soldiers and does not decrease donor combat performance under ideal circumstances.",Clinical Trial; Journal Article,,,,FULL_TEXT_UNAVAILABLE,,,,,NO_PMCID_IN_PRIMARY_METADATA,RoB 2,NOT_POSSIBLE_WITHOUT_LAWFUL_FULL_TEXT,FULL_TEXT_REVIEW_AWAITING_APPRAISAL,FULL_TEXT_UNAVAILABLE,NO,"Source discovery completed; no final scientific inclusion without full-text appraisal, exact claim mapping and human confirmation."
EV-1286,Physical training injuries and interventions for military recruits.,10.7205/milmed-d-11-00329,22645882,,KRT2J8AM,2012,,,,CANONICAL_BASELINE,LOOP3X full-universe authoritative materialization,https://docs.google.com/spreadsheets/d/1PsCIFKpNMjrpsaHVu2mGKFYlRboKvNGgorZocCILnoY/edit#FULL_UNIVERSE_SCREENING,Drive modified 2026-09-21T02:35:49.190Z,PubMed A/B/C baseline,"Evidence Command Center 1,456 baseline; LOOP3X materialization",BASELINE,,HIGH_RELEVANCE,DIRECT_MANUSCRIPT_FIT,FULL_TEXT_REVIEW,P1 — HIGH,Musculoskeletal injury,International,Operational Implications / Discussion,YES,NO,NO,Verified — clear,NO,,PENDING,Refined 3-pass screen; scientific text separated from admin metadata,256,LOT-13-P1,https://pubmed.ncbi.nlm.nih.gov/22645882/,"Low physical fitness levels are associated with increased musculoskeletal injury risk and attrition among military recruits. The authors review physical fitness trends, injury risk factors, and Department of the Army initiatives to address recruit fitness, injuries, and attrition. Initiatives include the Fitness Assessment Program, which reduced injury risk and attrition among low-fit trainees, and the Assessment of Recruit Motivation and Strength, which enabled the Army to enlist individuals exceeding body composition accession standards without increasing attrition. Physical Readiness Training (PRT) is the Army's primary initiative to address training-related injuries and attrition. PRT's inherent injury control and exercise progression components are designed to address low fitness levels across entry-level training. PRT has been shown to decrease injury rates, but low-fit recruits remain at increased risk regardless of program design. The authors recommend resuming pre-enlistment fitness screening and fitness programming before low-fit recruits begin entry-level training. The decision whether to screen for fitness before beginning entry-level training could be based upon the existing recruiting environment in terms of applicant supply and the demand for recruits. However, the Army should anticipate increased injury and attrition rates when discontinuing screening and/or fitness programming for low-fit recruits.",Journal Article,,,,FULL_TEXT_UNAVAILABLE,,,,,NO_PMCID_IN_PRIMARY_METADATA,Design classification required before appraisal,NOT_POSSIBLE_WITHOUT_LAWFUL_FULL_TEXT,FULL_TEXT_REVIEW_AWAITING_APPRAISAL,FULL_TEXT_UNAVAILABLE,NO,"Source discovery completed; no final scientific inclusion without full-text appraisal, exact claim mapping and human confirmation."
EV-1287,Body composition and military performance--many things to many people.,10.1519/jsc.0b013e31825ced6c,22643136,,2QDAYNQY,2012,,,,CANONICAL_BASELINE,LOOP3X full-universe authoritative materialization,https://docs.google.com/spreadsheets/d/1PsCIFKpNMjrpsaHVu2mGKFYlRboKvNGgorZocCILnoY/edit#FULL_UNIVERSE_SCREENING,Drive modified 2026-09-21T02:35:49.190Z,PubMed A/B/C baseline,"Evidence Command Center 1,456 baseline; LOOP3X materialization",BASELINE,,HIGH_RELEVANCE,DIRECT_MANUSCRIPT_FIT,FULL_TEXT_REVIEW,P1 — HIGH,Physical / academy readiness,International,Physical and Academy Readiness / Aptidao e academia,YES,NO,NO,Verified — clear,NO,,PENDING,Refined 3-pass screen; scientific text separated from admin metadata,257,LOT-13-P1,https://pubmed.ncbi.nlm.nih.gov/22643136/,"Soldiers are expected to maintain the highest possible level of physical readiness because they must be ready to mobilize and perform their duties anywhere in the world at any time. The objective of Army body composition standards is to motivate physical training and good nutrition habits to ensure a high state of readiness. Establishment of enforceable and rational standards to support this objective has been challenging even at extremes of body size. Morbidly obese individuals are clearly not suited to military service, but very large muscular individuals may be superbly qualified for soldier performance demands. For this reason, large individuals are measured for body fat using a waist circumference-based equation (female soldiers are also measured for hip circumference). The main challenge comes in setting appropriate fat standards to support the full range of Army requirements. Military appearance ideals dictate the most stringent body fat standards, whereas health risk thresholds anchor the most liberal standards, and physical performance associations fall on a spectrum between these 2 poles. Standards should not exclude or penalize specialized performance capabilities such as endurance running or power lifting across a spectrum of body sizes and fat. The full integration of women into the military further complicates the issue because of sexually dimorphic characteristics that make gender-appropriate standards essential and where inappropriately stringent standards can compromise both health and performance of this segment of the force. Other associations with body composition such as stress effects on intraabdominal fat distribution patterns and metabolic implications of a fat reserve for survival in extreme environments are also relevant considerations. This is a review of the science that underpins the U.S. Army body composition standards.",Journal Article; Review,,,,FULL_TEXT_UNAVAILABLE,,,,,NO_PMCID_IN_PRIMARY_METADATA,Design classification required before appraisal,NOT_POSSIBLE_WITHOUT_LAWFUL_FULL_TEXT,FULL_TEXT_REVIEW_AWAITING_APPRAISAL,FULL_TEXT_UNAVAILABLE,NO,"Source discovery completed; no final scientific inclusion without full-text appraisal, exact claim mapping and human confirmation."
EV-1297,Assessment of changes in mental health conditions among sailors and marines during postdeployment phase.,10.7205/milmed-d-10-00366,21882782,,VVDBVF8V,2011,,,,CANONICAL_BASELINE,LOOP3X full-universe authoritative materialization,https://docs.google.com/spreadsheets/d/1PsCIFKpNMjrpsaHVu2mGKFYlRboKvNGgorZocCILnoY/edit#FULL_UNIVERSE_SCREENING,Drive modified 2026-09-21T02:35:49.190Z,PubMed A/B/C baseline,"Evidence Command Center 1,456 baseline; LOOP3X materialization",BASELINE,,HIGH_RELEVANCE,DIRECT_MANUSCRIPT_FIT,FULL_TEXT_REVIEW,P1 — HIGH,Mental health / stress,International,Organizational Health Context / Discussao,YES,NO,NO,Verified — clear,NO,,PENDING,Refined 3-pass screen; scientific text separated from admin metadata,258,LOT-13-P1,https://pubmed.ncbi.nlm.nih.gov/21882782/,"Previous research regarding the mental health ramifications of military deployments focused on the U.S. Army population. As part of its deployment health surveillance mission, Navy and Marine Corps Public Health Center conducted a study of the Department of Navy population to identify reported mental health effects associated with Operation Iraqi Freedom, describe mental health care utilization by returning service members previously deployed in support of Operation Iraqi Freedom, and examine the relationships between self-identified risks and provider referral practices. Despite a considerable number of self-reported mental health concerns, referral for mental health consultations and health care utilization were rare. The psychological well-being of service members is essential to the military's optimum functionality and operational readiness; therefore, continued research in this area has significant bearing on future force health protection efforts. Additionally, this study highlights the need for further research on deployment-related mental health concerns.","Journal Article; Research Support, U.S. Gov't, Non-P.H.S.",,,,FULL_TEXT_UNAVAILABLE,,,,,NO_PMCID_IN_PRIMARY_METADATA,Design classification required before appraisal,NOT_POSSIBLE_WITHOUT_LAWFUL_FULL_TEXT,FULL_TEXT_REVIEW_AWAITING_APPRAISAL,FULL_TEXT_UNAVAILABLE,NO,"Source discovery completed; no final scientific inclusion without full-text appraisal, exact claim mapping and human confirmation."
EV-1307,Warrior Model for Human Performance and Injury Prevention: Eagle Tactical Athlete Program (ETAP) Part II.,10.55460/42ci-elhp,21442588,,PGBSQK43,2010,,,,CANONICAL_BASELINE,LOOP3X full-universe authoritative materialization,https://docs.google.com/spreadsheets/d/1PsCIFKpNMjrpsaHVu2mGKFYlRboKvNGgorZocCILnoY/edit#FULL_UNIVERSE_SCREENING,Drive modified 2026-09-21T02:35:49.190Z,PubMed A/B/C baseline,"Evidence Command Center 1,456 baseline; LOOP3X materialization",BASELINE,,HIGH_RELEVANCE,DIRECT_MANUSCRIPT_FIT,FULL_TEXT_REVIEW,P1 — HIGH,Musculoskeletal injury,Both,Operational Implications / Discussion,YES,NO,NO,Verified — clear,NO,,PENDING,Refined 3-pass screen; scientific text separated from admin metadata,259,LOT-13-P1,https://pubmed.ncbi.nlm.nih.gov/21442588/,"Physical training for United States military personnel requires a combination of injury prevention and performance optimization to counter unintentional musculoskeletal injuries and maximize warrior capabilities. Determining the most effective activities and tasks to meet these goals requires a systematic, research-based approach that is population specific based on the tasks and demands of the Warrior. The authors have modified the traditional approach to injury prevention to implement a comprehensive injury prevention and performance optimization research program with the 101st Airborne Division (Air Assault) at Fort Campbell, KY. This is second of two companion papers and presents the last three steps of the research model and includes Design and Validation of the Interventions, Program Integration and Implementation, and Monitor and Determine the Effectiveness of the Program. An 8-week trial was performed to validate the Eagle Tactical Athlete Program (ETAP) to improve modifiable suboptimal characteristics identified in Part I. The experimental group participated in ETAP under the direction of a ETAP Strength and Conditioning Specialist while the control group performed the current physical training at Fort Campbell under the direction of a Physical Training Leader and as governed by FM 21-20 for the 8-week study period. Soldiers performing ETAP demonstrated improvements in several tests for strength, flexibility, performance, physiology, and the APFT compared to current physical training performed at Fort Campbell. ETAP was proven valid to improve certain suboptimal characteristics within the 8-week trial as compared to the current training performed at Fort Campbell. ETAP has long-term implications and with expected greater improvements when implemented into a Division pre-deployment cycle of 10-12 months which will result in further systemic adaptations for each variable.","Journal Article; Randomized Controlled Trial; Research Support, Non-U.S. Gov't",,,,FULL_TEXT_UNAVAILABLE,,,,,NO_PMCID_IN_PRIMARY_METADATA,RoB 2,NOT_POSSIBLE_WITHOUT_LAWFUL_FULL_TEXT,FULL_TEXT_REVIEW_AWAITING_APPRAISAL,FULL_TEXT_UNAVAILABLE,NO,"Source discovery completed; no final scientific inclusion without full-text appraisal, exact claim mapping and human confirmation."
EV-1308,Warrior Model for Human Performance and Injury Prevention: Eagle Tactical Athlete Program (ETAP) Part I.,10.55460/556o-k7n2,21442587,,X7V42HWB,2010,,,,CANONICAL_BASELINE,LOOP3X full-universe authoritative materialization,https://docs.google.com/spreadsheets/d/1PsCIFKpNMjrpsaHVu2mGKFYlRboKvNGgorZocCILnoY/edit#FULL_UNIVERSE_SCREENING,Drive modified 2026-09-21T02:35:49.190Z,PubMed A/B/C baseline,"Evidence Command Center 1,456 baseline; LOOP3X materialization",BASELINE,,HIGH_RELEVANCE,DIRECT_MANUSCRIPT_FIT,FULL_TEXT_REVIEW,P1 — HIGH,Musculoskeletal injury,Both,Operational Implications / Discussion,YES,NO,NO,Verified — clear,NO,,PENDING,Refined 3-pass screen; scientific text separated from admin metadata,260,LOT-14-P1,https://pubmed.ncbi.nlm.nih.gov/21442587/,"Physical training for United States military personnel requires a combination of injury prevention and performance optimization to counter unintentional musculoskeletal injuries and maximize warrior capabilities. Determining the most effective activities and tasks to meet these goals requires a systematic, research-based approach that is population specific based on the tasks and demands of the warrior. We have modified the traditional approach to injury prevention to implement a comprehensive injury prevention and performance optimization research program with the 101st Airborne Division (Air Assault) at Ft. Campbell, KY. This is Part I of two papers that presents the research conducted during the first three steps of the program and includes Injury Surveillance, Task and Demand Analysis, and Predictors of Injury and Optimal Performance. Injury surveillance based on a self-report of injuries was collected on all Soldiers participating in the study. Field-based analyses of the tasks and demands of Soldiers performing typical tasks of 101st Soldiers were performed to develop 101st-specific laboratory testing and to assist with the design of the intervention (Eagle Tactical Athlete Program (ETAP)). Laboratory testing of musculoskeletal, biomechanical, physiological, and nutritional characteristics was performed on Soldiers and benchmarked to triathletes to determine predictors of injury and optimal performance and to assist with the design of ETAP. Injury surveillance demonstrated that Soldiers of the 101st are at risk for a wide range of preventable unintentional musculoskeletal injuries during physical training, tactical training, and recreational/sports activities. The field-based analyses provided quantitative data and qualitative information essential to guiding 101st specific laboratory testing and intervention design. Overall the laboratory testing revealed that Soldiers of the 101st would benefit from targeted physical training to meet the specific demands of their job and that sub-groups of Soldiers would benefit from targeted injury prevention activities. The first three steps of the injury prevention and performance research program revealed that Soldiers of the 101st suffer preventable musculoskeletal injuries, have unique physical demands, and would benefit from targeted training to improve performance and prevent injury.","Journal Article; Randomized Controlled Trial; Research Support, U.S. Gov't, Non-P.H.S.",,,,FULL_TEXT_UNAVAILABLE,,,,,NO_PMCID_IN_PRIMARY_METADATA,RoB 2,NOT_POSSIBLE_WITHOUT_LAWFUL_FULL_TEXT,FULL_TEXT_REVIEW_AWAITING_APPRAISAL,FULL_TEXT_UNAVAILABLE,NO,"Source discovery completed; no final scientific inclusion without full-text appraisal, exact claim mapping and human confirmation."
EV-1311,Sleep and fatigue issues in continuous operations: a survey of U.S. Army officers.,10.1080/15402002.2011.533994,21218294,,PDKC3I2A,2011,,,,CANONICAL_BASELINE,LOOP3X full-universe authoritative materialization,https://docs.google.com/spreadsheets/d/1PsCIFKpNMjrpsaHVu2mGKFYlRboKvNGgorZocCILnoY/edit#FULL_UNIVERSE_SCREENING,Drive modified 2026-09-21T02:35:49.190Z,PubMed A/B/C baseline,"Evidence Command Center 1,456 baseline; LOOP3X materialization",BASELINE,,HIGH_RELEVANCE,DIRECT_MANUSCRIPT_FIT,FULL_TEXT_REVIEW,P1 — HIGH,Sleep / fatigue / recovery,International,Integrated Operational Readiness / Discussion,YES,NO,NO,Verified — clear,NO,,PENDING,Refined 3-pass screen; scientific text separated from admin metadata,261,LOT-14-P1,https://pubmed.ncbi.nlm.nih.gov/21218294/,"Forty-nine U.S. Army officers with recent combat experience were surveyed to assess their units' sleep patterns and to determine the tactics, techniques, and procedures used to counter the effects of sleep deprivation in their units. Despite Army policy requiring units to develop and implement sleep management plans, nearly 80% of the participants reported they had not been briefed on a sleep management plan during their most recent deployment. Over one half of the respondents reported that fatigue was a problem in their units. During high operational tempo (OPTEMPO), which occupied nearly half of their time in combat, participants report receiving only 4 hr of sleep daily. The vast majority of respondents (82.6%) reported feeling sleep-deprived at least occasionally while at high OPTEMPO. These findings have important implications for the operational readiness of all military units deployed to combat environments.",Journal Article,,,,FULL_TEXT_UNAVAILABLE,,,,,NO_PMCID_IN_PRIMARY_METADATA,Design classification required before appraisal,NOT_POSSIBLE_WITHOUT_LAWFUL_FULL_TEXT,FULL_TEXT_REVIEW_AWAITING_APPRAISAL,FULL_TEXT_UNAVAILABLE,NO,"Source discovery completed; no final scientific inclusion without full-text appraisal, exact claim mapping and human confirmation."
EV-1323,A process to identify military injury prevention priorities based on injury type and limited duty days.,10.1016/j.amepre.2009.10.004,20117593,,ESB35NYC,2010,,,,CANONICAL_BASELINE,LOOP3X full-universe authoritative materialization,https://docs.google.com/spreadsheets/d/1PsCIFKpNMjrpsaHVu2mGKFYlRboKvNGgorZocCILnoY/edit#FULL_UNIVERSE_SCREENING,Drive modified 2026-09-21T02:35:49.190Z,PubMed A/B/C baseline,"Evidence Command Center 1,456 baseline; LOOP3X materialization",BASELINE,,HIGH_RELEVANCE,DIRECT_MANUSCRIPT_FIT,FULL_TEXT_REVIEW,P1 — HIGH,Musculoskeletal injury,International,Operational Implications / Discussion,YES,NO,NO,Verified — clear,NO,,PENDING,Refined 3-pass screen; scientific text separated from admin metadata,262,LOT-14-P1,https://pubmed.ncbi.nlm.nih.gov/20117593/,"Injuries, one of the leading public health problems in an otherwise healthy military population, affect operational readiness, increase healthcare costs, and result in disabilities and fatalities. This paper describes a systematic, data-driven, injury prevention-decision making process to rank potential injury prevention targets. Medical surveillance and safety report data on injuries for 2004 were reviewed. Nonfatal injury diagnoses (ICD-9-CM codes) obtained from the Defense Medical Surveillance System were ranked according to incident visit frequency and estimated limited duty days. Data on the top five injury types resulting in the greatest estimated limited duty days were matched with hospitalization and Service Safety Centers' accident investigation data to identify leading causes. Experts scored and ranked the causes using predetermined criteria that considered the importance of the problem, preventability, feasibility, timeliness of intervention establishment/results, and ability to evaluate. Department of Defense (DoD) and Service-specific injury prevention priorities were identified. Unintentional injuries lead all other medical conditions for number of medical encounters, individuals affected, and hospital bed days. The top ten injuries resulted in an estimated 25 million days of limited duty. Injury-related musculoskeletal conditions were a leading contributor to days of limited duty. Sports and physical training were the leading cause, followed by falls. A systematic approach to injury prevention-decision making supports the DoD's goal of ensuring a healthy, fit force. The methodology described here advances this capability. Immediate follow-up efforts should employ both medical and safety data sets to identify and monitor injury prevention priorities.",Journal Article,,,,FULL_TEXT_UNAVAILABLE,,,,,NO_PMCID_IN_PRIMARY_METADATA,Design classification required before appraisal,NOT_POSSIBLE_WITHOUT_LAWFUL_FULL_TEXT,FULL_TEXT_REVIEW_AWAITING_APPRAISAL,FULL_TEXT_UNAVAILABLE,NO,"Source discovery completed; no final scientific inclusion without full-text appraisal, exact claim mapping and human confirmation."
EV-1325,How to stop fighting ourselves: removing the stigma of mental health treatment for soldiers.,,20084692,,JUQNZHGC,2007,,,,CANONICAL_BASELINE,LOOP3X full-universe authoritative materialization,https://docs.google.com/spreadsheets/d/1PsCIFKpNMjrpsaHVu2mGKFYlRboKvNGgorZocCILnoY/edit#FULL_UNIVERSE_SCREENING,Drive modified 2026-09-21T02:35:49.190Z,PubMed A/B/C baseline,"Evidence Command Center 1,456 baseline; LOOP3X materialization",BASELINE,,HIGH_RELEVANCE,DIRECT_MANUSCRIPT_FIT,FULL_TEXT_REVIEW,P1 — HIGH,Mental health / stress,International,Organizational Health Context / Discussao,YES,NO,NO,Verified — clear,NO,,PENDING,Refined 3-pass screen; scientific text separated from admin metadata,263,LOT-14-P1,https://pubmed.ncbi.nlm.nih.gov/20084692/,"Soldiers' fear of stigmatization by peers and superiors is the primary barrier that the US Army must overcome as a prerequisite to providing successful mental health treatment to Soldiers who have been exposed to the combat environment. Untreated mental health conditions can lead to increased severity of symptoms and adversely affect mission readiness. Command leadership must become aware of the effects of combat exposure upon their Soldiers, and refer Soldiers to behavioral health facilities when necessary, so that their Soldiers are peak performers and mission ready.",Journal Article,,,,FULL_TEXT_UNAVAILABLE,,,,,NO_PMCID_IN_PRIMARY_METADATA,Design classification required before appraisal,NOT_POSSIBLE_WITHOUT_LAWFUL_FULL_TEXT,FULL_TEXT_REVIEW_AWAITING_APPRAISAL,FULL_TEXT_UNAVAILABLE,NO,"Source discovery completed; no final scientific inclusion without full-text appraisal, exact claim mapping and human confirmation."
EV-1338,How stress fracture incidence was lowered in the Israeli army: a 25-yr struggle.,10.1249/mss.0b013e3181892dc2,18849873,,8HLULKU9,2008,,,,CANONICAL_BASELINE,LOOP3X full-universe authoritative materialization,https://docs.google.com/spreadsheets/d/1PsCIFKpNMjrpsaHVu2mGKFYlRboKvNGgorZocCILnoY/edit#FULL_UNIVERSE_SCREENING,Drive modified 2026-09-21T02:35:49.190Z,PubMed A/B/C baseline,"Evidence Command Center 1,456 baseline; LOOP3X materialization",BASELINE,,HIGH_RELEVANCE,DIRECT_MANUSCRIPT_FIT,FULL_TEXT_REVIEW,P1 — HIGH,Musculoskeletal injury,International,Operational Implications / Discussion,YES,NO,NO,Verified — clear,NO,,PENDING,Refined 3-pass screen; scientific text separated from admin metadata,264,LOT-14-P1,https://pubmed.ncbi.nlm.nih.gov/18849873/,"In 1983, a 31% incidence of stress fractures was found among Israeli basic infantry recruits. The purpose of this article is to chronicle the efforts of the Israeli Defense Forces to lower the stress fracture incidence and to present new data showing how reduction was finally achieved. A historical review of the steps taken over the past 25 yr to decrease stress fracture incidence in the Israeli Army is presented: risk factors for stress fracture were identified to create a risk profile and facilitate screening of recruits; modifications in army shoes were made; shock attenuating orthoses and biomechanical orthoses of various compositions were used; and the bisphosphonate risedronate was administered to recruits before and during basic training. In the latest intervention, the combined effect of a minimum nightly sleep requirement (6 h a night) and a decrease in recruits' cumulative marching and running on the incidence of stress fractures was evaluated among 276 infantry recruits. A stress fracture risk profile was developed. It allows a recruit's stress fracture risk to be calculated before infantry training. Shoe modifications, orthoses, and pharmacological treatment with risedronate were not effective in lowering the incidence of stress fractures. The minimum sleep regimen and the reduced cumulative marching lowered the incidence of stress fractures by 62% (from 30.8% to 11.6%) and decreased their severity as compared with the 1983 baseline study. After failing in prior interventions, a more than 60% decrease in stress fracture incidence was achieved by enforcing a minimum sleep regimen and lowering the cumulative marching during infantry training. These changes did not affect the quality of the training or the soldiers' combat readiness.",Historical Article; Journal Article,,,,FULL_TEXT_UNAVAILABLE,,,,,NO_PMCID_IN_PRIMARY_METADATA,Design classification required before appraisal,NOT_POSSIBLE_WITHOUT_LAWFUL_FULL_TEXT,FULL_TEXT_REVIEW_AWAITING_APPRAISAL,FULL_TEXT_UNAVAILABLE,NO,"Source discovery completed; no final scientific inclusion without full-text appraisal, exact claim mapping and human confirmation."
EV-1340,Physical fitness influences stress reactions to extreme military training.,10.7205/milmed.173.8.738,18751589,,ITBMSUW6,2008,,,,CANONICAL_BASELINE,LOOP3X full-universe authoritative materialization,https://docs.google.com/spreadsheets/d/1PsCIFKpNMjrpsaHVu2mGKFYlRboKvNGgorZocCILnoY/edit#FULL_UNIVERSE_SCREENING,Drive modified 2026-09-21T02:35:49.190Z,PubMed A/B/C baseline,"Evidence Command Center 1,456 baseline; LOOP3X materialization",BASELINE,,HIGH_RELEVANCE,DIRECT_MANUSCRIPT_FIT,FULL_TEXT_REVIEW,P1 — HIGH,Physical / academy readiness,International,Physical and Academy Readiness / Aptidao e academia,YES,NO,NO,Verified — clear,NO,,PENDING,Refined 3-pass screen; scientific text separated from admin metadata,265,LOT-14-P1,https://pubmed.ncbi.nlm.nih.gov/18751589/,"Physical fitness and physical conditioning have long been valued by the military for their roles in enhancing mission-specific performance and reducing risk of injury in the warfighter. It is not known whether physical fitness plays a causal role in attenuating acute military stress reactions or the evolution of post-traumatic stress disorder. The objective of this study was to determine whether physical fitness influences the impact of stressful events during military survival training in 31 men. Participants self-reported their most recent Physical Readiness Test scores and completed a trait anxiety measure before survival training. Participants also completed the Impact of Events Scale (IES) 24 hours after training. Aerobic fitness was inversely associated with the total IES score (p < 0.01, adjusted R2 = 0.19). When adjusted for trait anxiety, this relationship was substantially attenuated and no longer significant (p = 0.11). Trait anxiety was inversely associated with aerobic fitness (p < 0.05) and positively related to IES (p < 0.001). Physical fitness may buffer stress symptoms secondary to extreme military stress and its effects may be mediated via fitness-related attenuations in trait anxiety.","Journal Article; Research Support, U.S. Gov't, Non-P.H.S.",,,,FULL_TEXT_UNAVAILABLE,,,,,NO_PMCID_IN_PRIMARY_METADATA,Design classification required before appraisal,NOT_POSSIBLE_WITHOUT_LAWFUL_FULL_TEXT,FULL_TEXT_REVIEW_AWAITING_APPRAISAL,FULL_TEXT_UNAVAILABLE,NO,"Source discovery completed; no final scientific inclusion without full-text appraisal, exact claim mapping and human confirmation."
EV-1353,"Acute gastrointestinal infection, respiratory illness, and noncombat injury among US military personnel during Operation Bright Star 2005, in Northern Egypt.",10.1111/j.1708-8305.2007.00159.x,17995535,,AZ5MD4GI,2007,,,,CANONICAL_BASELINE,LOOP3X full-universe authoritative materialization,https://docs.google.com/spreadsheets/d/1PsCIFKpNMjrpsaHVu2mGKFYlRboKvNGgorZocCILnoY/edit#FULL_UNIVERSE_SCREENING,Drive modified 2026-09-21T02:35:49.190Z,PubMed A/B/C baseline,"Evidence Command Center 1,456 baseline; LOOP3X materialization",BASELINE,,HIGH_RELEVANCE,DIRECT_MANUSCRIPT_FIT,FULL_TEXT_REVIEW,P1 — HIGH,Musculoskeletal injury,International,Operational Implications / Discussion,YES,NO,NO,Verified — clear,NO,,PENDING,Refined 3-pass screen; scientific text separated from admin metadata,266,LOT-14-P1,https://pubmed.ncbi.nlm.nih.gov/17995535/,"In the fall 2005, approximately 7,500 US military personnel participated in an exercise in the Egyptian desert. The epidemiology of disease and noncombat injury among deployed troops is important in the context of assessing current mitigation strategies and the development of future ones. To assess the prevalence and impact of diarrhea and enteropathogen distribution, we conducted a case series study. To assess the relative impact of diarrhea compared to respiratory infection and injury, we conducted a post-deployment survey and compared these data to clinic-based syndromic surveillance data. We enrolled 43 patients with acute diarrhea, 21 (49%) having one or more pathogens isolated. Enterotoxigenic Escherichia coli (n= 16), enteroaggregative E coli (n= 3), and Shigella spp. (n= 3) were the most common pathogens identified. Respiratory illness had the highest incidence (73 episodes/100 person-months) compared to diarrhea (35 episodes/100 person-months) and noncombat injury (17 episodes/100 person-months), though noncombat injury more frequently resulted in lost duty days and health-care utilization. Noncombat injuries and illnesses have had a significant impact on military missions and continue to result in force health protection challenges today. Future studies are needed to test and evaluate countermeasures to mitigate these illnesses and injuries to increase the health of the individuals and optimize mission readiness.","Journal Article; Research Support, Non-U.S. Gov't",,,,FULL_TEXT_UNAVAILABLE,,,,,NO_PMCID_IN_PRIMARY_METADATA,Design classification required before appraisal,NOT_POSSIBLE_WITHOUT_LAWFUL_FULL_TEXT,FULL_TEXT_REVIEW_AWAITING_APPRAISAL,FULL_TEXT_UNAVAILABLE,NO,"Source discovery completed; no final scientific inclusion without full-text appraisal, exact claim mapping and human confirmation."
EV-1377,Triage decisions of United Kingdom police firearms officers using a multiple-casualty scenario paper exercise.,10.1017/s1049023x00002132,15748014,,AZU2I7LD,2005,,,,CANONICAL_BASELINE,LOOP3X full-universe authoritative materialization,https://docs.google.com/spreadsheets/d/1PsCIFKpNMjrpsaHVu2mGKFYlRboKvNGgorZocCILnoY/edit#FULL_UNIVERSE_SCREENING,Drive modified 2026-09-21T02:35:49.190Z,PubMed A/B/C baseline,"Evidence Command Center 1,456 baseline; LOOP3X materialization",BASELINE,,HIGH_RELEVANCE,DIRECT_MANUSCRIPT_FIT,FULL_TEXT_REVIEW,P1 — HIGH,Cognition / firearm performance,International,Cognition and Firearm-Task Performance / Cognicao e tiro,YES,NO,NO,Verified — clear,NO,,PENDING,Refined 3-pass screen; scientific text separated from admin metadata,267,LOT-14-P1,https://pubmed.ncbi.nlm.nih.gov/15748014/,"British police officers authorized to carry firearms may need to make judgments about the severity of injury of individuals or the relative priority of clinical need of a group of injured patients in tactical and non-tactical situations. Most of these officers receive little or no medical training beyond basic first aid to enable them to make these clinical decisions. Therefore, the aim of this study is to determine the accuracy of triage decision-making of firearms-trained police officers with and without printed decision-support materials. Eighty-two police firearms officers attending a tactical medicine course (FASTAid) were recruited to the study. Data were collected using a paper-based triage exercise that contained brief, clinical details of 20 adults and 10 children. Subjects were asked to assign a clinical priority of immediate or priority 1 (P1); urgent or priority 2 (P2); delayed or priority 3 (P3); or dead, to each casualty. Then, they were provided with decision-making materials, but were not given any instruction as to how these materials should be used. Subjects then completed a second triage exercise, identical to the first, except this time using the decision-support materials. Data were analyzed using mixed between-within subjects analysis of variance. This allowed comparisons to be made between the scores for Exercise 1 (no decision-support material) and Exercise 2 (with decision-support material). It also allowed any differences between those students with previous triage training and those without previous training to be explored. The use of triage decision-making materials resulted in a significant increase in correct responses (p < 0.001). Improvement in accuracy appears to result mainly from a reduction in the extent of under-triage. There were significant differences (p < 0.05) between those who had received previous triage training and those who had not, with those having received triage training doing slightly better. It appears that significant improvements in the accuracy of triage decision-making by police firearms officers can be achieved with the use of appropriate triage decision-support materials. Training may offer additional improvements in accuracy, but this improvement is likely to be small when decision-support materials are provided. With basic clinical skills and appropriate decision-support materials, it is likely that the police officer can make accurate triage decisions in a multiple-casualty scenario or make judgments of the severity of injury of a given individual in both tactical and non-tactical situations.",Evaluation Study; Journal Article,,,,FULL_TEXT_UNAVAILABLE,,,,,NO_PMCID_IN_PRIMARY_METADATA,Design classification required before appraisal,NOT_POSSIBLE_WITHOUT_LAWFUL_FULL_TEXT,FULL_TEXT_REVIEW_AWAITING_APPRAISAL,FULL_TEXT_UNAVAILABLE,NO,"Source discovery completed; no final scientific inclusion without full-text appraisal, exact claim mapping and human confirmation."
EV-1390,Musculoskeletal injuries in an Army airborne population.,,12502180,,NVKQQA94,2002,,,,CANONICAL_BASELINE,LOOP3X full-universe authoritative materialization,https://docs.google.com/spreadsheets/d/1PsCIFKpNMjrpsaHVu2mGKFYlRboKvNGgorZocCILnoY/edit#FULL_UNIVERSE_SCREENING,Drive modified 2026-09-21T02:35:49.190Z,PubMed A/B/C baseline,"Evidence Command Center 1,456 baseline; LOOP3X materialization",BASELINE,,HIGH_RELEVANCE,DIRECT_MANUSCRIPT_FIT,FULL_TEXT_REVIEW,P1 — HIGH,Musculoskeletal injury,International,Operational Implications / Discussion,YES,NO,NO,Verified — clear,NO,,PENDING,Refined 3-pass screen; scientific text separated from admin metadata,268,LOT-14-P1,https://pubmed.ncbi.nlm.nih.gov/12502180/,"To maintain operational readiness, military personnel engage in vigorous physical and training activities that carry risk for injury. A 1-year prospective cohort study, starting April 1996, was conducted at Fort Bragg, North Carolina among 1,965 members of the 82nd Airborne Division to quantify musculoskeletal injuries. Information collected included type of injury, site, circumstances, and resultant limited duty days. These soldiers suffered 508 overuse injuries (including 38 stress fractures), 1,415 traumatic injuries (including 100 fractures), and 101 unclassified injuries. Injury rates were 6.8% per soldier per month for traumatic injury and 2.4% for overuse injury (totaling 1.2 injuries per soldier per year). Injuries resulted in 22,041 limited duty days, averaging 11 days per injury and 13 days per soldier (4.5% of total workdays). Fractures and stress fractures/reactions produced the most days lost per case. Most of these injuries resulted from military-specific activities.","Journal Article; Research Support, U.S. Gov't, Non-P.H.S.",,,,FULL_TEXT_UNAVAILABLE,,,,,NO_PMCID_IN_PRIMARY_METADATA,Design classification required before appraisal,NOT_POSSIBLE_WITHOUT_LAWFUL_FULL_TEXT,FULL_TEXT_REVIEW_AWAITING_APPRAISAL,FULL_TEXT_UNAVAILABLE,NO,"Source discovery completed; no final scientific inclusion without full-text appraisal, exact claim mapping and human confirmation."
EV-1392,"Body fat standards and individual physical readiness in a randomized Army sample: screening weights, methods of fat assessment, and linkage to physical fitness.",,12502174,,8K9X4K63,2002,,,,CANONICAL_BASELINE,LOOP3X full-universe authoritative materialization,https://docs.google.com/spreadsheets/d/1PsCIFKpNMjrpsaHVu2mGKFYlRboKvNGgorZocCILnoY/edit#FULL_UNIVERSE_SCREENING,Drive modified 2026-09-21T02:35:49.190Z,PubMed A/B/C baseline,"Evidence Command Center 1,456 baseline; LOOP3X materialization",BASELINE,,HIGH_RELEVANCE,DIRECT_MANUSCRIPT_FIT,FULL_TEXT_REVIEW,P1 — HIGH,Physical / academy readiness,International,Physical and Academy Readiness / Aptidao e academia,YES,NO,NO,Verified — clear,NO,,PENDING,Refined 3-pass screen; scientific text separated from admin metadata,269,LOT-14-P1,https://pubmed.ncbi.nlm.nih.gov/12502174/,"Body fat standards have been used by the military services since the early 1980s to prevent obesity and motivate good fitness habits. The Army Weight Control Program has continued to undergo evaluation and incorporate improvements based on emerging scientific findings. Recently drafted revisions of Department of Defense-wide procedures address issues of consistency and validity raised by external oversight groups. This study evaluated the impact of three proposed refinements of the Army Weight Control Program. Anthropometric measurements and fitness test performance were obtained in a randomized sample of 1,038 male and 347 nonpregnant female soldiers at three Army posts. Of this sample, 11% of men and 17% of women were overweight and overfat; 6.3 and 9.8%, respectively, were currently on the Army Weight Control Program. Screening weight tables that ensure women are not inappropriately striving to meet weights more stringent than ""healthy"" weight (i.e., body mass index < 25 kg/m2) still correctly identified all women for evaluation for the age-specific body fat standards. Body fat estimation using more valid DoD body fat equations that include an abdominal circumference for women reduced the number of female soldiers currently classified as exceeding fat standards, coincidentally resulting in a comparable prevalence of male and female soldiers over the fat standards (12%). A body fat allowance for young soldiers who scored very well on the physical fitness test could have benefited one-fourth of the soldiers exceeding fat standards and acknowledges biological variability in body fat thresholds. Whereas this linkage may motivate fitness habits, it complicates enforcement of reasonably achievable body fat standards. The proposed changes in fat screening and measurement methods are appropriate, but the impact to health and physical readiness of the Force cannot be accurately predicted or measured because of the absence of comprehensive baseline data and tracking mechanisms.",Journal Article; Multicenter Study,,,,FULL_TEXT_UNAVAILABLE,,,,,NO_PMCID_IN_PRIMARY_METADATA,Design classification required before appraisal,NOT_POSSIBLE_WITHOUT_LAWFUL_FULL_TEXT,FULL_TEXT_REVIEW_AWAITING_APPRAISAL,FULL_TEXT_UNAVAILABLE,NO,"Source discovery completed; no final scientific inclusion without full-text appraisal, exact claim mapping and human confirmation."
EV-1400,Correlates of physical fitness improvement among a Navy remedial exercise sample.,,11413730,,5EXBIBLQ,2001,,,,CANONICAL_BASELINE,LOOP3X full-universe authoritative materialization,https://docs.google.com/spreadsheets/d/1PsCIFKpNMjrpsaHVu2mGKFYlRboKvNGgorZocCILnoY/edit#FULL_UNIVERSE_SCREENING,Drive modified 2026-09-21T02:35:49.190Z,PubMed A/B/C baseline,"Evidence Command Center 1,456 baseline; LOOP3X materialization",BASELINE,,HIGH_RELEVANCE,DIRECT_MANUSCRIPT_FIT,FULL_TEXT_REVIEW,P1 — HIGH,Physical / academy readiness,International,Physical and Academy Readiness / Aptidao e academia,YES,NO,NO,Verified — clear,NO,,PENDING,Refined 3-pass screen; scientific text separated from admin metadata,270,LOT-14-P1,https://pubmed.ncbi.nlm.nih.gov/11413730/,"This study investigated influences on physical fitness improvement among Navy remedial exercise program participants. Subjects were 27 Navy personnel who had failed to pass the body composition, aerobic fitness, or curl-up portion of the semiannual physical readiness test. The remedial exercise program consisted of three 1-hour exercise sessions per week for 16 weeks, with primary emphasis on running and walking. To determine influences on physical fitness improvement, physical readiness test and self-report survey data were collected and analyzed through bivariate Pearson correlation. No correlations were found between any of the study variables and weight change. Initial body fat was positively correlated (r = 0.470, p < 0.05), whereas initial body weight (r = -0.490, p < 0.05) and perceptions of exercise leadership (r = -0.690, p < 0.05) were negatively correlated with reductions in body fat. Positive correlates of improvements in 1.5-mile run time were initial run failure (r = 0.637, p < 0.01), perceived exercise benefits (r = 0.574, p < 0.01), and perceptions of social support (r = 0.543, p < 0.05). Exercise mode (walking group) was negatively correlated (r = -0.445, p < 0.05) with improvements in run time. In conclusion, this study demonstrated that various personal, program, and environmental factors influence improvements in physical fitness status.",Journal Article,,,,FULL_TEXT_UNAVAILABLE,,,,,NO_PMCID_IN_PRIMARY_METADATA,Design classification required before appraisal,NOT_POSSIBLE_WITHOUT_LAWFUL_FULL_TEXT,FULL_TEXT_REVIEW_AWAITING_APPRAISAL,FULL_TEXT_UNAVAILABLE,NO,"Source discovery completed; no final scientific inclusion without full-text appraisal, exact claim mapping and human confirmation."
EV-1408,Hospitalization due to injuries in the military. Evaluation of current data and recommendations on their use for injury prevention.,10.1016/s0749-3797(99)00171-3,10736540,,J4R5SMQC,2000,,,,CANONICAL_BASELINE,LOOP3X full-universe authoritative materialization,https://docs.google.com/spreadsheets/d/1PsCIFKpNMjrpsaHVu2mGKFYlRboKvNGgorZocCILnoY/edit#FULL_UNIVERSE_SCREENING,Drive modified 2026-09-21T02:35:49.190Z,PubMed A/B/C baseline,"Evidence Command Center 1,456 baseline; LOOP3X materialization",BASELINE,,HIGH_RELEVANCE,DIRECT_MANUSCRIPT_FIT,FULL_TEXT_REVIEW,P1 — HIGH,Musculoskeletal injury,International,Operational Implications / Discussion,YES,NO,NO,Verified — clear,NO,,PENDING,Refined 3-pass screen; scientific text separated from admin metadata,271,LOT-14-P1,https://pubmed.ncbi.nlm.nih.gov/10736540/,"Injuries inflict the largest health impact on military populations in terms of hospitalization. Hospitalized injuries result in the largest direct costs of medical care and the most lost workdays, include the largest proportion of disabling injuries, and have the largest impact on troop readiness. Efforts are now beginning to focus on how injury surveillance data can be used to reduce the burden of injuries. This article examines the value of administrative hospital discharge databases in the military for routine injury surveillance, as well as investigation of specific injury problems, including musculoskeletal conditions that are frequently sequelae of old injuries. Data on hospitalizations for injuries and musculoskeletal conditions were obtained from separate administrative agencies for the Army, Navy, and Air Force. Since 1989, a Standard Inpatient Data Record (SIDR) has been used to ensure uniformity in data collection across the services utilizing standard ICD-9 codes. Cause of injury was coded using special military cause codes (STANAG codes) developed by NATO. Data were analyzed on both nature and cause of injury. Denominator data on troop strength were obtained from the Defense Manpower Data Center (DMDC). Hospital records data indicate that injuries and musculoskeletal conditions have a bigger impact on the health of service members and military/combat readiness than any other ICD-9 Principal Diagnostic Group (higher incidence and higher noneffective rate or days not available for duty). Hospitalization rates for injury appeared to decline for all services from 1980 to 1992. In 1992, service-specific injury hospitalization rates per 1000 person-years were 15.6 for the Army, 8.3 for the Navy (enlisted only), and 7.7 for the Air Force, while the corresponding hospitalization rate for musculoskeletal conditions was higher in all three services: 28.1, 9.7, and 12.0, respectively. Military hospital discharge databases are an important source of information on severe injuries and are more comprehensive than civilian databases. They include detailed injury information that can be useful for injury prevention and surveillance purposes. Specifically, it can be used to identify high-risk groups or hazards for targeting prevention resources. These may vary widely by service, rank, and job tasks. Hospital discharge data can also be used to evaluate the effectiveness of interventions for reducing injury rates. Recommendations were submitted to further improve data collection and the use of hospital data for research and injury prevention.","Journal Article; Research Support, Non-U.S. Gov't; Research Support, U.S. Gov't, Non-P.H.S.; Research Support, U.S. Gov't, P.H.S.",,,R29AA07700 AA NIAAA NIH HHS United States,FULL_TEXT_UNAVAILABLE,,,,,NO_PMCID_IN_PRIMARY_METADATA,Design classification required before appraisal,NOT_POSSIBLE_WITHOUT_LAWFUL_FULL_TEXT,FULL_TEXT_REVIEW_AWAITING_APPRAISAL,FULL_TEXT_UNAVAILABLE,NO,"Source discovery completed; no final scientific inclusion without full-text appraisal, exact claim mapping and human confirmation."
EV-1415,Longitudinal trends and gender differences in physical fitness and lifestyle factors in career U.S. Navy personnel (1983-1994).,,9640037,,PKIQAG4K,1998,,,,CANONICAL_BASELINE,LOOP3X full-universe authoritative materialization,https://docs.google.com/spreadsheets/d/1PsCIFKpNMjrpsaHVu2mGKFYlRboKvNGgorZocCILnoY/edit#FULL_UNIVERSE_SCREENING,Drive modified 2026-09-21T02:35:49.190Z,PubMed A/B/C baseline,"Evidence Command Center 1,456 baseline; LOOP3X materialization",BASELINE,,HIGH_RELEVANCE,DIRECT_MANUSCRIPT_FIT,FULL_TEXT_REVIEW,P1 — HIGH,Physical / academy readiness,International,Physical and Academy Readiness / Aptidao e academia,YES,NO,NO,Verified — clear,NO,,PENDING,Refined 3-pass screen; scientific text separated from admin metadata,272,LOT-14-P1,https://pubmed.ncbi.nlm.nih.gov/9640037/,"This study examines long-term health and physical readiness trends in the U.S. Navy. We mailed lifestyle questionnaires to all participants in baseline studies between 1983 and 1989 who were still on active duty in 1994. Commands provided body composition and physical readiness test scores for the participants. Two longitudinal cohorts were created: an 8-year sample (N = 640) with matched data from 1986, 1989, and 1994; and an 11-year sample (N = 1,576), with data from 1983 and 1994. Analyses of both cohorts revealed significant improvements in cardiovascular fitness, muscle strength, exercise, lean body mass, dietary habits, and sleep, as well as significant decreases in tobacco and alcohol use and job stress. However, hypertension rates, percentage of body fat, and body mass index increased over time. Women's scores were significantly better than men's on a number of factors. Overall, these findings suggest that the Navy's health promotion efforts have had a significant positive effect on the fitness and health behaviors of career Navy men and women.","Journal Article; Research Support, U.S. Gov't, Non-P.H.S.",,CommentIn: Mil Med. 1998 Oct;163(10):659.,,FULL_TEXT_UNAVAILABLE,,,,,NO_PMCID_IN_PRIMARY_METADATA,Design classification required before appraisal,NOT_POSSIBLE_WITHOUT_LAWFUL_FULL_TEXT,FULL_TEXT_REVIEW_AWAITING_APPRAISAL,FULL_TEXT_UNAVAILABLE,NO,"Source discovery completed; no final scientific inclusion without full-text appraisal, exact claim mapping and human confirmation."
EV-1417,Back pain in Australian military helicopter pilots: a preliminary study.,,9591616,,P5G4ZSX4,1998,,,,CANONICAL_BASELINE,LOOP3X full-universe authoritative materialization,https://docs.google.com/spreadsheets/d/1PsCIFKpNMjrpsaHVu2mGKFYlRboKvNGgorZocCILnoY/edit#FULL_UNIVERSE_SCREENING,Drive modified 2026-09-21T02:35:49.190Z,PubMed A/B/C baseline,"Evidence Command Center 1,456 baseline; LOOP3X materialization",BASELINE,,HIGH_RELEVANCE,DIRECT_MANUSCRIPT_FIT,FULL_TEXT_REVIEW,P1 — HIGH,Musculoskeletal injury,International,Operational Implications / Discussion,YES,NO,NO,Verified — clear,NO,,PENDING,Refined 3-pass screen; scientific text separated from admin metadata,273,LOT-14-P1,https://pubmed.ncbi.nlm.nih.gov/9591616/,"Several studies have highlighted the problem of back pain among helicopter pilots, but few have controlled for potential confounding factors in their analyses, or sought to examine the effects of back pain on operational readiness and flying performance. There have been no previous studies of the prevalence of back pain among Australian military pilots. The prevalence, risk factors, and consequences of low back pain were assessed in a cross-sectional survey of 200 Australian military helicopter pilots by self-completion questionnaire. Responses were received from 131 (66%) of available pilots. The overall prevalence of reported back pain was 64% (95% CI 56%-72%), with a further 28% of pilots describing back discomfort while flying. More than half the pilots (55%) indicated that back pain had interfered with their concentration while flying, with 16% reporting that they had hurried flying missions because of pain. A minority of pilots (7%) had refused to fly because of back problems. After adjusting for age, education, BMI, posture and numbers of hours flown, multiple logistic regression modelling indicated that a prior history of back injury was the most significant predictor of back pain among rotary wing pilots (OR 2.63, 95% CI 1.11-6.23). We conclude that the prevalence of back pain in Australian military helicopter pilots is unacceptably high and may be limiting operational readiness, pilot performance, flying safety, and pilot health. Urgent attention needs to be given to improved ergonomic design in aircraft, and both back pain prevention and back injury rehabilitation programs.","Journal Article; Research Support, Non-U.S. Gov't",,CommentIn: Aviat Space Environ Med. 1999 May;70(5):533-4.,,FULL_TEXT_UNAVAILABLE,,,,,NO_PMCID_IN_PRIMARY_METADATA,Design classification required before appraisal,NOT_POSSIBLE_WITHOUT_LAWFUL_FULL_TEXT,FULL_TEXT_REVIEW_AWAITING_APPRAISAL,FULL_TEXT_UNAVAILABLE,NO,"Source discovery completed; no final scientific inclusion without full-text appraisal, exact claim mapping and human confirmation."
EV-1426,At work and play in a hazardous environment: injuries aboard a deployed U.S. Navy aircraft carrier.,,9006883,,MP552KPQ,1997,,,,CANONICAL_BASELINE,LOOP3X full-universe authoritative materialization,https://docs.google.com/spreadsheets/d/1PsCIFKpNMjrpsaHVu2mGKFYlRboKvNGgorZocCILnoY/edit#FULL_UNIVERSE_SCREENING,Drive modified 2026-09-21T02:35:49.190Z,PubMed A/B/C baseline,"Evidence Command Center 1,456 baseline; LOOP3X materialization",BASELINE,,HIGH_RELEVANCE,DIRECT_MANUSCRIPT_FIT,FULL_TEXT_REVIEW,P1 — HIGH,Musculoskeletal injury,International,Operational Implications / Discussion,YES,NO,NO,Verified — clear,NO,,PENDING,Refined 3-pass screen; scientific text separated from admin metadata,274,LOT-14-P1,https://pubmed.ncbi.nlm.nih.gov/9006883/,"A deployed U.S. Navy aircraft carrier is a hazardous environment where work and recreation intermingle. Injuries causing time lost from assigned duties may impact aviation safety and operational readiness. This descriptive study examines injuries sustained on the flight deck, in the hangar bay, or in the gym of a deployed aircraft carrier, focusing on those injuries resulting in lost duty days. Injuries recorded by the ship's medical department were analyzed, relating lost duty injuries to the following parameters: division, rank, time of day, location of injury event, whether injury was job-related or recreational, type of recreational activity, and mechanism, type, and anatomic site of injury. During a 6-mo deployment, 335 injuries occurred in the shipboard locations studied. More than one-third (36%) of these injuries resulted in lost duty time, accounting for 768 man-days of lost duty during the deployment. Recreational injuries represented 19% of all injuries, but 25% of all lost duty injuries, a statistically significant contribution to lost duty time when compared to job-related injuries (p = 0.04). The sports of basketball, volleyball, and football were more likely than other recreational activities to cause injuries resulting in lost duty time (p = 0.01). Musculoskeletal injuries, particularly injuries involving the lower extremity, neck, and back, were also associated with increased risk of lost duty time (p < 0.001). Although recreational injuries are less frequent than job-related injuries in the study population, they contribute disproportionately to lost duty time. Injury prevention in similar environments should address recreational as well as work-related activities.","Journal Article; Research Support, U.S. Gov't, P.H.S.",,,R29AA09963-02 AA NIAAA NIH HHS United States; R49CCR302486 PHS HHS United States,FULL_TEXT_UNAVAILABLE,,,,,NO_PMCID_IN_PRIMARY_METADATA,Design classification required before appraisal,NOT_POSSIBLE_WITHOUT_LAWFUL_FULL_TEXT,FULL_TEXT_REVIEW_AWAITING_APPRAISAL,FULL_TEXT_UNAVAILABLE,NO,"Source discovery completed; no final scientific inclusion without full-text appraisal, exact claim mapping and human confirmation."
EV-1428,The effect of command emphasis and monthly physical training on Army physical fitness scores in a National Guard Unit.,,8502390,,PB6JLHUP,1993,,,,CANONICAL_BASELINE,LOOP3X full-universe authoritative materialization,https://docs.google.com/spreadsheets/d/1PsCIFKpNMjrpsaHVu2mGKFYlRboKvNGgorZocCILnoY/edit#FULL_UNIVERSE_SCREENING,Drive modified 2026-09-21T02:35:49.190Z,PubMed A/B/C baseline,"Evidence Command Center 1,456 baseline; LOOP3X materialization",BASELINE,,HIGH_RELEVANCE,DIRECT_MANUSCRIPT_FIT,FULL_TEXT_REVIEW,P1 — HIGH,Physical / academy readiness,International,Physical and Academy Readiness / Aptidao e academia,YES,NO,NO,Verified — clear,NO,,PENDING,Refined 3-pass screen; scientific text separated from admin metadata,275,LOT-14-P1,https://pubmed.ncbi.nlm.nih.gov/8502390/,"Individual fitness, an important component of combat readiness, has been found to be deficient in some Reserve Component units of the United States Army. We evaluated a program of monthly physical training in an environment of increasing emphasis on unit physical fitness in an effort to determine the effect on unit performance on the semi-annual Army Physical Fitness Test (APFT). This program was examined in a retrospective manner to establish its effectiveness over a 6-month period. No statistically significant improvement in APFT scores could be found over the course of the study, suggesting that such a program is not an efficient means of improving unit fitness in the Reserve Components of the United States Army.",Journal Article,,,,FULL_TEXT_UNAVAILABLE,,,,,NO_PMCID_IN_PRIMARY_METADATA,Design classification required before appraisal,NOT_POSSIBLE_WITHOUT_LAWFUL_FULL_TEXT,FULL_TEXT_REVIEW_AWAITING_APPRAISAL,FULL_TEXT_UNAVAILABLE,NO,"Source discovery completed; no final scientific inclusion without full-text appraisal, exact claim mapping and human confirmation."
EV-1429,A multifocal comparison of health status and physical readiness test results of Navy personnel.,,8479631,,DD7ZBGUT,1993,,,,CANONICAL_BASELINE,LOOP3X full-universe authoritative materialization,https://docs.google.com/spreadsheets/d/1PsCIFKpNMjrpsaHVu2mGKFYlRboKvNGgorZocCILnoY/edit#FULL_UNIVERSE_SCREENING,Drive modified 2026-09-21T02:35:49.190Z,PubMed A/B/C baseline,"Evidence Command Center 1,456 baseline; LOOP3X materialization",BASELINE,,HIGH_RELEVANCE,DIRECT_MANUSCRIPT_FIT,FULL_TEXT_REVIEW,P1 — HIGH,Medical / cardiovascular readiness,International,Medical and Cardiovascular Readiness / Saude e prontidao medica,YES,NO,NO,Verified — clear,NO,,PENDING,Refined 3-pass screen; scientific text separated from admin metadata,276,LOT-14-P1,https://pubmed.ncbi.nlm.nih.gov/8479631/,"Many health risk factors are behaviorally related and therefore subject to modification. This study compared health risk appraisal (HRA) age, chronological age, identified risk factors, physiological measures, and demographic variables with Physical Readiness Test results of 100 active duty Navy personnel. Cholesterol levels were 200 mg/dl or greater in 42% of the subjects, with 32% having total:high-density lipoprotein cholesterol ratios of 5.0 or above. Additionally, HRA ages were significantly higher than chronological ages (p < or = .05). This study presents methods for (1) identifying needs for health teaching and/or counseling, and (2) increasing individual awareness of health risk factors and the effects of lifestyle on health risk.",Comparative Study; Journal Article,,,,FULL_TEXT_UNAVAILABLE,,,,,NO_PMCID_IN_PRIMARY_METADATA,Design classification required before appraisal,NOT_POSSIBLE_WITHOUT_LAWFUL_FULL_TEXT,FULL_TEXT_REVIEW_AWAITING_APPRAISAL,FULL_TEXT_UNAVAILABLE,NO,"Source discovery completed; no final scientific inclusion without full-text appraisal, exact claim mapping and human confirmation."
EV-1438,[Physical readiness for military service based on health status indicators].,,6528505,,QX9BPBB5,1984,,,,CANONICAL_BASELINE,LOOP3X full-universe authoritative materialization,https://docs.google.com/spreadsheets/d/1PsCIFKpNMjrpsaHVu2mGKFYlRboKvNGgorZocCILnoY/edit#FULL_UNIVERSE_SCREENING,Drive modified 2026-09-21T02:35:49.190Z,PubMed A/B/C baseline,"Evidence Command Center 1,456 baseline; LOOP3X materialization",BASELINE,,HIGH_RELEVANCE,DIRECT_MANUSCRIPT_FIT,FULL_TEXT_REVIEW,P1 — HIGH,Medical / cardiovascular readiness,International,Medical and Cardiovascular Readiness / Saude e prontidao medica,YES,NO,NO,Verified — clear,NO,,PENDING,Refined 3-pass screen; scientific text separated from admin metadata,277,LOT-14-P1,https://pubmed.ncbi.nlm.nih.gov/6528505/,,Journal Article,,,,FULL_TEXT_UNAVAILABLE,,,,,NO_PMCID_IN_PRIMARY_METADATA,Design classification required before appraisal,NOT_POSSIBLE_WITHOUT_LAWFUL_FULL_TEXT,FULL_TEXT_REVIEW_AWAITING_APPRAISAL,FULL_TEXT_UNAVAILABLE,NO,"Source discovery completed; no final scientific inclusion without full-text appraisal, exact claim mapping and human confirmation."
EV-1440,Physical fitness in a submarine community as determined by the U.S. Navy Health and Physical Readiness Test.,,3593147,,CRWC7A56,1987,,,,CANONICAL_BASELINE,LOOP3X full-universe authoritative materialization,https://docs.google.com/spreadsheets/d/1PsCIFKpNMjrpsaHVu2mGKFYlRboKvNGgorZocCILnoY/edit#FULL_UNIVERSE_SCREENING,Drive modified 2026-09-21T02:35:49.190Z,PubMed A/B/C baseline,"Evidence Command Center 1,456 baseline; LOOP3X materialization",BASELINE,,HIGH_RELEVANCE,DIRECT_MANUSCRIPT_FIT,FULL_TEXT_REVIEW,P1 — HIGH,Physical / academy readiness,International,Physical and Academy Readiness / Aptidao e academia,YES,NO,NO,Verified — clear,NO,,PENDING,Refined 3-pass screen; scientific text separated from admin metadata,278,LOT-14-P1,https://pubmed.ncbi.nlm.nih.gov/3593147/,"This study was conducted to test the hypothesis that personnel assigned to submarine duty would display less physical fitness as compared to shore-based personnel. A message was submitted to all naval activities at a Naval Submarine Base requesting individual test scores from the annual Health and Physical Readiness (H&PR) Test. The results from the statistical analysis showed that the majority of personnel in both populations were classified as ""good,"" which is an average level of physical fitness as determined by the Navy's fitness classification table. In both populations, 1% were classified as ""outstanding,"" while approximately 10% failed to meet the minimum physical fitness requirements. A body fat value greater than 22% was the cause for the majority of test failures. In conclusion, the results of the analysis of H&PR data do not support the widely held belief that submarine personnel are less physically fit than their shore-based counterparts.","Journal Article; Research Support, U.S. Gov't, Non-P.H.S.",,,,FULL_TEXT_UNAVAILABLE,,,,,NO_PMCID_IN_PRIMARY_METADATA,Design classification required before appraisal,NOT_POSSIBLE_WITHOUT_LAWFUL_FULL_TEXT,FULL_TEXT_REVIEW_AWAITING_APPRAISAL,FULL_TEXT_UNAVAILABLE,NO,"Source discovery completed; no final scientific inclusion without full-text appraisal, exact claim mapping and human confirmation."
EV-1460,Sleep Quality among Police Officers: Implications and Insights from a Systematic Review and Meta-Analysis,,30862044,,,2019,International,Police officers,Systematic review and meta-analysis,CANONICAL_ADDITION,LOOP3X full-universe authoritative materialization,https://docs.google.com/spreadsheets/d/1PsCIFKpNMjrpsaHVu2mGKFYlRboKvNGgorZocCILnoY/edit#FULL_UNIVERSE_SCREENING,Drive modified 2026-09-21T02:35:49.190Z,Batch02/03,Batch02/03 gap-directed discovery,ADDITION,4,HIGH_RELEVANCE,DIRECT_MANUSCRIPT_FIT,FULL_TEXT_REVIEW,P1 — HIGH,Sleep / fatigue / recovery,Both,Integrated Operational Readiness / Discussion,YES,NO,NO,Yes,NO,,PENDING,Refined 3-pass screen; scientific text separated from admin metadata,279,LOT-14-P1,https://pubmed.ncbi.nlm.nih.gov/30862044/,"Poor sleep is associated with bad health outcomes, worse wellbeing and decreases in performance, productivity and safety at work. Police officers are exposed to several risk factors including extended work schedules, shift work, occupational stress, dangerous and traumatic events and can, as such, develop sleep problems. The aim of the present study was to analyze the sleep quality among police officers. A systematic literature search, in PubMed/MEDLINE, PsycINFO, Scopus, ISI/Web of Science (WoS) and the Cochrane Library was conducted. Original articles, published in English, French, Italian, Spanish and Portuguese, the primary objective of which was the evaluation of the quality of sleep through the Pittsburgh Sleep Quality Index (PSQI) in Police Forces, were selected. From an initial sample of 1,149 studies, 13 articles were included in the meta-analysis (3,722 police officers). The pooled prevalence of bad sleep quality in police officers was 51% [95%CI 42⁻60%]. The pooled global score of the PSQI was 5.6 [95%CI 5.0⁻6.3], corresponding to a low average quality. At the meta-regressions, statistically significant associations could be found for work seniority (in terms of years of service) and being on shift. The poor quality of sleep in police officers could have negative consequences for workers' health and for the safety of third parts. The implementation of health and sleep hygiene promotion programs in police forces is strongly recommended.",Journal Article; Meta-Analysis; Systematic Review,PMC6427768,,,LAWFUL_PMC_XML,https://pmc.ncbi.nlm.nih.gov/articles/PMC6427768/,PMC XML: ,,,,AMSTAR 2,PENDING_AI_FULL_TEXT_REVIEW,FULL_TEXT_REVIEW_AWAITING_APPRAISAL,UNRESOLVED,NO,"Source discovery completed; no final scientific inclusion without full-text appraisal, exact claim mapping and human confirmation."
EV-1461,Association Between Work Stress and Sleep Disorders in Law Enforcement: A Systematic Review and Meta-Analysis,,42165076,,,2026,International,Law-enforcement personnel,Systematic review and meta-analysis,CANONICAL_ADDITION,LOOP3X full-universe authoritative materialization,https://docs.google.com/spreadsheets/d/1PsCIFKpNMjrpsaHVu2mGKFYlRboKvNGgorZocCILnoY/edit#FULL_UNIVERSE_SCREENING,Drive modified 2026-09-21T02:35:49.190Z,Batch02/03,Batch02/03 gap-directed discovery,ADDITION,5,HIGH_RELEVANCE,DIRECT_MANUSCRIPT_FIT,FULL_TEXT_REVIEW,P1 — HIGH,Sleep / fatigue / recovery,Both,Integrated Operational Readiness / Discussion,YES,NO,NO,Yes,NO,,PENDING,Refined 3-pass screen; scientific text separated from admin metadata,280,LOT-15-P1,https://pubmed.ncbi.nlm.nih.gov/42165076/,"Law enforcement personnel face diverse occupational stressors, including shift work, organizational pressure, operational demands, and traumatic incidents. Previous systematic reviews have primarily focused on prevalence estimates of sleep disturbances, whereas the strength of the association with occupational stress and the relative contribution of distinct stressor domains remain to be systematically quantified. This systematic review and meta-analysis followed PRISMA 2020 guidelines and was registered with PROSPERO (CRD420261284369). Four databases (PubMed, Cochrane Library, Web of Science, and SpringerLink) were searched from inception to January 2026. Observational studies using validated instruments to assess occupational stress and sleep outcomes were included. A random-effects model was used to pool odds ratios (ORs). Subgroup analyses distinguished three stressor domains: shift work, work and organizational stress, and dual stress exposure. Seventeen studies were included in the qualitative synthesis, of which ten (N = 5124) provided data for meta-analysis. Occupational stress was significantly associated with sleep disorders (pooled OR = 3.51, 95% CI: 2.54-4.84), with moderate to substantial heterogeneity (I 2 = 69%). Subgroup analyses showed that shift work (OR = 3.02), work and organizational stress (OR = 5.94), and dual stress exposure (OR = 3.66) were each associated with elevated sleep risk, with no significant subgroup difference (P = 0.19). The dual stress exposure subgroup exhibited high heterogeneity (I 2 = 87%), possibly attributable to differences in measurement tools, study populations, and confounder adjustment. This study provides a quantitative estimate of the association between occupational stress and sleep disorders in law enforcement personnel. Differentiating occupational stress into distinct stressor domains may help clarify its relationship with sleep, with different stressors potentially operating through distinct pathways (eg, circadian disruption, cognitive rumination, hyperarousal). Methodologically, the study highlights issues in measurement standardization and confounder adjustment. From an intervention perspective, organizational-level strategies-such as enhancing decision-making autonomy and supportive leadership-may warrant further exploration alongside individual-level approaches. Safeguarding sleep health in this population is important for both individual well-being and public safety.",Journal Article; Review,PMC13185956,,,LAWFUL_PMC_XML,https://pmc.ncbi.nlm.nih.gov/articles/PMC13185956/,PMC XML: Conclusion,"Conclusion: This systematic review and meta-analysis of 17 observational studies provides the first quantitative synthesis of the association between occupational stress and sleep disorders in law enforcement populations. Officers exposed to higher work-related stress had more than threefold higher odds of sleep disturbances (pooled OR = 3.51; 95% CI: 2.54–4.84). Subgroup analyses revealed that shift work, work and organizational stress, and dual stress exposure were each independently associated with elevated sleep risk, suggesting that sleep disturbances in policing may reflect a multi-domain occupational burden.",,,AMSTAR 2,PENDING_AI_FULL_TEXT_REVIEW,FULL_TEXT_REVIEW_AWAITING_APPRAISAL,UNRESOLVED,NO,"Source discovery completed; no final scientific inclusion without full-text appraisal, exact claim mapping and human confirmation."
EV-1463,Cardiovascular risk factors across job roles and work shifts in a Brazilian Military Police cohort: a cross-sectional study,10.3389/fpubh.2025.1716547,,,,2025,Brazil,PMDF active-duty male officers >40 years,Cross-sectional study,CANONICAL_ADDITION,LOOP3X full-universe authoritative materialization,https://docs.google.com/spreadsheets/d/1PsCIFKpNMjrpsaHVu2mGKFYlRboKvNGgorZocCILnoY/edit#FULL_UNIVERSE_SCREENING,Drive modified 2026-09-21T02:35:49.190Z,Batch02/03,Batch02/03 gap-directed discovery,ADDITION,7,HIGH_RELEVANCE,DIRECT_MANUSCRIPT_FIT,FULL_TEXT_REVIEW,P1 — HIGH,Medical / cardiovascular readiness,Both,Medical and Cardiovascular Readiness / Saude e prontidao medica,YES,NO,NO,Yes,NO,,PENDING,Refined 3-pass screen; scientific text separated from admin metadata,281,LOT-15-P1,https://doi.org/10.3389/fpubh.2025.1716547,,,,,,FULL_TEXT_UNAVAILABLE,,,,,NO_PMCID_IN_PRIMARY_METADATA,JBI analytical cross-sectional/cohort checklist as applicable,NOT_POSSIBLE_WITHOUT_LAWFUL_FULL_TEXT,FULL_TEXT_REVIEW_AWAITING_APPRAISAL,FULL_TEXT_UNAVAILABLE,NO,"Source discovery completed; no final scientific inclusion without full-text appraisal, exact claim mapping and human confirmation."
EV-1464,"Occupational Stress and Sleep of Military Police Officers From Rio de Janeiro, Brazil",10.1002/ajhb.24184,39630574,,,2025,Brazil,Military police officers; elite and non-elite groups,Cross-sectional comparative study,CANONICAL_ADDITION,LOOP3X full-universe authoritative materialization,https://docs.google.com/spreadsheets/d/1PsCIFKpNMjrpsaHVu2mGKFYlRboKvNGgorZocCILnoY/edit#FULL_UNIVERSE_SCREENING,Drive modified 2026-09-21T02:35:49.190Z,Batch02/03,Batch02/03 gap-directed discovery,ADDITION,8,HIGH_RELEVANCE,DIRECT_MANUSCRIPT_FIT,FULL_TEXT_REVIEW,P1 — HIGH,Sleep / fatigue / recovery,Both,Integrated Operational Readiness / Discussion,YES,NO,NO,Yes,NO,,PENDING,Refined 3-pass screen; scientific text separated from admin metadata,282,LOT-15-P1,https://pubmed.ncbi.nlm.nih.gov/39630574/,"Military Police officers of Rio de Janeiro's State have been considered the most lethal security forces in Brazil, corresponding to 52.35% of deaths in policing actions. The main aim of this study was to identify occupational stress among military police officers in Rio de Janeiro State and its relationship with the psychosocial environment, sleep quality, and daytime sleepiness. Two hundred and forty-two military policemen, divided into two groups (elite and non-elite), were evaluated occupational stress by the Lipp's Stress Symptoms Inventory (LSSI), daytime sleepiness (DS) by the Epworth Sleepiness Scale and sleep quality (SQ) by the Pitsburgh Sleep Quality Index. Military police officers (entire sample) showed dissatisfaction related to psychological support from the military institution (p = 0.004), about the inefficiency of the judicial system (p < 0.001) and their low popularity towards society (p = 0.009). The group of elite police officers slept significantly less (p = 0.026) and, in general, suffered more from severe daytime sleepiness, had poorer SQ and showed lower levels of occupational stress than their peers. It was possible to identify that stress can be detected, developed, and intensified in military police officers as a result of the environment in which they are exposed and this interferes significantly in sleep and daytime sleepiness (p < 0.05). Through this study, it is hoped that measures can be implemented to enhance the work environment and thereby improve the quality of life for this military population. Furthermore, it is intended to stimulate more comprehensive and longitudinal studies, particularly inclusive of female military personnel.",Journal Article,,,,FULL_TEXT_UNAVAILABLE,,,,,NO_PMCID_IN_PRIMARY_METADATA,JBI analytical cross-sectional/cohort checklist as applicable,NOT_POSSIBLE_WITHOUT_LAWFUL_FULL_TEXT,FULL_TEXT_REVIEW_AWAITING_APPRAISAL,FULL_TEXT_UNAVAILABLE,NO,"Source discovery completed; no final scientific inclusion without full-text appraisal, exact claim mapping and human confirmation."
EV-1465,Atividade física e qualidade de sono em policiais militares,10.1016/j.rbce.2018.01.011,,,,2018,Brazil,Military police officers in Santa Catarina,Cross-sectional study,CANONICAL_ADDITION,LOOP3X full-universe authoritative materialization,https://docs.google.com/spreadsheets/d/1PsCIFKpNMjrpsaHVu2mGKFYlRboKvNGgorZocCILnoY/edit#FULL_UNIVERSE_SCREENING,Drive modified 2026-09-21T02:35:49.190Z,Batch02/03,Batch02/03 gap-directed discovery,ADDITION,9,HIGH_RELEVANCE,DIRECT_MANUSCRIPT_FIT,FULL_TEXT_REVIEW,P1 — HIGH,Sleep / fatigue / recovery,Both,Integrated Operational Readiness / Discussion,YES,NO,NO,Yes,NO,,PENDING,Refined 3-pass screen; scientific text separated from admin metadata,283,LOT-15-P1,https://doi.org/10.1016/j.rbce.2018.01.011,,,,,,FULL_TEXT_UNAVAILABLE,,,,,NO_PMCID_IN_PRIMARY_METADATA,JBI analytical cross-sectional/cohort checklist as applicable,NOT_POSSIBLE_WITHOUT_LAWFUL_FULL_TEXT,FULL_TEXT_REVIEW_AWAITING_APPRAISAL,FULL_TEXT_UNAVAILABLE,NO,"Source discovery completed; no final scientific inclusion without full-text appraisal, exact claim mapping and human confirmation."
EV-1466,Leisure-time physical activity as a discriminator of the absence of musculoskeletal pain in military police officers,10.63231/2595-0118.e202684-en,,,,2026,Brazil,Military police officers from Bahia,Cross-sectional ROC analysis,CANONICAL_ADDITION,LOOP3X full-universe authoritative materialization,https://docs.google.com/spreadsheets/d/1PsCIFKpNMjrpsaHVu2mGKFYlRboKvNGgorZocCILnoY/edit#FULL_UNIVERSE_SCREENING,Drive modified 2026-09-21T02:35:49.190Z,Batch02/03,Batch02/03 gap-directed discovery,ADDITION,10,HIGH_RELEVANCE,DIRECT_MANUSCRIPT_FIT,FULL_TEXT_REVIEW,P1 — HIGH,Musculoskeletal injury,Both,Operational Implications / Discussion,YES,NO,NO,Yes,NO,,PENDING,Refined 3-pass screen; scientific text separated from admin metadata,284,LOT-15-P1,https://doi.org/10.63231/2595-0118.e202684-en,,,,,,FULL_TEXT_UNAVAILABLE,,,,,NO_PMCID_IN_PRIMARY_METADATA,JBI analytical cross-sectional/cohort checklist as applicable,NOT_POSSIBLE_WITHOUT_LAWFUL_FULL_TEXT,FULL_TEXT_REVIEW_AWAITING_APPRAISAL,FULL_TEXT_UNAVAILABLE,NO,"Source discovery completed; no final scientific inclusion without full-text appraisal, exact claim mapping and human confirmation."
EV-1467,Skeletal Muscle Discomfort and Lifestyle of Brazilian Military Police Officers of Administrative and Tactical Force,10.3390/jfmk8040148,37987484,,,2023,Brazil,PMES administrative and tactical-force officers,Cross-sectional comparative study,CANONICAL_ADDITION,LOOP3X full-universe authoritative materialization,https://docs.google.com/spreadsheets/d/1PsCIFKpNMjrpsaHVu2mGKFYlRboKvNGgorZocCILnoY/edit#FULL_UNIVERSE_SCREENING,Drive modified 2026-09-21T02:35:49.190Z,Batch02/03,Batch02/03 gap-directed discovery,ADDITION,11,HIGH_RELEVANCE,DIRECT_MANUSCRIPT_FIT,FULL_TEXT_REVIEW,P1 — HIGH,Musculoskeletal injury,Both,Operational Implications / Discussion,YES,NO,NO,Yes,NO,,PENDING,Refined 3-pass screen; scientific text separated from admin metadata,285,LOT-15-P1,https://pubmed.ncbi.nlm.nih.gov/37987484/,"Our aim was to evaluate musculoskeletal discomfort and the lifestyle of military police officers of administrative and tactical force departments. Military police officers were distributed into two groups: administrative (Adm, n = 15) and tactical force (TF, n = 16) departments. Their lifestyle was assessed using the Fantastic Lifestyle questionnaire. Moreover, physical activity quantification was assessed using the International Physical Activity questionnaire, and musculoskeletal discomfort was quantified using the Corlett diagram. The mean total time of physical activity was 546 ± 276 min per week. No differences ( p = 0.0832) were found between the Adm (454 ± 217 min) and TF (623 ± 301 min) groups. Concerning lifestyle, in general the sample presented very good (42%) and good (42%) style classification. For this parameter, no significant differences were found, but only a tendency was discovered (x 2 : 7.437; p = 0.0592); indeed, the TF presented a better classification (63%) of very good, compared to the Adm (53%) of good. No differences ( p > 0.05) were found in musculoskeletal perception of discomfort between the right and left sides ( p > 0.05) for all police officers and between the Adm and FT groups ( p > 0.05). Military police officers showed high and moderate risk for waist circumference and waist-to-hip ratio, respectively; however, lifestyle and total time of physical activity were considered adequate without differences between military administrative and tactical force sectors.",Journal Article,PMC10660728,,,LAWFUL_PMC_XML,https://pmc.ncbi.nlm.nih.gov/articles/PMC10660728/,PMC XML: ,,,,JBI analytical cross-sectional/cohort checklist as applicable,PENDING_AI_FULL_TEXT_REVIEW,FULL_TEXT_REVIEW_AWAITING_APPRAISAL,UNRESOLVED,NO,"Source discovery completed; no final scientific inclusion without full-text appraisal, exact claim mapping and human confirmation."
