Evidence_ID,Title,Year,DOI,PMID,Country,Population,Study_Design,Domain,Pass1,Pass2,Pass3,Priority,Manuscript_Layer,Section,Citation_Fitness,Contradictory,Replace_Existing,Full_Text_Required,Integrity,Freeze_Change,Why_Useful,Source_URL
EV-0001,Prehospital Tranexamic Acid Administration in Deployed Military Settings: A Review of the Department of Defense Trauma Registry.,2025,,42658917,,,Journal Article,Tactical medicine / TCCC / TECC / APH,HIGH_RELEVANCE,GAP_CLOSURE_CANDIDATE,FULL_TEXT_REVIEW,P0 — CRITICAL,International,Tactical Medicine Readiness / APH-Tatico,POTENTIAL_GAP_CLOSURE,NO,NO,YES,Verified — clear,NO,Potential structural-gap closure,https://pubmed.ncbi.nlm.nih.gov/42658917/
EV-0012,"Soldiers' Dietary Intake in 3 Settings: In the Field, on Base and at Home.",2026,10.1093/milmed/usag387,42600053,,,Journal Article,Nutrition / shift work,HIGH_RELEVANCE,DIRECT_MANUSCRIPT_FIT,FULL_TEXT_REVIEW,P1 — HIGH,International,Nutrition and Schedule Load / Nutricao e jornadas,POTENTIAL_DIRECT_SUPPORT,NO,NO,YES,Verified — clear,NO,Potential direct support for an active manuscript domain,https://pubmed.ncbi.nlm.nih.gov/42600053/
EV-0014,Phase angle identifies a muscle quality phenotype associated with physical performance in U.S. marines.,2026,10.3389/fphys.2026.1904857,42583191,,,Journal Article,Physical / academy readiness,HIGH_RELEVANCE,DIRECT_MANUSCRIPT_FIT,FULL_TEXT_REVIEW,P1 — HIGH,International,Physical and Academy Readiness / Aptidao e academia,POTENTIAL_DIRECT_SUPPORT,NO,NO,YES,Verified — clear,NO,Potential direct support for an active manuscript domain,https://pubmed.ncbi.nlm.nih.gov/42583191/
EV-0016,Body Composition and Physical Performance in Military Personnel: A Systematic Review of Anthropometric Predictors and Operational Implications.,2026,10.1093/milmed/usag353,42580324,,,Journal Article,Physical / academy readiness,HIGH_RELEVANCE,DIRECT_MANUSCRIPT_FIT,FULL_TEXT_REVIEW,P1 — HIGH,International,Physical and Academy Readiness / Aptidao e academia,POTENTIAL_DIRECT_SUPPORT,NO,NO,YES,Verified — clear,NO,Potential direct support for an active manuscript domain,https://pubmed.ncbi.nlm.nih.gov/42580324/
EV-0018,Estimating the Causal Effect of Alcohol Consumption on Military-Relevant Mental Health Conditions: A Mendelian Randomization Study Using the All of Us Research Program.,2026,10.1093/milmed/usag368,42565722,,,Journal Article,Mental health / stress,HIGH_RELEVANCE,DIRECT_MANUSCRIPT_FIT,FULL_TEXT_REVIEW,P1 — HIGH,International,Organizational Health Context / Discussao,POTENTIAL_DIRECT_SUPPORT,NO,NO,YES,Verified — clear,NO,Potential direct support for an active manuscript domain,https://pubmed.ncbi.nlm.nih.gov/42565722/
EV-0022,"Shifting From Morning to Afternoon Physical Training Is Associated With Improved Sleep Health, Morale, and Operational Readiness in Soldiers.",2026,10.1093/milmed/usag054,42560254,,,Journal Article,Sleep / fatigue / recovery,HIGH_RELEVANCE,DIRECT_MANUSCRIPT_FIT,FULL_TEXT_REVIEW,P1 — HIGH,International,Integrated Operational Readiness / Discussion,POTENTIAL_DIRECT_SUPPORT,NO,NO,YES,Verified — clear,NO,Potential direct support for an active manuscript domain,https://pubmed.ncbi.nlm.nih.gov/42560254/
EV-0023,Return to Push-ups After Distal Radius Fractures Among Active Duty Service Members in the United States Military: A 13-Year Population-Based Study.,2026,10.1093/milmed/usag011,42560239,,,Journal Article,Musculoskeletal injury,HIGH_RELEVANCE,DIRECT_MANUSCRIPT_FIT,FULL_TEXT_REVIEW,P1 — HIGH,International,Operational Implications / Discussion,POTENTIAL_DIRECT_SUPPORT,NO,NO,YES,Verified — clear,NO,Potential direct support for an active manuscript domain,https://pubmed.ncbi.nlm.nih.gov/42560239/
EV-0025,Perceived Barriers to PT Care for Musculoskeletal Injury in Active-Duty Service Members at a Navy Shore-Based Medical Clinic.,2026,10.1093/milmed/usag084,42560229,,,Journal Article,Musculoskeletal injury,HIGH_RELEVANCE,DIRECT_MANUSCRIPT_FIT,FULL_TEXT_REVIEW,P1 — HIGH,International,Operational Implications / Discussion,POTENTIAL_DIRECT_SUPPORT,NO,NO,YES,Verified — clear,NO,Potential direct support for an active manuscript domain,https://pubmed.ncbi.nlm.nih.gov/42560229/
EV-0026,"Evaluation of Interprofessional Collaboration, Communication, Teamwork, and Prehospital Clinical Competencies Among Military Healthcare Providers During a Medical Trauma Simulation Exercise: A Cross-sectional Study.",2026,10.1093/milmed/usag097,42560223,,,Journal Article,Tactical medicine / TCCC / TECC / APH,HIGH_RELEVANCE,DIRECT_MANUSCRIPT_FIT,FULL_TEXT_REVIEW,P1 — HIGH,International,Tactical Medicine Readiness / APH-Tatico,POTENTIAL_DIRECT_SUPPORT,NO,NO,YES,Verified — clear,NO,Potential direct support for an active manuscript domain,https://pubmed.ncbi.nlm.nih.gov/42560223/
EV-0027,Effects of Neurostimulation With Blood Flow Restriction on Physical and Mental Health-Related Quality of Life in Military Personnel With Patellofemoral Pain Syndrome: Secondary Data Analysis.,2026,10.1093/milmed/usaf630,42560220,,,Journal Article; Randomized Controlled Trial,Musculoskeletal injury,HIGH_RELEVANCE,DIRECT_MANUSCRIPT_FIT,FULL_TEXT_REVIEW,P1 — HIGH,Both,Operational Implications / Discussion,POTENTIAL_DIRECT_SUPPORT,NO,NO,YES,Verified — clear,NO,Potential direct support for an active manuscript domain,https://pubmed.ncbi.nlm.nih.gov/42560220/
EV-0031,Tactical Combat Casualty Care Training in the U.S. Military: A Comparative Cost Assessment Between Virtual Reality Simulation and Traditional Simulation.,2026,10.1093/milmed/usag190,42560189,,,Comparative Study; Journal Article,Tactical medicine / TCCC / TECC / APH,HIGH_RELEVANCE,DIRECT_MANUSCRIPT_FIT,FULL_TEXT_REVIEW,P1 — HIGH,International,Tactical Medicine Readiness / APH-Tatico,POTENTIAL_DIRECT_SUPPORT,NO,NO,YES,Verified — clear,NO,Potential direct support for an active manuscript domain,https://pubmed.ncbi.nlm.nih.gov/42560189/
EV-0045,Dietary Habits and Nutritional Status Among Polish Police Officers: A Cross-Sectional Study Within the National Health Programme.,2026,10.3390/nu18142385,42514456,,,Journal Article,Nutrition / shift work,HIGH_RELEVANCE,DIRECT_MANUSCRIPT_FIT,FULL_TEXT_REVIEW,P1 — HIGH,International,Nutrition and Schedule Load / Nutricao e jornadas,POTENTIAL_DIRECT_SUPPORT,NO,NO,YES,Verified — clear,NO,Potential direct support for an active manuscript domain,https://pubmed.ncbi.nlm.nih.gov/42514456/
EV-0052,Psychological Self-Report Questionnaires Are Not Associated With Decrements in Physical Performance Following Special Operations Forces Unit Training.,2026,10.1519/jsc.0000000000005436,42489479,,,Journal Article,Physical / academy readiness,HIGH_RELEVANCE,CONTRADICTORY_FIT,CONTRADICTORY_CANDIDATE,P0 — CRITICAL,International,Physical and Academy Readiness / Aptidao e academia,CONTRADICTORY,YES,NO,YES,Verified — clear,YES — REVIEW REQUIRED,"May qualify wording, certainty or heterogeneity",https://pubmed.ncbi.nlm.nih.gov/42489479/
EV-0066,Duckweed Proteins in Neuro-Nutrition: Mechanistic Insights and Translational Relevance for Military and Extreme Environments.,2026,10.1007/s11130-026-01540-x,42390623,,,Journal Article; Review,Nutrition / shift work,HIGH_RELEVANCE,DIRECT_MANUSCRIPT_FIT,FULL_TEXT_REVIEW,P1 — HIGH,International,Nutrition and Schedule Load / Nutricao e jornadas,POTENTIAL_DIRECT_SUPPORT,NO,NO,YES,Verified — clear,NO,Potential direct support for an active manuscript domain,https://pubmed.ncbi.nlm.nih.gov/42390623/
EV-0068,"Co-Creating an Intervention to Prevent Injuries in Police Force Recruits: A Concept Mapping Study of Police Force Recruits, Police Force Staff, Health Professionals, and Research Experts.",2026,10.1186/s40798-026-01042-9,42365570,,,Journal Article,Musculoskeletal injury,HIGH_RELEVANCE,DIRECT_MANUSCRIPT_FIT,FULL_TEXT_REVIEW,P1 — HIGH,International,Operational Implications / Discussion,POTENTIAL_DIRECT_SUPPORT,NO,NO,YES,Verified — clear,NO,Potential direct support for an active manuscript domain,https://pubmed.ncbi.nlm.nih.gov/42365570/
EV-0076,Sex-Specific Cardiovascular Strain During Heat Acclimation in Tactical Athletes.,2026,10.1016/j.jacadv.2026.102785,42312763,,,Journal Article,Medical / cardiovascular readiness,HIGH_RELEVANCE,DIRECT_MANUSCRIPT_FIT,FULL_TEXT_REVIEW,P1 — HIGH,International,Medical and Cardiovascular Readiness / Saude e prontidao medica,POTENTIAL_DIRECT_SUPPORT,NO,NO,YES,Verified — clear,NO,Potential direct support for an active manuscript domain,https://pubmed.ncbi.nlm.nih.gov/42312763/
EV-0087,Isometric Strength Adaptations After Two Consecutive 12-week Strength and Conditioning Programs in U.S. Air Force ROTC Cadets: The STAR Program.,2026,10.1519/jsc.0000000000005485,42223144,,,Journal Article,Physical / academy readiness,HIGH_RELEVANCE,DIRECT_MANUSCRIPT_FIT,FULL_TEXT_REVIEW,P1 — HIGH,International,Physical and Academy Readiness / Aptidao e academia,POTENTIAL_DIRECT_SUPPORT,NO,NO,YES,Verified — clear,NO,Potential direct support for an active manuscript domain,https://pubmed.ncbi.nlm.nih.gov/42223144/
EV-0089,Immersive virtual reality for assessing decision-making in mass casualty incident and tactical combat casualty care scenarios among military personnel.,2026,10.1136/military-2026-003286,42209130,,,Journal Article,Tactical medicine / TCCC / TECC / APH,HIGH_RELEVANCE,DIRECT_MANUSCRIPT_FIT,FULL_TEXT_REVIEW,P1 — HIGH,International,Tactical Medicine Readiness / APH-Tatico,POTENTIAL_DIRECT_SUPPORT,NO,NO,YES,Verified — clear,NO,Potential direct support for an active manuscript domain,https://pubmed.ncbi.nlm.nih.gov/42209130/
EV-0092,Holistic Performance Programming for mTBI Recovery in U.S. Military Tactical Athletes: A Narrative Review.,2026,10.3390/sports14050195,42188571,,,Journal Article; Review,Sleep / fatigue / recovery,HIGH_RELEVANCE,DIRECT_MANUSCRIPT_FIT,FULL_TEXT_REVIEW,P1 — HIGH,International,Integrated Operational Readiness / Discussion,POTENTIAL_DIRECT_SUPPORT,NO,NO,YES,Verified — clear,NO,Potential direct support for an active manuscript domain,https://pubmed.ncbi.nlm.nih.gov/42188571/
EV-0093,Pre-Kinetic Military Care: Biosurveillance and Climate-Related Health Monitoring as Complements to Tactical Combat Casualty Care.,2026,10.1093/milmed/usag229,42179269,,,Journal Article,Tactical medicine / TCCC / TECC / APH,HIGH_RELEVANCE,DIRECT_MANUSCRIPT_FIT,FULL_TEXT_REVIEW,P1 — HIGH,International,Tactical Medicine Readiness / APH-Tatico,POTENTIAL_DIRECT_SUPPORT,NO,NO,YES,Verified — clear,NO,Potential direct support for an active manuscript domain,https://pubmed.ncbi.nlm.nih.gov/42179269/
EV-0099,Implementation of post-traumatic stress injury programs in Alberta first responder organizations: a qualitative study.,2026,10.1080/09638288.2026.2667689,42116711,,,Journal Article,Musculoskeletal injury,HIGH_RELEVANCE,DIRECT_MANUSCRIPT_FIT,FULL_TEXT_REVIEW,P1 — HIGH,International,Operational Implications / Discussion,POTENTIAL_DIRECT_SUPPORT,NO,NO,YES,Verified — clear,NO,Potential direct support for an active manuscript domain,https://pubmed.ncbi.nlm.nih.gov/42116711/
EV-0102,"Self-reported nutritional intake is associated with physical performance, but not musculoskeletal injury incidence in a cohort of United States Army Reserve Component Soldiers.",2026,10.1016/j.nut.2026.113227,42096853,,,"Journal Article; Research Support, Non-U.S. Gov't",Nutrition / shift work,HIGH_RELEVANCE,DIRECT_MANUSCRIPT_FIT,FULL_TEXT_REVIEW,P1 — HIGH,International,Nutrition and Schedule Load / Nutricao e jornadas,POTENTIAL_DIRECT_SUPPORT,NO,NO,YES,Verified — clear,NO,Potential direct support for an active manuscript domain,https://pubmed.ncbi.nlm.nih.gov/42096853/
EV-0103,The role of tactical police medics in the prehospital environment: results from an interview study.,2026,10.1186/s13049-026-01621-5,42093038,,,Journal Article,Tactical medicine / TCCC / TECC / APH,HIGH_RELEVANCE,DIRECT_MANUSCRIPT_FIT,FULL_TEXT_REVIEW,P1 — HIGH,International,Tactical Medicine Readiness / APH-Tatico,POTENTIAL_DIRECT_SUPPORT,NO,NO,YES,Verified — clear,NO,Potential direct support for an active manuscript domain,https://pubmed.ncbi.nlm.nih.gov/42093038/
EV-0114,Ocular Hypertension and Glaucoma in United States Army Personnel: Barriers to Detection and Impact on Operational Readiness.,2026,10.7759/cureus.105620,42022734,,,Journal Article; Review,Medical / cardiovascular readiness,HIGH_RELEVANCE,DIRECT_MANUSCRIPT_FIT,FULL_TEXT_REVIEW,P1 — HIGH,International,Medical and Cardiovascular Readiness / Saude e prontidao medica,POTENTIAL_DIRECT_SUPPORT,NO,NO,YES,Verified — clear,NO,Potential direct support for an active manuscript domain,https://pubmed.ncbi.nlm.nih.gov/42022734/
EV-0115,Prevalence of musculoskeletal disorders among police officers from an organizational unit of a German federal state police force.,2026,10.1186/s12995-026-00511-x,41998685,,,Journal Article,Musculoskeletal injury,HIGH_RELEVANCE,DIRECT_MANUSCRIPT_FIT,FULL_TEXT_REVIEW,P1 — HIGH,International,Operational Implications / Discussion,POTENTIAL_DIRECT_SUPPORT,NO,NO,YES,Verified — clear,NO,Potential direct support for an active manuscript domain,https://pubmed.ncbi.nlm.nih.gov/41998685/
EV-0120,Anthropometrics and Physical Performance in Swedish Home Guard Soldiers.,2026,10.1093/milmed/usag149,41984628,,,Journal Article,Physical / academy readiness,HIGH_RELEVANCE,DIRECT_MANUSCRIPT_FIT,FULL_TEXT_REVIEW,P1 — HIGH,International,Physical and Academy Readiness / Aptidao e academia,POTENTIAL_DIRECT_SUPPORT,NO,NO,YES,Verified — clear,NO,Potential direct support for an active manuscript domain,https://pubmed.ncbi.nlm.nih.gov/41984628/
EV-0123,Changes in Physical Fitness and Program Utilization During Professional Military Education.,2026,10.1093/milmed/usag155,41964614,,,Journal Article,Physical / academy readiness,HIGH_RELEVANCE,DIRECT_MANUSCRIPT_FIT,FULL_TEXT_REVIEW,P1 — HIGH,International,Physical and Academy Readiness / Aptidao e academia,POTENTIAL_DIRECT_SUPPORT,NO,NO,YES,Verified — clear,NO,Potential direct support for an active manuscript domain,https://pubmed.ncbi.nlm.nih.gov/41964614/
EV-0125,Cross-Sectional and Longitudinal Validity of Automated Body Composition Methods in U.S. Air Force Reserve Officers' Training Corps Cadets Throughout a 12-Week Physical Training Program: The Supporting Tactical Athlete Readiness Program.,2026,10.1093/milmed/usag107,41934316,,,Journal Article,Physical / academy readiness,HIGH_RELEVANCE,DIRECT_MANUSCRIPT_FIT,FULL_TEXT_REVIEW,P1 — HIGH,International,Physical and Academy Readiness / Aptidao e academia,POTENTIAL_DIRECT_SUPPORT,NO,NO,YES,Verified — clear,NO,Potential direct support for an active manuscript domain,https://pubmed.ncbi.nlm.nih.gov/41934316/
EV-0137,"Rehabilitative Interventions for Flight-Related Musculoskeletal Injuries in the Neck, Shoulder, and Back among Military Pilots and Aircrew: A Systematic Review With Meta-Analysis.",2026,10.1093/milmed/usag098,41863396,,,Journal Article,Musculoskeletal injury,HIGH_RELEVANCE,DIRECT_MANUSCRIPT_FIT,FULL_TEXT_REVIEW,P1 — HIGH,International,Operational Implications / Discussion,POTENTIAL_DIRECT_SUPPORT,NO,NO,YES,Verified — clear,NO,Potential direct support for an active manuscript domain,https://pubmed.ncbi.nlm.nih.gov/41863396/
EV-0140,Short-Term Moderately High-Fat Diet Has No Effect on Physical Performance.,2026,10.1249/mss.0000000000003908,41843415,,,Journal Article; Randomized Controlled Trial,Nutrition / shift work,MODERATE_RELEVANCE,CONTRADICTORY_FIT,CONTRADICTORY_CANDIDATE,P1 — HIGH,International,Nutrition and Schedule Load / Nutricao e jornadas,CONTRADICTORY,YES,NO,YES,Verified — clear,YES — REVIEW REQUIRED,"May qualify wording, certainty or heterogeneity",https://pubmed.ncbi.nlm.nih.gov/41843415/
EV-0141,Effectiveness of Structured Breathwork Interventions on Heart Rate Variability and Heart Rate Recovery Following Maximal Exertion in Tactical Athletes.,2026,10.1249/mss.0000000000003972,41839180,,,Journal Article; Randomized Controlled Trial,Sleep / fatigue / recovery,HIGH_RELEVANCE,DIRECT_MANUSCRIPT_FIT,FULL_TEXT_REVIEW,P1 — HIGH,Both,Integrated Operational Readiness / Discussion,POTENTIAL_DIRECT_SUPPORT,NO,NO,YES,Verified — clear,NO,Potential direct support for an active manuscript domain,https://pubmed.ncbi.nlm.nih.gov/41839180/
EV-0143,Strengthening Navy's biosecurity in the face of the asymmetric threat of marine zoonoses.,2026,10.1016/j.mjafi.2025.11.017,41821592,,,Journal Article; Review,Physical / academy readiness,HIGH_RELEVANCE,DIRECT_MANUSCRIPT_FIT,FULL_TEXT_REVIEW,P1 — HIGH,International,Physical and Academy Readiness / Aptidao e academia,POTENTIAL_DIRECT_SUPPORT,NO,NO,YES,Verified — clear,NO,Potential direct support for an active manuscript domain,https://pubmed.ncbi.nlm.nih.gov/41821592/
EV-0146,Epidemiology of stress fractures among military cadets: a retrospective cohort study at a tertiary military medical center.,2026,10.1097/ms9.0000000000004697,41789227,,,Journal Article,Musculoskeletal injury,HIGH_RELEVANCE,DIRECT_MANUSCRIPT_FIT,FULL_TEXT_REVIEW,P1 — HIGH,International,Operational Implications / Discussion,POTENTIAL_DIRECT_SUPPORT,NO,NO,YES,Verified — clear,NO,Potential direct support for an active manuscript domain,https://pubmed.ncbi.nlm.nih.gov/41789227/
EV-0149,Enhancing Military Musculoskeletal Readiness: A Proposal for Collaboration.,2026,10.1093/milmed/usag006,41734198,,,Journal Article,Musculoskeletal injury,HIGH_RELEVANCE,DIRECT_MANUSCRIPT_FIT,FULL_TEXT_REVIEW,P1 — HIGH,International,Operational Implications / Discussion,POTENTIAL_DIRECT_SUPPORT,NO,NO,YES,Verified — clear,NO,Potential direct support for an active manuscript domain,https://pubmed.ncbi.nlm.nih.gov/41734198/
EV-0151,Kolb learning styles in Tactical Combat Casualty Care (TCCC): a comparative study of military learners and civilian paramedics.,2026,10.1186/s12873-026-01509-8,41714953,,,Comparative Study; Journal Article,Tactical medicine / TCCC / TECC / APH,HIGH_RELEVANCE,DIRECT_MANUSCRIPT_FIT,FULL_TEXT_REVIEW,P1 — HIGH,International,Tactical Medicine Readiness / APH-Tatico,POTENTIAL_DIRECT_SUPPORT,NO,NO,YES,Verified — clear,NO,Potential direct support for an active manuscript domain,https://pubmed.ncbi.nlm.nih.gov/41714953/
EV-0153,Recovery outcomes for military personnel undergoing surgery for lumbar spinal stenosis induced by physical overload: a retrospective study.,2026,10.1186/s12891-026-09638-8,41703548,,,Journal Article,Sleep / fatigue / recovery,HIGH_RELEVANCE,DIRECT_MANUSCRIPT_FIT,FULL_TEXT_REVIEW,P1 — HIGH,International,Integrated Operational Readiness / Discussion,POTENTIAL_DIRECT_SUPPORT,NO,NO,YES,Verified — clear,NO,Potential direct support for an active manuscript domain,https://pubmed.ncbi.nlm.nih.gov/41703548/
EV-0156,COMT and ACE (Epi)genetic Variation Is Associated with Cognitive and Metabolic Resilience in Swiss Tactical Athletes.,2026,10.3390/ijms27031340,41683763,,,Journal Article,Cognition / firearm performance,HIGH_RELEVANCE,DIRECT_MANUSCRIPT_FIT,FULL_TEXT_REVIEW,P1 — HIGH,International,Cognition and Firearm-Task Performance / Cognicao e tiro,POTENTIAL_DIRECT_SUPPORT,NO,NO,YES,Verified — clear,NO,Potential direct support for an active manuscript domain,https://pubmed.ncbi.nlm.nih.gov/41683763/
EV-0158,TELE-SLEEP OSA: A protocol for a hybrid type I randomized clinical trial of telemedicine for obstructive sleep apnea among military dependents and retirees.,2026,10.1016/j.cct.2026.108252,41651286,,,Clinical Trial Protocol; Journal Article,Sleep / fatigue / recovery,HIGH_RELEVANCE,DIRECT_MANUSCRIPT_FIT,FULL_TEXT_REVIEW,P1 — HIGH,International,Integrated Operational Readiness / Discussion,POTENTIAL_DIRECT_SUPPORT,NO,NO,YES,Verified — clear,NO,Potential direct support for an active manuscript domain,https://pubmed.ncbi.nlm.nih.gov/41651286/
EV-0161,Behavioral health technician delivered written exposure therapy for posttraumatic stress disorder in the military: Design of a hybrid implementation effectiveness trial.,2026,10.1016/j.conctc.2026.101598,41626067,,,Journal Article,Mental health / stress,HIGH_RELEVANCE,DIRECT_MANUSCRIPT_FIT,FULL_TEXT_REVIEW,P1 — HIGH,International,Organizational Health Context / Discussao,POTENTIAL_DIRECT_SUPPORT,NO,NO,YES,Verified — clear,NO,Potential direct support for an active manuscript domain,https://pubmed.ncbi.nlm.nih.gov/41626067/
EV-0164,The Effectiveness of a 10-Week Concurrent Strength and Endurance Training Program on the Physical Readiness of Trained British Army Soldiers.,2026,10.1519/jsc.0000000000005275,41576259,,,Journal Article; Randomized Controlled Trial,Physical / academy readiness,HIGH_RELEVANCE,DIRECT_MANUSCRIPT_FIT,REPLACE_EXISTING_CANDIDATE,P1 — HIGH,Both,Physical and Academy Readiness / Aptidao e academia,POTENTIAL_DIRECT_SUPPORT,NO,YES,YES,Verified — clear,YES — REVIEW REQUIRED,Potentially stronger evidence than current domain support,https://pubmed.ncbi.nlm.nih.gov/41576259/
EV-0167,Does automated feedback impact the acceptability of AI-generated police body worn camera review? An implementation science natural experiment.,2025,10.1007/s11292-025-09711-7,41537090,,,Journal Article,Implementation science,HIGH_RELEVANCE,GAP_CLOSURE_CANDIDATE,FULL_TEXT_REVIEW,P0 — CRITICAL,International,Implementation Considerations / Implementacao,POTENTIAL_GAP_CLOSURE,NO,NO,YES,Verified — clear,NO,Potential structural-gap closure,https://pubmed.ncbi.nlm.nih.gov/41537090/
EV-0169,"Risk Factors for Musculoskeletal Injuries in Military Recruits: The Impact of Sex, Body Fat Percentage, and Physical Fitness.",2026,10.1093/milmed/usaf614,41528757,,,"Journal Article; Research Support, Non-U.S. Gov't",Physical / academy readiness,HIGH_RELEVANCE,DIRECT_MANUSCRIPT_FIT,FULL_TEXT_REVIEW,P1 — HIGH,International,Physical and Academy Readiness / Aptidao e academia,POTENTIAL_DIRECT_SUPPORT,NO,NO,YES,Verified — clear,NO,Potential direct support for an active manuscript domain,https://pubmed.ncbi.nlm.nih.gov/41528757/
EV-0174,Trends in Upper Extremity Injuries in Female Marines following the Addition of the Pull-up as a Physical Fitness Test Event.,2026,10.1093/milmed/usaf621,41503938,,,Journal Article,Physical / academy readiness,HIGH_RELEVANCE,DIRECT_MANUSCRIPT_FIT,FULL_TEXT_REVIEW,P1 — HIGH,International,Physical and Academy Readiness / Aptidao e academia,POTENTIAL_DIRECT_SUPPORT,NO,NO,YES,Verified — clear,NO,Potential direct support for an active manuscript domain,https://pubmed.ncbi.nlm.nih.gov/41503938/
EV-0177,The Effect of a Daily Undulating Periodization Program on the Physical Performance of Trainee Tactical Police Officers.,2026,10.1519/jsc.0000000000005356,41489861,,,Journal Article,Physical / academy readiness,HIGH_RELEVANCE,DIRECT_MANUSCRIPT_FIT,FULL_TEXT_REVIEW,P1 — HIGH,International,Physical and Academy Readiness / Aptidao e academia,POTENTIAL_DIRECT_SUPPORT,NO,NO,YES,Verified — clear,NO,Potential direct support for an active manuscript domain,https://pubmed.ncbi.nlm.nih.gov/41489861/
EV-0178,Leader-Inspired Nutrition: A Framework for Promoting Healthy Nutrition Behaviors and a Nutritionally Fueled and Fit Military Force.,2025,10.3390/nu17243835,41470780,,,Journal Article,Nutrition / shift work,HIGH_RELEVANCE,DIRECT_MANUSCRIPT_FIT,FULL_TEXT_REVIEW,P1 — HIGH,International,Nutrition and Schedule Load / Nutricao e jornadas,POTENTIAL_DIRECT_SUPPORT,NO,NO,YES,Verified — clear,NO,Potential direct support for an active manuscript domain,https://pubmed.ncbi.nlm.nih.gov/41470780/
EV-0179,Exploring Law Enforcement Officers' Experiences with Athletic Trainers and Work-Related Injury.,2025,10.3390/ijerph22121769,41464403,,,Journal Article,Musculoskeletal injury,HIGH_RELEVANCE,DIRECT_MANUSCRIPT_FIT,FULL_TEXT_REVIEW,P1 — HIGH,International,Operational Implications / Discussion,POTENTIAL_DIRECT_SUPPORT,NO,NO,YES,Verified — clear,NO,Potential direct support for an active manuscript domain,https://pubmed.ncbi.nlm.nih.gov/41464403/
EV-0183,Virtual first: implementation of a novel sleep telehealth platform in the United States military.,2024,10.3389/frsle.2024.1304743,41424497,,,Journal Article,Sleep / fatigue / recovery,HIGH_RELEVANCE,DIRECT_MANUSCRIPT_FIT,FULL_TEXT_REVIEW,P1 — HIGH,International,Integrated Operational Readiness / Discussion,POTENTIAL_DIRECT_SUPPORT,NO,NO,YES,Verified — clear,NO,Potential direct support for an active manuscript domain,https://pubmed.ncbi.nlm.nih.gov/41424497/
EV-0194,"Comparing Standard and Advanced Lipid Profiles in Law Enforcement Officers: A Pilot Study on the Links to Fitness, Body Composition, and Cardiometabolic Risk.",2026,10.1097/jom.0000000000003637,41355034,,,Comparative Study; Journal Article,Physical / academy readiness,HIGH_RELEVANCE,DIRECT_MANUSCRIPT_FIT,FULL_TEXT_REVIEW,P1 — HIGH,International,Physical and Academy Readiness / Aptidao e academia,POTENTIAL_DIRECT_SUPPORT,NO,NO,YES,Verified — clear,NO,Potential direct support for an active manuscript domain,https://pubmed.ncbi.nlm.nih.gov/41355034/
EV-0195,Addressing PTSD symptoms in first responders and healthcare workers through trauma-focused treatment in Employee Assistance Programs: Protocol for a randomized controlled trial.,2026,10.1016/j.cct.2025.108174,41352531,,,Clinical Trial Protocol; Journal Article,Mental health / stress,HIGH_RELEVANCE,DIRECT_MANUSCRIPT_FIT,FULL_TEXT_REVIEW,P1 — HIGH,International,Organizational Health Context / Discussao,POTENTIAL_DIRECT_SUPPORT,NO,NO,YES,Verified — clear,NO,Potential direct support for an active manuscript domain,https://pubmed.ncbi.nlm.nih.gov/41352531/
EV-0196,"Nutrition for Tactical Athletes: Insights, Applications and Research Gaps.",2026,10.1007/s40279-025-02363-7,41348147,,,Journal Article; Review,Nutrition / shift work,HIGH_RELEVANCE,DIRECT_MANUSCRIPT_FIT,FULL_TEXT_REVIEW,P1 — HIGH,International,Nutrition and Schedule Load / Nutricao e jornadas,POTENTIAL_DIRECT_SUPPORT,NO,NO,YES,Verified — clear,NO,Potential direct support for an active manuscript domain,https://pubmed.ncbi.nlm.nih.gov/41348147/
EV-0198,Development of a military mental health training program aiming to promote mental health and operational readiness in the Danish armed forces: an intervention mapping approach.,2025,10.3389/fpubh.2025.1676193,41346760,,,Journal Article,Mental health / stress,HIGH_RELEVANCE,DIRECT_MANUSCRIPT_FIT,FULL_TEXT_REVIEW,P1 — HIGH,International,Organizational Health Context / Discussao,POTENTIAL_DIRECT_SUPPORT,NO,NO,YES,Verified — clear,NO,Potential direct support for an active manuscript domain,https://pubmed.ncbi.nlm.nih.gov/41346760/
EV-0200,Efficacy of Fatigue Countermeasures on Cognitive Performance and Operational Safety in Military Pilots: A Systematic Review.,2025,10.7759/cureus.95823,41328140,,,Journal Article; Review,Cognition / firearm performance,HIGH_RELEVANCE,DIRECT_MANUSCRIPT_FIT,FULL_TEXT_REVIEW,P1 — HIGH,International,Cognition and Firearm-Task Performance / Cognicao e tiro,POTENTIAL_DIRECT_SUPPORT,NO,NO,YES,Verified — clear,NO,Potential direct support for an active manuscript domain,https://pubmed.ncbi.nlm.nih.gov/41328140/
EV-0204,Graduation-stage physical fitness as a predictor of operational performance and injury risk among police recruits: a prospective cohort study.,2025,10.1136/bmjsem-2025-002871,41306450,,,Journal Article,Physical / academy readiness,HIGH_RELEVANCE,DIRECT_MANUSCRIPT_FIT,FULL_TEXT_REVIEW,P1 — HIGH,International,Physical and Academy Readiness / Aptidao e academia,POTENTIAL_DIRECT_SUPPORT,NO,NO,YES,Verified — clear,NO,Potential direct support for an active manuscript domain,https://pubmed.ncbi.nlm.nih.gov/41306450/
EV-0211,Military Families: Resilience Through Strength.,2025,10.1093/milmed/usaf467,41259130,,,"Introductory Journal Article; Research Support, U.S. Gov't, Non-P.H.S.",Physical / academy readiness,HIGH_RELEVANCE,DIRECT_MANUSCRIPT_FIT,FULL_TEXT_REVIEW,P1 — HIGH,International,Physical and Academy Readiness / Aptidao e academia,POTENTIAL_DIRECT_SUPPORT,NO,NO,YES,Verified — clear,NO,Potential direct support for an active manuscript domain,https://pubmed.ncbi.nlm.nih.gov/41259130/
EV-0222,Tailored strategies to increase the use of an evidence-based psychotherapy for posttraumatic stress disorder: A stepped-wedge randomized trial in military clinics.,2025,10.1016/j.janxdis.2025.103080,41202565,,,Journal Article; Randomized Controlled Trial,Mental health / stress,HIGH_RELEVANCE,DIRECT_MANUSCRIPT_FIT,FULL_TEXT_REVIEW,P1 — HIGH,Both,Organizational Health Context / Discussao,POTENTIAL_DIRECT_SUPPORT,NO,NO,YES,Verified — clear,NO,Potential direct support for an active manuscript domain,https://pubmed.ncbi.nlm.nih.gov/41202565/
EV-0225,"Adaptation, implementation, and evaluation of a protective mental health intervention (Resilient minds) for Canadian volunteer firefighters.",2026,10.1016/j.comppsych.2025.152643,41175613,,,"Journal Article; Research Support, Non-U.S. Gov't",Mental health / stress,HIGH_RELEVANCE,DIRECT_MANUSCRIPT_FIT,FULL_TEXT_REVIEW,P1 — HIGH,International,Organizational Health Context / Discussao,POTENTIAL_DIRECT_SUPPORT,NO,NO,YES,Verified — clear,NO,Potential direct support for an active manuscript domain,https://pubmed.ncbi.nlm.nih.gov/41175613/
EV-0230,Psychological stress and physiological outcomes: investigating the impact of attention biases and emotional regulation in Chinese military service members.,2025,10.1186/s12889-025-23924-5,41136962,,,Journal Article,Mental health / stress,HIGH_RELEVANCE,DIRECT_MANUSCRIPT_FIT,FULL_TEXT_REVIEW,P1 — HIGH,International,Organizational Health Context / Discussao,POTENTIAL_DIRECT_SUPPORT,NO,NO,YES,Verified — clear,NO,Potential direct support for an active manuscript domain,https://pubmed.ncbi.nlm.nih.gov/41136962/
EV-0232,Impact of Acoustic Gunshot Detection Technology on Prehospital Transport and Time to Treatment: A Narrative Review With Directions for Future Military Conflicts.,2026,10.1093/milmed/usaf505,41124342,,,Journal Article; Review,Tactical medicine / TCCC / TECC / APH,HIGH_RELEVANCE,DIRECT_MANUSCRIPT_FIT,FULL_TEXT_REVIEW,P1 — HIGH,International,Tactical Medicine Readiness / APH-Tatico,POTENTIAL_DIRECT_SUPPORT,NO,NO,YES,Verified — clear,NO,Potential direct support for an active manuscript domain,https://pubmed.ncbi.nlm.nih.gov/41124342/
EV-0236,"Low Energy Availability Prevalence, Dietary Habits, and Sleep in Female Army ROTC Cadets.",2025,10.70252/vrdk5031,41079001,,,Journal Article,Nutrition / shift work,HIGH_RELEVANCE,DIRECT_MANUSCRIPT_FIT,FULL_TEXT_REVIEW,P1 — HIGH,International,Nutrition and Schedule Load / Nutricao e jornadas,POTENTIAL_DIRECT_SUPPORT,NO,NO,YES,Verified — clear,NO,Potential direct support for an active manuscript domain,https://pubmed.ncbi.nlm.nih.gov/41079001/
EV-0244,Comparison of Self-Reported Intake Versus Military Dietary Reference Intakes in Deployed Special Operations Forces Soldiers.,2026,10.1093/milmed/usaf453,40997140,,,Journal Article,Nutrition / shift work,HIGH_RELEVANCE,DIRECT_MANUSCRIPT_FIT,FULL_TEXT_REVIEW,P1 — HIGH,International,Nutrition and Schedule Load / Nutricao e jornadas,POTENTIAL_DIRECT_SUPPORT,NO,NO,YES,Verified — clear,NO,Potential direct support for an active manuscript domain,https://pubmed.ncbi.nlm.nih.gov/40997140/
EV-0246,Low-Carbohydrate High-Fat Diets for Military Performance: A Strategy for Realizing Performance Advantage on the Battlefield?,2026,10.1093/milmed/usaf437,40990074,,,Journal Article,Nutrition / shift work,HIGH_RELEVANCE,DIRECT_MANUSCRIPT_FIT,FULL_TEXT_REVIEW,P1 — HIGH,International,Nutrition and Schedule Load / Nutricao e jornadas,POTENTIAL_DIRECT_SUPPORT,NO,NO,YES,Verified — clear,NO,Potential direct support for an active manuscript domain,https://pubmed.ncbi.nlm.nih.gov/40990074/
EV-0252,Why innovations in policing don't work or don't translate: An implementation science survey of US police leaders.,2025,10.1080/15614263.2025.2512806,40979841,,,Journal Article,Implementation science,HIGH_RELEVANCE,GAP_CLOSURE_CANDIDATE,FULL_TEXT_REVIEW,P0 — CRITICAL,International,Implementation Considerations / Implementacao,POTENTIAL_GAP_CLOSURE,NO,NO,YES,Verified — clear,NO,Potential structural-gap closure,https://pubmed.ncbi.nlm.nih.gov/40979841/
EV-0264,Impact of Age and Years in the Fire Service on Firefighter Health and Physical Performance Outcomes.,2025,10.3390/healthcare13161946,40868561,,,Journal Article,Physical / academy readiness,HIGH_RELEVANCE,DIRECT_MANUSCRIPT_FIT,FULL_TEXT_REVIEW,P1 — HIGH,International,Physical and Academy Readiness / Aptidao e academia,POTENTIAL_DIRECT_SUPPORT,NO,NO,YES,Verified — clear,NO,Potential direct support for an active manuscript domain,https://pubmed.ncbi.nlm.nih.gov/40868561/
EV-0266,Knee Injuries in First Responders.,2026,10.5435/jaaos-d-25-00661,40854167,,,Journal Article; Review,Musculoskeletal injury,HIGH_RELEVANCE,DIRECT_MANUSCRIPT_FIT,FULL_TEXT_REVIEW,P1 — HIGH,International,Operational Implications / Discussion,POTENTIAL_DIRECT_SUPPORT,NO,NO,YES,Verified — clear,NO,Potential direct support for an active manuscript domain,https://pubmed.ncbi.nlm.nih.gov/40854167/
EV-0273,Small Arms Marksmanship Accuracy Surrounding Fresh Whole Blood Donation in the U.S. Army Conventional Soldier.,2026,10.1093/milmed/usaf402,40796102,,,Journal Article,Cognition / firearm performance,HIGH_RELEVANCE,DIRECT_MANUSCRIPT_FIT,FULL_TEXT_REVIEW,P1 — HIGH,International,Cognition and Firearm-Task Performance / Cognicao e tiro,POTENTIAL_DIRECT_SUPPORT,NO,NO,YES,Verified — clear,NO,Potential direct support for an active manuscript domain,https://pubmed.ncbi.nlm.nih.gov/40796102/
EV-0289,The Army Combat Fitness Test (ACFT) and the Health of the Active Component: Understanding the Link Between the ACFT and Personnel Health and Injuries.,2025,,40613065,,,Journal Article,Physical / academy readiness,HIGH_RELEVANCE,DIRECT_MANUSCRIPT_FIT,FULL_TEXT_REVIEW,P1 — HIGH,International,Physical and Academy Readiness / Aptidao e academia,POTENTIAL_DIRECT_SUPPORT,NO,NO,YES,Verified — clear,NO,Potential direct support for an active manuscript domain,https://pubmed.ncbi.nlm.nih.gov/40613065/
EV-0292,An Analysis of Research Trends on Sleep Hygiene in Soldiers Using a Scoping Review.,2026,10.1093/milmed/usaf260,40581606,,,"Journal Article; Research Support, Non-U.S. Gov't; Scoping Review",Sleep / fatigue / recovery,HIGH_RELEVANCE,DIRECT_MANUSCRIPT_FIT,FULL_TEXT_REVIEW,P1 — HIGH,International,Integrated Operational Readiness / Discussion,POTENTIAL_DIRECT_SUPPORT,NO,NO,YES,Verified — clear,NO,Potential direct support for an active manuscript domain,https://pubmed.ncbi.nlm.nih.gov/40581606/
EV-0294,"Effects of Pork Protein Ingestion Prior to and Following Performing the Army Combat Fitness Test on Markers of Catabolism, Inflammation, and Recovery.",2025,10.3390/nu17121995,40573107,,,Journal Article; Randomized Controlled Trial,Sleep / fatigue / recovery,HIGH_RELEVANCE,DIRECT_MANUSCRIPT_FIT,FULL_TEXT_REVIEW,P1 — HIGH,Both,Integrated Operational Readiness / Discussion,POTENTIAL_DIRECT_SUPPORT,NO,NO,YES,Verified — clear,NO,Potential direct support for an active manuscript domain,https://pubmed.ncbi.nlm.nih.gov/40573107/
EV-0295,"The Effect of Fitness on Performance, Exertion, and Cognition During Simulated Firefighter Occupational Tasks.",2025,10.3390/jfmk10020129,40566425,,,Journal Article,Cognition / firearm performance,HIGH_RELEVANCE,DIRECT_MANUSCRIPT_FIT,FULL_TEXT_REVIEW,P1 — HIGH,International,Cognition and Firearm-Task Performance / Cognicao e tiro,POTENTIAL_DIRECT_SUPPORT,NO,NO,YES,Verified — clear,NO,Potential direct support for an active manuscript domain,https://pubmed.ncbi.nlm.nih.gov/40566425/
EV-0299,Combat Casualty Care in Arctic or Extreme Cold Environments: Considerations for the Army Health System.,2025,10.55460/gvpx-ubr3,40540537,,,Journal Article,Tactical medicine / TCCC / TECC / APH,HIGH_RELEVANCE,DIRECT_MANUSCRIPT_FIT,FULL_TEXT_REVIEW,P1 — HIGH,International,Tactical Medicine Readiness / APH-Tatico,POTENTIAL_DIRECT_SUPPORT,NO,NO,YES,Verified — clear,NO,Potential direct support for an active manuscript domain,https://pubmed.ncbi.nlm.nih.gov/40540537/
EV-0311,Efficacy and acceptability of different blood flow restriction training interventions during the rehabilitation of military personnel with lower limb musculoskeletal injuries: protocol for a two-phase randomised controlled trial.,2025,10.1136/bmjopen-2024-096643,40425246,,,Clinical Trial Protocol; Journal Article,Musculoskeletal injury,HIGH_RELEVANCE,DIRECT_MANUSCRIPT_FIT,FULL_TEXT_REVIEW,P1 — HIGH,International,Operational Implications / Discussion,POTENTIAL_DIRECT_SUPPORT,NO,NO,YES,Verified — clear,NO,Potential direct support for an active manuscript domain,https://pubmed.ncbi.nlm.nih.gov/40425246/
EV-0315,"Examining the Relationship Between Resilience, Mental Health and Fitness Outcomes in Firefighters.",2025,10.3390/jfmk10020142,40407426,,,Journal Article,Mental health / stress,HIGH_RELEVANCE,DIRECT_MANUSCRIPT_FIT,FULL_TEXT_REVIEW,P1 — HIGH,International,Organizational Health Context / Discussao,POTENTIAL_DIRECT_SUPPORT,NO,NO,YES,Verified — clear,NO,Potential direct support for an active manuscript domain,https://pubmed.ncbi.nlm.nih.gov/40407426/
EV-0317,Leg Tuck or Plank? Critical Decisions to Optimize Physical Fitness Assessment in Army Personnel.,2025,10.1519/jsc.0000000000005119,40403188,,,Journal Article,Physical / academy readiness,HIGH_RELEVANCE,DIRECT_MANUSCRIPT_FIT,FULL_TEXT_REVIEW,P1 — HIGH,International,Physical and Academy Readiness / Aptidao e academia,POTENTIAL_DIRECT_SUPPORT,NO,NO,YES,Verified — clear,NO,Potential direct support for an active manuscript domain,https://pubmed.ncbi.nlm.nih.gov/40403188/
EV-0322,Toward promoting performance nutrition behaviors among tactical athletes: a mixed methods study.,2025,10.1080/15502783.2025.2492186,40314558,,,Journal Article,Nutrition / shift work,HIGH_RELEVANCE,DIRECT_MANUSCRIPT_FIT,FULL_TEXT_REVIEW,P1 — HIGH,International,Nutrition and Schedule Load / Nutricao e jornadas,POTENTIAL_DIRECT_SUPPORT,NO,NO,YES,Verified — clear,NO,Potential direct support for an active manuscript domain,https://pubmed.ncbi.nlm.nih.gov/40314558/
EV-0328,Optimizing the Self-Directed Training Kiosk for Tactical Combat Casualty Care Skills Among Chinese Military Service Members: A Kano Model Approach.,2025,10.1093/milmed/usaf130,40266606,,,"Journal Article; Research Support, Non-U.S. Gov't",Tactical medicine / TCCC / TECC / APH,HIGH_RELEVANCE,DIRECT_MANUSCRIPT_FIT,FULL_TEXT_REVIEW,P1 — HIGH,International,Tactical Medicine Readiness / APH-Tatico,POTENTIAL_DIRECT_SUPPORT,NO,NO,YES,Verified — clear,NO,Potential direct support for an active manuscript domain,https://pubmed.ncbi.nlm.nih.gov/40266606/
EV-0334,CounterFlow Hemostatic Gauze Provides Military Medics Confidence and Demonstrates Effective Hemorrhage Control in a Live Tissue Simulation.,2025,10.1093/milmed/usaf057,40156908,,,"Journal Article; Research Support, Non-U.S. Gov't; Research Support, U.S. Gov't, Non-P.H.S.",Tactical medicine / TCCC / TECC / APH,HIGH_RELEVANCE,GAP_CLOSURE_CANDIDATE,FULL_TEXT_REVIEW,P0 — CRITICAL,International,Tactical Medicine Readiness / APH-Tatico,POTENTIAL_GAP_CLOSURE,NO,NO,YES,Verified — clear,NO,Potential structural-gap closure,https://pubmed.ncbi.nlm.nih.gov/40156908/
EV-0337,Assessing Cardiovascular Risk Among Polish Soldiers: Insights Using the POL SCORE Tool.,2025,10.3390/jcm14062130,40142938,,,Journal Article,Medical / cardiovascular readiness,HIGH_RELEVANCE,DIRECT_MANUSCRIPT_FIT,FULL_TEXT_REVIEW,P1 — HIGH,International,Medical and Cardiovascular Readiness / Saude e prontidao medica,POTENTIAL_DIRECT_SUPPORT,NO,NO,YES,Verified — clear,NO,Potential direct support for an active manuscript domain,https://pubmed.ncbi.nlm.nih.gov/40142938/
EV-0370,Dietary Nutrient Adequacy in Aeronautical Military Personnel in Spain: Strengths and Weaknesses.,2024,10.3390/nu17010092,39796526,,,Journal Article,Nutrition / shift work,HIGH_RELEVANCE,DIRECT_MANUSCRIPT_FIT,FULL_TEXT_REVIEW,P1 — HIGH,International,Nutrition and Schedule Load / Nutricao e jornadas,POTENTIAL_DIRECT_SUPPORT,NO,NO,YES,Verified — clear,NO,Potential direct support for an active manuscript domain,https://pubmed.ncbi.nlm.nih.gov/39796526/
EV-0373,Hazardous alcohol use and cardiometabolic risk among firefighters.,2025,10.1111/acer.15517,39746845,,,Journal Article,Medical / cardiovascular readiness,HIGH_RELEVANCE,DIRECT_MANUSCRIPT_FIT,FULL_TEXT_REVIEW,P1 — HIGH,International,Medical and Cardiovascular Readiness / Saude e prontidao medica,POTENTIAL_DIRECT_SUPPORT,NO,NO,YES,Verified — clear,NO,Potential direct support for an active manuscript domain,https://pubmed.ncbi.nlm.nih.gov/39746845/
EV-0377,US Army Accession and Retention Standards: Impact on Obesity and Medical Readiness.,2025,10.1093/milmed/usae554,39721003,,,Journal Article,Medical / cardiovascular readiness,HIGH_RELEVANCE,DIRECT_MANUSCRIPT_FIT,FULL_TEXT_REVIEW,P1 — HIGH,International,Medical and Cardiovascular Readiness / Saude e prontidao medica,POTENTIAL_DIRECT_SUPPORT,NO,NO,YES,Verified — clear,NO,Potential direct support for an active manuscript domain,https://pubmed.ncbi.nlm.nih.gov/39721003/
EV-0383,Methodology used to develop the minimum common data elements for surveillance and Reporting of Musculoskeletal Injuries in the MILitary (ROMMIL) statement.,2024,10.12688/f1000research.152514.2,39649840,,,Journal Article,Musculoskeletal injury,HIGH_RELEVANCE,DIRECT_MANUSCRIPT_FIT,FULL_TEXT_REVIEW,P1 — HIGH,International,Operational Implications / Discussion,POTENTIAL_DIRECT_SUPPORT,NO,NO,YES,Verified — clear,NO,Potential direct support for an active manuscript domain,https://pubmed.ncbi.nlm.nih.gov/39649840/
EV-0386,Impact of astaxanthin supplementation on markers of cardiometabolic health and tactical performance among firefighters.,2024,10.1080/15502783.2024.2427751,39568140,,,Journal Article; Randomized Controlled Trial,Medical / cardiovascular readiness,HIGH_RELEVANCE,DIRECT_MANUSCRIPT_FIT,REPLACE_EXISTING_CANDIDATE,P1 — HIGH,Both,Medical and Cardiovascular Readiness / Saude e prontidao medica,POTENTIAL_DIRECT_SUPPORT,NO,YES,YES,Verified — clear,YES — REVIEW REQUIRED,Potentially stronger evidence than current domain support,https://pubmed.ncbi.nlm.nih.gov/39568140/
EV-0388,Acute exercise impacts heart rate variability but not cognitive flexibility during subsequent simulated firefighter occupational tasks.,2025,10.1007/s00421-024-05650-9,39537898,,,Journal Article,Cognition / firearm performance,HIGH_RELEVANCE,DIRECT_MANUSCRIPT_FIT,FULL_TEXT_REVIEW,P1 — HIGH,International,Cognition and Firearm-Task Performance / Cognicao e tiro,POTENTIAL_DIRECT_SUPPORT,NO,NO,YES,Verified — clear,NO,Potential direct support for an active manuscript domain,https://pubmed.ncbi.nlm.nih.gov/39537898/
EV-0389,Likelihood of fitness improvements during a standardised physical fitness programme in US Army trainees of different fitness levels.,2025,10.1136/military-2024-002763,39537367,,,Journal Article,Physical / academy readiness,HIGH_RELEVANCE,DIRECT_MANUSCRIPT_FIT,FULL_TEXT_REVIEW,P1 — HIGH,International,Physical and Academy Readiness / Aptidao e academia,POTENTIAL_DIRECT_SUPPORT,NO,NO,YES,Verified — clear,NO,Potential direct support for an active manuscript domain,https://pubmed.ncbi.nlm.nih.gov/39537367/
EV-0390,Decision-making during training of a Swedish navy command and control team: a quantitative study of workload effects.,2025,10.1007/s10339-024-01242-9,39535672,,,Journal Article,Cognition / firearm performance,HIGH_RELEVANCE,DIRECT_MANUSCRIPT_FIT,FULL_TEXT_REVIEW,P1 — HIGH,International,Cognition and Firearm-Task Performance / Cognicao e tiro,POTENTIAL_DIRECT_SUPPORT,NO,NO,YES,Verified — clear,NO,Potential direct support for an active manuscript domain,https://pubmed.ncbi.nlm.nih.gov/39535672/
EV-0402,Hydration Considerations to Improve the Physical Performance and Health of Firefighters.,2024,10.3390/jfmk9040182,39449476,,,Journal Article; Review,Hydration / heat / thermoregulation,HIGH_RELEVANCE,GAP_CLOSURE_CANDIDATE,FULL_TEXT_REVIEW,P0 — CRITICAL,International,Medical and Cardiovascular Readiness / Discussion,POTENTIAL_GAP_CLOSURE,NO,NO,YES,Verified — clear,NO,Potential structural-gap closure,https://pubmed.ncbi.nlm.nih.gov/39449476/
EV-0403,"Combat readiness, alcohol abuse, and posttraumatic stress disorder among Uganda peoples' defence forces soldiers.",2024,10.1186/s40359-024-02068-y,39434185,,,Journal Article,Mental health / stress,HIGH_RELEVANCE,DIRECT_MANUSCRIPT_FIT,FULL_TEXT_REVIEW,P1 — HIGH,International,Organizational Health Context / Discussao,POTENTIAL_DIRECT_SUPPORT,NO,NO,YES,Verified — clear,NO,Potential direct support for an active manuscript domain,https://pubmed.ncbi.nlm.nih.gov/39434185/
EV-0426,Dietary Supplementation on Physical Performance and Recovery in Active-Duty Military Personnel: A Systematic Review of Randomized and Quasi-Experimental Controlled Trials.,2024,10.3390/nu16162746,39203882,,,Journal Article; Systematic Review,Nutrition / shift work,HIGH_RELEVANCE,DIRECT_MANUSCRIPT_FIT,REPLACE_EXISTING_CANDIDATE,P1 — HIGH,Both,Nutrition and Schedule Load / Nutricao e jornadas,POTENTIAL_DIRECT_SUPPORT,NO,YES,YES,Verified — clear,YES — REVIEW REQUIRED,Potentially stronger evidence than current domain support,https://pubmed.ncbi.nlm.nih.gov/39203882/
EV-0427,Associations between Dietary Intake and Cardiovascular Disease Risk in American Career Firefighters: An Observational Study.,2024,10.3390/jfmk9030132,39189217,,,Journal Article,Nutrition / shift work,HIGH_RELEVANCE,DIRECT_MANUSCRIPT_FIT,FULL_TEXT_REVIEW,P1 — HIGH,International,Nutrition and Schedule Load / Nutricao e jornadas,POTENTIAL_DIRECT_SUPPORT,NO,NO,YES,Verified — clear,NO,Potential direct support for an active manuscript domain,https://pubmed.ncbi.nlm.nih.gov/39189217/
EV-0442,What About Water? Implications for Body Composition Assessment in Military Personnel.,2024,10.1519/jsc.0000000000004840,39074192,,,Journal Article; Review,Physical / academy readiness,HIGH_RELEVANCE,DIRECT_MANUSCRIPT_FIT,FULL_TEXT_REVIEW,P1 — HIGH,International,Physical and Academy Readiness / Aptidao e academia,POTENTIAL_DIRECT_SUPPORT,NO,NO,YES,Verified — clear,NO,Potential direct support for an active manuscript domain,https://pubmed.ncbi.nlm.nih.gov/39074192/
EV-0443,Detraining's Effects on Cardiorespiratory Fitness and Maximal and Explosive Strength in Army Soldiers: Does Age Matter?,2024,10.3390/sports12070183,39058074,,,Journal Article,Physical / academy readiness,HIGH_RELEVANCE,DIRECT_MANUSCRIPT_FIT,FULL_TEXT_REVIEW,P1 — HIGH,International,Physical and Academy Readiness / Aptidao e academia,POTENTIAL_DIRECT_SUPPORT,NO,NO,YES,Verified — clear,NO,Potential direct support for an active manuscript domain,https://pubmed.ncbi.nlm.nih.gov/39058074/
EV-0459,"Nutrition as a military capability to deliver human advantage: more people, more ready, more of the time.",2025,10.1136/military-2024-002738,38942432,,,Journal Article; Review,Nutrition / shift work,HIGH_RELEVANCE,DIRECT_MANUSCRIPT_FIT,FULL_TEXT_REVIEW,P1 — HIGH,International,Nutrition and Schedule Load / Nutricao e jornadas,POTENTIAL_DIRECT_SUPPORT,NO,NO,YES,Verified — clear,NO,Potential direct support for an active manuscript domain,https://pubmed.ncbi.nlm.nih.gov/38942432/
EV-0462,Personal protective equipment impacts firefighters' anaerobic fitness.,2024,10.1093/occmed/kqae046,38917477,,,Journal Article,Physical / academy readiness,HIGH_RELEVANCE,DIRECT_MANUSCRIPT_FIT,FULL_TEXT_REVIEW,P1 — HIGH,International,Physical and Academy Readiness / Aptidao e academia,POTENTIAL_DIRECT_SUPPORT,NO,NO,YES,Verified — clear,NO,Potential direct support for an active manuscript domain,https://pubmed.ncbi.nlm.nih.gov/38917477/
EV-0473,Comparison of different periodization models on isotonic and isokinetic muscle strength and lean mass in tactical athletes.,2024,10.1016/j.jbmt.2024.01.021,38763574,,,Journal Article,Physical / academy readiness,HIGH_RELEVANCE,DIRECT_MANUSCRIPT_FIT,FULL_TEXT_REVIEW,P1 — HIGH,International,Physical and Academy Readiness / Aptidao e academia,POTENTIAL_DIRECT_SUPPORT,NO,NO,YES,Verified — clear,NO,Potential direct support for an active manuscript domain,https://pubmed.ncbi.nlm.nih.gov/38763574/
EV-0475,"The Association Between Grip Strength, Upper Body Power, and Limb Dominance in a Military Population.",2024,10.1093/milmed/usae227,38739492,,,"Journal Article; Research Support, U.S. Gov't, Non-P.H.S.",Physical / academy readiness,HIGH_RELEVANCE,DIRECT_MANUSCRIPT_FIT,FULL_TEXT_REVIEW,P1 — HIGH,International,Physical and Academy Readiness / Aptidao e academia,POTENTIAL_DIRECT_SUPPORT,NO,NO,YES,Verified — clear,NO,Potential direct support for an active manuscript domain,https://pubmed.ncbi.nlm.nih.gov/38739492/
EV-0482,Impact of a Special Operations Forces Basic Training on Body Composition and Energy Expenditure.,2024,10.1093/milmed/usad494,38602455,,,Journal Article,Physical / academy readiness,HIGH_RELEVANCE,DIRECT_MANUSCRIPT_FIT,FULL_TEXT_REVIEW,P1 — HIGH,International,Physical and Academy Readiness / Aptidao e academia,POTENTIAL_DIRECT_SUPPORT,NO,NO,YES,Verified — clear,NO,Potential direct support for an active manuscript domain,https://pubmed.ncbi.nlm.nih.gov/38602455/
EV-0503,Barriers and enablers to implementing police mental health co-responder programs: A qualitative study using the consolidated framework for implementation research.,2024,10.1177/26334895231220259,38322801,,,Journal Article,Mental health / stress,HIGH_RELEVANCE,DIRECT_MANUSCRIPT_FIT,FULL_TEXT_REVIEW,P1 — HIGH,International,Organizational Health Context / Discussao,POTENTIAL_DIRECT_SUPPORT,NO,NO,YES,Verified — clear,NO,Potential direct support for an active manuscript domain,https://pubmed.ncbi.nlm.nih.gov/38322801/
EV-0504,Examining how organizational leaders perceive internet-delivered cognitive behavioural therapy for public safety personnel using the RE-AIM implementation framework.,2024,10.1016/j.invent.2024.100718,38318086,,,Journal Article,Cognition / firearm performance,HIGH_RELEVANCE,DIRECT_MANUSCRIPT_FIT,FULL_TEXT_REVIEW,P1 — HIGH,International,Cognition and Firearm-Task Performance / Cognicao e tiro,POTENTIAL_DIRECT_SUPPORT,NO,NO,YES,Verified — clear,NO,Potential direct support for an active manuscript domain,https://pubmed.ncbi.nlm.nih.gov/38318086/
EV-0507,Feeling the Strain: Understanding the Relationship between Stress and Physical Activity in Members of the Royal Canadian Navy.,2024,10.1093/milmed/usae006,38302089,,,Journal Article,Musculoskeletal injury,HIGH_RELEVANCE,DIRECT_MANUSCRIPT_FIT,FULL_TEXT_REVIEW,P1 — HIGH,International,Operational Implications / Discussion,POTENTIAL_DIRECT_SUPPORT,NO,NO,YES,Verified — clear,NO,Potential direct support for an active manuscript domain,https://pubmed.ncbi.nlm.nih.gov/38302089/
EV-0511,"The Tactical Athlete: Definitions, Cardiovascular Assessment, and Management, and ""Fit for Duty"" Standards.",2024,10.1016/j.ccep.2023.09.010,38280817,,,Journal Article; Review,Medical / cardiovascular readiness,HIGH_RELEVANCE,DIRECT_MANUSCRIPT_FIT,FULL_TEXT_REVIEW,P1 — HIGH,International,Medical and Cardiovascular Readiness / Saude e prontidao medica,POTENTIAL_DIRECT_SUPPORT,NO,NO,YES,Verified — clear,NO,Potential direct support for an active manuscript domain,https://pubmed.ncbi.nlm.nih.gov/38280817/
EV-0518,Macrotraumatic Fractures of the Multisegmented Ankle-Foot Complex in Military Tactical Athletes: A Cohort Study.,2023,10.7547/22-114,38175726,,,Journal Article,Musculoskeletal injury,HIGH_RELEVANCE,DIRECT_MANUSCRIPT_FIT,FULL_TEXT_REVIEW,P1 — HIGH,International,Operational Implications / Discussion,POTENTIAL_DIRECT_SUPPORT,NO,NO,YES,Verified — clear,NO,Potential direct support for an active manuscript domain,https://pubmed.ncbi.nlm.nih.gov/38175726/
EV-0519,Body composition as a marker of performance and health in military personnel.,2023,10.3389/fspor.2023.1223254,38169866,,,Journal Article; Review,Physical / academy readiness,HIGH_RELEVANCE,DIRECT_MANUSCRIPT_FIT,FULL_TEXT_REVIEW,P1 — HIGH,International,Physical and Academy Readiness / Aptidao e academia,POTENTIAL_DIRECT_SUPPORT,NO,NO,YES,Verified — clear,NO,Potential direct support for an active manuscript domain,https://pubmed.ncbi.nlm.nih.gov/38169866/
EV-0521,"The Effects of Protein and Carbohydrate Supplementation, with and without Creatine, on Occupational Performance in Firefighters.",2023,10.3390/nu15245134,38140393,,,Journal Article; Randomized Controlled Trial,Nutrition / shift work,HIGH_RELEVANCE,DIRECT_MANUSCRIPT_FIT,REPLACE_EXISTING_CANDIDATE,P1 — HIGH,Both,Nutrition and Schedule Load / Nutricao e jornadas,POTENTIAL_DIRECT_SUPPORT,NO,YES,YES,Verified — clear,YES — REVIEW REQUIRED,Potentially stronger evidence than current domain support,https://pubmed.ncbi.nlm.nih.gov/38140393/
EV-0523,Implementation science in action: national organization of an ambitious first responder training program.,2023,10.1136/tsaco-2023-001292,38115970,,,Comment; Journal Article,Implementation science,HIGH_RELEVANCE,GAP_CLOSURE_CANDIDATE,FULL_TEXT_REVIEW,P0 — CRITICAL,International,Implementation Considerations / Implementacao,POTENTIAL_GAP_CLOSURE,NO,NO,YES,Verified — clear,NO,Potential structural-gap closure,https://pubmed.ncbi.nlm.nih.gov/38115970/
EV-0524,The effect of mild to moderate COVID-19 infection on the cardiorespiratory fitness of firefighters.,2023,10.3389/fpubh.2023.1308605,38106889,,,"Journal Article; Research Support, U.S. Gov't, Non-P.H.S.",Physical / academy readiness,HIGH_RELEVANCE,DIRECT_MANUSCRIPT_FIT,FULL_TEXT_REVIEW,P1 — HIGH,International,Physical and Academy Readiness / Aptidao e academia,POTENTIAL_DIRECT_SUPPORT,NO,NO,YES,Verified — clear,NO,Potential direct support for an active manuscript domain,https://pubmed.ncbi.nlm.nih.gov/38106889/
EV-0528,Accuracy of heart rate measured by military-grade wearable ECG monitor compared with reference and commercial monitors.,2025,10.1136/military-2023-002541,38053265,,,Journal Article,Monitoring / wearables,HIGH_RELEVANCE,DIRECT_MANUSCRIPT_FIT,FULL_TEXT_REVIEW,P1 — HIGH,International,Future Research Agenda / Agenda de pesquisa,POTENTIAL_DIRECT_SUPPORT,NO,NO,YES,Verified — clear,NO,Potential direct support for an active manuscript domain,https://pubmed.ncbi.nlm.nih.gov/38053265/
EV-0529,Group brief cognitive behavioral therapy for suicide prevention compared to dialectal behavior therapy skills group for military service members: a study protocol of a randomized controlled trial.,2023,10.1186/s12888-023-05282-x,38053122,,,"Clinical Trial Protocol; Journal Article; Research Support, Non-U.S. Gov't",Cognition / firearm performance,HIGH_RELEVANCE,DIRECT_MANUSCRIPT_FIT,FULL_TEXT_REVIEW,P1 — HIGH,International,Cognition and Firearm-Task Performance / Cognicao e tiro,POTENTIAL_DIRECT_SUPPORT,NO,NO,YES,Verified — clear,NO,Potential direct support for an active manuscript domain,https://pubmed.ncbi.nlm.nih.gov/38053122/
EV-0534,"Applying the Theoretical Domains Framework to identify police, fire, and paramedic preferences for accessing mental health care in a First Responder Operational Stress Injury Clinic: a qualitative study.",2023,10.24095/hpcdp.43.10/11.02,37991887,,,Journal Article,Musculoskeletal injury,HIGH_RELEVANCE,DIRECT_MANUSCRIPT_FIT,FULL_TEXT_REVIEW,P1 — HIGH,International,Operational Implications / Discussion,POTENTIAL_DIRECT_SUPPORT,NO,NO,YES,Verified — clear,NO,Potential direct support for an active manuscript domain,https://pubmed.ncbi.nlm.nih.gov/37991887/
EV-0543,Mental Health Predictors of Response to Standard Medical Intervention at a Military Pain Specialty Clinic.,2023,10.1093/milmed/usad060,37948258,,,Journal Article; Observational Study,Mental health / stress,HIGH_RELEVANCE,DIRECT_MANUSCRIPT_FIT,FULL_TEXT_REVIEW,P1 — HIGH,International,Organizational Health Context / Discussao,POTENTIAL_DIRECT_SUPPORT,NO,NO,YES,Verified — clear,NO,Potential direct support for an active manuscript domain,https://pubmed.ncbi.nlm.nih.gov/37948258/
EV-0555,Heart Rate Variability Assessment of Land Navigation and Load Carriage Activities in Specialist Police Selection.,2023,10.3390/healthcare11192677,37830716,,,Journal Article,Load carriage / equipment burden,HIGH_RELEVANCE,DIRECT_MANUSCRIPT_FIT,FULL_TEXT_REVIEW,P1 — HIGH,International,Integrated Operational Readiness / Discussion,POTENTIAL_DIRECT_SUPPORT,NO,NO,YES,Verified — clear,NO,Potential direct support for an active manuscript domain,https://pubmed.ncbi.nlm.nih.gov/37830716/
EV-0564,"COVID-19 Concerns, Information Needs, and Adverse Mental Health Outcomes among U.S. Soldiers.",2024,10.1093/milmed/usad350,37715687,,,"Journal Article; Research Support, U.S. Gov't, Non-P.H.S.",Mental health / stress,HIGH_RELEVANCE,DIRECT_MANUSCRIPT_FIT,FULL_TEXT_REVIEW,P1 — HIGH,International,Organizational Health Context / Discussao,POTENTIAL_DIRECT_SUPPORT,NO,NO,YES,Verified — clear,NO,Potential direct support for an active manuscript domain,https://pubmed.ncbi.nlm.nih.gov/37715687/
EV-0567,Using Focus Groups to Identify Nutrition Education Needs and Implementation Strategies for the Wildland Firefighter.,2024,10.1097/jom.0000000000002959,37696801,,,"Journal Article; Research Support, Non-U.S. Gov't; Research Support, U.S. Gov't, Non-P.H.S.",Nutrition / shift work,HIGH_RELEVANCE,DIRECT_MANUSCRIPT_FIT,FULL_TEXT_REVIEW,P1 — HIGH,International,Nutrition and Schedule Load / Nutricao e jornadas,POTENTIAL_DIRECT_SUPPORT,NO,NO,YES,Verified — clear,NO,Potential direct support for an active manuscript domain,https://pubmed.ncbi.nlm.nih.gov/37696801/
EV-0578,Male Army ROTC Cadets Fail to Meet Military Dietary Reference Intakes and Exhibit a High Prevalence of Low Energy Availability and Poor Sleep Quality.,2023,10.3390/jfmk8030095,37489308,,,Journal Article,Nutrition / shift work,HIGH_RELEVANCE,DIRECT_MANUSCRIPT_FIT,FULL_TEXT_REVIEW,P1 — HIGH,International,Nutrition and Schedule Load / Nutricao e jornadas,POTENTIAL_DIRECT_SUPPORT,NO,NO,YES,Verified — clear,NO,Potential direct support for an active manuscript domain,https://pubmed.ncbi.nlm.nih.gov/37489308/
EV-0583,Contributions from incumbent police officer's physical activity and body composition to occupational assessment performance.,2023,10.3389/fpubh.2023.1217187,37415704,,,Journal Article,Physical / academy readiness,HIGH_RELEVANCE,DIRECT_MANUSCRIPT_FIT,FULL_TEXT_REVIEW,P1 — HIGH,International,Physical and Academy Readiness / Aptidao e academia,POTENTIAL_DIRECT_SUPPORT,NO,NO,YES,Verified — clear,NO,Potential direct support for an active manuscript domain,https://pubmed.ncbi.nlm.nih.gov/37415704/
EV-0586,Body composition changes during 8 weeks of military training are not accurately captured by circumference-based assessments.,2023,10.3389/fphys.2023.1183836,37351259,,,Journal Article,Physical / academy readiness,HIGH_RELEVANCE,DIRECT_MANUSCRIPT_FIT,FULL_TEXT_REVIEW,P1 — HIGH,International,Physical and Academy Readiness / Aptidao e academia,POTENTIAL_DIRECT_SUPPORT,NO,NO,YES,Verified — clear,NO,Potential direct support for an active manuscript domain,https://pubmed.ncbi.nlm.nih.gov/37351259/
EV-0590,Sex differences in musculoskeletal injury epidemiology and subsequent loss of tactical readiness during Marine Corps Officer Candidates School.,2024,10.1136/military-2023-002392,37336580,,,Journal Article,Musculoskeletal injury,HIGH_RELEVANCE,DIRECT_MANUSCRIPT_FIT,FULL_TEXT_REVIEW,P1 — HIGH,International,Operational Implications / Discussion,POTENTIAL_DIRECT_SUPPORT,NO,NO,YES,Verified — clear,NO,Potential direct support for an active manuscript domain,https://pubmed.ncbi.nlm.nih.gov/37336580/
EV-0606,Impact of COVID-19 pandemic on nonpharmacological pain management trials in military and veteran healthcare settings: an evaluation informed by implementation science.,2023,10.1093/tbm/ibad015,37030012,,,"Journal Article; Research Support, N.I.H., Extramural",Implementation science,HIGH_RELEVANCE,GAP_CLOSURE_CANDIDATE,FULL_TEXT_REVIEW,P0 — CRITICAL,International,Implementation Considerations / Implementacao,POTENTIAL_GAP_CLOSURE,NO,NO,YES,Verified — clear,NO,Potential structural-gap closure,https://pubmed.ncbi.nlm.nih.gov/37030012/
EV-0611,Performance changes during repeated military occupational test and its associations to physical performance.,2023,10.1080/00140139.2023.2193869,36939035,,,Journal Article,Physical / academy readiness,HIGH_RELEVANCE,DIRECT_MANUSCRIPT_FIT,FULL_TEXT_REVIEW,P1 — HIGH,International,Physical and Academy Readiness / Aptidao e academia,POTENTIAL_DIRECT_SUPPORT,NO,NO,YES,Verified — clear,NO,Potential direct support for an active manuscript domain,https://pubmed.ncbi.nlm.nih.gov/36939035/
EV-0616,US Army Reserve Officers' Training Corps Cadets' Knowledge of Exercise-related Musculoskeletal Injuries.,2022,10.70252/rfnz6668,36895433,,,Journal Article,Musculoskeletal injury,HIGH_RELEVANCE,DIRECT_MANUSCRIPT_FIT,FULL_TEXT_REVIEW,P1 — HIGH,International,Operational Implications / Discussion,POTENTIAL_DIRECT_SUPPORT,NO,NO,YES,Verified — clear,NO,Potential direct support for an active manuscript domain,https://pubmed.ncbi.nlm.nih.gov/36895433/
EV-0619,Immediate Medical Care Rendered by US Law Enforcement Officers after Officer-Involved Shootings - An Open-Access Public Domain Video Analysis.,2023,10.1017/s1049023x23000171,36872570,,,Journal Article; Video-Audio Media,Cognition / firearm performance,HIGH_RELEVANCE,DIRECT_MANUSCRIPT_FIT,FULL_TEXT_REVIEW,P1 — HIGH,International,Cognition and Firearm-Task Performance / Cognicao e tiro,POTENTIAL_DIRECT_SUPPORT,NO,NO,YES,Verified — clear,NO,Potential direct support for an active manuscript domain,https://pubmed.ncbi.nlm.nih.gov/36872570/
EV-0640,Impact of Two Types of Fitness Programs on Soldier Physical Fitness.,2022,10.70252/ybtf2692,36582397,,,Journal Article,Physical / academy readiness,HIGH_RELEVANCE,DIRECT_MANUSCRIPT_FIT,FULL_TEXT_REVIEW,P1 — HIGH,International,Physical and Academy Readiness / Aptidao e academia,POTENTIAL_DIRECT_SUPPORT,NO,NO,YES,Verified — clear,NO,Potential direct support for an active manuscript domain,https://pubmed.ncbi.nlm.nih.gov/36582397/
EV-0641,"Pre-neuromusculoskeletal injury Risk factor Evaluation and Post-neuromusculoskeletal injury Assessment for Return-to-duty/activity Enhancement (PREPARE) in military service members: a prospective, observational study protocol.",2022,10.1186/s12967-022-03832-7,36567311,,,"Clinical Trial Protocol; Journal Article; Research Support, U.S. Gov't, Non-P.H.S.",Musculoskeletal injury,HIGH_RELEVANCE,DIRECT_MANUSCRIPT_FIT,FULL_TEXT_REVIEW,P1 — HIGH,International,Operational Implications / Discussion,POTENTIAL_DIRECT_SUPPORT,NO,NO,YES,Verified — clear,NO,Potential direct support for an active manuscript domain,https://pubmed.ncbi.nlm.nih.gov/36567311/
EV-0643,Inter-Rater and Intra-Rater Reliability of Return-to-Work Screening Tests for UK Firefighters Following Injury.,2022,10.3390/healthcare10122381,36553905,,,Journal Article,Musculoskeletal injury,HIGH_RELEVANCE,DIRECT_MANUSCRIPT_FIT,FULL_TEXT_REVIEW,P1 — HIGH,International,Operational Implications / Discussion,POTENTIAL_DIRECT_SUPPORT,NO,NO,YES,Verified — clear,NO,Potential direct support for an active manuscript domain,https://pubmed.ncbi.nlm.nih.gov/36553905/
EV-0646,Less daytime sleepiness and slow wave activity during sleep predict better physical readiness in military personnel.,2023,10.1016/j.sleh.2022.10.013,36503874,,,"Journal Article; Research Support, U.S. Gov't, Non-P.H.S.",Sleep / fatigue / recovery,HIGH_RELEVANCE,DIRECT_MANUSCRIPT_FIT,FULL_TEXT_REVIEW,P1 — HIGH,International,Integrated Operational Readiness / Discussion,POTENTIAL_DIRECT_SUPPORT,NO,NO,YES,Verified — clear,NO,Potential direct support for an active manuscript domain,https://pubmed.ncbi.nlm.nih.gov/36503874/
EV-0650,Predicting Firefighters' Physical Ability Test Scores from Anaerobic Fitness Parameters & Mental Toughness Levels.,2022,10.3390/ijerph192215253,36429971,,,Journal Article,Physical / academy readiness,HIGH_RELEVANCE,DIRECT_MANUSCRIPT_FIT,FULL_TEXT_REVIEW,P1 — HIGH,International,Physical and Academy Readiness / Aptidao e academia,POTENTIAL_DIRECT_SUPPORT,NO,NO,YES,Verified — clear,NO,Potential direct support for an active manuscript domain,https://pubmed.ncbi.nlm.nih.gov/36429971/
EV-0651,"Speed, Skill Retention, and End User Perceptions of iTClamp Application by Navy Corpsmen on a Manikin Model of Femoral Hemorrhage.",2023,10.1093/milmed/usac355,36424914,,,"Journal Article; Randomized Controlled Trial; Research Support, Non-U.S. Gov't",Tactical medicine / TCCC / TECC / APH,HIGH_RELEVANCE,DIRECT_MANUSCRIPT_FIT,FULL_TEXT_REVIEW,P1 — HIGH,Both,Tactical Medicine Readiness / APH-Tatico,POTENTIAL_DIRECT_SUPPORT,NO,NO,YES,Verified — clear,NO,Potential direct support for an active manuscript domain,https://pubmed.ncbi.nlm.nih.gov/36424914/
EV-0653,"The Tactical Athlete: Definitions, Cardiovascular Assessment, and Management, and ""Fit for Duty"" Standards.",2023,10.1016/j.ccl.2022.08.008,36368814,,,Journal Article; Review,Medical / cardiovascular readiness,HIGH_RELEVANCE,DIRECT_MANUSCRIPT_FIT,FULL_TEXT_REVIEW,P1 — HIGH,International,Medical and Cardiovascular Readiness / Saude e prontidao medica,POTENTIAL_DIRECT_SUPPORT,NO,NO,YES,Verified — clear,NO,Potential direct support for an active manuscript domain,https://pubmed.ncbi.nlm.nih.gov/36368814/
EV-0655,Body composition of extreme performers in the US Marine Corps.,2024,10.1136/military-2022-002189,36323456,,,Journal Article,Physical / academy readiness,HIGH_RELEVANCE,DIRECT_MANUSCRIPT_FIT,FULL_TEXT_REVIEW,P1 — HIGH,International,Physical and Academy Readiness / Aptidao e academia,POTENTIAL_DIRECT_SUPPORT,NO,NO,YES,Verified — clear,NO,Potential direct support for an active manuscript domain,https://pubmed.ncbi.nlm.nih.gov/36323456/
EV-0658,"Aerobic fitness predicted by demographics, anthropometrics, health behaviour, physical activity and muscle fitness in male and female recruits entering military service.",2024,10.1136/military-2022-002267,36270735,,,Journal Article,Physical / academy readiness,HIGH_RELEVANCE,DIRECT_MANUSCRIPT_FIT,FULL_TEXT_REVIEW,P1 — HIGH,International,Physical and Academy Readiness / Aptidao e academia,POTENTIAL_DIRECT_SUPPORT,NO,NO,YES,Verified — clear,NO,Potential direct support for an active manuscript domain,https://pubmed.ncbi.nlm.nih.gov/36270735/
EV-0663,Nutrition Program Fidelity Assessment tool: a framework for optimising implementation in military dining facilities.,2023,10.1017/s1368980022001896,36226363,,,"Journal Article; Research Support, Non-U.S. Gov't",Nutrition / shift work,HIGH_RELEVANCE,DIRECT_MANUSCRIPT_FIT,FULL_TEXT_REVIEW,P1 — HIGH,International,Nutrition and Schedule Load / Nutricao e jornadas,POTENTIAL_DIRECT_SUPPORT,NO,NO,YES,Verified — clear,NO,Potential direct support for an active manuscript domain,https://pubmed.ncbi.nlm.nih.gov/36226363/
EV-0665,Musculoskeletal injury in military specialists: a 2-year retrospective study.,2024,10.1136/military-2022-002165,36175032,,,Journal Article,Musculoskeletal injury,HIGH_RELEVANCE,DIRECT_MANUSCRIPT_FIT,FULL_TEXT_REVIEW,P1 — HIGH,International,Operational Implications / Discussion,POTENTIAL_DIRECT_SUPPORT,NO,NO,YES,Verified — clear,NO,Potential direct support for an active manuscript domain,https://pubmed.ncbi.nlm.nih.gov/36175032/
EV-0667,"The reliability, validity and usefulness of the 30-15 intermittent fitness test for cardiorespiratory fitness assessment in military personnel.",2022,10.1038/s41598-022-20315-3,36167789,,,"Journal Article; Randomized Controlled Trial; Research Support, Non-U.S. Gov't",Physical / academy readiness,HIGH_RELEVANCE,DIRECT_MANUSCRIPT_FIT,REPLACE_EXISTING_CANDIDATE,P1 — HIGH,Both,Physical and Academy Readiness / Aptidao e academia,POTENTIAL_DIRECT_SUPPORT,NO,YES,YES,Verified — clear,YES — REVIEW REQUIRED,Potentially stronger evidence than current domain support,https://pubmed.ncbi.nlm.nih.gov/36167789/
EV-0670,A pragmatic strength and conditioning intervention for firefighters: Feasibility of the Tactical Athlete Resilience Program (TARP).,2023,10.1002/hpja.656,36054639,,,Journal Article,Physical / academy readiness,HIGH_RELEVANCE,DIRECT_MANUSCRIPT_FIT,FULL_TEXT_REVIEW,P1 — HIGH,International,Physical and Academy Readiness / Aptidao e academia,POTENTIAL_DIRECT_SUPPORT,NO,NO,YES,Verified — clear,NO,Potential direct support for an active manuscript domain,https://pubmed.ncbi.nlm.nih.gov/36054639/
EV-0681,International society of sports nutrition position stand: tactical athlete nutrition.,2022,10.1080/15502783.2022.2086017,35813846,,,Journal Article,Nutrition / shift work,HIGH_RELEVANCE,DIRECT_MANUSCRIPT_FIT,FULL_TEXT_REVIEW,P1 — HIGH,International,Nutrition and Schedule Load / Nutricao e jornadas,POTENTIAL_DIRECT_SUPPORT,NO,NO,YES,Verified — clear,NO,Potential direct support for an active manuscript domain,https://pubmed.ncbi.nlm.nih.gov/35813846/
EV-0682,"Body Composition, Eicosapentaenoic Acid, and Vitamin D are Associated with Army Combat Fitness Test Performance.",2022,10.1080/15502783.2022.2094717,35813844,,,Journal Article,Physical / academy readiness,HIGH_RELEVANCE,DIRECT_MANUSCRIPT_FIT,FULL_TEXT_REVIEW,P1 — HIGH,International,Physical and Academy Readiness / Aptidao e academia,POTENTIAL_DIRECT_SUPPORT,NO,NO,YES,Verified — clear,NO,Potential direct support for an active manuscript domain,https://pubmed.ncbi.nlm.nih.gov/35813844/
EV-0684,Experiences of Athletic Trainers in Tactical Athlete Settings When Managing Patients With Mental Health Conditions.,2023,10.4085/1062-6050-0148.22,35724359,,,Journal Article,Mental health / stress,HIGH_RELEVANCE,DIRECT_MANUSCRIPT_FIT,FULL_TEXT_REVIEW,P1 — HIGH,International,Organizational Health Context / Discussao,POTENTIAL_DIRECT_SUPPORT,NO,NO,YES,Verified — clear,NO,Potential direct support for an active manuscript domain,https://pubmed.ncbi.nlm.nih.gov/35724359/
EV-0685,"No pain, no gain: The military overtraining hypothesis of musculoskeletal stress and injury.",2023,10.1080/09593985.2022.2082346,35695302,,,Journal Article,Musculoskeletal injury,HIGH_RELEVANCE,DIRECT_MANUSCRIPT_FIT,FULL_TEXT_REVIEW,P1 — HIGH,International,Operational Implications / Discussion,POTENTIAL_DIRECT_SUPPORT,NO,NO,YES,Verified — clear,NO,Potential direct support for an active manuscript domain,https://pubmed.ncbi.nlm.nih.gov/35695302/
EV-0692,Simulation-based education improves military trainees' skill performance and self-confidence in tourniquet placement: A randomized controlled trial.,2022,10.1097/ta.0000000000003702,35617462,,,"Journal Article; Randomized Controlled Trial; Research Support, U.S. Gov't, Non-P.H.S.",Tactical medicine / TCCC / TECC / APH,HIGH_RELEVANCE,DIRECT_MANUSCRIPT_FIT,FULL_TEXT_REVIEW,P1 — HIGH,Both,Tactical Medicine Readiness / APH-Tatico,POTENTIAL_DIRECT_SUPPORT,NO,NO,YES,Verified — clear,NO,Potential direct support for an active manuscript domain,https://pubmed.ncbi.nlm.nih.gov/35617462/
EV-0695,Recovery of Cognitive Performance Following Multi-Stressor Military Training.,2024,10.1177/00187208221086686,35549578,,,"Journal Article; Research Support, Non-U.S. Gov't; Research Support, U.S. Gov't, Non-P.H.S.",Cognition / firearm performance,HIGH_RELEVANCE,DIRECT_MANUSCRIPT_FIT,FULL_TEXT_REVIEW,P1 — HIGH,International,Cognition and Firearm-Task Performance / Cognicao e tiro,POTENTIAL_DIRECT_SUPPORT,NO,NO,YES,Verified — clear,NO,Potential direct support for an active manuscript domain,https://pubmed.ncbi.nlm.nih.gov/35549578/
EV-0705,Cognitive Resilience to Psychological Stress in Military Personnel.,2022,10.3389/fpsyg.2022.809003,35369170,,,Journal Article; Review,Cognition / firearm performance,HIGH_RELEVANCE,DIRECT_MANUSCRIPT_FIT,FULL_TEXT_REVIEW,P1 — HIGH,International,Cognition and Firearm-Task Performance / Cognicao e tiro,POTENTIAL_DIRECT_SUPPORT,NO,NO,YES,Verified — clear,NO,Potential direct support for an active manuscript domain,https://pubmed.ncbi.nlm.nih.gov/35369170/
EV-0716,Effect of Exercise Training Programs on Physical Fitness Domains in Military Personnel: A Systematic Review and Meta-Analysis.,2022,10.1093/milmed/usac040,35247052,,,Journal Article; Meta-Analysis; Systematic Review,Physical / academy readiness,HIGH_RELEVANCE,DIRECT_MANUSCRIPT_FIT,REPLACE_EXISTING_CANDIDATE,P1 — HIGH,Both,Physical and Academy Readiness / Aptidao e academia,POTENTIAL_DIRECT_SUPPORT,NO,YES,YES,Verified — clear,YES — REVIEW REQUIRED,Potentially stronger evidence than current domain support,https://pubmed.ncbi.nlm.nih.gov/35247052/
EV-0721,"Sex, military occupation and rank are associated with risk of anterior cruciate ligament injury in tactical-athletes.",2023,10.1136/bmjmilitary-2021-002059,35165197,,,Journal Article,Musculoskeletal injury,HIGH_RELEVANCE,DIRECT_MANUSCRIPT_FIT,FULL_TEXT_REVIEW,P1 — HIGH,International,Operational Implications / Discussion,POTENTIAL_DIRECT_SUPPORT,NO,NO,YES,Verified — clear,NO,Potential direct support for an active manuscript domain,https://pubmed.ncbi.nlm.nih.gov/35165197/
EV-0725,Pilot outcomes of cognitive processing therapy implementation in military health system outpatient behavioral health clinics.,2023,10.1037/ser0000611,35099229,,,Journal Article,Cognition / firearm performance,HIGH_RELEVANCE,DIRECT_MANUSCRIPT_FIT,FULL_TEXT_REVIEW,P1 — HIGH,International,Cognition and Firearm-Task Performance / Cognicao e tiro,POTENTIAL_DIRECT_SUPPORT,NO,NO,YES,Verified — clear,NO,Potential direct support for an active manuscript domain,https://pubmed.ncbi.nlm.nih.gov/35099229/
EV-0726,"Active Duty Service Members, Primary Managers, and Administrators' Perspectives on a Novel Sleep Telehealth Management Platform in the U.S. Military Healthcare System.",2022,10.1093/milmed/usac006,35089344,,,"Journal Article; Research Support, U.S. Gov't, Non-P.H.S.",Sleep / fatigue / recovery,HIGH_RELEVANCE,DIRECT_MANUSCRIPT_FIT,FULL_TEXT_REVIEW,P1 — HIGH,International,Integrated Operational Readiness / Discussion,POTENTIAL_DIRECT_SUPPORT,NO,NO,YES,Verified — clear,NO,Potential direct support for an active manuscript domain,https://pubmed.ncbi.nlm.nih.gov/35089344/
EV-0728,"Moderate and Severe Acute Normobaric Hypoxia and the 3-Repetition Deadlift, Hand-Release Push-Up, and Leg Tuck Events From the Army Combat Fitness Test.",2023,10.1093/milmed/usab399,35072728,,,Journal Article,Physical / academy readiness,HIGH_RELEVANCE,DIRECT_MANUSCRIPT_FIT,FULL_TEXT_REVIEW,P1 — HIGH,International,Physical and Academy Readiness / Aptidao e academia,POTENTIAL_DIRECT_SUPPORT,NO,NO,YES,Verified — clear,NO,Potential direct support for an active manuscript domain,https://pubmed.ncbi.nlm.nih.gov/35072728/
EV-0729,Evaluation of Two Training Programs Designed to Enhance Performance on the Army Combat Fitness Test Among ROTC Cadets.,2022,10.1093/milmed/usac015,35064262,,,"Journal Article; Research Support, Non-U.S. Gov't; Research Support, U.S. Gov't, Non-P.H.S.",Physical / academy readiness,HIGH_RELEVANCE,DIRECT_MANUSCRIPT_FIT,FULL_TEXT_REVIEW,P1 — HIGH,International,Physical and Academy Readiness / Aptidao e academia,POTENTIAL_DIRECT_SUPPORT,NO,NO,YES,Verified — clear,NO,Potential direct support for an active manuscript domain,https://pubmed.ncbi.nlm.nih.gov/35064262/
EV-0734,Influence of Soldiers' Cardiorespiratory Fitness on Physiological Responses and Dropouts During a Loaded Long-distance March.,2023,10.1093/milmed/usab540,35015894,,,Journal Article,Physical / academy readiness,HIGH_RELEVANCE,DIRECT_MANUSCRIPT_FIT,FULL_TEXT_REVIEW,P1 — HIGH,International,Physical and Academy Readiness / Aptidao e academia,POTENTIAL_DIRECT_SUPPORT,NO,NO,YES,Verified — clear,NO,Potential direct support for an active manuscript domain,https://pubmed.ncbi.nlm.nih.gov/35015894/
EV-0747,Prescribed footwear and orthoses are not prophylactic in preventing lower extremity injuries in military tactical athletes: a systematic review with meta-analysis.,2024,10.1136/bmjmilitary-2021-001955,34785586,,,Journal Article; Meta-Analysis; Systematic Review,Musculoskeletal injury,HIGH_RELEVANCE,DIRECT_MANUSCRIPT_FIT,FULL_TEXT_REVIEW,P1 — HIGH,Both,Operational Implications / Discussion,POTENTIAL_DIRECT_SUPPORT,NO,NO,YES,Verified — clear,NO,Potential direct support for an active manuscript domain,https://pubmed.ncbi.nlm.nih.gov/34785586/
EV-0749,"Evaluating the Tactical Combat Casualty Care principles in civilian and military settings: systematic review, knowledge gap analysis and recommendations for future research.",2021,10.1136/tsaco-2021-000773,34746434,,,Journal Article; Systematic Review,Tactical medicine / TCCC / TECC / APH,HIGH_RELEVANCE,DIRECT_MANUSCRIPT_FIT,FULL_TEXT_REVIEW,P1 — HIGH,Both,Tactical Medicine Readiness / APH-Tatico,POTENTIAL_DIRECT_SUPPORT,NO,NO,YES,Verified — clear,NO,Potential direct support for an active manuscript domain,https://pubmed.ncbi.nlm.nih.gov/34746434/
EV-0756,Fractures and Chronic Recurrence are Commonly Associated with Ankle Sprains: a 5-year Population-level Cohort of Patients Seen in the U.S. Military Health System.,2021,10.26603/001c.27912,34631252,,,Journal Article,Musculoskeletal injury,HIGH_RELEVANCE,DIRECT_MANUSCRIPT_FIT,FULL_TEXT_REVIEW,P1 — HIGH,International,Operational Implications / Discussion,POTENTIAL_DIRECT_SUPPORT,NO,NO,YES,Verified — clear,NO,Potential direct support for an active manuscript domain,https://pubmed.ncbi.nlm.nih.gov/34631252/
EV-0757,A review of workplace mental health interventions and their implementation in public safety organizations.,2022,10.1007/s00420-021-01772-1,34628523,,,Journal Article; Review,Mental health / stress,HIGH_RELEVANCE,DIRECT_MANUSCRIPT_FIT,FULL_TEXT_REVIEW,P1 — HIGH,International,Organizational Health Context / Discussao,POTENTIAL_DIRECT_SUPPORT,NO,NO,YES,Verified — clear,NO,Potential direct support for an active manuscript domain,https://pubmed.ncbi.nlm.nih.gov/34628523/
EV-0759,Military Body Composition Standards and Physical Performance: Historical Perspectives and Future Directions.,2022,10.1519/jsc.0000000000004142,34593729,,,Journal Article; Review,Physical / academy readiness,HIGH_RELEVANCE,DIRECT_MANUSCRIPT_FIT,FULL_TEXT_REVIEW,P1 — HIGH,International,Physical and Academy Readiness / Aptidao e academia,POTENTIAL_DIRECT_SUPPORT,NO,NO,YES,Verified — clear,NO,Potential direct support for an active manuscript domain,https://pubmed.ncbi.nlm.nih.gov/34593729/
EV-0760,Energy-Adjusted Dietary Intakes Are Associated with Perceived Barriers to Healthy Eating but Not Food Insecurity or Sports Nutrition Knowledge in a Pilot Study of ROTC Cadets.,2021,10.3390/nu13093053,34578931,,,Journal Article,Nutrition / shift work,HIGH_RELEVANCE,DIRECT_MANUSCRIPT_FIT,FULL_TEXT_REVIEW,P1 — HIGH,International,Nutrition and Schedule Load / Nutricao e jornadas,POTENTIAL_DIRECT_SUPPORT,NO,NO,YES,Verified — clear,NO,Potential direct support for an active manuscript domain,https://pubmed.ncbi.nlm.nih.gov/34578931/
EV-0768,Can training trunk musculature influence musculoskeletal pain and physical performance in military police officers?,2022,10.1080/00140139.2021.1973576,34445935,,,Journal Article,Physical / academy readiness,HIGH_RELEVANCE,DIRECT_MANUSCRIPT_FIT,FULL_TEXT_REVIEW,P1 — HIGH,International,Physical and Academy Readiness / Aptidao e academia,POTENTIAL_DIRECT_SUPPORT,NO,NO,YES,Verified — clear,NO,Potential direct support for an active manuscript domain,https://pubmed.ncbi.nlm.nih.gov/34445935/
EV-0771,A Threat to Military Combat Power: Dietary Supplements.,2021,10.1016/j.amjmed.2021.07.026,34411520,,,Journal Article,Nutrition / shift work,HIGH_RELEVANCE,DIRECT_MANUSCRIPT_FIT,FULL_TEXT_REVIEW,P1 — HIGH,International,Nutrition and Schedule Load / Nutricao e jornadas,POTENTIAL_DIRECT_SUPPORT,NO,NO,YES,Verified — clear,NO,Potential direct support for an active manuscript domain,https://pubmed.ncbi.nlm.nih.gov/34411520/
EV-0776,Is tactical combat casualty care in terrorist attacks suitable for civilian first responders?,2021,10.1097/ta.0000000000003337,34238863,,,Journal Article; Systematic Review,Tactical medicine / TCCC / TECC / APH,HIGH_RELEVANCE,DIRECT_MANUSCRIPT_FIT,FULL_TEXT_REVIEW,P1 — HIGH,Both,Tactical Medicine Readiness / APH-Tatico,POTENTIAL_DIRECT_SUPPORT,NO,NO,YES,Verified — clear,NO,Potential direct support for an active manuscript domain,https://pubmed.ncbi.nlm.nih.gov/34238863/
EV-0780,Workplace mental health implementation strategies in public safety organizations: a scoping review protocol.,2022,10.11124/jbies-20-00448,34137740,,,"Journal Article; Research Support, Non-U.S. Gov't",Mental health / stress,HIGH_RELEVANCE,DIRECT_MANUSCRIPT_FIT,FULL_TEXT_REVIEW,P1 — HIGH,International,Organizational Health Context / Discussao,POTENTIAL_DIRECT_SUPPORT,NO,NO,YES,Verified — clear,NO,Potential direct support for an active manuscript domain,https://pubmed.ncbi.nlm.nih.gov/34137740/
EV-0782,Dietary Intakes From Ad Libitum Consumption of Canadian Armed Forces Field Rations Compared With Usual Home Dietary Intakes and Military Dietary Reference Intakes.,2023,10.1093/milmed/usab222,34117489,,,"Journal Article; Research Support, Non-U.S. Gov't",Nutrition / shift work,HIGH_RELEVANCE,DIRECT_MANUSCRIPT_FIT,FULL_TEXT_REVIEW,P1 — HIGH,International,Nutrition and Schedule Load / Nutricao e jornadas,POTENTIAL_DIRECT_SUPPORT,NO,NO,YES,Verified — clear,NO,Potential direct support for an active manuscript domain,https://pubmed.ncbi.nlm.nih.gov/34117489/
EV-0786,Timing of Stress Fractures in Soldiers During the First 6 Career Months: A Retrospective Cohort Study.,2021,10.4085/1062-6050-0380.19,33975344,,,Journal Article,Musculoskeletal injury,HIGH_RELEVANCE,DIRECT_MANUSCRIPT_FIT,FULL_TEXT_REVIEW,P1 — HIGH,International,Operational Implications / Discussion,POTENTIAL_DIRECT_SUPPORT,NO,NO,YES,Verified — clear,NO,Potential direct support for an active manuscript domain,https://pubmed.ncbi.nlm.nih.gov/33975344/
EV-0795,Physical fitness in Spanish naval cadets. A four-year study.,2021,10.5603/imh.2021.0002,33829468,,,Journal Article,Physical / academy readiness,HIGH_RELEVANCE,DIRECT_MANUSCRIPT_FIT,FULL_TEXT_REVIEW,P1 — HIGH,International,Physical and Academy Readiness / Aptidao e academia,POTENTIAL_DIRECT_SUPPORT,NO,NO,YES,Verified — clear,NO,Potential direct support for an active manuscript domain,https://pubmed.ncbi.nlm.nih.gov/33829468/
EV-0799,Effects of foam rolling for delayed onset muscle soreness on loaded military task performance and perceived recovery.,2021,10.1016/j.jesf.2021.02.002,33786041,,,Journal Article,Sleep / fatigue / recovery,HIGH_RELEVANCE,DIRECT_MANUSCRIPT_FIT,FULL_TEXT_REVIEW,P1 — HIGH,International,Integrated Operational Readiness / Discussion,POTENTIAL_DIRECT_SUPPORT,NO,NO,YES,Verified — clear,NO,Potential direct support for an active manuscript domain,https://pubmed.ncbi.nlm.nih.gov/33786041/
EV-0800,Brief behavioral treatment for insomnia: Treatment schedule and training feasibility in the military.,2022,10.1037/ser0000528,33779201,,,Journal Article,Sleep / fatigue / recovery,HIGH_RELEVANCE,DIRECT_MANUSCRIPT_FIT,FULL_TEXT_REVIEW,P1 — HIGH,International,Integrated Operational Readiness / Discussion,POTENTIAL_DIRECT_SUPPORT,NO,NO,YES,Verified — clear,NO,Potential direct support for an active manuscript domain,https://pubmed.ncbi.nlm.nih.gov/33779201/
EV-0804,Sex and occupation are salient factors associated with lateral ankle sprain risk in military tactical athletes.,2021,10.1016/j.jsams.2021.02.016,33707156,,,Journal Article,Musculoskeletal injury,HIGH_RELEVANCE,DIRECT_MANUSCRIPT_FIT,FULL_TEXT_REVIEW,P1 — HIGH,International,Operational Implications / Discussion,POTENTIAL_DIRECT_SUPPORT,NO,NO,YES,Verified — clear,NO,Potential direct support for an active manuscript domain,https://pubmed.ncbi.nlm.nih.gov/33707156/
EV-0809,Relationships between balance and physical fitness variables in firefighter recruits.,2021,10.3233/wor-203401,33612511,,,Journal Article,Physical / academy readiness,HIGH_RELEVANCE,DIRECT_MANUSCRIPT_FIT,FULL_TEXT_REVIEW,P1 — HIGH,International,Physical and Academy Readiness / Aptidao e academia,POTENTIAL_DIRECT_SUPPORT,NO,NO,YES,Verified — clear,NO,Potential direct support for an active manuscript domain,https://pubmed.ncbi.nlm.nih.gov/33612511/
EV-0823,Influence of Body Composition on Post-Exercise Parasympathetic Reactivation of Firefighter Recruits.,2021,10.3390/ijerph18010339,33466351,,,Journal Article,Physical / academy readiness,HIGH_RELEVANCE,DIRECT_MANUSCRIPT_FIT,FULL_TEXT_REVIEW,P1 — HIGH,International,Physical and Academy Readiness / Aptidao e academia,POTENTIAL_DIRECT_SUPPORT,NO,NO,YES,Verified — clear,NO,Potential direct support for an active manuscript domain,https://pubmed.ncbi.nlm.nih.gov/33466351/
EV-0832,Resolving the Burden of Low Back Pain in Military Service Members and Veterans (RESOLVE): Protocol for a Multisite Pragmatic Clinical Trial.,2020,10.1093/pm/pnaa367,33313735,,,"Journal Article; Research Support, N.I.H., Extramural; Research Support, U.S. Gov't, Non-P.H.S.",Musculoskeletal injury,HIGH_RELEVANCE,DIRECT_MANUSCRIPT_FIT,FULL_TEXT_REVIEW,P1 — HIGH,International,Operational Implications / Discussion,POTENTIAL_DIRECT_SUPPORT,NO,NO,YES,Pending,NO,Potential direct support for an active manuscript domain,https://pubmed.ncbi.nlm.nih.gov/33313735/
EV-0837,Attaining 95-95-95 through Implementation Science: 15 Years of Insights and Best Practices from the Walter Reed Army Institute of Research's Implementation of the U.S. President's Emergency Plan for AIDS Relief.,2021,10.4269/ajtmh.20-0541,33241783,,,"Journal Article; Research Support, U.S. Gov't, Non-P.H.S.",Implementation science,HIGH_RELEVANCE,GAP_CLOSURE_CANDIDATE,FULL_TEXT_REVIEW,P0 — CRITICAL,International,Implementation Considerations / Implementacao,POTENTIAL_GAP_CLOSURE,NO,NO,YES,Verified — clear,NO,Potential structural-gap closure,https://pubmed.ncbi.nlm.nih.gov/33241783/
EV-0846,A basal heat stress test to detect military operational readiness after a 14-day operational heat acclimatization period.,2020,10.1080/23328940.2020.1742572,33123621,,,Journal Article,Hydration / heat / thermoregulation,HIGH_RELEVANCE,GAP_CLOSURE_CANDIDATE,FULL_TEXT_REVIEW,P0 — CRITICAL,International,Medical and Cardiovascular Readiness / Discussion,POTENTIAL_GAP_CLOSURE,NO,NO,YES,Verified — clear,NO,Potential structural-gap closure,https://pubmed.ncbi.nlm.nih.gov/33123621/
EV-0857,Differences in Body Composition across Police Occupations and Moderation Effects of Leisure Time Physical Activity.,2020,10.3390/ijerph17186825,32962049,,,Journal Article,Physical / academy readiness,HIGH_RELEVANCE,DIRECT_MANUSCRIPT_FIT,FULL_TEXT_REVIEW,P1 — HIGH,International,Physical and Academy Readiness / Aptidao e academia,POTENTIAL_DIRECT_SUPPORT,NO,NO,YES,Verified — clear,NO,Potential direct support for an active manuscript domain,https://pubmed.ncbi.nlm.nih.gov/32962049/
EV-0874,Evaluating Nutrient Intake of Career Firefighters Compared to Military Dietary Reference Intakes.,2020,10.3390/nu12061876,32585995,,,Journal Article,Nutrition / shift work,HIGH_RELEVANCE,DIRECT_MANUSCRIPT_FIT,FULL_TEXT_REVIEW,P1 — HIGH,International,Nutrition and Schedule Load / Nutricao e jornadas,POTENTIAL_DIRECT_SUPPORT,NO,NO,YES,Verified — clear,NO,Potential direct support for an active manuscript domain,https://pubmed.ncbi.nlm.nih.gov/32585995/
EV-0878,Concussion-Recovery Trajectories Among Tactical Athletes: Results From the CARE Consortium.,2020,10.4085/1062-6050-10-19,32556201,,,Journal Article,Sleep / fatigue / recovery,HIGH_RELEVANCE,DIRECT_MANUSCRIPT_FIT,FULL_TEXT_REVIEW,P1 — HIGH,International,Integrated Operational Readiness / Discussion,POTENTIAL_DIRECT_SUPPORT,NO,NO,YES,Verified — clear,NO,Potential direct support for an active manuscript domain,https://pubmed.ncbi.nlm.nih.gov/32556201/
EV-0886,Implementation and Evaluation of Tactical Combat Casualty Care for Army Aviators.,2020,10.1093/milmed/usz491,32314785,,,Journal Article,Tactical medicine / TCCC / TECC / APH,HIGH_RELEVANCE,DIRECT_MANUSCRIPT_FIT,FULL_TEXT_REVIEW,P1 — HIGH,International,Tactical Medicine Readiness / APH-Tatico,POTENTIAL_DIRECT_SUPPORT,NO,NO,YES,Verified — clear,NO,Potential direct support for an active manuscript domain,https://pubmed.ncbi.nlm.nih.gov/32314785/
EV-0893,Influence of a Multitask Paradigm on Motor and Cognitive Performance of Military and Law Enforcement Personnel: A Systematic Review.,2020,10.55460/ii7l-nfhc,32203610,,,Journal Article; Systematic Review,Cognition / firearm performance,HIGH_RELEVANCE,DIRECT_MANUSCRIPT_FIT,REPLACE_EXISTING_CANDIDATE,P1 — HIGH,Both,Cognition and Firearm-Task Performance / Cognicao e tiro,POTENTIAL_DIRECT_SUPPORT,NO,YES,YES,Verified — clear,YES — REVIEW REQUIRED,Potentially stronger evidence than current domain support,https://pubmed.ncbi.nlm.nih.gov/32203610/
EV-0899,RETURNING A SPECIAL OPERATIONS CANDIDATE TO DUTY FOLLOWING AN AIRBORNE OPERATION INJURY: A CASE REPORT.,2020,,32089966,,,Journal Article,Musculoskeletal injury,HIGH_RELEVANCE,DIRECT_MANUSCRIPT_FIT,FULL_TEXT_REVIEW,P1 — HIGH,International,Operational Implications / Discussion,POTENTIAL_DIRECT_SUPPORT,NO,NO,YES,Verified — clear,NO,Potential direct support for an active manuscript domain,https://pubmed.ncbi.nlm.nih.gov/32089966/
EV-0900,Identifying Risk and Resilience Factors Associated With the Likelihood of Seeking Mental Health Care Among U.S. Army Soldiers-in-Training.,2020,10.1093/milmed/usz483,32077952,,,Journal Article,Mental health / stress,HIGH_RELEVANCE,DIRECT_MANUSCRIPT_FIT,FULL_TEXT_REVIEW,P1 — HIGH,International,Organizational Health Context / Discussao,POTENTIAL_DIRECT_SUPPORT,NO,NO,YES,Verified — clear,NO,Potential direct support for an active manuscript domain,https://pubmed.ncbi.nlm.nih.gov/32077952/
EV-0904,"Tactical Combat Casualty Care Training, Knowledge, and Utilization in the US Army.",2020,10.1093/milmed/usz303,32074304,,,Journal Article,Tactical medicine / TCCC / TECC / APH,HIGH_RELEVANCE,DIRECT_MANUSCRIPT_FIT,FULL_TEXT_REVIEW,P1 — HIGH,International,Tactical Medicine Readiness / APH-Tatico,POTENTIAL_DIRECT_SUPPORT,NO,NO,YES,Verified — clear,NO,Potential direct support for an active manuscript domain,https://pubmed.ncbi.nlm.nih.gov/32074304/
EV-0906,Mental Health Service Use in Depressed Military Personnel: A Systematic Review.,2020,10.1093/milmed/usaa015,32073617,,,"Journal Article; Research Support, Non-U.S. Gov't; Systematic Review",Mental health / stress,HIGH_RELEVANCE,DIRECT_MANUSCRIPT_FIT,FULL_TEXT_REVIEW,P1 — HIGH,Both,Organizational Health Context / Discussao,POTENTIAL_DIRECT_SUPPORT,NO,NO,YES,Verified — clear,NO,Potential direct support for an active manuscript domain,https://pubmed.ncbi.nlm.nih.gov/32073617/
EV-0919,A Cross-Sectional Examination of the Association Between Social Media Use and Sleep Among a Sample of U.S. Army Soldiers.,2020,10.1093/milmed/usz423,31822912,,,"Journal Article; Research Support, U.S. Gov't, Non-P.H.S.",Sleep / fatigue / recovery,HIGH_RELEVANCE,DIRECT_MANUSCRIPT_FIT,FULL_TEXT_REVIEW,P1 — HIGH,International,Integrated Operational Readiness / Discussion,POTENTIAL_DIRECT_SUPPORT,NO,NO,YES,Verified — clear,NO,Potential direct support for an active manuscript domain,https://pubmed.ncbi.nlm.nih.gov/31822912/
EV-0930,Hormonal balance and nutritional intake in elite tactical athletes.,2019,10.1016/j.steroids.2019.108504,31586604,,,"Journal Article; Research Support, U.S. Gov't, Non-P.H.S.",Nutrition / shift work,HIGH_RELEVANCE,DIRECT_MANUSCRIPT_FIT,FULL_TEXT_REVIEW,P1 — HIGH,International,Nutrition and Schedule Load / Nutricao e jornadas,POTENTIAL_DIRECT_SUPPORT,NO,NO,YES,Verified — clear,NO,Potential direct support for an active manuscript domain,https://pubmed.ncbi.nlm.nih.gov/31586604/
EV-0936,The relationship between vitamin D status and depression in a tactical athlete population.,2019,10.1186/s12970-019-0308-5,31500652,,,Journal Article,Mental health / stress,HIGH_RELEVANCE,DIRECT_MANUSCRIPT_FIT,FULL_TEXT_REVIEW,P1 — HIGH,International,Organizational Health Context / Discussao,POTENTIAL_DIRECT_SUPPORT,NO,NO,YES,Verified — clear,NO,Potential direct support for an active manuscript domain,https://pubmed.ncbi.nlm.nih.gov/31500652/
EV-0939,"Implementation interventions for musculoskeletal programs of care in the active military and barriers, facilitators, and outcomes of implementation: a scoping review.",2019,10.1186/s13012-019-0931-1,31419992,,,"Journal Article; Research Support, Non-U.S. Gov't; Scoping Review",Musculoskeletal injury,HIGH_RELEVANCE,DIRECT_MANUSCRIPT_FIT,FULL_TEXT_REVIEW,P1 — HIGH,International,Operational Implications / Discussion,POTENTIAL_DIRECT_SUPPORT,NO,NO,YES,Verified — clear,NO,Potential direct support for an active manuscript domain,https://pubmed.ncbi.nlm.nih.gov/31419992/
EV-0944,Multiligamentous Knee Injuries in the Military Tactical Athlete.,2019,10.1097/jsa.0000000000000253,31361717,,,Journal Article; Review,Musculoskeletal injury,HIGH_RELEVANCE,DIRECT_MANUSCRIPT_FIT,FULL_TEXT_REVIEW,P1 — HIGH,International,Operational Implications / Discussion,POTENTIAL_DIRECT_SUPPORT,NO,NO,YES,Verified — clear,NO,Potential direct support for an active manuscript domain,https://pubmed.ncbi.nlm.nih.gov/31361717/
EV-0951,Sleep health and its association with performance and motivation in tactical athletes enrolled in the Reserve Officers' Training Corps.,2019,10.1016/j.sleh.2019.01.004,31208712,,,"Journal Article; Observational Study; Research Support, Non-U.S. Gov't",Sleep / fatigue / recovery,HIGH_RELEVANCE,DIRECT_MANUSCRIPT_FIT,FULL_TEXT_REVIEW,P1 — HIGH,International,Integrated Operational Readiness / Discussion,POTENTIAL_DIRECT_SUPPORT,NO,NO,YES,Verified — clear,NO,Potential direct support for an active manuscript domain,https://pubmed.ncbi.nlm.nih.gov/31208712/
EV-0954,Improvised Inguinal Junctional Tourniquets: Recommendations From the Special Operations Combat Medical Skills Sustainment Course.,2019,10.55460/4qm4-j8mg,31201768,,,Journal Article,Tactical medicine / TCCC / TECC / APH,HIGH_RELEVANCE,DIRECT_MANUSCRIPT_FIT,FULL_TEXT_REVIEW,P1 — HIGH,International,Tactical Medicine Readiness / APH-Tatico,POTENTIAL_DIRECT_SUPPORT,NO,NO,YES,Verified — clear,NO,Potential direct support for an active manuscript domain,https://pubmed.ncbi.nlm.nih.gov/31201768/
EV-0959,Effects of sleep extension on cognitive/motor performance and motivation in military tactical athletes.,2019,10.1016/j.sleep.2019.03.013,31096123,,,"Journal Article; Randomized Controlled Trial; Research Support, Non-U.S. Gov't",Cognition / firearm performance,HIGH_RELEVANCE,DIRECT_MANUSCRIPT_FIT,REPLACE_EXISTING_CANDIDATE,P1 — HIGH,Both,Cognition and Firearm-Task Performance / Cognicao e tiro,POTENTIAL_DIRECT_SUPPORT,NO,YES,YES,Verified — clear,YES — REVIEW REQUIRED,Potentially stronger evidence than current domain support,https://pubmed.ncbi.nlm.nih.gov/31096123/
EV-0960,"Examining a novel firefighter exercise training program on simulated fire ground test performance, cardiorespiratory endurance, and strength: a pilot investigation.",2019,10.1186/s12995-019-0232-2,31049072,,,Journal Article,Physical / academy readiness,HIGH_RELEVANCE,DIRECT_MANUSCRIPT_FIT,FULL_TEXT_REVIEW,P1 — HIGH,International,Physical and Academy Readiness / Aptidao e academia,POTENTIAL_DIRECT_SUPPORT,NO,NO,YES,Verified — clear,NO,Potential direct support for an active manuscript domain,https://pubmed.ncbi.nlm.nih.gov/31049072/
EV-0971,External Soft-Tissue Hemostatic Clamp Compared to a Compression Tourniquet as Primary Hemorrhage Control Device in Pilot Flow Model Study.,2019,10.1017/s1049023x19000037,30915938,,,Journal Article; Randomized Controlled Trial,Tactical medicine / TCCC / TECC / APH,MODERATE_RELEVANCE,GAP_CLOSURE_CANDIDATE,FULL_TEXT_REVIEW,P0 — CRITICAL,International,Tactical Medicine Readiness / APH-Tatico,POTENTIAL_GAP_CLOSURE,NO,NO,YES,Verified — clear,NO,Potential structural-gap closure,https://pubmed.ncbi.nlm.nih.gov/30915938/
EV-0980,Extended Ketogenic Diet and Physical Training Intervention in Military Personnel.,2019,10.1093/milmed/usz046,30877806,,,"Journal Article; Research Support, Non-U.S. Gov't",Nutrition / shift work,HIGH_RELEVANCE,DIRECT_MANUSCRIPT_FIT,FULL_TEXT_REVIEW,P1 — HIGH,International,Nutrition and Schedule Load / Nutricao e jornadas,POTENTIAL_DIRECT_SUPPORT,NO,NO,YES,Verified — clear,NO,Potential direct support for an active manuscript domain,https://pubmed.ncbi.nlm.nih.gov/30877806/
EV-0983,"Effects of 6-Month Military Deployment on Physical Fitness, Body Composition, and Selected Health-Related Biomarkers.",2021,10.1519/jsc.0000000000002885,30829983,,,Journal Article,Physical / academy readiness,HIGH_RELEVANCE,DIRECT_MANUSCRIPT_FIT,FULL_TEXT_REVIEW,P1 — HIGH,International,Physical and Academy Readiness / Aptidao e academia,POTENTIAL_DIRECT_SUPPORT,NO,NO,YES,Verified — clear,NO,Potential direct support for an active manuscript domain,https://pubmed.ncbi.nlm.nih.gov/30829983/
EV-0987,Relationship of Strength and Conditioning Metrics to Success on the Army Ranger Physical Assessment Test.,2019,10.1519/jsc.0000000000003044,30789582,,,Comparative Study; Journal Article,Physical / academy readiness,HIGH_RELEVANCE,DIRECT_MANUSCRIPT_FIT,FULL_TEXT_REVIEW,P1 — HIGH,International,Physical and Academy Readiness / Aptidao e academia,POTENTIAL_DIRECT_SUPPORT,NO,NO,YES,Verified — clear,NO,Potential direct support for an active manuscript domain,https://pubmed.ncbi.nlm.nih.gov/30789582/
EV-0991,Risk of post-traumatic knee osteoarthritis after knee injury in military service members.,2019,10.1002/msc.1378,30609244,,,Journal Article,Musculoskeletal injury,HIGH_RELEVANCE,DIRECT_MANUSCRIPT_FIT,FULL_TEXT_REVIEW,P1 — HIGH,International,Operational Implications / Discussion,POTENTIAL_DIRECT_SUPPORT,NO,NO,YES,Verified — clear,NO,Potential direct support for an active manuscript domain,https://pubmed.ncbi.nlm.nih.gov/30609244/
EV-0998,Fight load index and body composition are most associated with combat fitness in female Marines.,2019,10.1016/j.jsams.2018.10.014,30448087,,,Journal Article,Physical / academy readiness,HIGH_RELEVANCE,DIRECT_MANUSCRIPT_FIT,FULL_TEXT_REVIEW,P1 — HIGH,International,Physical and Academy Readiness / Aptidao e academia,POTENTIAL_DIRECT_SUPPORT,NO,NO,YES,Verified — clear,NO,Potential direct support for an active manuscript domain,https://pubmed.ncbi.nlm.nih.gov/30448087/
EV-1009,Effects of Tactical Emergency Casualty Care Training for Law Enforcement Officers.,2018,10.1017/s1049023x18000730,30168405,,,Journal Article,Tactical medicine / TCCC / TECC / APH,HIGH_RELEVANCE,DIRECT_MANUSCRIPT_FIT,FULL_TEXT_REVIEW,P1 — HIGH,International,Tactical Medicine Readiness / APH-Tatico,POTENTIAL_DIRECT_SUPPORT,NO,NO,YES,Verified — clear,NO,Potential direct support for an active manuscript domain,https://pubmed.ncbi.nlm.nih.gov/30168405/
EV-1010,Hydration Strategies for the Female Tactical Athlete.,2018,,30165726,,,Journal Article; Review,Hydration / heat / thermoregulation,HIGH_RELEVANCE,GAP_CLOSURE_CANDIDATE,FULL_TEXT_REVIEW,P0 — CRITICAL,International,Medical and Cardiovascular Readiness / Discussion,POTENTIAL_GAP_CLOSURE,NO,NO,YES,Verified — clear,NO,Potential structural-gap closure,https://pubmed.ncbi.nlm.nih.gov/30165726/
EV-1014,Neuromuscular Performance and Hormonal Profile During Military Training and Subsequent Recovery Period.,2019,10.1093/milmed/usy176,30053107,,,Journal Article,Sleep / fatigue / recovery,HIGH_RELEVANCE,DIRECT_MANUSCRIPT_FIT,FULL_TEXT_REVIEW,P1 — HIGH,International,Integrated Operational Readiness / Discussion,POTENTIAL_DIRECT_SUPPORT,NO,NO,YES,Verified — clear,NO,Potential direct support for an active manuscript domain,https://pubmed.ncbi.nlm.nih.gov/30053107/
EV-1020,Risk for Lower Extremity Injury After Concussion: A Matched Cohort Study in Soldiers.,2018,10.2519/jospt.2018.8053,29739302,,,Journal Article,Musculoskeletal injury,HIGH_RELEVANCE,DIRECT_MANUSCRIPT_FIT,FULL_TEXT_REVIEW,P1 — HIGH,International,Operational Implications / Discussion,POTENTIAL_DIRECT_SUPPORT,NO,NO,YES,Verified — clear,NO,Potential direct support for an active manuscript domain,https://pubmed.ncbi.nlm.nih.gov/29739302/
EV-1026,Self-reported musculoskeletal complaints and injuries and exposure of physical workload in Swedish soldiers serving in Afghanistan.,2018,10.1371/journal.pone.0195548,29621324,,,Journal Article,Musculoskeletal injury,HIGH_RELEVANCE,DIRECT_MANUSCRIPT_FIT,FULL_TEXT_REVIEW,P1 — HIGH,International,Operational Implications / Discussion,POTENTIAL_DIRECT_SUPPORT,NO,NO,YES,Verified — clear,NO,Potential direct support for an active manuscript domain,https://pubmed.ncbi.nlm.nih.gov/29621324/
EV-1036,Changes in Physical Performance During 21 d of Military Field Training in Warfighters.,2018,10.1093/milmed/usx049,29420780,,,"Journal Article; Research Support, Non-U.S. Gov't",Physical / academy readiness,HIGH_RELEVANCE,DIRECT_MANUSCRIPT_FIT,FULL_TEXT_REVIEW,P1 — HIGH,International,Physical and Academy Readiness / Aptidao e academia,POTENTIAL_DIRECT_SUPPORT,NO,NO,YES,Verified — clear,NO,Potential direct support for an active manuscript domain,https://pubmed.ncbi.nlm.nih.gov/29420780/
EV-1048,Effects of technique-focused training in conjunction with physical readiness training on Army physical fitness test performance.,2017,,29214624,,,Journal Article,Physical / academy readiness,HIGH_RELEVANCE,DIRECT_MANUSCRIPT_FIT,FULL_TEXT_REVIEW,P1 — HIGH,International,Physical and Academy Readiness / Aptidao e academia,POTENTIAL_DIRECT_SUPPORT,NO,NO,YES,Verified — clear,NO,Potential direct support for an active manuscript domain,https://pubmed.ncbi.nlm.nih.gov/29214624/
EV-1050,Sex and age differences in physical performance: A comparison of Army basic training and operational populations.,2017,10.1016/j.jsams.2017.10.002,29100826,,,Journal Article,Physical / academy readiness,HIGH_RELEVANCE,DIRECT_MANUSCRIPT_FIT,FULL_TEXT_REVIEW,P1 — HIGH,International,Physical and Academy Readiness / Aptidao e academia,POTENTIAL_DIRECT_SUPPORT,NO,NO,YES,Verified — clear,NO,Potential direct support for an active manuscript domain,https://pubmed.ncbi.nlm.nih.gov/29100826/
EV-1051,Poor anaerobic power/capability and static balance predicted prospective musculoskeletal injuries among Soldiers of the 101st Airborne (Air Assault) Division.,2017,10.1016/j.jsams.2017.10.023,29097231,,,Journal Article,Musculoskeletal injury,HIGH_RELEVANCE,DIRECT_MANUSCRIPT_FIT,FULL_TEXT_REVIEW,P1 — HIGH,International,Operational Implications / Discussion,POTENTIAL_DIRECT_SUPPORT,NO,NO,YES,Verified — clear,NO,Potential direct support for an active manuscript domain,https://pubmed.ncbi.nlm.nih.gov/29097231/
EV-1052,"High-Mobility Multipurpose Wheeled Vehicle Rollover Accidents and Injuries to U.S. Army Soldiers by Reported Occupant Restraint Use, 1992-2013.",2017,10.7205/milmed-d-16-00318,29087925,,,Journal Article,Musculoskeletal injury,HIGH_RELEVANCE,DIRECT_MANUSCRIPT_FIT,FULL_TEXT_REVIEW,P1 — HIGH,International,Operational Implications / Discussion,POTENTIAL_DIRECT_SUPPORT,NO,NO,YES,Verified — clear,NO,Potential direct support for an active manuscript domain,https://pubmed.ncbi.nlm.nih.gov/29087925/
EV-1060,Priorities for implementing nutritional science into practice to optimize military performance.,2017,10.1093/nutrit/nux019,28969346,,,Journal Article,Nutrition / shift work,HIGH_RELEVANCE,DIRECT_MANUSCRIPT_FIT,FULL_TEXT_REVIEW,P1 — HIGH,International,Nutrition and Schedule Load / Nutricao e jornadas,POTENTIAL_DIRECT_SUPPORT,NO,NO,YES,Verified — clear,NO,Potential direct support for an active manuscript domain,https://pubmed.ncbi.nlm.nih.gov/28969346/
EV-1062,Whole dietary patterns to optimize cognitive function for military mission-readiness: a systematic review and recommendations for the field.,2017,10.1093/nutrit/nux009,28969343,,,Journal Article; Systematic Review,Nutrition / shift work,HIGH_RELEVANCE,DIRECT_MANUSCRIPT_FIT,REPLACE_EXISTING_CANDIDATE,P1 — HIGH,Both,Nutrition and Schedule Load / Nutricao e jornadas,POTENTIAL_DIRECT_SUPPORT,NO,YES,YES,Verified — clear,YES — REVIEW REQUIRED,Potentially stronger evidence than current domain support,https://pubmed.ncbi.nlm.nih.gov/28969343/
EV-1063,Omega-3 polyunsaturated fatty acids to optimize cognitive function for military mission-readiness: a systematic review and recommendations for the field.,2017,10.1093/nutrit/nux008,28969342,,,Journal Article; Systematic Review,Cognition / firearm performance,HIGH_RELEVANCE,DIRECT_MANUSCRIPT_FIT,REPLACE_EXISTING_CANDIDATE,P1 — HIGH,Both,Cognition and Firearm-Task Performance / Cognicao e tiro,POTENTIAL_DIRECT_SUPPORT,NO,YES,YES,Verified — clear,YES — REVIEW REQUIRED,Potentially stronger evidence than current domain support,https://pubmed.ncbi.nlm.nih.gov/28969342/
EV-1064,Caffeine to optimize cognitive function for military mission-readiness: a systematic review and recommendations for the field.,2017,10.1093/nutrit/nux007,28969341,,,Journal Article; Systematic Review,Cognition / firearm performance,HIGH_RELEVANCE,DIRECT_MANUSCRIPT_FIT,REPLACE_EXISTING_CANDIDATE,P1 — HIGH,Both,Cognition and Firearm-Task Performance / Cognicao e tiro,POTENTIAL_DIRECT_SUPPORT,NO,YES,YES,Verified — clear,YES — REVIEW REQUIRED,Potentially stronger evidence than current domain support,https://pubmed.ncbi.nlm.nih.gov/28969341/
EV-1065,Phytochemicals to optimize cognitive function for military mission-readiness: a systematic review and recommendations for the field.,2017,10.1093/nutrit/nux005,28969340,,,Journal Article; Systematic Review,Cognition / firearm performance,HIGH_RELEVANCE,DIRECT_MANUSCRIPT_FIT,REPLACE_EXISTING_CANDIDATE,P1 — HIGH,Both,Cognition and Firearm-Task Performance / Cognicao e tiro,POTENTIAL_DIRECT_SUPPORT,NO,YES,YES,Verified — clear,YES — REVIEW REQUIRED,Potentially stronger evidence than current domain support,https://pubmed.ncbi.nlm.nih.gov/28969340/
EV-1066,Body mass index predicts selected physical fitness attributes but is not associated with performance on military relevant tasks in U.S. Army Soldiers.,2017,10.1016/j.jsams.2017.08.021,28919497,,,Journal Article; Observational Study,Physical / academy readiness,HIGH_RELEVANCE,CONTRADICTORY_FIT,CONTRADICTORY_CANDIDATE,P0 — CRITICAL,International,Physical and Academy Readiness / Aptidao e academia,CONTRADICTORY,YES,NO,YES,Verified — clear,YES — REVIEW REQUIRED,"May qualify wording, certainty or heterogeneity",https://pubmed.ncbi.nlm.nih.gov/28919497/
EV-1092,Trends and factors associated with insomnia and sleep apnea in all United States military service members from 2005 to 2014.,2017,10.1111/jsr.12543,28448689,,,Journal Article,Sleep / fatigue / recovery,HIGH_RELEVANCE,DIRECT_MANUSCRIPT_FIT,FULL_TEXT_REVIEW,P1 — HIGH,International,Integrated Operational Readiness / Discussion,POTENTIAL_DIRECT_SUPPORT,NO,NO,YES,Verified — clear,NO,Potential direct support for an active manuscript domain,https://pubmed.ncbi.nlm.nih.gov/28448689/
EV-1105,"A Descriptive Analysis of Tactical Casualty Care Interventions Performed by Law Enforcement Personnel in the State of Wisconsin, 2010-2015.",2017,10.1017/s1049023x17000103,28219471,,,Journal Article,Tactical medicine / TCCC / TECC / APH,HIGH_RELEVANCE,DIRECT_MANUSCRIPT_FIT,FULL_TEXT_REVIEW,P1 — HIGH,International,Tactical Medicine Readiness / APH-Tatico,POTENTIAL_DIRECT_SUPPORT,NO,NO,YES,Verified — clear,NO,Potential direct support for an active manuscript domain,https://pubmed.ncbi.nlm.nih.gov/28219471/
EV-1107,"Reported Back Pain in Army Aircrew in Relation to Airframe, Gender, Age, and Experience.",2017,10.3357/amhp.4740.2017,28095953,,,Journal Article,Musculoskeletal injury,HIGH_RELEVANCE,DIRECT_MANUSCRIPT_FIT,FULL_TEXT_REVIEW,P1 — HIGH,International,Operational Implications / Discussion,POTENTIAL_DIRECT_SUPPORT,NO,NO,YES,Verified — clear,NO,Potential direct support for an active manuscript domain,https://pubmed.ncbi.nlm.nih.gov/28095953/
EV-1110,Sleep in the Military: Promoting Healthy Sleep Among U.S. Servicemembers.,2015,,28083395,,,Journal Article,Sleep / fatigue / recovery,HIGH_RELEVANCE,DIRECT_MANUSCRIPT_FIT,FULL_TEXT_REVIEW,P1 — HIGH,International,Integrated Operational Readiness / Discussion,POTENTIAL_DIRECT_SUPPORT,NO,NO,YES,Verified — clear,NO,Potential direct support for an active manuscript domain,https://pubmed.ncbi.nlm.nih.gov/28083395/
EV-1119,TCCC Updates: Translating Military Advances in Exdternal Hemorrhage Control to Law Enforcement.,2015,10.55460/arzp-rfk1,27689379,,,Journal Article,Tactical medicine / TCCC / TECC / APH,HIGH_RELEVANCE,GAP_CLOSURE_CANDIDATE,FULL_TEXT_REVIEW,P0 — CRITICAL,International,Tactical Medicine Readiness / APH-Tatico,POTENTIAL_GAP_CLOSURE,NO,NO,YES,Verified — clear,NO,Potential structural-gap closure,https://pubmed.ncbi.nlm.nih.gov/27689379/
EV-1122,Sustained Military Operations and Cognitive Performance.,2016,10.3357/amhp.4468.2016,27634607,,,Journal Article; Systematic Review,Cognition / firearm performance,HIGH_RELEVANCE,DIRECT_MANUSCRIPT_FIT,REPLACE_EXISTING_CANDIDATE,P1 — HIGH,Both,Cognition and Firearm-Task Performance / Cognicao e tiro,POTENTIAL_DIRECT_SUPPORT,NO,YES,YES,Verified — clear,YES — REVIEW REQUIRED,Potentially stronger evidence than current domain support,https://pubmed.ncbi.nlm.nih.gov/27634607/
EV-1128,Risk factors for back pain in marines; a prospective cohort study.,2016,10.1186/s12891-016-1172-y,27474034,,,"Journal Article; Research Support, Non-U.S. Gov't",Musculoskeletal injury,HIGH_RELEVANCE,DIRECT_MANUSCRIPT_FIT,FULL_TEXT_REVIEW,P1 — HIGH,International,Operational Implications / Discussion,POTENTIAL_DIRECT_SUPPORT,NO,NO,YES,Verified — clear,NO,Potential direct support for an active manuscript domain,https://pubmed.ncbi.nlm.nih.gov/27474034/
EV-1133,Military Sleep Management: An Operational Imperative.,2016,,27215880,,,Journal Article; Review,Sleep / fatigue / recovery,HIGH_RELEVANCE,DIRECT_MANUSCRIPT_FIT,FULL_TEXT_REVIEW,P1 — HIGH,International,Integrated Operational Readiness / Discussion,POTENTIAL_DIRECT_SUPPORT,NO,NO,YES,Verified — clear,NO,Potential direct support for an active manuscript domain,https://pubmed.ncbi.nlm.nih.gov/27215880/
EV-1140,Evaluation and Testing of Junctional Tourniquets by Special Operation Forces Personnel: A Comparison of the Combat Ready Clamp and the Junctional Emergency Treatment Tool.,2016,,27045493,,,Comparative Study; Evaluation Study; Journal Article,Tactical medicine / TCCC / TECC / APH,HIGH_RELEVANCE,DIRECT_MANUSCRIPT_FIT,FULL_TEXT_REVIEW,P1 — HIGH,International,Tactical Medicine Readiness / APH-Tatico,POTENTIAL_DIRECT_SUPPORT,NO,NO,YES,Verified — clear,NO,Potential direct support for an active manuscript domain,https://pubmed.ncbi.nlm.nih.gov/27045493/
EV-1142,Relationship between general nutrition knowledge and diet quality in Australian military personnel.,2016,10.1017/s0007114516000532,26931550,,,"Journal Article; Research Support, Non-U.S. Gov't",Nutrition / shift work,HIGH_RELEVANCE,DIRECT_MANUSCRIPT_FIT,FULL_TEXT_REVIEW,P1 — HIGH,International,Nutrition and Schedule Load / Nutricao e jornadas,POTENTIAL_DIRECT_SUPPORT,NO,NO,YES,Verified — clear,NO,Potential direct support for an active manuscript domain,https://pubmed.ncbi.nlm.nih.gov/26931550/
EV-1143,The Eagle Tactical Athlete Program Reduces Musculoskeletal Injuries in the 101st Airborne Division (Air Assault).,2016,10.7205/milmed-d-14-00674,26926750,,,"Journal Article; Randomized Controlled Trial; Research Support, U.S. Gov't, Non-P.H.S.",Musculoskeletal injury,HIGH_RELEVANCE,DIRECT_MANUSCRIPT_FIT,FULL_TEXT_REVIEW,P1 — HIGH,Both,Operational Implications / Discussion,POTENTIAL_DIRECT_SUPPORT,NO,NO,YES,Verified — clear,NO,Potential direct support for an active manuscript domain,https://pubmed.ncbi.nlm.nih.gov/26926750/
EV-1145,Observed Rates of Lower Extremity Stress Fractures After Implementation of the Army Physical Readiness Training Program at JBSA Fort Sam Houston.,2016,,26874090,,,Journal Article,Musculoskeletal injury,HIGH_RELEVANCE,DIRECT_MANUSCRIPT_FIT,FULL_TEXT_REVIEW,P1 — HIGH,International,Operational Implications / Discussion,POTENTIAL_DIRECT_SUPPORT,NO,NO,YES,Verified — clear,NO,Potential direct support for an active manuscript domain,https://pubmed.ncbi.nlm.nih.gov/26874090/
EV-1147,Effects of Age and Military Service on Strength and Physiological Characteristics of U.S. Army Soldiers.,2016,10.7205/milmed-d-15-00036,26837087,,,"Journal Article; Research Support, U.S. Gov't, Non-P.H.S.",Physical / academy readiness,HIGH_RELEVANCE,DIRECT_MANUSCRIPT_FIT,FULL_TEXT_REVIEW,P1 — HIGH,International,Physical and Academy Readiness / Aptidao e academia,POTENTIAL_DIRECT_SUPPORT,NO,NO,YES,Verified — clear,NO,Potential direct support for an active manuscript domain,https://pubmed.ncbi.nlm.nih.gov/26837087/
EV-1148,"Operational Physical Performance and Fitness in Military Women: Physiological, Musculoskeletal Injury, and Optimized Physical Training Considerations for Successfully Integrating Women Into Combat-Centric Military Occupations.",2016,10.7205/milmed-d-15-00382,26741902,,,Journal Article,Physical / academy readiness,HIGH_RELEVANCE,DIRECT_MANUSCRIPT_FIT,FULL_TEXT_REVIEW,P1 — HIGH,International,Physical and Academy Readiness / Aptidao e academia,POTENTIAL_DIRECT_SUPPORT,NO,NO,YES,Verified — clear,NO,Potential direct support for an active manuscript domain,https://pubmed.ncbi.nlm.nih.gov/26741902/
EV-1150,"Relationships Between Physical Fitness, Demands of Flight Duty, and Musculoskeletal Symptoms Among Military Pilots.",2015,10.7205/milmed-d-14-00467,26633667,,,Journal Article,Physical / academy readiness,HIGH_RELEVANCE,DIRECT_MANUSCRIPT_FIT,FULL_TEXT_REVIEW,P1 — HIGH,International,Physical and Academy Readiness / Aptidao e academia,POTENTIAL_DIRECT_SUPPORT,NO,NO,YES,Verified — clear,NO,Potential direct support for an active manuscript domain,https://pubmed.ncbi.nlm.nih.gov/26633667/
EV-1151,Preparing for Combat Readiness for the Fight: Physical Performance Profile of Female U.S. Marines.,2016,10.1519/jsc.0000000000001269,26605806,,,"Journal Article; Research Support, U.S. Gov't, Non-P.H.S.",Physical / academy readiness,HIGH_RELEVANCE,DIRECT_MANUSCRIPT_FIT,FULL_TEXT_REVIEW,P1 — HIGH,International,Physical and Academy Readiness / Aptidao e academia,POTENTIAL_DIRECT_SUPPORT,NO,NO,YES,Verified — clear,NO,Potential direct support for an active manuscript domain,https://pubmed.ncbi.nlm.nih.gov/26605806/
EV-1159,Perspectives on Aerobic and Strength Influences on Military Physical Readiness: Report of an International Military Physiology Roundtable.,2015,10.1519/jsc.0000000000001025,26506170,,,Journal Article,Physical / academy readiness,HIGH_RELEVANCE,DIRECT_MANUSCRIPT_FIT,FULL_TEXT_REVIEW,P1 — HIGH,International,Physical and Academy Readiness / Aptidao e academia,POTENTIAL_DIRECT_SUPPORT,NO,NO,YES,Verified — clear,NO,Potential direct support for an active manuscript domain,https://pubmed.ncbi.nlm.nih.gov/26506170/
EV-1163,Evaluation of General Nutrition Knowledge in Australian Military Personnel.,2016,10.1016/j.jand.2015.08.014,26384465,,,"Comparative Study; Journal Article; Research Support, Non-U.S. Gov't",Nutrition / shift work,HIGH_RELEVANCE,DIRECT_MANUSCRIPT_FIT,FULL_TEXT_REVIEW,P1 — HIGH,International,Nutrition and Schedule Load / Nutricao e jornadas,POTENTIAL_DIRECT_SUPPORT,NO,NO,YES,Verified — clear,NO,Potential direct support for an active manuscript domain,https://pubmed.ncbi.nlm.nih.gov/26384465/
EV-1165,The Ranger First Responder Program and Tactical Emergency Casualty Care Implementation: A Whole-Community Approach to Reducing Mortality From Active Violent Incidents.,2015,10.55460/j3tf-9ekv,26360353,,,Journal Article,Tactical medicine / TCCC / TECC / APH,HIGH_RELEVANCE,GAP_CLOSURE_CANDIDATE,FULL_TEXT_REVIEW,P0 — CRITICAL,International,Tactical Medicine Readiness / APH-Tatico,POTENTIAL_GAP_CLOSURE,NO,NO,YES,Verified — clear,NO,Potential structural-gap closure,https://pubmed.ncbi.nlm.nih.gov/26360353/
EV-1176,"Musculoskeletal, biomechanical, and physiological gender differences in the US military.",2015,,26101903,,,"Journal Article; Research Support, U.S. Gov't, Non-P.H.S.",Musculoskeletal injury,HIGH_RELEVANCE,DIRECT_MANUSCRIPT_FIT,FULL_TEXT_REVIEW,P1 — HIGH,International,Operational Implications / Discussion,POTENTIAL_DIRECT_SUPPORT,NO,NO,YES,Verified — clear,NO,Potential direct support for an active manuscript domain,https://pubmed.ncbi.nlm.nih.gov/26101903/
EV-1178,PERFORMANCE OPTIMIZATION AND INJURY PREVENTION STRATEGIES FOR THE ARMY PHYSICAL FITNESS TEST: TECHNIQUE MATTERS.,2015,,26075155,,,Journal Article,Physical / academy readiness,HIGH_RELEVANCE,DIRECT_MANUSCRIPT_FIT,FULL_TEXT_REVIEW,P1 — HIGH,International,Physical and Academy Readiness / Aptidao e academia,POTENTIAL_DIRECT_SUPPORT,NO,NO,YES,Verified — clear,NO,Potential direct support for an active manuscript domain,https://pubmed.ncbi.nlm.nih.gov/26075155/
EV-1179,"Nutritional and sports supplement use among deployed U.S. Army soldiers in a remote, austere combat outpost in eastern Afghanistan.",2015,10.7205/milmed-d-14-00334,25826344,,,Journal Article,Nutrition / shift work,HIGH_RELEVANCE,DIRECT_MANUSCRIPT_FIT,FULL_TEXT_REVIEW,P1 — HIGH,International,Nutrition and Schedule Load / Nutricao e jornadas,POTENTIAL_DIRECT_SUPPORT,NO,NO,YES,Verified — clear,NO,Potential direct support for an active manuscript domain,https://pubmed.ncbi.nlm.nih.gov/25826344/
EV-1181,A study of prehospital medical documentation by military medical providers during precombat training.,2015,,25770802,,,Journal Article,Tactical medicine / TCCC / TECC / APH,HIGH_RELEVANCE,DIRECT_MANUSCRIPT_FIT,FULL_TEXT_REVIEW,P1 — HIGH,International,Tactical Medicine Readiness / APH-Tatico,POTENTIAL_DIRECT_SUPPORT,NO,NO,YES,Verified — clear,NO,Potential direct support for an active manuscript domain,https://pubmed.ncbi.nlm.nih.gov/25770802/
EV-1184,Effects of two different 5 weeks training programs on the physical fitness of military recruits.,2014,,25643544,,,Clinical Trial; Comparative Study; Journal Article,Physical / academy readiness,HIGH_RELEVANCE,DIRECT_MANUSCRIPT_FIT,FULL_TEXT_REVIEW,P1 — HIGH,International,Physical and Academy Readiness / Aptidao e academia,POTENTIAL_DIRECT_SUPPORT,NO,NO,YES,Verified — clear,NO,Potential direct support for an active manuscript domain,https://pubmed.ncbi.nlm.nih.gov/25643544/
EV-1185,Body composition assessment failure rates and obesity in the United States Navy.,2015,10.7205/milmed-d-14-00231,25643380,,,Journal Article,Physical / academy readiness,HIGH_RELEVANCE,DIRECT_MANUSCRIPT_FIT,FULL_TEXT_REVIEW,P1 — HIGH,International,Physical and Academy Readiness / Aptidao e academia,POTENTIAL_DIRECT_SUPPORT,NO,NO,YES,Verified — clear,NO,Potential direct support for an active manuscript domain,https://pubmed.ncbi.nlm.nih.gov/25643380/
EV-1193,Utility of a sports medicine model in military combat concussion and musculoskeletal restoration care.,2014,10.7205/milmed-d-14-00191,25373061,,,Journal Article,Musculoskeletal injury,HIGH_RELEVANCE,DIRECT_MANUSCRIPT_FIT,FULL_TEXT_REVIEW,P1 — HIGH,International,Operational Implications / Discussion,POTENTIAL_DIRECT_SUPPORT,NO,NO,YES,Verified — clear,NO,Potential direct support for an active manuscript domain,https://pubmed.ncbi.nlm.nih.gov/25373061/
EV-1194,Law enforcement-applied tourniquets: a case series of life-saving interventions.,2015,10.3109/10903127.2014.964893,25350269,,,Journal Article,Tactical medicine / TCCC / TECC / APH,HIGH_RELEVANCE,DIRECT_MANUSCRIPT_FIT,FULL_TEXT_REVIEW,P1 — HIGH,International,Tactical Medicine Readiness / APH-Tatico,POTENTIAL_DIRECT_SUPPORT,NO,NO,YES,Verified — clear,NO,Potential direct support for an active manuscript domain,https://pubmed.ncbi.nlm.nih.gov/25350269/
EV-1198,Injury epidemiology of U.S. Army Special Operations forces.,2014,10.7205/milmed-d-14-00078,25269128,,,"Journal Article; Research Support, U.S. Gov't, Non-P.H.S.",Musculoskeletal injury,HIGH_RELEVANCE,DIRECT_MANUSCRIPT_FIT,FULL_TEXT_REVIEW,P1 — HIGH,International,Operational Implications / Discussion,POTENTIAL_DIRECT_SUPPORT,NO,NO,YES,Verified — clear,NO,Potential direct support for an active manuscript domain,https://pubmed.ncbi.nlm.nih.gov/25269128/
EV-1209,Clinical encounters in tactical medicine: a mission-specific analysis of the Maryland State Police experience.,2014,10.55460/eryz-toma,24952050,,,Journal Article,Tactical medicine / TCCC / TECC / APH,HIGH_RELEVANCE,DIRECT_MANUSCRIPT_FIT,FULL_TEXT_REVIEW,P1 — HIGH,International,Tactical Medicine Readiness / APH-Tatico,POTENTIAL_DIRECT_SUPPORT,NO,NO,YES,Verified — clear,NO,Potential direct support for an active manuscript domain,https://pubmed.ncbi.nlm.nih.gov/24952050/
EV-1213,Attention and visual tracking degradation during acute sleep deprivation in a military sample.,2014,10.3357/asem.3882.2014,24834562,,,"Journal Article; Research Support, Non-U.S. Gov't; Research Support, U.S. Gov't, Non-P.H.S.",Sleep / fatigue / recovery,HIGH_RELEVANCE,DIRECT_MANUSCRIPT_FIT,FULL_TEXT_REVIEW,P1 — HIGH,International,Integrated Operational Readiness / Discussion,POTENTIAL_DIRECT_SUPPORT,NO,NO,YES,Verified — clear,NO,Potential direct support for an active manuscript domain,https://pubmed.ncbi.nlm.nih.gov/24834562/
EV-1216,Relationships of physical performance tests to military-relevant tasks in women.,2014,,24706238,,,Journal Article,Physical / academy readiness,HIGH_RELEVANCE,DIRECT_MANUSCRIPT_FIT,FULL_TEXT_REVIEW,P1 — HIGH,International,Physical and Academy Readiness / Aptidao e academia,POTENTIAL_DIRECT_SUPPORT,NO,NO,YES,Verified — clear,NO,Potential direct support for an active manuscript domain,https://pubmed.ncbi.nlm.nih.gov/24706238/
EV-1217,History of United States Army physical fitness and physical readiness training.,2014,,24706237,,,Historical Article; Journal Article,Physical / academy readiness,HIGH_RELEVANCE,DIRECT_MANUSCRIPT_FIT,FULL_TEXT_REVIEW,P1 — HIGH,International,Physical and Academy Readiness / Aptidao e academia,POTENTIAL_DIRECT_SUPPORT,NO,NO,YES,Verified — clear,NO,Potential direct support for an active manuscript domain,https://pubmed.ncbi.nlm.nih.gov/24706237/
EV-1226,"Association among functional-movement ability, fatigue, sedentary time, and fitness in 40 years and older active duty military personnel.",2013,10.7205/milmed-d-13-00186,24306020,,,"Journal Article; Research Support, Non-U.S. Gov't",Sleep / fatigue / recovery,HIGH_RELEVANCE,DIRECT_MANUSCRIPT_FIT,FULL_TEXT_REVIEW,P1 — HIGH,International,Integrated Operational Readiness / Discussion,POTENTIAL_DIRECT_SUPPORT,NO,NO,YES,Verified — clear,NO,Potential direct support for an active manuscript domain,https://pubmed.ncbi.nlm.nih.gov/24306020/
EV-1235,Extreme conditioning programs and injury risk in a US Army Brigade Combat Team.,2013,,24146241,,,Journal Article,Musculoskeletal injury,HIGH_RELEVANCE,DIRECT_MANUSCRIPT_FIT,FULL_TEXT_REVIEW,P1 — HIGH,International,Operational Implications / Discussion,POTENTIAL_DIRECT_SUPPORT,NO,NO,YES,Verified — clear,NO,Potential direct support for an active manuscript domain,https://pubmed.ncbi.nlm.nih.gov/24146241/
EV-1236,Strategies for optimizing military physical readiness and preventing musculoskeletal injuries in the 21st century.,2013,,24146239,,,Journal Article,Musculoskeletal injury,HIGH_RELEVANCE,DIRECT_MANUSCRIPT_FIT,FULL_TEXT_REVIEW,P1 — HIGH,International,Operational Implications / Discussion,POTENTIAL_DIRECT_SUPPORT,NO,NO,YES,Verified — clear,NO,Potential direct support for an active manuscript domain,https://pubmed.ncbi.nlm.nih.gov/24146239/
EV-1241,Blast-related ear injuries among U.S. military personnel.,2013,10.1682/jrrd.2012.02.0024,24030196,,,"Journal Article; Research Support, U.S. Gov't, Non-P.H.S.",Musculoskeletal injury,HIGH_RELEVANCE,DIRECT_MANUSCRIPT_FIT,FULL_TEXT_REVIEW,P1 — HIGH,International,Operational Implications / Discussion,POTENTIAL_DIRECT_SUPPORT,NO,NO,YES,Verified — clear,NO,Potential direct support for an active manuscript domain,https://pubmed.ncbi.nlm.nih.gov/24030196/
EV-1244,Improving the adoption of evidence-based practice among nurses in Army outpatient medical treatment facilities.,2013,10.7205/milmed-d-13-00191,24005550,,,"Clinical Trial; Journal Article; Research Support, Non-U.S. Gov't",Implementation science,HIGH_RELEVANCE,GAP_CLOSURE_CANDIDATE,FULL_TEXT_REVIEW,P0 — CRITICAL,International,Implementation Considerations / Implementacao,POTENTIAL_GAP_CLOSURE,NO,NO,YES,Verified — clear,NO,Potential structural-gap closure,https://pubmed.ncbi.nlm.nih.gov/24005550/
EV-1245,Implementation outcomes of military provider training in cognitive processing therapy and prolonged exposure therapy for post-traumatic stress disorder.,2013,10.7205/milmed-d-13-00072,24005540,,,Journal Article,Cognition / firearm performance,HIGH_RELEVANCE,DIRECT_MANUSCRIPT_FIT,FULL_TEXT_REVIEW,P1 — HIGH,International,Cognition and Firearm-Task Performance / Cognicao e tiro,POTENTIAL_DIRECT_SUPPORT,NO,NO,YES,Verified — clear,NO,Potential direct support for an active manuscript domain,https://pubmed.ncbi.nlm.nih.gov/24005540/
EV-1273,Use of the dental disease nonbattle injury encounter module to assess the emergency rate on an Army military installation within the United States.,2012,10.7205/milmed-d-12-00113,23025142,,,"Journal Article; Research Support, U.S. Gov't, Non-P.H.S.",Musculoskeletal injury,HIGH_RELEVANCE,DIRECT_MANUSCRIPT_FIT,FULL_TEXT_REVIEW,P1 — HIGH,International,Operational Implications / Discussion,POTENTIAL_DIRECT_SUPPORT,NO,NO,YES,Verified — clear,NO,Potential direct support for an active manuscript domain,https://pubmed.ncbi.nlm.nih.gov/23025142/
EV-1277,"Injuries to deployed U.S. Army soldiers involved in HMMWV crashes, 2002-2006.",2012,10.7205/milmed-d-11-00462,22934378,,,"Journal Article; Research Support, Non-U.S. Gov't; Research Support, U.S. Gov't, P.H.S.",Musculoskeletal injury,HIGH_RELEVANCE,DIRECT_MANUSCRIPT_FIT,FULL_TEXT_REVIEW,P1 — HIGH,International,Operational Implications / Discussion,POTENTIAL_DIRECT_SUPPORT,NO,NO,YES,Verified — clear,NO,Potential direct support for an active manuscript domain,https://pubmed.ncbi.nlm.nih.gov/22934378/
EV-1284,Donor performance of combat readiness skills of special forces soldiers are maintained immediately after whole blood donation: a study to support the development of a prehospital fresh whole blood transfusion program.,2013,10.1111/j.1537-2995.2012.03767.x,22738468,,,Clinical Trial; Journal Article,Tactical medicine / TCCC / TECC / APH,HIGH_RELEVANCE,DIRECT_MANUSCRIPT_FIT,FULL_TEXT_REVIEW,P1 — HIGH,International,Tactical Medicine Readiness / APH-Tatico,POTENTIAL_DIRECT_SUPPORT,NO,NO,YES,Verified — clear,NO,Potential direct support for an active manuscript domain,https://pubmed.ncbi.nlm.nih.gov/22738468/
EV-1286,Physical training injuries and interventions for military recruits.,2012,10.7205/milmed-d-11-00329,22645882,,,Journal Article,Musculoskeletal injury,HIGH_RELEVANCE,DIRECT_MANUSCRIPT_FIT,FULL_TEXT_REVIEW,P1 — HIGH,International,Operational Implications / Discussion,POTENTIAL_DIRECT_SUPPORT,NO,NO,YES,Verified — clear,NO,Potential direct support for an active manuscript domain,https://pubmed.ncbi.nlm.nih.gov/22645882/
EV-1287,Body composition and military performance--many things to many people.,2012,10.1519/jsc.0b013e31825ced6c,22643136,,,Journal Article; Review,Physical / academy readiness,HIGH_RELEVANCE,DIRECT_MANUSCRIPT_FIT,FULL_TEXT_REVIEW,P1 — HIGH,International,Physical and Academy Readiness / Aptidao e academia,POTENTIAL_DIRECT_SUPPORT,NO,NO,YES,Verified — clear,NO,Potential direct support for an active manuscript domain,https://pubmed.ncbi.nlm.nih.gov/22643136/
EV-1297,Assessment of changes in mental health conditions among sailors and marines during postdeployment phase.,2011,10.7205/milmed-d-10-00366,21882782,,,"Journal Article; Research Support, U.S. Gov't, Non-P.H.S.",Mental health / stress,HIGH_RELEVANCE,DIRECT_MANUSCRIPT_FIT,FULL_TEXT_REVIEW,P1 — HIGH,International,Organizational Health Context / Discussao,POTENTIAL_DIRECT_SUPPORT,NO,NO,YES,Verified — clear,NO,Potential direct support for an active manuscript domain,https://pubmed.ncbi.nlm.nih.gov/21882782/
EV-1301,Family-centered preventive intervention for military families: implications for implementation science.,2011,10.1007/s11121-011-0234-5,21761154,,,"Journal Article; Research Support, U.S. Gov't, Non-P.H.S.",Implementation science,HIGH_RELEVANCE,GAP_CLOSURE_CANDIDATE,FULL_TEXT_REVIEW,P0 — CRITICAL,International,Implementation Considerations / Implementacao,POTENTIAL_GAP_CLOSURE,NO,NO,YES,Verified — clear,NO,Potential structural-gap closure,https://pubmed.ncbi.nlm.nih.gov/21761154/
EV-1303,Prehospital and emergency care research at the US Army Institute of Surgical Research: enabling the next great leap in combat casualty survival.,2011,,21607910,,,Journal Article,Tactical medicine / TCCC / TECC / APH,HIGH_RELEVANCE,GAP_CLOSURE_CANDIDATE,FULL_TEXT_REVIEW,P0 — CRITICAL,International,Tactical Medicine Readiness / APH-Tatico,POTENTIAL_GAP_CLOSURE,NO,NO,YES,Verified — clear,NO,Potential structural-gap closure,https://pubmed.ncbi.nlm.nih.gov/21607910/
EV-1307,Warrior Model for Human Performance and Injury Prevention: Eagle Tactical Athlete Program (ETAP) Part II.,2010,10.55460/42ci-elhp,21442588,,,"Journal Article; Randomized Controlled Trial; Research Support, Non-U.S. Gov't",Musculoskeletal injury,HIGH_RELEVANCE,DIRECT_MANUSCRIPT_FIT,FULL_TEXT_REVIEW,P1 — HIGH,Both,Operational Implications / Discussion,POTENTIAL_DIRECT_SUPPORT,NO,NO,YES,Verified — clear,NO,Potential direct support for an active manuscript domain,https://pubmed.ncbi.nlm.nih.gov/21442588/
EV-1308,Warrior Model for Human Performance and Injury Prevention: Eagle Tactical Athlete Program (ETAP) Part I.,2010,10.55460/556o-k7n2,21442587,,,"Journal Article; Randomized Controlled Trial; Research Support, U.S. Gov't, Non-P.H.S.",Musculoskeletal injury,HIGH_RELEVANCE,DIRECT_MANUSCRIPT_FIT,FULL_TEXT_REVIEW,P1 — HIGH,Both,Operational Implications / Discussion,POTENTIAL_DIRECT_SUPPORT,NO,NO,YES,Verified — clear,NO,Potential direct support for an active manuscript domain,https://pubmed.ncbi.nlm.nih.gov/21442587/
EV-1311,Sleep and fatigue issues in continuous operations: a survey of U.S. Army officers.,2011,10.1080/15402002.2011.533994,21218294,,,Journal Article,Sleep / fatigue / recovery,HIGH_RELEVANCE,DIRECT_MANUSCRIPT_FIT,FULL_TEXT_REVIEW,P1 — HIGH,International,Integrated Operational Readiness / Discussion,POTENTIAL_DIRECT_SUPPORT,NO,NO,YES,Verified — clear,NO,Potential direct support for an active manuscript domain,https://pubmed.ncbi.nlm.nih.gov/21218294/
EV-1323,A process to identify military injury prevention priorities based on injury type and limited duty days.,2010,10.1016/j.amepre.2009.10.004,20117593,,,Journal Article,Musculoskeletal injury,HIGH_RELEVANCE,DIRECT_MANUSCRIPT_FIT,FULL_TEXT_REVIEW,P1 — HIGH,International,Operational Implications / Discussion,POTENTIAL_DIRECT_SUPPORT,NO,NO,YES,Verified — clear,NO,Potential direct support for an active manuscript domain,https://pubmed.ncbi.nlm.nih.gov/20117593/
EV-1325,How to stop fighting ourselves: removing the stigma of mental health treatment for soldiers.,2007,,20084692,,,Journal Article,Mental health / stress,HIGH_RELEVANCE,DIRECT_MANUSCRIPT_FIT,FULL_TEXT_REVIEW,P1 — HIGH,International,Organizational Health Context / Discussao,POTENTIAL_DIRECT_SUPPORT,NO,NO,YES,Verified — clear,NO,Potential direct support for an active manuscript domain,https://pubmed.ncbi.nlm.nih.gov/20084692/
EV-1330,Hydration status of Air Force military basic trainees after implementation of the back-mounted hydration system.,2009,10.7205/milmed-d-03-2508,19743737,,,"Journal Article; Randomized Controlled Trial; Research Support, U.S. Gov't, Non-P.H.S.",Hydration / heat / thermoregulation,HIGH_RELEVANCE,GAP_CLOSURE_CANDIDATE,FULL_TEXT_REVIEW,P0 — CRITICAL,Both,Medical and Cardiovascular Readiness / Discussion,POTENTIAL_GAP_CLOSURE,NO,NO,YES,Verified — clear,NO,Potential structural-gap closure,https://pubmed.ncbi.nlm.nih.gov/19743737/
EV-1338,How stress fracture incidence was lowered in the Israeli army: a 25-yr struggle.,2008,10.1249/mss.0b013e3181892dc2,18849873,,,Historical Article; Journal Article,Musculoskeletal injury,HIGH_RELEVANCE,DIRECT_MANUSCRIPT_FIT,FULL_TEXT_REVIEW,P1 — HIGH,International,Operational Implications / Discussion,POTENTIAL_DIRECT_SUPPORT,NO,NO,YES,Verified — clear,NO,Potential direct support for an active manuscript domain,https://pubmed.ncbi.nlm.nih.gov/18849873/
EV-1340,Physical fitness influences stress reactions to extreme military training.,2008,10.7205/milmed.173.8.738,18751589,,,"Journal Article; Research Support, U.S. Gov't, Non-P.H.S.",Physical / academy readiness,HIGH_RELEVANCE,DIRECT_MANUSCRIPT_FIT,FULL_TEXT_REVIEW,P1 — HIGH,International,Physical and Academy Readiness / Aptidao e academia,POTENTIAL_DIRECT_SUPPORT,NO,NO,YES,Verified — clear,NO,Potential direct support for an active manuscript domain,https://pubmed.ncbi.nlm.nih.gov/18751589/
EV-1353,"Acute gastrointestinal infection, respiratory illness, and noncombat injury among US military personnel during Operation Bright Star 2005, in Northern Egypt.",2007,10.1111/j.1708-8305.2007.00159.x,17995535,,,"Journal Article; Research Support, Non-U.S. Gov't",Musculoskeletal injury,HIGH_RELEVANCE,DIRECT_MANUSCRIPT_FIT,FULL_TEXT_REVIEW,P1 — HIGH,International,Operational Implications / Discussion,POTENTIAL_DIRECT_SUPPORT,NO,NO,YES,Verified — clear,NO,Potential direct support for an active manuscript domain,https://pubmed.ncbi.nlm.nih.gov/17995535/
EV-1377,Triage decisions of United Kingdom police firearms officers using a multiple-casualty scenario paper exercise.,2005,10.1017/s1049023x00002132,15748014,,,Evaluation Study; Journal Article,Cognition / firearm performance,HIGH_RELEVANCE,DIRECT_MANUSCRIPT_FIT,FULL_TEXT_REVIEW,P1 — HIGH,International,Cognition and Firearm-Task Performance / Cognicao e tiro,POTENTIAL_DIRECT_SUPPORT,NO,NO,YES,Verified — clear,NO,Potential direct support for an active manuscript domain,https://pubmed.ncbi.nlm.nih.gov/15748014/
EV-1390,Musculoskeletal injuries in an Army airborne population.,2002,,12502180,,,"Journal Article; Research Support, U.S. Gov't, Non-P.H.S.",Musculoskeletal injury,HIGH_RELEVANCE,DIRECT_MANUSCRIPT_FIT,FULL_TEXT_REVIEW,P1 — HIGH,International,Operational Implications / Discussion,POTENTIAL_DIRECT_SUPPORT,NO,NO,YES,Verified — clear,NO,Potential direct support for an active manuscript domain,https://pubmed.ncbi.nlm.nih.gov/12502180/
EV-1392,"Body fat standards and individual physical readiness in a randomized Army sample: screening weights, methods of fat assessment, and linkage to physical fitness.",2002,,12502174,,,Journal Article; Multicenter Study,Physical / academy readiness,HIGH_RELEVANCE,DIRECT_MANUSCRIPT_FIT,FULL_TEXT_REVIEW,P1 — HIGH,International,Physical and Academy Readiness / Aptidao e academia,POTENTIAL_DIRECT_SUPPORT,NO,NO,YES,Verified — clear,NO,Potential direct support for an active manuscript domain,https://pubmed.ncbi.nlm.nih.gov/12502174/
EV-1400,Correlates of physical fitness improvement among a Navy remedial exercise sample.,2001,,11413730,,,Journal Article,Physical / academy readiness,HIGH_RELEVANCE,DIRECT_MANUSCRIPT_FIT,FULL_TEXT_REVIEW,P1 — HIGH,International,Physical and Academy Readiness / Aptidao e academia,POTENTIAL_DIRECT_SUPPORT,NO,NO,YES,Verified — clear,NO,Potential direct support for an active manuscript domain,https://pubmed.ncbi.nlm.nih.gov/11413730/
EV-1408,Hospitalization due to injuries in the military. Evaluation of current data and recommendations on their use for injury prevention.,2000,10.1016/s0749-3797(99)00171-3,10736540,,,"Journal Article; Research Support, Non-U.S. Gov't; Research Support, U.S. Gov't, Non-P.H.S.; Research Support, U.S. Gov't, P.H.S.",Musculoskeletal injury,HIGH_RELEVANCE,DIRECT_MANUSCRIPT_FIT,FULL_TEXT_REVIEW,P1 — HIGH,International,Operational Implications / Discussion,POTENTIAL_DIRECT_SUPPORT,NO,NO,YES,Verified — clear,NO,Potential direct support for an active manuscript domain,https://pubmed.ncbi.nlm.nih.gov/10736540/
EV-1415,Longitudinal trends and gender differences in physical fitness and lifestyle factors in career U.S. Navy personnel (1983-1994).,1998,,9640037,,,"Journal Article; Research Support, U.S. Gov't, Non-P.H.S.",Physical / academy readiness,HIGH_RELEVANCE,DIRECT_MANUSCRIPT_FIT,FULL_TEXT_REVIEW,P1 — HIGH,International,Physical and Academy Readiness / Aptidao e academia,POTENTIAL_DIRECT_SUPPORT,NO,NO,YES,Verified — clear,NO,Potential direct support for an active manuscript domain,https://pubmed.ncbi.nlm.nih.gov/9640037/
EV-1417,Back pain in Australian military helicopter pilots: a preliminary study.,1998,,9591616,,,"Journal Article; Research Support, Non-U.S. Gov't",Musculoskeletal injury,HIGH_RELEVANCE,DIRECT_MANUSCRIPT_FIT,FULL_TEXT_REVIEW,P1 — HIGH,International,Operational Implications / Discussion,POTENTIAL_DIRECT_SUPPORT,NO,NO,YES,Verified — clear,NO,Potential direct support for an active manuscript domain,https://pubmed.ncbi.nlm.nih.gov/9591616/
EV-1426,At work and play in a hazardous environment: injuries aboard a deployed U.S. Navy aircraft carrier.,1997,,9006883,,,"Journal Article; Research Support, U.S. Gov't, P.H.S.",Musculoskeletal injury,HIGH_RELEVANCE,DIRECT_MANUSCRIPT_FIT,FULL_TEXT_REVIEW,P1 — HIGH,International,Operational Implications / Discussion,POTENTIAL_DIRECT_SUPPORT,NO,NO,YES,Verified — clear,NO,Potential direct support for an active manuscript domain,https://pubmed.ncbi.nlm.nih.gov/9006883/
EV-1428,The effect of command emphasis and monthly physical training on Army physical fitness scores in a National Guard Unit.,1993,,8502390,,,Journal Article,Physical / academy readiness,HIGH_RELEVANCE,DIRECT_MANUSCRIPT_FIT,FULL_TEXT_REVIEW,P1 — HIGH,International,Physical and Academy Readiness / Aptidao e academia,POTENTIAL_DIRECT_SUPPORT,NO,NO,YES,Verified — clear,NO,Potential direct support for an active manuscript domain,https://pubmed.ncbi.nlm.nih.gov/8502390/
EV-1429,A multifocal comparison of health status and physical readiness test results of Navy personnel.,1993,,8479631,,,Comparative Study; Journal Article,Medical / cardiovascular readiness,HIGH_RELEVANCE,DIRECT_MANUSCRIPT_FIT,FULL_TEXT_REVIEW,P1 — HIGH,International,Medical and Cardiovascular Readiness / Saude e prontidao medica,POTENTIAL_DIRECT_SUPPORT,NO,NO,YES,Verified — clear,NO,Potential direct support for an active manuscript domain,https://pubmed.ncbi.nlm.nih.gov/8479631/
EV-1438,[Physical readiness for military service based on health status indicators].,1984,,6528505,,,Journal Article,Medical / cardiovascular readiness,HIGH_RELEVANCE,DIRECT_MANUSCRIPT_FIT,FULL_TEXT_REVIEW,P1 — HIGH,International,Medical and Cardiovascular Readiness / Saude e prontidao medica,POTENTIAL_DIRECT_SUPPORT,NO,NO,YES,Verified — clear,NO,Potential direct support for an active manuscript domain,https://pubmed.ncbi.nlm.nih.gov/6528505/
EV-1440,Physical fitness in a submarine community as determined by the U.S. Navy Health and Physical Readiness Test.,1987,,3593147,,,"Journal Article; Research Support, U.S. Gov't, Non-P.H.S.",Physical / academy readiness,HIGH_RELEVANCE,DIRECT_MANUSCRIPT_FIT,FULL_TEXT_REVIEW,P1 — HIGH,International,Physical and Academy Readiness / Aptidao e academia,POTENTIAL_DIRECT_SUPPORT,NO,NO,YES,Verified — clear,NO,Potential direct support for an active manuscript domain,https://pubmed.ncbi.nlm.nih.gov/3593147/
EV-1457,Characterization of the Physical Fitness of Police Officers: A Systematic Review,2019,10.1519/jsc.0000000000003177,31045682,International,Police officers,Systematic review,Physical / academy readiness,HIGH_RELEVANCE,DIRECT_MANUSCRIPT_FIT,REPLACE_EXISTING_CANDIDATE,P1 — HIGH,Both,Physical and Academy Readiness / Aptidao e academia,POTENTIAL_DIRECT_SUPPORT,NO,YES,YES,Yes,YES — REVIEW REQUIRED,Potentially stronger evidence than current domain support,https://pubmed.ncbi.nlm.nih.gov/31045682/
EV-1458,The impact of body armor on physical performance of law enforcement personnel: a systematic review,2017,10.1186/s40557-017-0169-9,28515947,International,Law-enforcement personnel,Systematic review,Physical / academy readiness,HIGH_RELEVANCE,DIRECT_MANUSCRIPT_FIT,REPLACE_EXISTING_CANDIDATE,P1 — HIGH,Both,Physical and Academy Readiness / Aptidao e academia,POTENTIAL_DIRECT_SUPPORT,NO,YES,YES,Yes,YES — REVIEW REQUIRED,Potentially stronger evidence than current domain support,https://pmc.ncbi.nlm.nih.gov/articles/PMC5434519/
EV-1460,Sleep Quality among Police Officers: Implications and Insights from a Systematic Review and Meta-Analysis,2019,,30862044,International,Police officers,Systematic review and meta-analysis,Sleep / fatigue / recovery,HIGH_RELEVANCE,DIRECT_MANUSCRIPT_FIT,FULL_TEXT_REVIEW,P1 — HIGH,Both,Integrated Operational Readiness / Discussion,POTENTIAL_DIRECT_SUPPORT,NO,NO,YES,Yes,NO,Potential direct support for an active manuscript domain,https://pmc.ncbi.nlm.nih.gov/articles/PMC6427768/
EV-1461,Association Between Work Stress and Sleep Disorders in Law Enforcement: A Systematic Review and Meta-Analysis,2026,,42165076,International,Law-enforcement personnel,Systematic review and meta-analysis,Sleep / fatigue / recovery,HIGH_RELEVANCE,DIRECT_MANUSCRIPT_FIT,FULL_TEXT_REVIEW,P1 — HIGH,Both,Integrated Operational Readiness / Discussion,POTENTIAL_DIRECT_SUPPORT,NO,NO,YES,Yes,NO,Potential direct support for an active manuscript domain,https://pubmed.ncbi.nlm.nih.gov/42165076/
EV-1462,Acute caffeine supplementation as a nutrition-based strategy to mitigate sleep-loss-related cognitive and operational performance impairments in military personnel: a systematic review and meta-analysis,2026,10.3389/fnut.2026.1893033,,International,Military personnel,Systematic review and meta-analysis,Nutrition / shift work,HIGH_RELEVANCE,DIRECT_MANUSCRIPT_FIT,REPLACE_EXISTING_CANDIDATE,P1 — HIGH,Both,Nutrition and Schedule Load / Nutricao e jornadas,POTENTIAL_DIRECT_SUPPORT,NO,YES,YES,Yes,YES — REVIEW REQUIRED,Potentially stronger evidence than current domain support,https://doi.org/10.3389/fnut.2026.1893033
EV-1463,Cardiovascular risk factors across job roles and work shifts in a Brazilian Military Police cohort: a cross-sectional study,2025,10.3389/fpubh.2025.1716547,,Brazil,PMDF active-duty male officers >40 years,Cross-sectional study,Medical / cardiovascular readiness,HIGH_RELEVANCE,DIRECT_MANUSCRIPT_FIT,FULL_TEXT_REVIEW,P1 — HIGH,Both,Medical and Cardiovascular Readiness / Saude e prontidao medica,POTENTIAL_DIRECT_SUPPORT,NO,NO,YES,Yes,NO,Potential direct support for an active manuscript domain,https://pmc.ncbi.nlm.nih.gov/articles/PMC12755106/
EV-1464,"Occupational Stress and Sleep of Military Police Officers From Rio de Janeiro, Brazil",2025,10.1002/ajhb.24184,39630574,Brazil,Military police officers; elite and non-elite groups,Cross-sectional comparative study,Sleep / fatigue / recovery,HIGH_RELEVANCE,DIRECT_MANUSCRIPT_FIT,FULL_TEXT_REVIEW,P1 — HIGH,Both,Integrated Operational Readiness / Discussion,POTENTIAL_DIRECT_SUPPORT,NO,NO,YES,Yes,NO,Potential direct support for an active manuscript domain,https://pubmed.ncbi.nlm.nih.gov/39630574/
EV-1465,Atividade física e qualidade de sono em policiais militares,2018,10.1016/j.rbce.2018.01.011,,Brazil,Military police officers in Santa Catarina,Cross-sectional study,Sleep / fatigue / recovery,HIGH_RELEVANCE,DIRECT_MANUSCRIPT_FIT,FULL_TEXT_REVIEW,P1 — HIGH,Both,Integrated Operational Readiness / Discussion,POTENTIAL_DIRECT_SUPPORT,NO,NO,YES,Yes,NO,Potential direct support for an active manuscript domain,https://doi.org/10.1016/j.rbce.2018.01.011
EV-1466,Leisure-time physical activity as a discriminator of the absence of musculoskeletal pain in military police officers,2026,10.63231/2595-0118.e202684-en,,Brazil,Military police officers from Bahia,Cross-sectional ROC analysis,Musculoskeletal injury,HIGH_RELEVANCE,DIRECT_MANUSCRIPT_FIT,FULL_TEXT_REVIEW,P1 — HIGH,Both,Operational Implications / Discussion,POTENTIAL_DIRECT_SUPPORT,NO,NO,YES,Yes,NO,Potential direct support for an active manuscript domain,https://doi.org/10.63231/2595-0118.e202684-en
EV-1467,Skeletal Muscle Discomfort and Lifestyle of Brazilian Military Police Officers of Administrative and Tactical Force,2023,10.3390/jfmk8040148,37987484,Brazil,PMES administrative and tactical-force officers,Cross-sectional comparative study,Musculoskeletal injury,HIGH_RELEVANCE,DIRECT_MANUSCRIPT_FIT,FULL_TEXT_REVIEW,P1 — HIGH,Both,Operational Implications / Discussion,POTENTIAL_DIRECT_SUPPORT,NO,NO,YES,Yes,NO,Potential direct support for an active manuscript domain,https://pmc.ncbi.nlm.nih.gov/articles/PMC10660728/
