evidence_id,pmid,zotero_key,doi,title,workflow_status,priority_tier,priority_score,lawful_availability_score,operational_relevance_score,quality_potential_score,transferability_potential_score,lawful_access_status,lawful_access_url,publication_types,families,full_text_obtained,quality_appraisal_complete,integrity_cleared_for_use,human_confirmation,claim_ready,limitation
EV-0668,36141388,BHR9XD2I,10.3390/healthcare10091777,"Development of an Evidence-Informed Solution to Emotional Distress in Public Safety Personnel and Healthcare Workers: The Social Support, Tracking Distress, Education, and Discussion CommunitY (STEADY) Program.",FULL_TEXT_QUEUE,P1,23,4,11,2,6,PMC_AVAILABLE,https://pmc.ncbi.nlm.nih.gov/articles/PMC9498760/,Journal Article | Review,C,NO,NO,PENDING_FULL_TEXT,,NO,"Title/abstract screening alone does not establish effectiveness, causality, methodological quality, transferability to Brazilian public safety or an institutional recommendation."
EV-0869,32691885,YVGG4JIG,10.1002/ajcp.12438,"Addressing Crime, Violence, and Other Determinants of Health through Community-Based Participatory Research and Implementation Science.",FULL_TEXT_QUEUE,P1,22,2,11,3,6,DISCOVERY_REQUIRED,https://doi.org/10.1002/ajcp.12438,"Journal Article | Research Support, U.S. Gov't, Non-P.H.S. | Systematic Review",C,NO,NO,PENDING_FULL_TEXT,,NO,"Title/abstract screening alone does not establish effectiveness, causality, methodological quality, transferability to Brazilian public safety or an institutional recommendation."
EV-0787,33933923,4AXW7YEU,10.1016/j.drugpo.2021.103259,Implementation of a New Hampshire community-initiated response to the opioid crisis: A mixed-methods process evaluation of Safe Station.,FULL_TEXT_QUEUE,P1,22,4,11,1,6,PMC_AVAILABLE,https://pmc.ncbi.nlm.nih.gov/articles/PMC8530836/,"Journal Article | Research Support, N.I.H., Extramural",C,NO,NO,PENDING_FULL_TEXT,,NO,"Title/abstract screening alone does not establish effectiveness, causality, methodological quality, transferability to Brazilian public safety or an institutional recommendation."
EV-0758,34622213,CRYUZSIZ,10.1007/s43477-021-00011-6,"The Readiness, Resilience and Recovery Tool: An Emerging Approach to Enhance Readiness Amidst Disruption.",FULL_TEXT_QUEUE,P1,22,4,11,1,6,PMC_AVAILABLE,https://pmc.ncbi.nlm.nih.gov/articles/PMC8116638/,Journal Article,C,NO,NO,PENDING_FULL_TEXT,,NO,"Title/abstract screening alone does not establish effectiveness, causality, methodological quality, transferability to Brazilian public safety or an institutional recommendation."
EV-0753,34665820,NAFL5D8I,10.1371/journal.pone.0258547,Implementation and perceived effectiveness of gun violence restraining orders in California: A qualitative evaluation.,FULL_TEXT_QUEUE,P1,22,4,11,1,6,PMC_AVAILABLE,https://pmc.ncbi.nlm.nih.gov/articles/PMC8525775/,Journal Article,C,NO,NO,PENDING_FULL_TEXT,,NO,"Title/abstract screening alone does not establish effectiveness, causality, methodological quality, transferability to Brazilian public safety or an institutional recommendation."
EV-0727,35076700,H7XKJIDC,10.1001/jamanetworkopen.2021.44955,Perspectives About Emergency Department Care Encounters Among Adults With Opioid Use Disorder.,FULL_TEXT_QUEUE,P1,22,4,11,1,6,PMC_AVAILABLE,https://pmc.ncbi.nlm.nih.gov/articles/PMC8790663/,"Journal Article | Multicenter Study | Research Support, N.I.H., Extramural",C,NO,NO,PENDING_FULL_TEXT,,NO,"Title/abstract screening alone does not establish effectiveness, causality, methodological quality, transferability to Brazilian public safety or an institutional recommendation."
EV-0593,37297641,57HE5M3N,10.3390/ijerph20116037,How Do We Keep our Heads above Water? An Embedded Mixed-Methods Study Exploring Implementation of a Workplace Reintegration Program for Nurses Affected by Operational Stress Injury.,FULL_TEXT_QUEUE,P1,22,4,11,1,6,PMC_AVAILABLE,https://pmc.ncbi.nlm.nih.gov/articles/PMC10252876/,"Journal Article | Research Support, Non-U.S. Gov't",C,NO,NO,PENDING_FULL_TEXT,,NO,"Title/abstract screening alone does not establish effectiveness, causality, methodological quality, transferability to Brazilian public safety or an institutional recommendation."
EV-0523,38115970,45XR289H,10.1136/tsaco-2023-001292,Implementation science in action: national organization of an ambitious first responder training program.,FULL_TEXT_QUEUE,P1,22,4,11,1,6,PMC_AVAILABLE,https://pmc.ncbi.nlm.nih.gov/articles/PMC10729156/,Comment | Journal Article,C,NO,NO,PENDING_FULL_TEXT,,NO,"Title/abstract screening alone does not establish effectiveness, causality, methodological quality, transferability to Brazilian public safety or an institutional recommendation."
EV-0503,38322801,7Q3Z785H,10.1177/26334895231220259,Barriers and enablers to implementing police mental health co-responder programs: A qualitative study using the consolidated framework for implementation research.,FULL_TEXT_QUEUE,P1,22,4,11,1,6,PMC_AVAILABLE,https://pmc.ncbi.nlm.nih.gov/articles/PMC10775732/,Journal Article,C,NO,NO,PENDING_FULL_TEXT,,NO,"Title/abstract screening alone does not establish effectiveness, causality, methodological quality, transferability to Brazilian public safety or an institutional recommendation."
EV-0447,39028235,5H6N3ED3,10.5811/westjem.18033,Harm Reduction in the Field: First Responders' Perceptions of Opioid Overdose Interventions.,FULL_TEXT_QUEUE,P1,22,4,11,1,6,PMC_AVAILABLE,https://pmc.ncbi.nlm.nih.gov/articles/PMC11254139/,Journal Article,C,NO,NO,PENDING_FULL_TEXT,,NO,"Title/abstract screening alone does not establish effectiveness, causality, methodological quality, transferability to Brazilian public safety or an institutional recommendation."
EV-0425,39205432,96HF9IFT,10.1111/dar.13926,"""You might be nice, but where you take me, they're not gonna be"": Preferences for field-based post-overdose interventions.",FULL_TEXT_QUEUE,P1,22,4,11,1,6,PMC_AVAILABLE,https://pmc.ncbi.nlm.nih.gov/articles/PMC12372593/,"Journal Article | Research Support, Non-U.S. Gov't",C,NO,NO,PENDING_FULL_TEXT,,NO,"Title/abstract screening alone does not establish effectiveness, causality, methodological quality, transferability to Brazilian public safety or an institutional recommendation."
EV-0367,39808097,Q45USE2S,10.1016/j.jen.2024.12.010,Emergency Nurses' Perspectives on Adopting Geriatric Screenings for Cognitive Impairment: A Qualitative Study.,FULL_TEXT_QUEUE,P1,22,4,11,1,6,PMC_AVAILABLE,https://pmc.ncbi.nlm.nih.gov/articles/PMC12064357/,Journal Article,C,NO,NO,PENDING_FULL_TEXT,,NO,"Title/abstract screening alone does not establish effectiveness, causality, methodological quality, transferability to Brazilian public safety or an institutional recommendation."
EV-0176,41492854,2KBKDFBY,10.1111/hex.70552,"""Convenience, Quickness, and Compassion"": Experiences of People Involved in the Criminal-Legal System Accessing Medications for Opioid Use Disorder Services From a Mobile Unit in Chicago.",FULL_TEXT_QUEUE,P1,22,4,11,1,6,PMC_AVAILABLE,https://pmc.ncbi.nlm.nih.gov/articles/PMC12771649/,"Journal Article | Research Support, N.I.H., Extramural",C,NO,NO,PENDING_FULL_TEXT,,NO,"Title/abstract screening alone does not establish effectiveness, causality, methodological quality, transferability to Brazilian public safety or an institutional recommendation."
EV-0171,41520119,P5KDUIF2,10.1186/s40814-025-01758-7,Implementing a peer navigation program for individuals with serious mental illness in the criminal legal system: insights and lessons learned.,FULL_TEXT_QUEUE,P1,22,4,11,1,6,PMC_AVAILABLE,https://pmc.ncbi.nlm.nih.gov/articles/PMC12882353/,Journal Article,C,NO,NO,PENDING_FULL_TEXT,,NO,"Title/abstract screening alone does not establish effectiveness, causality, methodological quality, transferability to Brazilian public safety or an institutional recommendation."
EV-0160,41626406,FU3CE6LR,10.1177/29768357251413412,Building Community Capacity for Harm Reduction: An Adaptive Implementation Science Approach in Rural Appalachian Ohio.,FULL_TEXT_QUEUE,P1,22,4,11,1,6,PMC_AVAILABLE,https://pmc.ncbi.nlm.nih.gov/articles/PMC12852583/,Journal Article,C,NO,NO,PENDING_FULL_TEXT,,NO,"Title/abstract screening alone does not establish effectiveness, causality, methodological quality, transferability to Brazilian public safety or an institutional recommendation."
EV-0157,41673910,9S3E8CNQ,10.1186/s12954-026-01413-1,Drug checking services: barriers and facilitators to implementation by U.S. syringe services programs.,FULL_TEXT_QUEUE,P1,22,4,11,1,6,PMC_AVAILABLE,https://pmc.ncbi.nlm.nih.gov/articles/PMC12998156/,"Journal Article | Research Support, U.S. Gov't, P.H.S.",C,NO,NO,PENDING_FULL_TEXT,,NO,"Title/abstract screening alone does not establish effectiveness, causality, methodological quality, transferability to Brazilian public safety or an institutional recommendation."
EV-0091,42196761,ME325L4C,10.3390/ijerph23050669,Building a Resilience Ecosystem to Improve Employee Mental Health and Wellbeing in Canadian High-Stress Low-Control Occupations.,FULL_TEXT_QUEUE,P1,22,4,11,1,6,PMC_AVAILABLE,https://pmc.ncbi.nlm.nih.gov/articles/PMC13206323/,Journal Article,C,NO,NO,PENDING_FULL_TEXT,,NO,"Title/abstract screening alone does not establish effectiveness, causality, methodological quality, transferability to Brazilian public safety or an institutional recommendation."
EV-0572,37565409,5QBL9A95,10.1111/jnu.12929,"Nurses' preparedness, opinions, barriers, and facilitators in responding to intimate partner violence: A mixed-methods study.",FULL_TEXT_QUEUE,P1,21,2,11,2,6,DISCOVERY_REQUIRED,https://doi.org/10.1111/jnu.12929,Journal Article | Review,C,NO,NO,PENDING_FULL_TEXT,,NO,"Title/abstract screening alone does not establish effectiveness, causality, methodological quality, transferability to Brazilian public safety or an institutional recommendation."
EV-1328,19947877,NCPMCR97,10.3109/10903120903349762,Trauma care training for National Police nurses in Colombia.,FULL_TEXT_QUEUE,P1,20,4,11,1,4,PMC_AVAILABLE,https://pmc.ncbi.nlm.nih.gov/articles/PMC3413284/,"Journal Article | Research Support, N.I.H., Extramural | Research Support, Non-U.S. Gov't",B,NO,NO,PENDING_FULL_TEXT,,NO,"Title/abstract screening alone does not establish effectiveness, causality, methodological quality, transferability to Brazilian public safety or an institutional recommendation."
EV-1232,24183771,HEYDTUVF,10.7205/milmed-d-13-00127,Identification of barriers to adaptation of battlefield technologies into civilian trauma in California.,FULL_TEXT_QUEUE,P1,20,2,11,3,4,DISCOVERY_REQUIRED,https://doi.org/10.7205/milmed-d-13-00127,Journal Article | Multicenter Study | Randomized Controlled Trial,B,NO,NO,PENDING_FULL_TEXT,,NO,"Title/abstract screening alone does not establish effectiveness, causality, methodological quality, transferability to Brazilian public safety or an institutional recommendation."
EV-0896,32191195,FISZESIY,10.5811/westjem.2019.11.44887,How to Stop the Bleed: First Care Provider Model for Developing Public Trauma Response Beyond Basic Hemorrhage Control.,FULL_TEXT_QUEUE,P1,20,4,11,1,4,PMC_AVAILABLE,https://pmc.ncbi.nlm.nih.gov/articles/PMC7081854/,Journal Article,B,NO,NO,PENDING_FULL_TEXT,,NO,"Title/abstract screening alone does not establish effectiveness, causality, methodological quality, transferability to Brazilian public safety or an institutional recommendation."
EV-0791,33909512,JL2TE34F,10.1080/10903127.2021.1922556,Assessment of Fall-Related Emergency Medical Service Calls and Transports after a Community-Level Fall-Prevention Initiative.,FULL_TEXT_QUEUE,P1,20,4,9,1,6,PMC_AVAILABLE,https://pmc.ncbi.nlm.nih.gov/articles/PMC8626520/,"Journal Article | Research Support, N.I.H., Extramural | Research Support, Non-U.S. Gov't",C,NO,NO,PENDING_FULL_TEXT,,NO,"Title/abstract screening alone does not establish effectiveness, causality, methodological quality, transferability to Brazilian public safety or an institutional recommendation."
EV-0776,34238863,BM2ILMQS,10.1097/ta.0000000000003337,Is tactical combat casualty care in terrorist attacks suitable for civilian first responders?,FULL_TEXT_QUEUE,P1,20,2,11,3,4,DISCOVERY_REQUIRED,https://doi.org/10.1097/ta.0000000000003337,Journal Article | Systematic Review,B,NO,NO,PENDING_FULL_TEXT,,NO,"Title/abstract screening alone does not establish effectiveness, causality, methodological quality, transferability to Brazilian public safety or an institutional recommendation."
EV-0736,34969144,9XKFAGGC,10.55460/9u6s-1k7m,The Management of Abdominal Evisceration in Tactical Combat Casualty Care: TCCC Guideline Change 20-02.,FULL_TEXT_QUEUE,P1,20,2,11,3,4,DISCOVERY_REQUIRED,https://doi.org/10.55460/9u6s-1k7m,Journal Article | Practice Guideline | Systematic Review,B,NO,NO,PENDING_FULL_TEXT,,NO,"Title/abstract screening alone does not establish effectiveness, causality, methodological quality, transferability to Brazilian public safety or an institutional recommendation."
EV-0723,35120531,NDHXQXSC,10.1186/s12954-022-00590-z,The Bronze Age of drug checking: barriers and facilitators to implementing advanced drug checking amidst police violence and COVID-19.,FULL_TEXT_QUEUE,P1,20,4,9,1,6,PMC_AVAILABLE,https://pmc.ncbi.nlm.nih.gov/articles/PMC8814788/,"Journal Article | Research Support, Non-U.S. Gov't",C,NO,NO,PENDING_FULL_TEXT,,NO,"Title/abstract screening alone does not establish effectiveness, causality, methodological quality, transferability to Brazilian public safety or an institutional recommendation."
EV-0629,36747268,LCFHG7J2,10.1186/s13722-023-00363-4,Implementation of an integrated infectious disease and substance use disorder team for injection drug use-associated infections: a qualitative study.,FULL_TEXT_QUEUE,P1,20,4,9,1,6,PMC_AVAILABLE,https://pmc.ncbi.nlm.nih.gov/articles/PMC9902242/,"Journal Article | Research Support, N.I.H., Extramural",C,NO,NO,PENDING_FULL_TEXT,,NO,"Title/abstract screening alone does not establish effectiveness, causality, methodological quality, transferability to Brazilian public safety or an institutional recommendation."
EV-0592,37326779,C3CAQKDL,10.1007/s10552-023-01732-9,Supporting implementation science and health equity in cancer prevention and control through research networks.,FULL_TEXT_QUEUE,P1,20,4,9,1,6,PMC_AVAILABLE,https://pmc.ncbi.nlm.nih.gov/articles/PMC10689544/,Journal Article,C,NO,NO,PENDING_FULL_TEXT,,NO,"Title/abstract screening alone does not establish effectiveness, causality, methodological quality, transferability to Brazilian public safety or an institutional recommendation."
EV-0515,38233933,FV2SE2HG,10.1186/s13011-023-00590-7,Planning and implementing community-based drug checking services in Scotland: a qualitative exploration using the consolidated framework for implementation research.,FULL_TEXT_QUEUE,P1,20,4,9,1,6,PMC_AVAILABLE,https://pmc.ncbi.nlm.nih.gov/articles/PMC10795311/,Journal Article,C,NO,NO,PENDING_FULL_TEXT,,NO,"Title/abstract screening alone does not establish effectiveness, causality, methodological quality, transferability to Brazilian public safety or an institutional recommendation."
EV-0439,39119394,AGAPQVEJ,10.7759/cureus.64132,Evaluation of Current and Future Medical Staff Knowledge on the Course of Trauma Patient Management.,FULL_TEXT_QUEUE,P1,20,4,11,1,4,PMC_AVAILABLE,https://pmc.ncbi.nlm.nih.gov/articles/PMC11307241/,Journal Article,B,NO,NO,PENDING_FULL_TEXT,,NO,"Title/abstract screening alone does not establish effectiveness, causality, methodological quality, transferability to Brazilian public safety or an institutional recommendation."
EV-0405,39425094,N3LQZTNN,10.1186/s12889-024-20336-9,The decriminalization of illicit drugs in British Columbia: a national evaluation protocol.,FULL_TEXT_QUEUE,P1,20,4,9,1,6,PMC_AVAILABLE,https://pmc.ncbi.nlm.nih.gov/articles/PMC11490149/,"Journal Article | Research Support, Non-U.S. Gov't",C,NO,NO,PENDING_FULL_TEXT,,NO,"Title/abstract screening alone does not establish effectiveness, causality, methodological quality, transferability to Brazilian public safety or an institutional recommendation."
EV-0353,39946838,II8QGH33,10.1016/j.comppsych.2025.152581,Developing families-forward innovations in public safety personnel organizations.,FULL_TEXT_QUEUE,P1,20,2,11,1,6,DISCOVERY_REQUIRED,https://doi.org/10.1016/j.comppsych.2025.152581,"Journal Article | Research Support, Non-U.S. Gov't",C,NO,NO,PENDING_FULL_TEXT,,NO,"Title/abstract screening alone does not establish effectiveness, causality, methodological quality, transferability to Brazilian public safety or an institutional recommendation."
EV-0342,40111854,2UL24D28,10.1037/ser0000957,"Exploring perceptions of burnout, compassion fatigue, and coping: An implementation science approach to responder stress.",FULL_TEXT_QUEUE,P1,20,2,11,1,6,DISCOVERY_REQUIRED,https://doi.org/10.1037/ser0000957,Journal Article,C,NO,NO,PENDING_FULL_TEXT,,NO,"Title/abstract screening alone does not establish effectiveness, causality, methodological quality, transferability to Brazilian public safety or an institutional recommendation."
EV-0335,40156033,RALPHKM3,10.1186/s12954-025-01193-0,"""I don't let anybody die on my watch"": perspectives on the intersection of community overdose response and emergency medical services among people who use drugs in Seattle, WA.",FULL_TEXT_QUEUE,P1,20,4,9,1,6,PMC_AVAILABLE,https://pmc.ncbi.nlm.nih.gov/articles/PMC11951663/,"Journal Article | Research Support, Non-U.S. Gov't",C,NO,NO,PENDING_FULL_TEXT,,NO,"Title/abstract screening alone does not establish effectiveness, causality, methodological quality, transferability to Brazilian public safety or an institutional recommendation."
EV-0316,40406195,IPT4R6IA,10.1177/10986111241265290,Using Implementation Science to Improve Evidence-Based Policing: An Introduction for Researchers and Practitioners.,FULL_TEXT_QUEUE,P1,20,4,9,1,6,PMC_AVAILABLE,https://pmc.ncbi.nlm.nih.gov/articles/PMC12094109/,Journal Article,C,NO,NO,PENDING_FULL_TEXT,,NO,"Title/abstract screening alone does not establish effectiveness, causality, methodological quality, transferability to Brazilian public safety or an institutional recommendation."
EV-0282,40710431,DSDH9DAX,10.3390/jpm15070314,"Integrating Telemedical Supervision, Responder Apps, and Data-Driven Triage: The RuralRescue Model of Personalized Emergency Care.",FULL_TEXT_QUEUE,P1,20,4,11,1,4,PMC_AVAILABLE,https://pmc.ncbi.nlm.nih.gov/articles/PMC12298807/,Journal Article,C,NO,NO,PENDING_FULL_TEXT,,NO,"Title/abstract screening alone does not establish effectiveness, causality, methodological quality, transferability to Brazilian public safety or an institutional recommendation."
EV-0252,40979841,CGBGDU6Y,10.1080/15614263.2025.2512806,Why innovations in policing don't work or don't translate: An implementation science survey of US police leaders.,FULL_TEXT_QUEUE,P1,20,4,9,1,6,PMC_AVAILABLE,https://pmc.ncbi.nlm.nih.gov/articles/PMC12448121/,Journal Article,C,NO,NO,PENDING_FULL_TEXT,,NO,"Title/abstract screening alone does not establish effectiveness, causality, methodological quality, transferability to Brazilian public safety or an institutional recommendation."
EV-0225,41175613,K67WZT9Y,10.1016/j.comppsych.2025.152643,"Adaptation, implementation, and evaluation of a protective mental health intervention (Resilient minds) for Canadian volunteer firefighters.",FULL_TEXT_QUEUE,P1,20,2,11,1,6,DISCOVERY_REQUIRED,https://doi.org/10.1016/j.comppsych.2025.152643,"Journal Article | Research Support, Non-U.S. Gov't",C,NO,NO,PENDING_FULL_TEXT,,NO,"Title/abstract screening alone does not establish effectiveness, causality, methodological quality, transferability to Brazilian public safety or an institutional recommendation."
EV-0167,41537090,X6PMUAYB,10.1007/s11292-025-09711-7,Does automated feedback impact the acceptability of AI-generated police body worn camera review? An implementation science natural experiment.,FULL_TEXT_QUEUE,P1,20,4,9,1,6,PMC_AVAILABLE,https://pmc.ncbi.nlm.nih.gov/articles/PMC12798756/,Journal Article,C,NO,NO,PENDING_FULL_TEXT,,NO,"Title/abstract screening alone does not establish effectiveness, causality, methodological quality, transferability to Brazilian public safety or an institutional recommendation."
EV-0118,41989421,N383QBQW,10.1037/ser0001026,Contextual determinants of the implementation of a mental health diversion policy in California: Lessons learned from local implementation partners.,FULL_TEXT_QUEUE,P1,20,2,11,1,6,DISCOVERY_REQUIRED,https://doi.org/10.1037/ser0001026,Journal Article,C,NO,NO,PENDING_FULL_TEXT,,NO,"Title/abstract screening alone does not establish effectiveness, causality, methodological quality, transferability to Brazilian public safety or an institutional recommendation."
EV-0103,42093038,MG4ER9GE,10.1186/s13049-026-01621-5,The role of tactical police medics in the prehospital environment: results from an interview study.,FULL_TEXT_QUEUE,P1,20,4,11,1,4,PMC_AVAILABLE,https://pmc.ncbi.nlm.nih.gov/articles/PMC13147615/,Journal Article,B,NO,NO,PENDING_FULL_TEXT,,NO,"Title/abstract screening alone does not establish effectiveness, causality, methodological quality, transferability to Brazilian public safety or an institutional recommendation."
EV-1301,21761154,APIWLAEY,10.1007/s11121-011-0234-5,Family-centered preventive intervention for military families: implications for implementation science.,FULL_TEXT_QUEUE,P1,19,4,11,1,3,PMC_AVAILABLE,https://pmc.ncbi.nlm.nih.gov/articles/PMC3218271/,"Journal Article | Research Support, U.S. Gov't, Non-P.H.S.",C,NO,NO,PENDING_FULL_TEXT,,NO,"Title/abstract screening alone does not establish effectiveness, causality, methodological quality, transferability to Brazilian public safety or an institutional recommendation."
EV-1238,24084057,GC94XR2R,10.1016/j.jemermed.2013.08.022,Physician roles in tactical emergency medical support: the first 20 years.,FULL_TEXT_QUEUE,P1,19,2,11,2,4,DISCOVERY_REQUIRED,https://doi.org/10.1016/j.jemermed.2013.08.022,Journal Article | Review,B,NO,NO,PENDING_FULL_TEXT,,NO,"Title/abstract screening alone does not establish effectiveness, causality, methodological quality, transferability to Brazilian public safety or an institutional recommendation."
EV-1208,24952052,4U2VSEKB,10.55460/2qza-hklc,Development of a National Consensus for Tactical Emergency Medical Support (TEMS) Training Programs--Operators and Medical Providers.,FULL_TEXT_QUEUE,P1,19,2,11,2,4,DISCOVERY_REQUIRED,https://doi.org/10.55460/2qza-hklc,Consensus Statement | Journal Article,B,NO,NO,PENDING_FULL_TEXT,,NO,"Title/abstract screening alone does not establish effectiveness, causality, methodological quality, transferability to Brazilian public safety or an institutional recommendation."
EV-1161,26482826,Z6LUMA39,10.1016/j.jemermed.2015.09.013,The Hartford Consensus on Active Shooters: Implementing the Continuum of Prehospital Trauma Response.,FULL_TEXT_QUEUE,P1,19,2,11,2,4,DISCOVERY_REQUIRED,https://doi.org/10.1016/j.jemermed.2015.09.013,Consensus Statement | Journal Article,B,NO,NO,PENDING_FULL_TEXT,,NO,"Title/abstract screening alone does not establish effectiveness, causality, methodological quality, transferability to Brazilian public safety or an institutional recommendation."
EV-1096,28318991,N7RLX6Y2,10.1016/j.wem.2016.12.005,Bleeding Control Using Hemostatic Dressings: Lessons Learned.,FULL_TEXT_QUEUE,P1,19,2,11,2,4,DISCOVERY_REQUIRED,https://doi.org/10.1016/j.wem.2016.12.005,Journal Article | Review,B,NO,NO,PENDING_FULL_TEXT,,NO,"Title/abstract screening alone does not establish effectiveness, causality, methodological quality, transferability to Brazilian public safety or an institutional recommendation."
EV-1089,28478999,5YXFZFF2,10.1016/j.wem.2017.03.002,Integration of Tactical EMS in the National Park Service.,FULL_TEXT_QUEUE,P1,19,2,11,2,4,DISCOVERY_REQUIRED,https://doi.org/10.1016/j.wem.2017.03.002,Journal Article | Review,B,NO,NO,PENDING_FULL_TEXT,,NO,"Title/abstract screening alone does not establish effectiveness, causality, methodological quality, transferability to Brazilian public safety or an institutional recommendation."
EV-1039,29373993,6MPHY37M,10.1186/s13063-017-2437-y,A hybrid type I trial to increase Veterans' access to insomnia care: study protocol for a randomized controlled trial.,FULL_TEXT_QUEUE,P1,19,4,11,1,3,PMC_AVAILABLE,https://pmc.ncbi.nlm.nih.gov/articles/PMC5787269/,Clinical Trial Protocol | Journal Article,C,NO,NO,PENDING_FULL_TEXT,,NO,"Title/abstract screening alone does not establish effectiveness, causality, methodological quality, transferability to Brazilian public safety or an institutional recommendation."
EV-1024,29635602,D5GFM9SJ,10.1093/milmed/usx211,A Review of Casualties Transported to Role 2 Medical Treatment Facilities in Afghanistan.,FULL_TEXT_QUEUE,P1,19,2,11,2,4,DISCOVERY_REQUIRED,https://doi.org/10.1093/milmed/usx211,"Journal Article | Research Support, U.S. Gov't, Non-P.H.S. | Review",B,NO,NO,PENDING_FULL_TEXT,,NO,"Title/abstract screening alone does not establish effectiveness, causality, methodological quality, transferability to Brazilian public safety or an institutional recommendation."
EV-0796,33824854,JFH3WYDJ,10.4102/ajlm.v10i1.1057,"From benchmarking to best practices: Lessons from the laboratory quality improvement programme at the military teaching hospital in Cotonou, Benin.",FULL_TEXT_QUEUE,P1,19,4,11,1,3,PMC_AVAILABLE,https://pmc.ncbi.nlm.nih.gov/articles/PMC8008048/,Journal Article,C,NO,NO,PENDING_FULL_TEXT,,NO,"Title/abstract screening alone does not establish effectiveness, causality, methodological quality, transferability to Brazilian public safety or an institutional recommendation."
EV-0632,36689353,YI553PD6,10.1080/10903127.2023.2172493,"Comparing the Effects of Low-Dose Ketamine, Fentanyl, and Morphine on Hemorrhagic Tolerance and Analgesia in Humans.",FULL_TEXT_QUEUE,P1,19,4,11,3,1,PMC_AVAILABLE,https://pmc.ncbi.nlm.nih.gov/articles/PMC10329983/,"Journal Article | Randomized Controlled Trial | Research Support, N.I.H., Extramural | Research Support, Non-U.S. Gov't | Research Support, U.S. Gov't, Non-P.H.S.",B,NO,NO,PENDING_FULL_TEXT,,NO,"Title/abstract screening alone does not establish effectiveness, causality, methodological quality, transferability to Brazilian public safety or an institutional recommendation."
EV-0458,38943537,LNMMU5UA,10.1093/milmed/usae332,Organizational Capacity for Sexual Assault Prevention Within a U.S. Army Installation.,FULL_TEXT_QUEUE,P1,19,4,11,1,3,PMC_AVAILABLE,https://pmc.ncbi.nlm.nih.gov/articles/PMC13396151/,"Journal Article | Research Support, N.I.H., Extramural | Research Support, U.S. Gov't, Non-P.H.S.",C,NO,NO,PENDING_FULL_TEXT,,NO,"Title/abstract screening alone does not establish effectiveness, causality, methodological quality, transferability to Brazilian public safety or an institutional recommendation."
EV-0452,38996420,FGZVT27X,10.1097/ta.0000000000004395,Who needs a tourniquet? And who does not? Lessons learned from a review of tourniquet use in the Russo-Ukrainian war.,FULL_TEXT_QUEUE,P1,19,2,11,2,4,DISCOVERY_REQUIRED,https://doi.org/10.1097/ta.0000000000004395,Journal Article | Review,B,NO,NO,PENDING_FULL_TEXT,,NO,"Title/abstract screening alone does not establish effectiveness, causality, methodological quality, transferability to Brazilian public safety or an institutional recommendation."
EV-0376,39727243,HB4UCH3I,10.1177/15248380241305567,Integrating Implementation Science in Interpersonal Violence Research and Practice: A Systematic Review of Barriers and Facilitators of Implementation.,FULL_TEXT_QUEUE,P1,19,4,6,3,6,PMC_AVAILABLE,https://pmc.ncbi.nlm.nih.gov/articles/PMC12202711/,Journal Article | Systematic Review,C,NO,NO,PENDING_FULL_TEXT,,NO,"Title/abstract screening alone does not establish effectiveness, causality, methodological quality, transferability to Brazilian public safety or an institutional recommendation."
EV-0331,40200615,IBDN3TES,10.59556/japi.73.0888,Implementation Strategies to Improve Survival Outcomes after Out-of-Hospital Cardiac Arrest: Global Challenges and Disparities.,FULL_TEXT_QUEUE,P1,19,2,11,2,4,DISCOVERY_REQUIRED,https://doi.org/10.59556/japi.73.0888,Journal Article | Review,C,NO,NO,PENDING_FULL_TEXT,,NO,"Title/abstract screening alone does not establish effectiveness, causality, methodological quality, transferability to Brazilian public safety or an institutional recommendation."
EV-0232,41124342,EGARHWCV,10.1093/milmed/usaf505,Impact of Acoustic Gunshot Detection Technology on Prehospital Transport and Time to Treatment: A Narrative Review With Directions for Future Military Conflicts.,FULL_TEXT_QUEUE,P1,19,2,11,2,4,DISCOVERY_REQUIRED,https://doi.org/10.1093/milmed/usaf505,Journal Article | Review,B,NO,NO,PENDING_FULL_TEXT,,NO,"Title/abstract screening alone does not establish effectiveness, causality, methodological quality, transferability to Brazilian public safety or an institutional recommendation."
EV-0173,41505037,9M52HSVN,10.1111/trf.18467,Tactical transfusion-Importance and logistics of integrating prehospital blood in tactical EMS operations.,FULL_TEXT_QUEUE,P1,19,2,11,2,4,DISCOVERY_REQUIRED,https://doi.org/10.1111/trf.18467,Journal Article | Review,B,NO,NO,PENDING_FULL_TEXT,,NO,"Title/abstract screening alone does not establish effectiveness, causality, methodological quality, transferability to Brazilian public safety or an institutional recommendation."
EV-1413,10163383,4967Q6JR,10.1017/s1049023x00042953,Into the fray: integration of emergency medical services and special weapons and tactics (SWAT) teams.,FULL_TEXT_QUEUE,P1,18,2,11,1,4,DISCOVERY_REQUIRED,https://doi.org/10.1017/s1049023x00042953,Journal Article,B,NO,NO,PENDING_FULL_TEXT,,NO,"Title/abstract screening alone does not establish effectiveness, causality, methodological quality, transferability to Brazilian public safety or an institutional recommendation."
EV-1378,15748013,HRNPCIDG,10.1017/s1049023x00002120,Successful development and implementation of' a tactical emergency medical technician training program for United States federal agents.,FULL_TEXT_QUEUE,P1,18,2,11,1,4,DISCOVERY_REQUIRED,https://doi.org/10.1017/s1049023x00002120,Journal Article,B,NO,NO,PENDING_FULL_TEXT,,NO,"Title/abstract screening alone does not establish effectiveness, causality, methodological quality, transferability to Brazilian public safety or an institutional recommendation."
EV-1350,18154234,LMW7Q2XQ,10.7205/milmed.172.supplement_1.1,Tactical combat casualty care 2007: evolving concepts and battlefield experience.,FULL_TEXT_QUEUE,P1,18,2,11,1,4,DISCOVERY_REQUIRED,https://doi.org/10.7205/milmed.172.supplement_1.1,Journal Article,B,NO,NO,PENDING_FULL_TEXT,,NO,"Title/abstract screening alone does not establish effectiveness, causality, methodological quality, transferability to Brazilian public safety or an institutional recommendation."
EV-1344,18385001,TEYYG4IR,10.1016/j.jemermed.2007.11.024,Tactical emergency medical support: physician involvement and injury patterns in tactical teams.,FULL_TEXT_QUEUE,P1,18,2,11,1,4,DISCOVERY_REQUIRED,https://doi.org/10.1016/j.jemermed.2007.11.024,Journal Article,B,NO,NO,PENDING_FULL_TEXT,,NO,"Title/abstract screening alone does not establish effectiveness, causality, methodological quality, transferability to Brazilian public safety or an institutional recommendation."
EV-1332,19682822,9BEXTMD3,10.1016/j.jemermed.2009.06.110,Resident involvement in civilian tactical emergency medicine.,FULL_TEXT_QUEUE,P1,18,2,11,1,4,DISCOVERY_REQUIRED,https://doi.org/10.1016/j.jemermed.2009.06.110,Journal Article,B,NO,NO,PENDING_FULL_TEXT,,NO,"Title/abstract screening alone does not establish effectiveness, causality, methodological quality, transferability to Brazilian public safety or an institutional recommendation."
EV-1331,19731167,6TKPT6C2,10.1080/10903120903144940,The lifesaving potential of specialized on-scene medical support for urban tactical operations.,FULL_TEXT_QUEUE,P1,18,2,11,1,4,DISCOVERY_REQUIRED,https://doi.org/10.1080/10903120903144940,"Journal Article | Research Support, Non-U.S. Gov't",B,NO,NO,PENDING_FULL_TEXT,,NO,"Title/abstract screening alone does not establish effectiveness, causality, methodological quality, transferability to Brazilian public safety or an institutional recommendation."
EV-1315,20845323,7UJY87AA,10.1017/s1049023x00008323,Tactical medical skill requirements for law enforcement officers: a 10-year analysis of line-of-duty deaths.,FULL_TEXT_QUEUE,P1,18,2,11,1,4,DISCOVERY_REQUIRED,https://doi.org/10.1017/s1049023x00008323,Journal Article,B,NO,NO,PENDING_FULL_TEXT,,NO,"Title/abstract screening alone does not establish effectiveness, causality, methodological quality, transferability to Brazilian public safety or an institutional recommendation."
EV-1274,22985714,K238YFFR,10.1017/s1049023x12001112,Ethical considerations in embedding a surgeon in a military or civilian tactical team.,FULL_TEXT_QUEUE,P1,18,2,11,1,4,DISCOVERY_REQUIRED,https://doi.org/10.1017/s1049023x12001112,Journal Article,B,NO,NO,PENDING_FULL_TEXT,,NO,"Title/abstract screening alone does not establish effectiveness, causality, methodological quality, transferability to Brazilian public safety or an institutional recommendation."
EV-1246,23993329,KXERWEVK,10.1016/j.jemermed.2013.01.026,Law enforcement and the long gun: do we need a new face in the fight?,FULL_TEXT_QUEUE,P1,18,2,11,1,4,DISCOVERY_REQUIRED,https://doi.org/10.1016/j.jemermed.2013.01.026,Journal Article,B,NO,NO,PENDING_FULL_TEXT,,NO,"Title/abstract screening alone does not establish effectiveness, causality, methodological quality, transferability to Brazilian public safety or an institutional recommendation."
EV-1240,24048997,6QFB4SAB,10.55460/ceyd-3287,Operator Training and TEMS Support: A Survey of Unit Leaders in Northern and Central California.,FULL_TEXT_QUEUE,P1,18,2,11,1,4,DISCOVERY_REQUIRED,https://doi.org/10.55460/ceyd-3287,Journal Article,B,NO,NO,PENDING_FULL_TEXT,,NO,"Title/abstract screening alone does not establish effectiveness, causality, methodological quality, transferability to Brazilian public safety or an institutional recommendation."
EV-1239,24081544,VU5EX9G2,10.1007/s10567-013-0155-x,Understanding and supporting the resilience of a new generation of combat-exposed military families and their children.,FULL_TEXT_QUEUE,P1,18,2,11,2,3,DISCOVERY_REQUIRED,https://doi.org/10.1007/s10567-013-0155-x,Journal Article | Review,C,NO,NO,PENDING_FULL_TEXT,,NO,"Title/abstract screening alone does not establish effectiveness, causality, methodological quality, transferability to Brazilian public safety or an institutional recommendation."
EV-1233,24183769,LRGJJSV3,10.7205/milmed-d-13-00141,Self-rated readiness for performance of needle decompression in combat lifesaver training.,FULL_TEXT_QUEUE,P1,18,2,11,1,4,DISCOVERY_REQUIRED,https://doi.org/10.7205/milmed-d-13-00141,Journal Article,B,NO,NO,PENDING_FULL_TEXT,,NO,"Title/abstract screening alone does not establish effectiveness, causality, methodological quality, transferability to Brazilian public safety or an institutional recommendation."
EV-1230,24227567,GRG8B286,10.55460/ef77-ldyw,"Tactical emergency casualty care?pediatric appendix: novel guidelines for the care of the pediatric casualty in the high-threat, prehospital environment.",FULL_TEXT_QUEUE,P1,18,2,11,1,4,DISCOVERY_REQUIRED,https://doi.org/10.55460/ef77-ldyw,Journal Article,B,NO,NO,PENDING_FULL_TEXT,,NO,"Title/abstract screening alone does not establish effectiveness, causality, methodological quality, transferability to Brazilian public safety or an institutional recommendation."
EV-1220,24565135,M5NQZXWU,10.1016/j.socscimed.2013.11.038,Do flexible alcohol trading hours reduce violence? A theory-based natural experiment in alcohol policy.,FULL_TEXT_QUEUE,P1,18,2,9,1,6,DISCOVERY_REQUIRED,https://doi.org/10.1016/j.socscimed.2013.11.038,"Journal Article | Research Support, Non-U.S. Gov't",C,NO,NO,PENDING_FULL_TEXT,,NO,"Title/abstract screening alone does not establish effectiveness, causality, methodological quality, transferability to Brazilian public safety or an institutional recommendation."
EV-1209,24952050,VV6BT3AY,10.55460/eryz-toma,Clinical encounters in tactical medicine: a mission-specific analysis of the Maryland State Police experience.,FULL_TEXT_QUEUE,P1,18,2,11,1,4,DISCOVERY_REQUIRED,https://doi.org/10.55460/eryz-toma,Journal Article,B,NO,NO,PENDING_FULL_TEXT,,NO,"Title/abstract screening alone does not establish effectiveness, causality, methodological quality, transferability to Brazilian public safety or an institutional recommendation."
EV-1196,25344707,SUK7F2ED,10.55460/03vo-8flo,Management of External Hemorrhage in Tactical Combat Casualty Care: Chitosan-Based Hemostatic Gauze Dressings--TCCC Guidelines-Change 13-05.,FULL_TEXT_QUEUE,P1,18,2,11,1,4,DISCOVERY_REQUIRED,https://doi.org/10.55460/03vo-8flo,Journal Article,B,NO,NO,PENDING_FULL_TEXT,,NO,"Title/abstract screening alone does not establish effectiveness, causality, methodological quality, transferability to Brazilian public safety or an institutional recommendation."
EV-1194,25350269,Q2JP3FFX,10.3109/10903127.2014.964893,Law enforcement-applied tourniquets: a case series of life-saving interventions.,FULL_TEXT_QUEUE,P1,18,2,11,1,4,DISCOVERY_REQUIRED,https://doi.org/10.3109/10903127.2014.964893,Journal Article,B,NO,NO,PENDING_FULL_TEXT,,NO,"Title/abstract screening alone does not establish effectiveness, causality, methodological quality, transferability to Brazilian public safety or an institutional recommendation."
EV-1165,26360353,NUWFKD5C,10.55460/j3tf-9ekv,The Ranger First Responder Program and Tactical Emergency Casualty Care Implementation: A Whole-Community Approach to Reducing Mortality From Active Violent Incidents.,FULL_TEXT_QUEUE,P1,18,2,11,1,4,DISCOVERY_REQUIRED,https://doi.org/10.55460/j3tf-9ekv,Journal Article,B,NO,NO,PENDING_FULL_TEXT,,NO,"Title/abstract screening alone does not establish effectiveness, causality, methodological quality, transferability to Brazilian public safety or an institutional recommendation."
EV-1127,27566327,W2NJGZPN,10.1007/s11886-016-0770-5,Post-traumatic Stress Disorder and Cardiovascular Disease.,FULL_TEXT_QUEUE,P1,18,2,11,2,3,DISCOVERY_REQUIRED,https://doi.org/10.1007/s11886-016-0770-5,Journal Article | Review,C,NO,NO,PENDING_FULL_TEXT,,NO,"Title/abstract screening alone does not establish effectiveness, causality, methodological quality, transferability to Brazilian public safety or an institutional recommendation."
EV-1105,28219471,HMB67V22,10.1017/s1049023x17000103,"A Descriptive Analysis of Tactical Casualty Care Interventions Performed by Law Enforcement Personnel in the State of Wisconsin, 2010-2015.",FULL_TEXT_QUEUE,P1,18,2,11,1,4,DISCOVERY_REQUIRED,https://doi.org/10.1017/s1049023x17000103,Journal Article,B,NO,NO,PENDING_FULL_TEXT,,NO,"Title/abstract screening alone does not establish effectiveness, causality, methodological quality, transferability to Brazilian public safety or an institutional recommendation."
EV-1087,28521724,IQ67PHYT,10.2174/1570162x15666170517121316,"HIV Risk Behavior and Prevention Considerations Among Military Personnel in Three Caribbean Region Countries: Belize, Barbados, and the Dominican Republic.",FULL_TEXT_QUEUE,P1,18,2,11,2,3,DISCOVERY_REQUIRED,https://doi.org/10.2174/1570162x15666170517121316,Journal Article | Review,C,NO,NO,PENDING_FULL_TEXT,,NO,"Title/abstract screening alone does not establish effectiveness, causality, methodological quality, transferability to Brazilian public safety or an institutional recommendation."
EV-1018,29889957,Q5VDNLG8,10.55460/heb7-ko2v,Old Tricks for New Dogs? John Caddy and the Victorian Origins of TCCC.,FULL_TEXT_QUEUE,P1,18,2,11,1,4,DISCOVERY_REQUIRED,https://doi.org/10.55460/heb7-ko2v,Historical Article | Journal Article,B,NO,NO,PENDING_FULL_TEXT,,NO,"Title/abstract screening alone does not establish effectiveness, causality, methodological quality, transferability to Brazilian public safety or an institutional recommendation."
EV-1009,30168405,D2RT6YCE,10.1017/s1049023x18000730,Effects of Tactical Emergency Casualty Care Training for Law Enforcement Officers.,FULL_TEXT_QUEUE,P1,18,2,11,1,4,DISCOVERY_REQUIRED,https://doi.org/10.1017/s1049023x18000730,Journal Article,B,NO,NO,PENDING_FULL_TEXT,,NO,"Title/abstract screening alone does not establish effectiveness, causality, methodological quality, transferability to Brazilian public safety or an institutional recommendation."
EV-0933,31539432,HZCUWHEQ,10.55460/h8bg-8oup,Management of Hemorrhage From Craniomaxillofacial Injuries and Penetrating Neck Injury in Tactical Combat Casualty Care: iTClamp Mechanical Wound Closure Device TCCC Guidelines Proposed Change 19-04 06 June 2019.,FULL_TEXT_QUEUE,P1,18,2,11,1,4,DISCOVERY_REQUIRED,https://doi.org/10.55460/h8bg-8oup,Journal Article,B,NO,NO,PENDING_FULL_TEXT,,NO,"Title/abstract screening alone does not establish effectiveness, causality, methodological quality, transferability to Brazilian public safety or an institutional recommendation."
EV-0911,31928341,ZTMCNTV3,10.1177/1077801219889176,Shifting the Lens: An Implementation Study of a Community-Based and Social Network Intervention to Gender-Based Violence.,FULL_TEXT_QUEUE,P1,18,2,9,1,6,DISCOVERY_REQUIRED,https://doi.org/10.1177/1077801219889176,Journal Article,C,NO,NO,PENDING_FULL_TEXT,,NO,"Title/abstract screening alone does not establish effectiveness, causality, methodological quality, transferability to Brazilian public safety or an institutional recommendation."
EV-0889,32245715,7FHFGB55,10.1016/j.jsurg.2020.03.001,"Increasing the Effectiveness of ""Stop the Bleed"" Training Through Stepwise Mastery Learning with Deliberate Practice.",FULL_TEXT_QUEUE,P1,18,2,12,1,3,DISCOVERY_REQUIRED,https://doi.org/10.1016/j.jsurg.2020.03.001,Journal Article,C,NO,NO,PENDING_FULL_TEXT,,NO,"Title/abstract screening alone does not establish effectiveness, causality, methodological quality, transferability to Brazilian public safety or an institutional recommendation."
EV-0880,32414356,AUZW2R9S,10.1186/s12889-020-08868-2,"Opportunities for the development of drowning interventions in West Bengal, India: a review of policy and government programs.",FULL_TEXT_QUEUE,P1,18,4,7,3,4,PMC_AVAILABLE,https://pmc.ncbi.nlm.nih.gov/articles/PMC7229618/,Journal Article | Systematic Review,C,NO,NO,PENDING_FULL_TEXT,,NO,"Title/abstract screening alone does not establish effectiveness, causality, methodological quality, transferability to Brazilian public safety or an institutional recommendation."
EV-0862,32884581,MJVWFUAG,10.1186/s13031-020-00308-7,The intergenerational impact of war on mental health and psychosocial wellbeing: lessons from the longitudinal study of war-affected youth in Sierra Leone.,FULL_TEXT_QUEUE,P1,18,4,11,1,2,PMC_AVAILABLE,https://pmc.ncbi.nlm.nih.gov/articles/PMC7461150/,Journal Article,C,NO,NO,PENDING_FULL_TEXT,,NO,"Title/abstract screening alone does not establish effectiveness, causality, methodological quality, transferability to Brazilian public safety or an institutional recommendation."
EV-0831,33320316,DUCXNRWH,10.55460/3dp0-hypt,Riot Medicine: Civil Disturbance Applications of the National Tactical Emergency Medical Support Competency Domains.,FULL_TEXT_QUEUE,P1,18,2,11,1,4,DISCOVERY_REQUIRED,https://doi.org/10.55460/3dp0-hypt,Journal Article,B,NO,NO,PENDING_FULL_TEXT,,NO,"Title/abstract screening alone does not establish effectiveness, causality, methodological quality, transferability to Brazilian public safety or an institutional recommendation."
EV-0813,33588821,IK2LSLH7,10.1186/s12909-021-02530-0,Delivering and implementing child and adolescent mental health training for mental health and allied professionals: a systematic review and qualitative meta-aggregation.,FULL_TEXT_QUEUE,P1,18,4,7,3,4,PMC_AVAILABLE,https://pmc.ncbi.nlm.nih.gov/articles/PMC7885386/,Journal Article | Systematic Review,C,NO,NO,PENDING_FULL_TEXT,,NO,"Title/abstract screening alone does not establish effectiveness, causality, methodological quality, transferability to Brazilian public safety or an institutional recommendation."
EV-0803,33721313,H3M3YQDS,10.55460/n8ew-me22,Immediate Paramedic Tactical Response Unit in a Civilian Emergency Medical Service: The First Year Experience.,FULL_TEXT_QUEUE,P1,18,2,11,1,4,DISCOVERY_REQUIRED,https://doi.org/10.55460/n8ew-me22,Journal Article,B,NO,NO,PENDING_FULL_TEXT,,NO,"Title/abstract screening alone does not establish effectiveness, causality, methodological quality, transferability to Brazilian public safety or an institutional recommendation."
EV-0802,33721315,RYX2MLDN,10.55460/g2x5-lspj,Lessons Learned on the Battlefield Applied in a Civilian Setting.,FULL_TEXT_QUEUE,P1,18,2,11,1,4,DISCOVERY_REQUIRED,https://doi.org/10.55460/g2x5-lspj,Case Reports | Journal Article,B,NO,NO,PENDING_FULL_TEXT,,NO,"Title/abstract screening alone does not establish effectiveness, causality, methodological quality, transferability to Brazilian public safety or an institutional recommendation."
EV-0763,34529812,IRMLP7CP,10.55460/atk4-kwc0,Telementorship in Underway Naval Operations: Leveraging Operational Virtual Health for Tactical Combat Casualty Care.,FULL_TEXT_QUEUE,P1,18,2,11,1,4,DISCOVERY_REQUIRED,https://doi.org/10.55460/atk4-kwc0,Journal Article,B,NO,NO,PENDING_FULL_TEXT,,NO,"Title/abstract screening alone does not establish effectiveness, causality, methodological quality, transferability to Brazilian public safety or an institutional recommendation."
EV-0762,34529820,88QRBL86,10.55460/dyv4-wr3g,First Aid UCV (Green Cross) for Prehospital Medicine in Social Commotion Situations.,FULL_TEXT_QUEUE,P1,18,2,11,1,4,DISCOVERY_REQUIRED,https://doi.org/10.55460/dyv4-wr3g,Journal Article,B,NO,NO,PENDING_FULL_TEXT,,NO,"Title/abstract screening alone does not establish effectiveness, causality, methodological quality, transferability to Brazilian public safety or an institutional recommendation."
EV-0708,35324103,PP2H6VNQ,10.1001/amajethics.2022.150,Tactical Emergency Casualty Care and the Art of Practicing Nonmaleficence in Harm's Way.,FULL_TEXT_QUEUE,P1,18,2,11,1,4,DISCOVERY_REQUIRED,https://doi.org/10.1001/amajethics.2022.150,Journal Article,B,NO,NO,PENDING_FULL_TEXT,,NO,"Title/abstract screening alone does not establish effectiveness, causality, methodological quality, transferability to Brazilian public safety or an institutional recommendation."
EV-0643,36553905,CUD7RC9P,10.3390/healthcare10122381,Inter-Rater and Intra-Rater Reliability of Return-to-Work Screening Tests for UK Firefighters Following Injury.,FULL_TEXT_QUEUE,P1,18,4,9,1,4,PMC_AVAILABLE,https://pmc.ncbi.nlm.nih.gov/articles/PMC9778182/,Journal Article,A,NO,NO,PENDING_FULL_TEXT,,NO,"Title/abstract screening alone does not establish effectiveness, causality, methodological quality, transferability to Brazilian public safety or an institutional recommendation."
EV-0619,36872570,9N7YVHTY,10.1017/s1049023x23000171,Immediate Medical Care Rendered by US Law Enforcement Officers after Officer-Involved Shootings - An Open-Access Public Domain Video Analysis.,FULL_TEXT_QUEUE,P1,18,2,11,1,4,DISCOVERY_REQUIRED,https://doi.org/10.1017/s1049023x23000171,Journal Article | Video-Audio Media,B,NO,NO,PENDING_FULL_TEXT,,NO,"Title/abstract screening alone does not establish effectiveness, causality, methodological quality, transferability to Brazilian public safety or an institutional recommendation."
EV-0588,37344226,WWWRVHNP,10.1080/10903127.2023.2227249,Safe Ground Transport of Pediatric Patients: A Qualitative Assessment of Best Practice Guidelines Implementation.,FULL_TEXT_QUEUE,P1,18,4,11,1,2,PMC_AVAILABLE,https://pmc.ncbi.nlm.nih.gov/articles/PMC11229579/,Journal Article,C,NO,NO,PENDING_FULL_TEXT,,NO,"Title/abstract screening alone does not establish effectiveness, causality, methodological quality, transferability to Brazilian public safety or an institutional recommendation."
EV-0527,38064650,6NP9NY3F,10.55460/aazw-r052,Effectiveness of Sternal Intraosseous Device in Patients Presenting with Circulatory Shock: A Retrospective Observational Study.,FULL_TEXT_QUEUE,P1,18,2,11,1,4,DISCOVERY_REQUIRED,https://doi.org/10.55460/aazw-r052,Journal Article | Observational Study,B,NO,NO,PENDING_FULL_TEXT,,NO,"Title/abstract screening alone does not establish effectiveness, causality, methodological quality, transferability to Brazilian public safety or an institutional recommendation."
EV-0465,38869933,NBCGXV82,10.2196/52811,"Quality of Life, Physical Activity Participation, and Perceptions of Physical Rehabilitation Among Community-Reintegrated Veterans With Lower Limb Amputation in Sri Lanka: Convergent Parallel Mixed Methods Study.",FULL_TEXT_QUEUE,P1,18,4,11,1,2,PMC_AVAILABLE,https://pmc.ncbi.nlm.nih.gov/articles/PMC11211708/,Journal Article,C,NO,NO,PENDING_FULL_TEXT,,NO,"Title/abstract screening alone does not establish effectiveness, causality, methodological quality, transferability to Brazilian public safety or an institutional recommendation."
EV-0394,39506879,32R38UKQ,10.1186/s44158-024-00209-8,"Management of critically ill patients in austere environments: good clinical practice by the Italian Society of Anesthesia, Analgesia, Resuscitation and Intensive Care (SIAARTI).",FULL_TEXT_QUEUE,P1,18,4,11,2,1,PMC_AVAILABLE,https://pmc.ncbi.nlm.nih.gov/articles/PMC11542215/,Journal Article | Review,B,NO,NO,PENDING_FULL_TEXT,,NO,"Title/abstract screening alone does not establish effectiveness, causality, methodological quality, transferability to Brazilian public safety or an institutional recommendation."
EV-0387,39542779,YTB7XW3B,10.1016/j.cjtee.2024.07.010,Research progress of tourniquets and their application in the Russia-Ukraine Conflict.,FULL_TEXT_QUEUE,P1,18,4,11,2,1,PMC_AVAILABLE,https://pmc.ncbi.nlm.nih.gov/articles/PMC11840308/,Journal Article | Review,B,NO,NO,PENDING_FULL_TEXT,,NO,"Title/abstract screening alone does not establish effectiveness, causality, methodological quality, transferability to Brazilian public safety or an institutional recommendation."
EV-0382,39661462,4WQ83A92,10.55460/5569-p74d,Improving Self-efficacy in Flight Nurse Practitioners in Preparation for the Role of the Law Enforcement Tactical Nurse Practitioner.,FULL_TEXT_QUEUE,P1,18,2,11,1,4,DISCOVERY_REQUIRED,https://doi.org/10.55460/5569-p74d,Journal Article,B,NO,NO,PENDING_FULL_TEXT,,NO,"Title/abstract screening alone does not establish effectiveness, causality, methodological quality, transferability to Brazilian public safety or an institutional recommendation."
EV-0309,40448926,26DQPVJU,10.1093/milmed/usaf245,Medical Direction Needs Analysis: Codifying a Medical Directors Course to Meet the Demands of Modern Combat Care.,FULL_TEXT_QUEUE,P1,18,2,11,1,4,DISCOVERY_REQUIRED,https://doi.org/10.1093/milmed/usaf245,Journal Article,A | B,NO,NO,PENDING_FULL_TEXT,,NO,"Title/abstract screening alone does not establish effectiveness, causality, methodological quality, transferability to Brazilian public safety or an institutional recommendation."
EV-0256,40940647,AS33YJHQ,10.1177/15248399251366355,Situational Analysis and Planning of a Community-Based Multicomponent Intervention to Prevent Adolescent Alcohol Use: The Prev.Action Study.,FULL_TEXT_QUEUE,P1,18,2,9,1,6,DISCOVERY_REQUIRED,https://doi.org/10.1177/15248399251366355,Journal Article,C,NO,NO,PENDING_FULL_TEXT,,NO,"Title/abstract screening alone does not establish effectiveness, causality, methodological quality, transferability to Brazilian public safety or an institutional recommendation."
EV-0224,41184648,D6MS74EE,10.1186/s13089-025-00458-w,Performance and development trends of ultrasound diagnostic systems in military settings: a review.,FULL_TEXT_QUEUE,P1,18,4,11,2,1,PMC_AVAILABLE,https://pmc.ncbi.nlm.nih.gov/articles/PMC12583298/,Journal Article | Review,B,NO,NO,PENDING_FULL_TEXT,,NO,"Title/abstract screening alone does not establish effectiveness, causality, methodological quality, transferability to Brazilian public safety or an institutional recommendation."
EV-0190,41391444,6AQATPDN,10.1016/j.drugalcdep.2025.112986,Exploring drug checking services for people who use drugs: Pre-implementation study.,FULL_TEXT_QUEUE,P1,18,2,9,1,6,DISCOVERY_REQUIRED,https://doi.org/10.1016/j.drugalcdep.2025.112986,Journal Article,C,NO,NO,PENDING_FULL_TEXT,,NO,"Title/abstract screening alone does not establish effectiveness, causality, methodological quality, transferability to Brazilian public safety or an institutional recommendation."
EV-0089,42209130,B3QH2XSU,10.1136/military-2026-003286,Immersive virtual reality for assessing decision-making in mass casualty incident and tactical combat casualty care scenarios among military personnel.,FULL_TEXT_QUEUE,P1,18,2,11,1,4,DISCOVERY_REQUIRED,https://doi.org/10.1136/military-2026-003286,Journal Article,B,NO,NO,PENDING_FULL_TEXT,,NO,"Title/abstract screening alone does not establish effectiveness, causality, methodological quality, transferability to Brazilian public safety or an institutional recommendation."
EV-1312,21158539,6UUT7X63,10.1586/erd.10.69,Military applications of novel hemostatic devices.,FULL_TEXT_QUEUE,P1,17,2,9,2,4,DISCOVERY_REQUIRED,https://doi.org/10.1586/erd.10.69,Journal Article | Review,B,NO,NO,PENDING_FULL_TEXT,,NO,"Title/abstract screening alone does not establish effectiveness, causality, methodological quality, transferability to Brazilian public safety or an institutional recommendation."
EV-1258,23427965,4QT9V7GD,10.1016/j.jsurg.2012.11.001,Hemostasis in a noncompressible hemorrhage model: an end-user evaluation of hemostatic agents in a proximal arterial injury.,FULL_TEXT_QUEUE,P1,17,2,11,3,1,DISCOVERY_REQUIRED,https://doi.org/10.1016/j.jsurg.2012.11.001,Journal Article | Randomized Controlled Trial,B,NO,NO,PENDING_FULL_TEXT,,NO,"Title/abstract screening alone does not establish effectiveness, causality, methodological quality, transferability to Brazilian public safety or an institutional recommendation."
EV-1103,28265416,2UJHPAUA,10.1186/2054-314x-1-1,Evaluating new types of tourniquets by the Israeli Naval special warfare unit.,FULL_TEXT_QUEUE,P1,17,4,11,1,1,PMC_AVAILABLE,https://pmc.ncbi.nlm.nih.gov/articles/PMC5327874/,Journal Article,B,NO,NO,PENDING_FULL_TEXT,,NO,"Title/abstract screening alone does not establish effectiveness, causality, methodological quality, transferability to Brazilian public safety or an institutional recommendation."
EV-1069,28910471,FXFHDRQV,10.55460/rayh-izjp,Evaluation of XSTAT® and QuickClot® Combat Gauze® in a Swine Model of Lethal Junctional Hemorrhage in Coagulopathic Swine.,FULL_TEXT_QUEUE,P1,17,2,11,3,1,DISCOVERY_REQUIRED,https://doi.org/10.55460/rayh-izjp,Journal Article | Randomized Controlled Trial,B,NO,NO,PENDING_FULL_TEXT,,NO,"Title/abstract screening alone does not establish effectiveness, causality, methodological quality, transferability to Brazilian public safety or an institutional recommendation."
EV-1058,29042033,Z6WJFPFC,10.1016/j.injury.2017.10.025,Serious game training improves performance in combat life-saving interventions.,FULL_TEXT_QUEUE,P1,17,2,11,3,1,DISCOVERY_REQUIRED,https://doi.org/10.1016/j.injury.2017.10.025,Journal Article | Randomized Controlled Trial,B,NO,NO,PENDING_FULL_TEXT,,NO,"Title/abstract screening alone does not establish effectiveness, causality, methodological quality, transferability to Brazilian public safety or an institutional recommendation."
EV-1045,29239763,6FFXNDG8,10.1016/j.jemermed.2017.09.011,The Tourniquet Gap: A Pilot Study of the Intuitive Placement of Three Tourniquet Types by Laypersons.,FULL_TEXT_QUEUE,P1,17,2,11,3,1,DISCOVERY_REQUIRED,https://doi.org/10.1016/j.jemermed.2017.09.011,Journal Article | Randomized Controlled Trial,B,NO,NO,PENDING_FULL_TEXT,,NO,"Title/abstract screening alone does not establish effectiveness, causality, methodological quality, transferability to Brazilian public safety or an institutional recommendation."
EV-1038,29386714,LIFU8U27,10.1016/j.mjafi.2017.09.009,Forward surgical care: Emerging issues and challenges.,FULL_TEXT_QUEUE,P1,17,4,11,1,1,PMC_AVAILABLE,https://pmc.ncbi.nlm.nih.gov/articles/PMC5771708/,Journal Article,B,NO,NO,PENDING_FULL_TEXT,,NO,"Title/abstract screening alone does not establish effectiveness, causality, methodological quality, transferability to Brazilian public safety or an institutional recommendation."
EV-1006,30295222,XWNZNSQJ,10.1017/s1049023x18000845,Tourniquet Training Program Assessed by a New Performance Score.,FULL_TEXT_QUEUE,P1,17,2,11,3,1,DISCOVERY_REQUIRED,https://doi.org/10.1017/s1049023x18000845,Journal Article | Randomized Controlled Trial,B,NO,NO,PENDING_FULL_TEXT,,NO,"Title/abstract screening alone does not establish effectiveness, causality, methodological quality, transferability to Brazilian public safety or an institutional recommendation."
EV-0996,30507857,ZPBLCKC4,10.1097/ta.0000000000002159,The effectiveness of junctional tourniquets: A systematic review and meta-analysis.,FULL_TEXT_QUEUE,P1,17,2,11,3,1,DISCOVERY_REQUIRED,https://doi.org/10.1097/ta.0000000000002159,Journal Article | Meta-Analysis | Systematic Review,B,NO,NO,PENDING_FULL_TEXT,,NO,"Title/abstract screening alone does not establish effectiveness, causality, methodological quality, transferability to Brazilian public safety or an institutional recommendation."
EV-0966,30963311,35EGMGLJ,10.1186/s40352-019-0086-9,A scoping review of military veterans involved in the criminal justice system and their health and healthcare.,FULL_TEXT_QUEUE,P1,17,4,8,2,3,PMC_AVAILABLE,https://pmc.ncbi.nlm.nih.gov/articles/PMC6718001/,Journal Article | Scoping Review,C,NO,NO,PENDING_FULL_TEXT,,NO,"Title/abstract screening alone does not establish effectiveness, causality, methodological quality, transferability to Brazilian public safety or an institutional recommendation."
EV-0946,31338408,XRMRS6DJ,10.1016/j.tcr.2019.100217,Tactical tourniquet: Surgical management must be within 3 hours.,FULL_TEXT_QUEUE,P1,17,4,11,1,1,PMC_AVAILABLE,https://pmc.ncbi.nlm.nih.gov/articles/PMC6611996/,Case Reports | Journal Article,B,NO,NO,PENDING_FULL_TEXT,,NO,"Title/abstract screening alone does not establish effectiveness, causality, methodological quality, transferability to Brazilian public safety or an institutional recommendation."
EV-0939,31419992,4822LNWP,10.1186/s13012-019-0931-1,"Implementation interventions for musculoskeletal programs of care in the active military and barriers, facilitators, and outcomes of implementation: a scoping review.",FULL_TEXT_QUEUE,P1,17,4,8,2,3,PMC_AVAILABLE,https://pmc.ncbi.nlm.nih.gov/articles/PMC6698020/,"Journal Article | Research Support, Non-U.S. Gov't | Scoping Review",C,NO,NO,PENDING_FULL_TEXT,,NO,"Title/abstract screening alone does not establish effectiveness, causality, methodological quality, transferability to Brazilian public safety or an institutional recommendation."
EV-0921,31803845,FTP37MJK,10.1136/tsaco-2019-000369,Evaluation of prolonged 'Permissive Hypotension': results from a 6-hour hemorrhage protocol in swine.,FULL_TEXT_QUEUE,P1,17,4,11,1,1,PMC_AVAILABLE,https://pmc.ncbi.nlm.nih.gov/articles/PMC6887504/,Journal Article,B,NO,NO,PENDING_FULL_TEXT,,NO,"Title/abstract screening alone does not establish effectiveness, causality, methodological quality, transferability to Brazilian public safety or an institutional recommendation."
EV-0882,32399492,W7A5PAQV,10.1136/tsaco-2019-000431,Comparison of surgical cricothyroidotomy training: a randomized controlled trial of a swine model versus an animated robotic manikin model.,FULL_TEXT_QUEUE,P1,17,4,11,1,1,PMC_AVAILABLE,https://pmc.ncbi.nlm.nih.gov/articles/PMC7204537/,Journal Article,B,NO,NO,PENDING_FULL_TEXT,,NO,"Title/abstract screening alone does not establish effectiveness, causality, methodological quality, transferability to Brazilian public safety or an institutional recommendation."
EV-0837,33241783,VFMHB5VY,10.4269/ajtmh.20-0541,Attaining 95-95-95 through Implementation Science: 15 Years of Insights and Best Practices from the Walter Reed Army Institute of Research's Implementation of the U.S. President's Emergency Plan for AIDS Relief.,FULL_TEXT_QUEUE,P1,17,4,9,1,3,PMC_AVAILABLE,https://pmc.ncbi.nlm.nih.gov/articles/PMC7790083/,"Journal Article | Research Support, U.S. Gov't, Non-P.H.S.",C,NO,NO,PENDING_FULL_TEXT,,NO,"Title/abstract screening alone does not establish effectiveness, causality, methodological quality, transferability to Brazilian public safety or an institutional recommendation."
EV-0816,33531212,SP27EQNZ,10.1016/j.jsat.2021.108307,Engaging the justice system to address the opioid crisis: The Justice Community Opioid Innovation Network (JCOIN).,FULL_TEXT_QUEUE,P1,17,4,7,2,4,PMC_AVAILABLE,https://pmc.ncbi.nlm.nih.gov/articles/PMC9096711/,Journal Article | Review,C,NO,NO,PENDING_FULL_TEXT,,NO,"Title/abstract screening alone does not establish effectiveness, causality, methodological quality, transferability to Brazilian public safety or an institutional recommendation."
EV-0773,34306352,RK6RU99S,,Comparing the performance of tourniquet application between self-aid and buddy-aid: in ordinary and simulated scenarios.,FULL_TEXT_QUEUE,P1,17,4,11,1,1,PMC_AVAILABLE,https://pmc.ncbi.nlm.nih.gov/articles/PMC8290695/,Journal Article,B,NO,NO,PENDING_FULL_TEXT,,NO,"Title/abstract screening alone does not establish effectiveness, causality, methodological quality, transferability to Brazilian public safety or an institutional recommendation."
EV-0761,34542642,DZDMBMK8,10.1007/s00063-021-00861-w,[Development and validation of a course concept for Tactical Medical Mining Rescue : Standardized training curriculum for mine rescue teams].,FULL_TEXT_QUEUE,P1,17,4,11,1,1,PMC_AVAILABLE,https://pmc.ncbi.nlm.nih.gov/articles/PMC9553787/,Journal Article,B,NO,NO,PENDING_FULL_TEXT,,NO,"Title/abstract screening alone does not establish effectiveness, causality, methodological quality, transferability to Brazilian public safety or an institutional recommendation."
EV-0749,34746434,3ZT9ZWD9,10.1136/tsaco-2021-000773,"Evaluating the Tactical Combat Casualty Care principles in civilian and military settings: systematic review, knowledge gap analysis and recommendations for future research.",FULL_TEXT_QUEUE,P1,17,4,9,3,1,PMC_AVAILABLE,https://pmc.ncbi.nlm.nih.gov/articles/PMC8527149/,Journal Article | Systematic Review,B,NO,NO,PENDING_FULL_TEXT,,NO,"Title/abstract screening alone does not establish effectiveness, causality, methodological quality, transferability to Brazilian public safety or an institutional recommendation."
EV-0692,35617462,Q5S6RBX6,10.1097/ta.0000000000003702,Simulation-based education improves military trainees' skill performance and self-confidence in tourniquet placement: A randomized controlled trial.,FULL_TEXT_QUEUE,P1,17,2,11,3,1,DISCOVERY_REQUIRED,https://doi.org/10.1097/ta.0000000000003702,"Journal Article | Randomized Controlled Trial | Research Support, U.S. Gov't, Non-P.H.S.",B,NO,NO,PENDING_FULL_TEXT,,NO,"Title/abstract screening alone does not establish effectiveness, causality, methodological quality, transferability to Brazilian public safety or an institutional recommendation."
EV-0680,35830415,WLKEA3K9,10.1093/milmed/usac210,Army Health Systems Doctrine and Training in Relation to Antibiotics: A Systematic Review.,FULL_TEXT_QUEUE,P1,17,2,11,3,1,DISCOVERY_REQUIRED,https://doi.org/10.1093/milmed/usac210,Journal Article | Meta-Analysis | Systematic Review,B,NO,NO,PENDING_FULL_TEXT,,NO,"Title/abstract screening alone does not establish effectiveness, causality, methodological quality, transferability to Brazilian public safety or an institutional recommendation."
EV-0656,36315470,7BQ7LGY8,10.1093/milmed/usac317,A Systematic Review of Tranexamic Acid-Associated Venous Thromboembolic Events in Combat Casualties and Considerations for Prolonged Field Care.,FULL_TEXT_QUEUE,P1,17,2,11,3,1,DISCOVERY_REQUIRED,https://doi.org/10.1093/milmed/usac317,Journal Article | Systematic Review,B,NO,NO,PENDING_FULL_TEXT,,NO,"Title/abstract screening alone does not establish effectiveness, causality, methodological quality, transferability to Brazilian public safety or an institutional recommendation."
EV-0647,36472903,4P9UHFQT,10.2196/40727,"A Novel Scenario-Based, Mixed-Reality Platform for Training Nontechnical Skills of Battlefield First Aid: Prospective Interventional Study.",FULL_TEXT_QUEUE,P1,17,4,11,1,1,PMC_AVAILABLE,https://pmc.ncbi.nlm.nih.gov/articles/PMC9768658/,Journal Article,B,NO,NO,PENDING_FULL_TEXT,,NO,"Title/abstract screening alone does not establish effectiveness, causality, methodological quality, transferability to Brazilian public safety or an institutional recommendation."
EV-0566,37703048,PUR4LS8W,10.1093/milmed/usad364,Telemedicine-Guided Two-Incision Lower Leg Fasciotomy Performed by Combat Medics During Tactical Combat Casualty Care: A Feasibility Study.,FULL_TEXT_QUEUE,P1,17,4,9,3,1,PMC_AVAILABLE,https://pmc.ncbi.nlm.nih.gov/articles/PMC10898936/,"Journal Article | Randomized Controlled Trial | Research Support, Non-U.S. Gov't",B,NO,NO,PENDING_FULL_TEXT,,NO,"Title/abstract screening alone does not establish effectiveness, causality, methodological quality, transferability to Brazilian public safety or an institutional recommendation."
EV-0546,37946246,3X5864FN,10.1186/s13049-023-01133-6,A modified chain-based sponge dressing controls junctional hemorrhage in the tactical combat casualty care simulation of pigs.,FULL_TEXT_QUEUE,P1,17,4,11,1,1,PMC_AVAILABLE,https://pmc.ncbi.nlm.nih.gov/articles/PMC10636963/,Journal Article,B,NO,NO,PENDING_FULL_TEXT,,NO,"Title/abstract screening alone does not establish effectiveness, causality, methodological quality, transferability to Brazilian public safety or an institutional recommendation."
EV-0490,38509815,NV3A9HPV,10.1177/10806032241234667,Implementing Tourniquet Conversion Guidelines for Civilian EMS and Prehospital Organizations : A Case Report and Review.,FULL_TEXT_QUEUE,P1,17,2,9,2,4,DISCOVERY_REQUIRED,https://doi.org/10.1177/10806032241234667,Case Reports | Journal Article | Review,B,NO,NO,PENDING_FULL_TEXT,,NO,"Title/abstract screening alone does not establish effectiveness, causality, methodological quality, transferability to Brazilian public safety or an institutional recommendation."
EV-0438,39133911,UW47IVH3,10.2196/50817,A Serious Game for Enhancing Rescue Reasoning Skills in Tactical Combat Casualty Care: Development and Deployment Study.,FULL_TEXT_QUEUE,P1,17,4,11,1,1,PMC_AVAILABLE,https://pmc.ncbi.nlm.nih.gov/articles/PMC11347892/,Journal Article,B,NO,NO,PENDING_FULL_TEXT,,NO,"Title/abstract screening alone does not establish effectiveness, causality, methodological quality, transferability to Brazilian public safety or an institutional recommendation."
EV-0435,39160806,ZNKUNTA2,10.1093/milmed/usae038,"Unlocking What Makes Military Behavioral Health Interventions Work, Stumble, or Fade Away.",FULL_TEXT_QUEUE,P1,17,2,11,1,3,DISCOVERY_REQUIRED,https://doi.org/10.1093/milmed/usae038,"Journal Article | Research Support, U.S. Gov't, Non-P.H.S.",C,NO,NO,PENDING_FULL_TEXT,,NO,"Title/abstract screening alone does not establish effectiveness, causality, methodological quality, transferability to Brazilian public safety or an institutional recommendation."
EV-0433,39160829,5Z7GBWGC,10.1093/milmed/usae275,Nurse Attrition: Content Analysis of Free-Text Responses From Two Military Nursing Practice Environment Surveys.,FULL_TEXT_QUEUE,P1,17,2,11,1,3,DISCOVERY_REQUIRED,https://doi.org/10.1093/milmed/usae275,"Journal Article | Research Support, U.S. Gov't, Non-P.H.S.",C,NO,NO,PENDING_FULL_TEXT,,NO,"Title/abstract screening alone does not establish effectiveness, causality, methodological quality, transferability to Brazilian public safety or an institutional recommendation."
EV-0344,40096684,BV6NUEPN,10.2196/67673,"Demonstrating Tactical Combat Casualty Care in Simulated Environments to Enable Passive, Autonomous Documentation: Protocol for a Prospective Simulation-Based Study.",FULL_TEXT_QUEUE,P1,17,4,11,1,1,PMC_AVAILABLE,https://pmc.ncbi.nlm.nih.gov/articles/PMC11959195/,"Journal Article | Research Support, U.S. Gov't, Non-P.H.S.",B,NO,NO,PENDING_FULL_TEXT,,NO,"Title/abstract screening alone does not establish effectiveness, causality, methodological quality, transferability to Brazilian public safety or an institutional recommendation."
EV-0274,40795039,5225TLEE,10.1093/milmed/usaf397,Behavioral Health Implementers' Perspectives on Facilitators and Barriers to Sustaining Evidence-Based Prevention Interventions in the U.S. Military.,FULL_TEXT_QUEUE,P1,17,2,11,1,3,DISCOVERY_REQUIRED,https://doi.org/10.1093/milmed/usaf397,"Journal Article | Research Support, U.S. Gov't, Non-P.H.S.",A | C,NO,NO,PENDING_FULL_TEXT,,NO,"Title/abstract screening alone does not establish effectiveness, causality, methodological quality, transferability to Brazilian public safety or an institutional recommendation."
EV-0175,41498435,CCEZULZT,10.1093/milmed/usaf602,Accuracy of Needle Chest Decompression Site Selection in Simulated High Stress Environments Among Air Force Healthcare Professionals: A Randomized Controlled Trial.,FULL_TEXT_QUEUE,P1,17,2,11,3,1,DISCOVERY_REQUIRED,https://doi.org/10.1093/milmed/usaf602,Journal Article | Randomized Controlled Trial,B,NO,NO,PENDING_FULL_TEXT,,NO,"Title/abstract screening alone does not establish effectiveness, causality, methodological quality, transferability to Brazilian public safety or an institutional recommendation."
EV-0151,41714953,U86J7838,10.1186/s12873-026-01509-8,Kolb learning styles in Tactical Combat Casualty Care (TCCC): a comparative study of military learners and civilian paramedics.,FULL_TEXT_QUEUE,P1,17,4,11,1,1,PMC_AVAILABLE,https://pmc.ncbi.nlm.nih.gov/articles/PMC13020355/,Comparative Study | Journal Article,B,NO,NO,PENDING_FULL_TEXT,,NO,"Title/abstract screening alone does not establish effectiveness, causality, methodological quality, transferability to Brazilian public safety or an institutional recommendation."
EV-0130,41899066,DH4GX89W,10.3390/jcm15062141,Out-of-Hospital Cardiac Arrest: Public-Access Defibrillation and System Approaches to Minimize Avoidable Delay.,FULL_TEXT_QUEUE,P1,17,4,7,2,4,PMC_AVAILABLE,https://pmc.ncbi.nlm.nih.gov/articles/PMC13027161/,Journal Article | Review,C,NO,NO,PENDING_FULL_TEXT,,NO,"Title/abstract screening alone does not establish effectiveness, causality, methodological quality, transferability to Brazilian public safety or an institutional recommendation."
EV-0121,41975403,MET3A7IF,10.1186/s12909-026-09111-z,Effectiveness and retention of extremity and junctional tourniquet training among medical interns.,FULL_TEXT_QUEUE,P1,17,4,11,1,1,PMC_AVAILABLE,https://pmc.ncbi.nlm.nih.gov/articles/PMC13217920/,Journal Article,B,NO,NO,PENDING_FULL_TEXT,,NO,"Title/abstract screening alone does not establish effectiveness, causality, methodological quality, transferability to Brazilian public safety or an institutional recommendation."
EV-0069,42341153,FXEZVLWM,10.2196/84900,Candidate Passive Sensor Suite Technologies for Tactical Combat Casualty Care Environments: Comparative Assessment Study.,FULL_TEXT_QUEUE,P1,17,4,11,1,1,PMC_AVAILABLE,https://pmc.ncbi.nlm.nih.gov/articles/PMC13293364/,Comparative Study | Journal Article,B,NO,NO,PENDING_FULL_TEXT,,NO,"Title/abstract screening alone does not establish effectiveness, causality, methodological quality, transferability to Brazilian public safety or an institutional recommendation."
EV-0011,42601604,KHDY95GN,10.1186/s12245-026-01271-5,Research on the value screening of combat rescue information based on the Markov decision tree model.,FULL_TEXT_QUEUE,P1,17,4,11,1,1,PMC_AVAILABLE,https://pmc.ncbi.nlm.nih.gov/articles/PMC13476910/,Journal Article,B,NO,NO,PENDING_FULL_TEXT,,NO,"Title/abstract screening alone does not establish effectiveness, causality, methodological quality, transferability to Brazilian public safety or an institutional recommendation."
EV-1412,10346408,PVZLZSUV,,The role of tactical emergency medical support in hostage and crisis negotiations.,FULL_TEXT_QUEUE,P1,16,0,11,1,4,DISCOVERY_REQUIRED,https://pubmed.ncbi.nlm.nih.gov/10346408/,Journal Article,B,NO,NO,PENDING_FULL_TEXT,,NO,"Title/abstract screening alone does not establish effectiveness, causality, methodological quality, transferability to Brazilian public safety or an institutional recommendation."
EV-1380,15270319,WRIVHPPC,,Make your ED part of a law enforcement team.,FULL_TEXT_QUEUE,P1,16,0,11,1,4,DISCOVERY_REQUIRED,https://pubmed.ncbi.nlm.nih.gov/15270319/,Journal Article,B,NO,NO,PENDING_FULL_TEXT,,NO,"Title/abstract screening alone does not establish effectiveness, causality, methodological quality, transferability to Brazilian public safety or an institutional recommendation."
EV-1303,21607910,KWMAHV8Q,,Prehospital and emergency care research at the US Army Institute of Surgical Research: enabling the next great leap in combat casualty survival.,FULL_TEXT_QUEUE,P1,16,0,11,1,4,DISCOVERY_REQUIRED,https://pubmed.ncbi.nlm.nih.gov/21607910/,Journal Article,B,NO,NO,PENDING_FULL_TEXT,,NO,"Title/abstract screening alone does not establish effectiveness, causality, methodological quality, transferability to Brazilian public safety or an institutional recommendation."
EV-1169,26206632,5KQCE4WQ,10.1016/j.jamcollsurg.2015.04.014,Winds of War: Enhancing Civilian and Military Partnerships to Assure Readiness: White Paper.,FULL_TEXT_QUEUE,P1,16,2,11,2,1,DISCOVERY_REQUIRED,https://doi.org/10.1016/j.jamcollsurg.2015.04.014,Consensus Statement | Journal Article,B,NO,NO,PENDING_FULL_TEXT,,NO,"Title/abstract screening alone does not establish effectiveness, causality, methodological quality, transferability to Brazilian public safety or an institutional recommendation."
EV-1166,26260350,CX5P6X9K,10.1136/bmjopen-2015-008958,A police education programme to integrate occupational safety and HIV prevention: protocol for a modified stepped-wedge study design with parallel prospective cohorts to assess behavioural outcomes.,FULL_TEXT_QUEUE,P1,16,4,7,1,4,PMC_AVAILABLE,https://pmc.ncbi.nlm.nih.gov/articles/PMC4538275/,"Journal Article | Research Support, N.I.H., Extramural | Research Support, Non-U.S. Gov't",C,NO,NO,PENDING_FULL_TEXT,,NO,"Title/abstract screening alone does not establish effectiveness, causality, methodological quality, transferability to Brazilian public safety or an institutional recommendation."
EV-1140,27045493,7U2WFRLC,,Evaluation and Testing of Junctional Tourniquets by Special Operation Forces Personnel: A Comparison of the Combat Ready Clamp and the Junctional Emergency Treatment Tool.,FULL_TEXT_QUEUE,P1,16,0,11,1,4,DISCOVERY_REQUIRED,https://pubmed.ncbi.nlm.nih.gov/27045493/,Comparative Study | Evaluation Study | Journal Article,B,NO,NO,PENDING_FULL_TEXT,,NO,"Title/abstract screening alone does not establish effectiveness, causality, methodological quality, transferability to Brazilian public safety or an institutional recommendation."
EV-1129,27450605,DV32P7DW,,Integration of Tactical Emergency Casualty Care Into the National Tactical Emergency Medical Support Competency Domains.,FULL_TEXT_QUEUE,P1,16,0,11,1,4,DISCOVERY_REQUIRED,https://pubmed.ncbi.nlm.nih.gov/27450605/,Journal Article,B,NO,NO,PENDING_FULL_TEXT,,NO,"Title/abstract screening alone does not establish effectiveness, causality, methodological quality, transferability to Brazilian public safety or an institutional recommendation."
EV-1119,27689379,7V7QZDVD,10.55460/arzp-rfk1,TCCC Updates: Translating Military Advances in Exdternal Hemorrhage Control to Law Enforcement.,FULL_TEXT_QUEUE,P1,16,2,9,1,4,DISCOVERY_REQUIRED,https://doi.org/10.55460/arzp-rfk1,Journal Article,B,NO,NO,PENDING_FULL_TEXT,,NO,"Title/abstract screening alone does not establish effectiveness, causality, methodological quality, transferability to Brazilian public safety or an institutional recommendation."
EV-1097,28318990,J25YMNF5,10.1016/j.wem.2016.11.007,Junctional Hemorrhage Control for Tactical Combat Casualty Care.,FULL_TEXT_QUEUE,P1,16,2,11,2,1,DISCOVERY_REQUIRED,https://doi.org/10.1016/j.wem.2016.11.007,Journal Article | Review,B,NO,NO,PENDING_FULL_TEXT,,NO,"Title/abstract screening alone does not establish effectiveness, causality, methodological quality, transferability to Brazilian public safety or an institutional recommendation."
EV-1083,28601206,YHU4N3GZ,10.1016/j.wem.2017.02.001,"Prolonged Field Care: Beyond the ""Golden Hour"".",FULL_TEXT_QUEUE,P1,16,2,11,2,1,DISCOVERY_REQUIRED,https://doi.org/10.1016/j.wem.2017.02.001,Journal Article | Review,B,NO,NO,PENDING_FULL_TEXT,,NO,"Title/abstract screening alone does not establish effectiveness, causality, methodological quality, transferability to Brazilian public safety or an institutional recommendation."
EV-1082,28613788,VMKKWS3U,,EMS Zones of Care,FULL_TEXT_QUEUE,P1,16,0,11,1,4,DISCOVERY_REQUIRED,https://pubmed.ncbi.nlm.nih.gov/28613788/,Study Guide | Book Chapter,B,NO,NO,PENDING_FULL_TEXT,,NO,"Title/abstract screening alone does not establish effectiveness, causality, methodological quality, transferability to Brazilian public safety or an institutional recommendation."
EV-1031,29533435,HK6TC6LB,10.55460/plw2-kn9z,Intramuscular Tranexamic Acid in Tactical and Combat Settings.,FULL_TEXT_QUEUE,P1,16,2,11,2,1,DISCOVERY_REQUIRED,https://doi.org/10.55460/plw2-kn9z,Journal Article | Review,B,NO,NO,PENDING_FULL_TEXT,,NO,"Title/abstract screening alone does not establish effectiveness, causality, methodological quality, transferability to Brazilian public safety or an institutional recommendation."
EV-1019,29889952,FWWRLBNN,10.55460/xb1z-3bju,Management of Suspected Tension Pneumothorax in Tactical Combat Casualty Care: TCCC Guidelines Change 17-02.,FULL_TEXT_QUEUE,P1,16,2,11,2,1,DISCOVERY_REQUIRED,https://doi.org/10.55460/xb1z-3bju,Journal Article | Review,B,NO,NO,PENDING_FULL_TEXT,,NO,"Title/abstract screening alone does not establish effectiveness, causality, methodological quality, transferability to Brazilian public safety or an institutional recommendation."
EV-0934,31536306,2794XEYJ,,EMS Tactical Medical Threat Assessment and Protection,FULL_TEXT_QUEUE,P1,16,0,11,1,4,DISCOVERY_REQUIRED,https://pubmed.ncbi.nlm.nih.gov/31536306/,Study Guide | Book Chapter,B,NO,NO,PENDING_FULL_TEXT,,NO,"Title/abstract screening alone does not establish effectiveness, causality, methodological quality, transferability to Brazilian public safety or an institutional recommendation."
EV-0928,31605701,VATS4PFI,10.1016/j.chest.2019.09.020,Thoracic Injury in Patients Injured by Explosions on the Battlefield and in Terrorist Incidents.,FULL_TEXT_QUEUE,P1,16,2,11,2,1,DISCOVERY_REQUIRED,https://doi.org/10.1016/j.chest.2019.09.020,Journal Article | Review,B,NO,NO,PENDING_FULL_TEXT,,NO,"Title/abstract screening alone does not establish effectiveness, causality, methodological quality, transferability to Brazilian public safety or an institutional recommendation."
EV-0917,31872896,PPM9GQTC,10.1002/jcop.22306,Sociodemographic characteristics of youth in a trauma focused-cognitive behavioral therapy effectiveness trial in the city of Philadelphia.,FULL_TEXT_QUEUE,P1,16,4,7,1,4,PMC_AVAILABLE,https://pmc.ncbi.nlm.nih.gov/articles/PMC7261621/,"Evaluation Study | Journal Article | Research Support, N.I.H., Extramural | Research Support, U.S. Gov't, Non-P.H.S. | Research Support, U.S. Gov't, P.H.S.",C,NO,NO,PENDING_FULL_TEXT,,NO,"Title/abstract screening alone does not establish effectiveness, causality, methodological quality, transferability to Brazilian public safety or an institutional recommendation."
EV-0856,32969001,S5VA2EYT,10.55460/qq9r-rr8a,Management of Hypothermia in Tactical Combat Casualty Care: TCCC Guideline Proposed Change 20-01 (June 2020).,FULL_TEXT_QUEUE,P1,16,2,11,2,1,DISCOVERY_REQUIRED,https://doi.org/10.55460/qq9r-rr8a,Journal Article | Review,B,NO,NO,PENDING_FULL_TEXT,,NO,"Title/abstract screening alone does not establish effectiveness, causality, methodological quality, transferability to Brazilian public safety or an institutional recommendation."
EV-0829,33327539,N5BVJXXD,10.3390/children7120291,Interventions for Child Drowning Reduction in the Indian Sundarbans: Perspectives from the Ground.,FULL_TEXT_QUEUE,P1,16,4,7,1,4,PMC_AVAILABLE,https://pmc.ncbi.nlm.nih.gov/articles/PMC7765013/,Journal Article,C,NO,NO,PENDING_FULL_TEXT,,NO,"Title/abstract screening alone does not establish effectiveness, causality, methodological quality, transferability to Brazilian public safety or an institutional recommendation."
EV-0783,34080562,EBTM64G3,10.1016/j.jsat.2021.108476,Law enforcement assisted diversion: Qualitative evaluation of barriers and facilitators of program implementation.,FULL_TEXT_QUEUE,P1,16,4,7,1,4,PMC_AVAILABLE,https://pmc.ncbi.nlm.nih.gov/articles/PMC8380645/,"Journal Article | Research Support, N.I.H., Extramural | Research Support, Non-U.S. Gov't",C,NO,NO,PENDING_FULL_TEXT,,NO,"Title/abstract screening alone does not establish effectiveness, causality, methodological quality, transferability to Brazilian public safety or an institutional recommendation."
EV-0737,34969143,V6WGI5ZG,10.55460/jylu-4oz8,Fluid Resuscitation in Tactical Combat Casualty Care; TCCC Guidelines Change 21-01. 4 November 2021.,FULL_TEXT_QUEUE,P1,16,2,11,2,1,DISCOVERY_REQUIRED,https://doi.org/10.55460/jylu-4oz8,Journal Article | Review,B,NO,NO,PENDING_FULL_TEXT,,NO,"Title/abstract screening alone does not establish effectiveness, causality, methodological quality, transferability to Brazilian public safety or an institutional recommendation."
EV-0698,35446424,4CEZNSPG,10.1093/milmed/usac097,Descriptive Analysis of Intratheater Critical Care Air Transport Team Patient Movements During Troop Drawdown: Afghanistan (2017-2019).,FULL_TEXT_QUEUE,P1,16,2,11,2,1,DISCOVERY_REQUIRED,https://doi.org/10.1093/milmed/usac097,Journal Article | Review,B,NO,NO,PENDING_FULL_TEXT,,NO,"Title/abstract screening alone does not establish effectiveness, causality, methodological quality, transferability to Brazilian public safety or an institutional recommendation."
EV-0662,36227297,2WISH3DJ,10.1037/ser0000715,Multilevel factors in providers' decisions to utilize CPT in military- and veteran-serving treatment settings.,FULL_TEXT_QUEUE,P1,16,4,8,1,3,PMC_AVAILABLE,https://pmc.ncbi.nlm.nih.gov/articles/PMC12830006/,Journal Article,C,NO,NO,PENDING_FULL_TEXT,,NO,"Title/abstract screening alone does not establish effectiveness, causality, methodological quality, transferability to Brazilian public safety or an institutional recommendation."
EV-0637,36617244,MPXNPMBW,10.1093/milmed/usac418,A Review of Verbal and Written Patient Handoffs Applicable to the U.S. Military's Expeditionary Care System.,FULL_TEXT_QUEUE,P1,16,2,11,2,1,DISCOVERY_REQUIRED,https://doi.org/10.1093/milmed/usac418,"Journal Article | Research Support, U.S. Gov't, Non-P.H.S. | Review",B,NO,NO,PENDING_FULL_TEXT,,NO,"Title/abstract screening alone does not establish effectiveness, causality, methodological quality, transferability to Brazilian public safety or an institutional recommendation."
EV-0624,36805692,L7MWF4JQ,10.1186/s13063-022-07034-w,Community paramedic hospital reduction and mitigation program: study protocol for a randomized pragmatic clinical trial.,FULL_TEXT_QUEUE,P1,16,4,7,1,4,PMC_AVAILABLE,https://pmc.ncbi.nlm.nih.gov/articles/PMC9940335/,Clinical Trial Protocol | Journal Article,C,NO,NO,PENDING_FULL_TEXT,,NO,"Title/abstract screening alone does not establish effectiveness, causality, methodological quality, transferability to Brazilian public safety or an institutional recommendation."
EV-0623,36806435,DMW6BHXA,10.1016/j.jemermed.2022.12.015,Cooling Modality Effectiveness and Mortality Associate With Prehospital Care of Exertional Heat Stroke Casualities.,FULL_TEXT_QUEUE,P1,16,2,9,1,4,DISCOVERY_REQUIRED,https://doi.org/10.1016/j.jemermed.2022.12.015,Journal Article,A,NO,NO,PENDING_FULL_TEXT,,NO,"Title/abstract screening alone does not establish effectiveness, causality, methodological quality, transferability to Brazilian public safety or an institutional recommendation."
EV-0612,36925788,9S67YQLI,10.3389/frhs.2022.1070444,Perspectives on learning to practice reflexivity while engaging communities in implementation science.,FULL_TEXT_QUEUE,P1,16,4,8,1,3,PMC_AVAILABLE,https://pmc.ncbi.nlm.nih.gov/articles/PMC10012695/,Journal Article,C,NO,NO,PENDING_FULL_TEXT,,NO,"Title/abstract screening alone does not establish effectiveness, causality, methodological quality, transferability to Brazilian public safety or an institutional recommendation."
EV-0606,37030012,MXYW4WFR,10.1093/tbm/ibad015,Impact of COVID-19 pandemic on nonpharmacological pain management trials in military and veteran healthcare settings: an evaluation informed by implementation science.,FULL_TEXT_QUEUE,P1,16,4,8,1,3,PMC_AVAILABLE,https://pmc.ncbi.nlm.nih.gov/articles/PMC10415731/,"Journal Article | Research Support, N.I.H., Extramural",C,NO,NO,PENDING_FULL_TEXT,,NO,"Title/abstract screening alone does not establish effectiveness, causality, methodological quality, transferability to Brazilian public safety or an institutional recommendation."
EV-0589,37340269,E5XVKVWT,10.1007/s11606-023-08204-5,Rolling out PRIDE in All Who Served: Barriers and Facilitators for Sites Implementing an LGBTQ+ Health Education Group for Military Veterans.,FULL_TEXT_QUEUE,P1,16,4,8,1,3,PMC_AVAILABLE,https://pmc.ncbi.nlm.nih.gov/articles/PMC10356690/,"Journal Article | Research Support, U.S. Gov't, Non-P.H.S.",C,NO,NO,PENDING_FULL_TEXT,,NO,"Title/abstract screening alone does not establish effectiveness, causality, methodological quality, transferability to Brazilian public safety or an institutional recommendation."
EV-0580,37483317,SECAYPPB,10.3389/fdgth.2023.1157643,Healthcare provider experiences of deploying a continuous remote patient monitoring pilot program during the COVID-19 pandemic: a structured qualitative analysis.,FULL_TEXT_QUEUE,P1,16,4,8,1,3,PMC_AVAILABLE,https://pmc.ncbi.nlm.nih.gov/articles/PMC10359814/,Journal Article,C,NO,NO,PENDING_FULL_TEXT,,NO,"Title/abstract screening alone does not establish effectiveness, causality, methodological quality, transferability to Brazilian public safety or an institutional recommendation."
EV-0571,37644598,MNECKJ67,10.1186/s13049-023-01110-z,Physicians in police tactical teams - ethical considerations.,FULL_TEXT_QUEUE,P1,16,4,7,1,4,PMC_AVAILABLE,https://pmc.ncbi.nlm.nih.gov/articles/PMC10466767/,Letter,B,NO,NO,PENDING_FULL_TEXT,,NO,"Title/abstract screening alone does not establish effectiveness, causality, methodological quality, transferability to Brazilian public safety or an institutional recommendation."
EV-0556,37826987,Z6HD29XP,10.1016/j.drugpo.2023.104188,Unlocking deflection: The role of supervisor support in police officer willingness to refer people who inject drugs to harm reduction services.,FULL_TEXT_QUEUE,P1,16,4,7,1,4,PMC_AVAILABLE,https://pmc.ncbi.nlm.nih.gov/articles/PMC10842016/,"Journal Article | Research Support, N.I.H., Extramural",C,NO,NO,PENDING_FULL_TEXT,,NO,"Title/abstract screening alone does not establish effectiveness, causality, methodological quality, transferability to Brazilian public safety or an institutional recommendation."
EV-0534,37991887,5JH2RNA7,10.24095/hpcdp.43.10/11.02,"Applying the Theoretical Domains Framework to identify police, fire, and paramedic preferences for accessing mental health care in a First Responder Operational Stress Injury Clinic: a qualitative study.",FULL_TEXT_QUEUE,P1,16,4,7,1,4,PMC_AVAILABLE,https://pmc.ncbi.nlm.nih.gov/articles/PMC10753900/,Journal Article,C,NO,NO,PENDING_FULL_TEXT,,NO,"Title/abstract screening alone does not establish effectiveness, causality, methodological quality, transferability to Brazilian public safety or an institutional recommendation."
EV-0521,38140393,J9NBDJW7,10.3390/nu15245134,"The Effects of Protein and Carbohydrate Supplementation, with and without Creatine, on Occupational Performance in Firefighters.",FULL_TEXT_QUEUE,P1,16,4,5,3,4,PMC_AVAILABLE,https://pmc.ncbi.nlm.nih.gov/articles/PMC10745745/,Journal Article | Randomized Controlled Trial,A,NO,NO,PENDING_FULL_TEXT,,NO,"Title/abstract screening alone does not establish effectiveness, causality, methodological quality, transferability to Brazilian public safety or an institutional recommendation."
EV-0504,38318086,LM64PKBH,10.1016/j.invent.2024.100718,Examining how organizational leaders perceive internet-delivered cognitive behavioural therapy for public safety personnel using the RE-AIM implementation framework.,FULL_TEXT_QUEUE,P1,16,4,7,1,4,PMC_AVAILABLE,https://pmc.ncbi.nlm.nih.gov/articles/PMC10840103/,Journal Article,C,NO,NO,PENDING_FULL_TEXT,,NO,"Title/abstract screening alone does not establish effectiveness, causality, methodological quality, transferability to Brazilian public safety or an institutional recommendation."
EV-0474,38753928,8FJR22E7,,EMS Federal and State Laws Affecting Tactical Medicine,FULL_TEXT_QUEUE,P1,16,0,11,1,4,DISCOVERY_REQUIRED,https://pubmed.ncbi.nlm.nih.gov/38753928/,Study Guide | Book Chapter,B,NO,NO,PENDING_FULL_TEXT,,NO,"Title/abstract screening alone does not establish effectiveness, causality, methodological quality, transferability to Brazilian public safety or an institutional recommendation."
EV-0386,39568140,G9P7QFPB,10.1080/15502783.2024.2427751,Impact of astaxanthin supplementation on markers of cardiometabolic health and tactical performance among firefighters.,FULL_TEXT_QUEUE,P1,16,4,5,3,4,PMC_AVAILABLE,https://pmc.ncbi.nlm.nih.gov/articles/PMC11583326/,Journal Article | Randomized Controlled Trial,A,NO,NO,PENDING_FULL_TEXT,,NO,"Title/abstract screening alone does not establish effectiveness, causality, methodological quality, transferability to Brazilian public safety or an institutional recommendation."
EV-0385,39619573,9Y2LWVD6,10.1111/jfcj.12228,"""We're not your traditional police department"" A qualitative implementation evaluation of a juvenile diversion program.",FULL_TEXT_QUEUE,P1,16,4,7,1,4,PMC_AVAILABLE,https://pmc.ncbi.nlm.nih.gov/articles/PMC11606582/,Journal Article,C,NO,NO,PENDING_FULL_TEXT,,NO,"Title/abstract screening alone does not establish effectiveness, causality, methodological quality, transferability to Brazilian public safety or an institutional recommendation."
EV-0263,40869854,PP5N688K,10.3390/ijerph22081269,PeerOnCall: Evaluating Implementation of App-Based Peer Support in Canadian Public Safety Organizations.,FULL_TEXT_QUEUE,P1,16,4,7,1,4,PMC_AVAILABLE,https://pmc.ncbi.nlm.nih.gov/articles/PMC12386291/,"Journal Article | Research Support, Non-U.S. Gov't",C,NO,NO,PENDING_FULL_TEXT,,NO,"Title/abstract screening alone does not establish effectiveness, causality, methodological quality, transferability to Brazilian public safety or an institutional recommendation."
EV-0245,40992358,MP6UL72N,10.55460/zc6p-ys4g,Triage in Action: A Principles-Based Approach to Mass Casualty Management in Tactical Combat Casualty Care.,FULL_TEXT_QUEUE,P1,16,2,11,2,1,DISCOVERY_REQUIRED,https://doi.org/10.55460/zc6p-ys4g,Journal Article | Review,B,NO,NO,PENDING_FULL_TEXT,,NO,"Title/abstract screening alone does not establish effectiveness, causality, methodological quality, transferability to Brazilian public safety or an institutional recommendation."
EV-0242,41013916,VV225RR7,10.1093/milmed/usaf436,End-of-Life Care in the Austere Military Environment.,FULL_TEXT_QUEUE,P1,16,2,11,2,1,DISCOVERY_REQUIRED,https://doi.org/10.1093/milmed/usaf436,Journal Article | Review,B,NO,NO,PENDING_FULL_TEXT,,NO,"Title/abstract screening alone does not establish effectiveness, causality, methodological quality, transferability to Brazilian public safety or an institutional recommendation."
EV-0223,41190877,WJWAZHAG,10.1080/08995605.2025.2584753,Team-centered resilience in healthcare teams within LSCO environments: Building collective strength for modern combat challenges.,FULL_TEXT_QUEUE,P1,16,2,11,2,1,DISCOVERY_REQUIRED,https://doi.org/10.1080/08995605.2025.2584753,Journal Article | Review,A | B,NO,NO,PENDING_FULL_TEXT,,NO,"Title/abstract screening alone does not establish effectiveness, causality, methodological quality, transferability to Brazilian public safety or an institutional recommendation."
EV-0199,41337464,SEBG96VZ,10.1371/journal.pone.0337431,Mental imagery and breathing exercises integrated into a standardized warm-up routine enhance sympathetic activation and optimize muscular performance in firefighters.,FULL_TEXT_QUEUE,P1,16,4,5,3,4,PMC_AVAILABLE,https://pmc.ncbi.nlm.nih.gov/articles/PMC12674522/,Journal Article | Randomized Controlled Trial,A,NO,NO,PENDING_FULL_TEXT,,NO,"Title/abstract screening alone does not establish effectiveness, causality, methodological quality, transferability to Brazilian public safety or an institutional recommendation."
EV-0195,41352531,ZYKKH2JE,10.1016/j.cct.2025.108174,Addressing PTSD symptoms in first responders and healthcare workers through trauma-focused treatment in Employee Assistance Programs: Protocol for a randomized controlled trial.,FULL_TEXT_QUEUE,P1,16,4,7,1,4,PMC_AVAILABLE,https://pmc.ncbi.nlm.nih.gov/articles/PMC13470624/,Clinical Trial Protocol | Journal Article,C,NO,NO,PENDING_FULL_TEXT,,NO,"Title/abstract screening alone does not establish effectiveness, causality, methodological quality, transferability to Brazilian public safety or an institutional recommendation."
EV-0184,41420645,STMBR3UJ,10.55460/bi55-1gp4,Calcium Supplementation in Tactical Combat Casualty Care.,FULL_TEXT_QUEUE,P1,16,2,11,2,1,DISCOVERY_REQUIRED,https://doi.org/10.55460/bi55-1gp4,Journal Article | Review,B,NO,NO,PENDING_FULL_TEXT,,NO,"Title/abstract screening alone does not establish effectiveness, causality, methodological quality, transferability to Brazilian public safety or an institutional recommendation."
EV-0183,41424497,8FSCV72Y,10.3389/frsle.2024.1304743,Virtual first: implementation of a novel sleep telehealth platform in the United States military.,FULL_TEXT_QUEUE,P1,16,4,8,1,3,PMC_AVAILABLE,https://pmc.ncbi.nlm.nih.gov/articles/PMC12713946/,Journal Article,C,NO,NO,PENDING_FULL_TEXT,,NO,"Title/abstract screening alone does not establish effectiveness, causality, methodological quality, transferability to Brazilian public safety or an institutional recommendation."
EV-0039,42534159,KFLZYXQ9,10.3138/jmvfh-2025-0003,An introduction to measurement-based care: Scientific literature and implementation in military and Veteran care systems.,FULL_TEXT_QUEUE,P1,16,4,8,1,3,PMC_AVAILABLE,https://pmc.ncbi.nlm.nih.gov/articles/PMC13391201/,Journal Article,C,NO,NO,PENDING_FULL_TEXT,,NO,"Title/abstract screening alone does not establish effectiveness, causality, methodological quality, transferability to Brazilian public safety or an institutional recommendation."
EV-1372,16263675,GU377Z6K,10.1080/10903120500255123,Effectiveness of self-applied tourniquets in human volunteers.,FULL_TEXT_QUEUE,P1,15,2,9,3,1,DISCOVERY_REQUIRED,https://doi.org/10.1080/10903120500255123,"Journal Article | Randomized Controlled Trial | Research Support, U.S. Gov't, Non-P.H.S.",B,NO,NO,PENDING_FULL_TEXT,,NO,"Title/abstract screening alone does not establish effectiveness, causality, methodological quality, transferability to Brazilian public safety or an institutional recommendation."
EV-1365,16933806,62XX8APC,10.7205/milmed.171.8.687,Tactical combat casualty care in the assault on Punta Paitilla Airfield.,FULL_TEXT_QUEUE,P1,15,2,11,1,1,DISCOVERY_REQUIRED,https://doi.org/10.7205/milmed.171.8.687,Journal Article,B,NO,NO,PENDING_FULL_TEXT,,NO,"Title/abstract screening alone does not establish effectiveness, causality, methodological quality, transferability to Brazilian public safety or an institutional recommendation."
EV-1362,17196987,STKDTFFW,10.1016/j.jss.2006.09.006,From the combat medic to the forward surgical team: the Madigan model for improving trauma readiness of brigade combat teams fighting the Global War on Terror.,FULL_TEXT_QUEUE,P1,15,2,11,1,1,DISCOVERY_REQUIRED,https://doi.org/10.1016/j.jss.2006.09.006,Journal Article,B,NO,NO,PENDING_FULL_TEXT,,NO,"Title/abstract screening alone does not establish effectiveness, causality, methodological quality, transferability to Brazilian public safety or an institutional recommendation."
EV-1314,20858134,7PX4JZBH,10.3109/10903127.2010.514092,Tactical medicine--competency-based guidelines.,FULL_TEXT_QUEUE,P1,15,2,11,1,1,DISCOVERY_REQUIRED,https://doi.org/10.3109/10903127.2010.514092,Journal Article,B,NO,NO,PENDING_FULL_TEXT,,NO,"Title/abstract screening alone does not establish effectiveness, causality, methodological quality, transferability to Brazilian public safety or an institutional recommendation."
EV-1298,21844425,2CIIQJ7L,10.1001/archsurg.2011.213,Eliminating preventable death on the battlefield.,FULL_TEXT_QUEUE,P1,15,2,11,1,1,DISCOVERY_REQUIRED,https://doi.org/10.1001/archsurg.2011.213,Comparative Study | Journal Article,B,NO,NO,PENDING_FULL_TEXT,,NO,"Title/abstract screening alone does not establish effectiveness, causality, methodological quality, transferability to Brazilian public safety or an institutional recommendation."
EV-1294,22071995,7JPJ54C3,10.1097/ta.0b013e318232e53f,Causes of death in Canadian Forces members deployed to Afghanistan and implications on tactical combat casualty care provision.,FULL_TEXT_QUEUE,P1,15,2,11,1,1,DISCOVERY_REQUIRED,https://doi.org/10.1097/ta.0b013e318232e53f,Comparative Study | Journal Article,B,NO,NO,PENDING_FULL_TEXT,,NO,"Title/abstract screening alone does not establish effectiveness, causality, methodological quality, transferability to Brazilian public safety or an institutional recommendation."
EV-1292,22165662,XAZUMC56,10.7205/milmed-d-11-00054,Cricothyroidotomy bottom-up training review: battlefield lessons learned.,FULL_TEXT_QUEUE,P1,15,2,11,1,1,DISCOVERY_REQUIRED,https://doi.org/10.7205/milmed-d-11-00054,Journal Article,B,NO,NO,PENDING_FULL_TEXT,,NO,"Title/abstract screening alone does not establish effectiveness, causality, methodological quality, transferability to Brazilian public safety or an institutional recommendation."
EV-1282,22847092,TCNNAS9E,10.1097/ta.0b013e3182606022,"Prehospital interventions performed in a combat zone: a prospective multicenter study of 1,003 combat wounded.",FULL_TEXT_QUEUE,P1,15,2,11,1,1,DISCOVERY_REQUIRED,https://doi.org/10.1097/ta.0b013e3182606022,Journal Article | Multicenter Study,B,NO,NO,PENDING_FULL_TEXT,,NO,"Title/abstract screening alone does not establish effectiveness, causality, methodological quality, transferability to Brazilian public safety or an institutional recommendation."
EV-1281,22847093,G2LD5FP6,10.1097/ta.0b013e3182606148,The effects of standardized trauma training on prehospital pain control: have pain medication administration rates increased on the battlefield?,FULL_TEXT_QUEUE,P1,15,2,11,1,1,DISCOVERY_REQUIRED,https://doi.org/10.1097/ta.0b013e3182606148,Journal Article,B,NO,NO,PENDING_FULL_TEXT,,NO,"Title/abstract screening alone does not establish effectiveness, causality, methodological quality, transferability to Brazilian public safety or an institutional recommendation."
EV-1256,23536461,IV65YZBH,10.55460/m1g4-53gv,USSOCOM TCCC CASEVAC Set Program A Retrospective and Overview.,FULL_TEXT_QUEUE,P1,15,2,11,1,1,DISCOVERY_REQUIRED,https://doi.org/10.55460/m1g4-53gv,Journal Article,B,NO,NO,PENDING_FULL_TEXT,,NO,"Title/abstract screening alone does not establish effectiveness, causality, methodological quality, transferability to Brazilian public safety or an institutional recommendation."
EV-1255,23536462,Y5VXHU4U,10.55460/yt1m-yhyx,Redefining Technical Rescue and Casualty Care for SOF: Part 1.,FULL_TEXT_QUEUE,P1,15,2,11,1,1,DISCOVERY_REQUIRED,https://doi.org/10.55460/yt1m-yhyx,Journal Article,B,NO,NO,PENDING_FULL_TEXT,,NO,"Title/abstract screening alone does not establish effectiveness, causality, methodological quality, transferability to Brazilian public safety or an institutional recommendation."
EV-1251,23817878,5B43JGV5,10.55460/x1tu-pj61,CBRNE TC3: A Hybrid Approach to Casualty Care in the CBRNE Environment.,FULL_TEXT_QUEUE,P1,15,2,11,1,1,DISCOVERY_REQUIRED,https://doi.org/10.55460/x1tu-pj61,Journal Article,B,NO,NO,PENDING_FULL_TEXT,,NO,"Title/abstract screening alone does not establish effectiveness, causality, methodological quality, transferability to Brazilian public safety or an institutional recommendation."
EV-1250,23820356,VTUVC372,10.7205/milmed-d-12-00491,Analysis of recovered tourniquets from casualties of Operation Enduring Freedom and Operation New Dawn.,FULL_TEXT_QUEUE,P1,15,2,11,1,1,DISCOVERY_REQUIRED,https://doi.org/10.7205/milmed-d-12-00491,"Journal Article | Research Support, U.S. Gov't, Non-P.H.S.",B,NO,NO,PENDING_FULL_TEXT,,NO,"Title/abstract screening alone does not establish effectiveness, causality, methodological quality, transferability to Brazilian public safety or an institutional recommendation."
EV-1249,23852335,7ZPCD2IE,10.1007/s10567-013-0149-8,Implementation and dissemination of military informed and evidence-based interventions for community dwelling military families.,FULL_TEXT_QUEUE,P1,15,2,8,2,3,DISCOVERY_REQUIRED,https://doi.org/10.1007/s10567-013-0149-8,"Journal Article | Research Support, Non-U.S. Gov't | Research Support, U.S. Gov't, P.H.S. | Review",C,NO,NO,PENDING_FULL_TEXT,,NO,"Title/abstract screening alone does not establish effectiveness, causality, methodological quality, transferability to Brazilian public safety or an institutional recommendation."
EV-1247,23883900,6KDA3NNS,10.1097/ta.0b013e318299d909,Comparison of novel hemostatic dressings with QuikClot combat gauze in a standardized swine model of uncontrolled hemorrhage.,FULL_TEXT_QUEUE,P1,15,2,11,1,1,DISCOVERY_REQUIRED,https://doi.org/10.1097/ta.0b013e318299d909,"Comparative Study | Journal Article | Research Support, U.S. Gov't, Non-P.H.S.",B,NO,NO,PENDING_FULL_TEXT,,NO,"Title/abstract screening alone does not establish effectiveness, causality, methodological quality, transferability to Brazilian public safety or an institutional recommendation."
EV-1231,24227566,6IHRH399,10.55460/ms8t-zupx,Management of Junctional Hemorrhage in Tactical Combat Casualty Care: TCCC Guidelines?Proposed Change 13-03.,FULL_TEXT_QUEUE,P1,15,2,11,1,1,DISCOVERY_REQUIRED,https://doi.org/10.55460/ms8t-zupx,Journal Article,B,NO,NO,PENDING_FULL_TEXT,,NO,"Title/abstract screening alone does not establish effectiveness, causality, methodological quality, transferability to Brazilian public safety or an institutional recommendation."
EV-1223,24460509,IVQHJYDI,10.3109/10903127.2013.864356,"Comparison of video, optical, and direct laryngoscopy by experienced tactical paramedics.",FULL_TEXT_QUEUE,P1,15,2,11,1,1,DISCOVERY_REQUIRED,https://doi.org/10.3109/10903127.2013.864356,"Comparative Study | Journal Article | Research Support, Non-U.S. Gov't",B,NO,NO,PENDING_FULL_TEXT,,NO,"Title/abstract screening alone does not establish effectiveness, causality, methodological quality, transferability to Brazilian public safety or an institutional recommendation."
EV-1222,24491604,ZXWWKZQD,10.7205/milmed-d-13-00311,"Effects of training and simulated combat stress on leg tourniquet application accuracy, time, and effectiveness.",FULL_TEXT_QUEUE,P1,15,2,11,1,1,DISCOVERY_REQUIRED,https://doi.org/10.7205/milmed-d-13-00311,Journal Article,B,NO,NO,PENDING_FULL_TEXT,,NO,"Title/abstract screening alone does not establish effectiveness, causality, methodological quality, transferability to Brazilian public safety or an institutional recommendation."
EV-1207,24952973,2VS5NX4S,10.1016/j.injury.2014.05.037,Predeployment training for forward medicalisation in a combat zone: the specific policy of the French Military Health Service.,FULL_TEXT_QUEUE,P1,15,2,11,1,1,DISCOVERY_REQUIRED,https://doi.org/10.1016/j.injury.2014.05.037,Evaluation Study | Journal Article,B,NO,NO,PENDING_FULL_TEXT,,NO,"Title/abstract screening alone does not establish effectiveness, causality, methodological quality, transferability to Brazilian public safety or an institutional recommendation."
EV-1190,25399363,V2UC9GIA,10.55460/bo8f-kyqt,Prehospital analgesia with ketamine for combat wounds: a case series.,FULL_TEXT_QUEUE,P1,15,2,11,1,1,DISCOVERY_REQUIRED,https://doi.org/10.55460/bo8f-kyqt,Journal Article,B,NO,NO,PENDING_FULL_TEXT,,NO,"Title/abstract screening alone does not establish effectiveness, causality, methodological quality, transferability to Brazilian public safety or an institutional recommendation."
EV-1174,26102046,QSBCFDV6,10.5055/ajdm.2015.0189,Effects of sternal intraosseous and intravenous administration of Hextend on time of administration and hemodynamics in a swine model of hemorrhagic shock.,FULL_TEXT_QUEUE,P1,15,2,11,1,1,DISCOVERY_REQUIRED,https://doi.org/10.5055/ajdm.2015.0189,Journal Article,B,NO,NO,PENDING_FULL_TEXT,,NO,"Title/abstract screening alone does not establish effectiveness, causality, methodological quality, transferability to Brazilian public safety or an institutional recommendation."
EV-1164,26360360,8DQJHESH,10.55460/ij9c-6aif,Tourniquet Conversion: A Recommended Approach in the Prolonged Field Care Setting.,FULL_TEXT_QUEUE,P1,15,2,11,1,1,DISCOVERY_REQUIRED,https://doi.org/10.55460/ij9c-6aif,Journal Article,B,NO,NO,PENDING_FULL_TEXT,,NO,"Title/abstract screening alone does not establish effectiveness, causality, methodological quality, transferability to Brazilian public safety or an institutional recommendation."
EV-1153,26540712,65I4IAWQ,10.7205/milmed-d-14-00541,Control of Junctional Hemorrhage in a Consensus Swine Model With Hemostatic Gauze Products Following Minimal Training.,FULL_TEXT_QUEUE,P1,15,2,11,1,1,DISCOVERY_REQUIRED,https://doi.org/10.7205/milmed-d-14-00541,"Journal Article | Research Support, U.S. Gov't, Non-P.H.S.",B,NO,NO,PENDING_FULL_TEXT,,NO,"Title/abstract screening alone does not establish effectiveness, causality, methodological quality, transferability to Brazilian public safety or an institutional recommendation."
EV-1091,28464968,966ELN5I,10.1017/s1049023x17006422,Prehospital Interventions During Mass-Casualty Events in Afghanistan: A Case Analysis.,FULL_TEXT_QUEUE,P1,15,2,11,1,1,DISCOVERY_REQUIRED,https://doi.org/10.1017/s1049023x17006422,Journal Article,B,NO,NO,PENDING_FULL_TEXT,,NO,"Title/abstract screening alone does not establish effectiveness, causality, methodological quality, transferability to Brazilian public safety or an institutional recommendation."
EV-1085,28599039,NP3U8ANP,10.55460/0se6-q7tf,Manikin Human-Patient Simulator Training.,FULL_TEXT_QUEUE,P1,15,2,11,1,1,DISCOVERY_REQUIRED,https://doi.org/10.55460/0se6-q7tf,Journal Article,B,NO,NO,PENDING_FULL_TEXT,,NO,"Title/abstract screening alone does not establish effectiveness, causality, methodological quality, transferability to Brazilian public safety or an institutional recommendation."
EV-1081,28628603,DZKR7D38,10.1097/ta.0000000000001476,Field and en route resuscitative endovascular occlusion of the aorta: A feasible military reality?,FULL_TEXT_QUEUE,P1,15,2,11,1,1,DISCOVERY_REQUIRED,https://doi.org/10.1097/ta.0000000000001476,"Journal Article | Research Support, Non-U.S. Gov't",B,NO,NO,PENDING_FULL_TEXT,,NO,"Title/abstract screening alone does not establish effectiveness, causality, methodological quality, transferability to Brazilian public safety or an institutional recommendation."
EV-1078,28794007,4R7ERG7B,10.1136/jramc-2017-000788,The future of resuscitative endovascular balloon occlusion in combat operations.,FULL_TEXT_QUEUE,P1,15,2,11,1,1,DISCOVERY_REQUIRED,https://doi.org/10.1136/jramc-2017-000788,Journal Article,C,NO,NO,PENDING_FULL_TEXT,,NO,"Title/abstract screening alone does not establish effectiveness, causality, methodological quality, transferability to Brazilian public safety or an institutional recommendation."
EV-1077,28807069,G6SAKSQZ,10.1017/s1049023x17006902,A Pilot Project Demonstrating that Combat Medics Can Safely Administer Parenteral Medications in the Emergency Department.,FULL_TEXT_QUEUE,P1,15,2,11,1,1,DISCOVERY_REQUIRED,https://doi.org/10.1017/s1049023x17006902,Journal Article,B,NO,NO,PENDING_FULL_TEXT,,NO,"Title/abstract screening alone does not establish effectiveness, causality, methodological quality, transferability to Brazilian public safety or an institutional recommendation."
EV-1070,28910469,CCDGBE3P,10.55460/7u98-j4hl,Prehospital Administration of Tranexamic Acid by Ground Forces in Afghanistan: The Prehospital Trauma Registry Experience.,FULL_TEXT_QUEUE,P1,15,2,11,1,1,DISCOVERY_REQUIRED,https://doi.org/10.55460/7u98-j4hl,Journal Article,B,NO,NO,PENDING_FULL_TEXT,,NO,"Title/abstract screening alone does not establish effectiveness, causality, methodological quality, transferability to Brazilian public safety or an institutional recommendation."
EV-1068,28910475,2RIRFDHS,10.55460/8ily-w3mx,Chest Seal Placement for Penetrating Chest Wounds by Prehospital Ground Forces in Afghanistan.,FULL_TEXT_QUEUE,P1,15,2,11,1,1,DISCOVERY_REQUIRED,https://doi.org/10.55460/8ily-w3mx,Journal Article,B,NO,NO,PENDING_FULL_TEXT,,NO,"Title/abstract screening alone does not establish effectiveness, causality, methodological quality, transferability to Brazilian public safety or an institutional recommendation."
EV-1044,29256190,UVM8WFRG,10.55460/nq9d-at5x,Extraglottic Airways in Tactical Combat Casualty Care: TCCC Guidelines Change 17-01 28 August 2017.,FULL_TEXT_QUEUE,P1,15,2,11,1,1,DISCOVERY_REQUIRED,https://doi.org/10.55460/nq9d-at5x,Journal Article,B,NO,NO,PENDING_FULL_TEXT,,NO,"Title/abstract screening alone does not establish effectiveness, causality, methodological quality, transferability to Brazilian public safety or an institutional recommendation."
EV-1043,29256201,JMB9GEXE,10.55460/4r92-esfr,"Efficacy of the Mnemonic Device ""MARCH PAWS"" as a Checklist for Pararescuemen During Tactical Field Care and Tactical Evacuation.",FULL_TEXT_QUEUE,P1,15,2,11,1,1,DISCOVERY_REQUIRED,https://doi.org/10.55460/4r92-esfr,Journal Article,B,NO,NO,PENDING_FULL_TEXT,,NO,"Title/abstract screening alone does not establish effectiveness, causality, methodological quality, transferability to Brazilian public safety or an institutional recommendation."
EV-1042,29261592,RJ99V34E,10.1097/ta.0000000000001772,Whole blood and Hextend: Bookends of modern tactical combat casualty care field resuscitation and starting point for multifunctional resuscitation fluid development.,FULL_TEXT_QUEUE,P1,15,2,11,1,1,DISCOVERY_REQUIRED,https://doi.org/10.1097/ta.0000000000001772,"Comparative Study | Journal Article | Research Support, U.S. Gov't, Non-P.H.S.",B,NO,NO,PENDING_FULL_TEXT,,NO,"Title/abstract screening alone does not establish effectiveness, causality, methodological quality, transferability to Brazilian public safety or an institutional recommendation."
EV-1041,29267184,P7AR9W7D,10.1097/ta.0000000000001715,Measuring US Army medical evacuation: Metrics for performance improvement.,FULL_TEXT_QUEUE,P1,15,2,11,1,1,DISCOVERY_REQUIRED,https://doi.org/10.1097/ta.0000000000001715,"Journal Article | Research Support, U.S. Gov't, Non-P.H.S.",B,NO,NO,PENDING_FULL_TEXT,,NO,"Title/abstract screening alone does not establish effectiveness, causality, methodological quality, transferability to Brazilian public safety or an institutional recommendation."
EV-1032,29485427,Z9YUR7L3,10.1097/ta.0000000000001862,How hemorrhage control became common sense.,FULL_TEXT_QUEUE,P1,15,2,11,1,1,DISCOVERY_REQUIRED,https://doi.org/10.1097/ta.0000000000001862,Historical Article | Journal Article,B,NO,NO,PENDING_FULL_TEXT,,NO,"Title/abstract screening alone does not establish effectiveness, causality, methodological quality, transferability to Brazilian public safety or an institutional recommendation."
EV-1030,29547925,6DZ4V3VV,10.1093/milmed/usx016,The Platinum 5 min in TCCC: Analysis of Junctional and Extremity Hemorrhage Scenarios with a Mathematical Model.,FULL_TEXT_QUEUE,P1,15,2,11,1,1,DISCOVERY_REQUIRED,https://doi.org/10.1093/milmed/usx016,Journal Article,B,NO,NO,PENDING_FULL_TEXT,,NO,"Title/abstract screening alone does not establish effectiveness, causality, methodological quality, transferability to Brazilian public safety or an institutional recommendation."
EV-1029,29547968,42ZIUBJ4,10.1093/milmed/usx236,Biological Response to Stress During Battlefield Trauma Training: Live Tissue Versus High-Fidelity Patient Simulator.,FULL_TEXT_QUEUE,P1,15,2,11,1,1,DISCOVERY_REQUIRED,https://doi.org/10.1093/milmed/usx236,Journal Article,B,NO,NO,PENDING_FULL_TEXT,,NO,"Title/abstract screening alone does not establish effectiveness, causality, methodological quality, transferability to Brazilian public safety or an institutional recommendation."
EV-1013,30064710,7CYJJARU,10.1016/j.jemermed.2018.05.032,A Novel Expeditionary Perfused Cadaver Model for Trauma Training in the Out-of-Hospital Setting.,FULL_TEXT_QUEUE,P1,15,2,11,1,1,DISCOVERY_REQUIRED,https://doi.org/10.1016/j.jemermed.2018.05.032,Journal Article,B,NO,NO,PENDING_FULL_TEXT,,NO,"Title/abstract screening alone does not establish effectiveness, causality, methodological quality, transferability to Brazilian public safety or an institutional recommendation."
EV-1005,30295843,2XC8RSXB,10.1093/milmed/usy252,Prehospital Resuscitation Performed on Hypotensive Trauma Patients in Afghanistan: The Prehospital Trauma Registry Experience.,FULL_TEXT_QUEUE,P1,15,2,11,1,1,DISCOVERY_REQUIRED,https://doi.org/10.1093/milmed/usy252,Journal Article,B,NO,NO,PENDING_FULL_TEXT,,NO,"Title/abstract screening alone does not establish effectiveness, causality, methodological quality, transferability to Brazilian public safety or an institutional recommendation."
EV-0993,30566723,CAITUN36,10.55460/yjb8-zc0y,Advanced Resuscitative Care in Tactical Combat Casualty Care: TCCC Guidelines Change 18-01:14 October 2018.,FULL_TEXT_QUEUE,P1,15,2,11,1,1,DISCOVERY_REQUIRED,https://doi.org/10.55460/yjb8-zc0y,Journal Article,B,NO,NO,PENDING_FULL_TEXT,,NO,"Title/abstract screening alone does not establish effectiveness, causality, methodological quality, transferability to Brazilian public safety or an institutional recommendation."
EV-0982,30859533,7KLLNJFJ,10.55460/adsk-02hq,Low-Resource Tactical Combat Casualty Care Training for Peshmerga Units in Remote Areas of Kurdistan.,FULL_TEXT_QUEUE,P1,15,2,11,1,1,DISCOVERY_REQUIRED,https://doi.org/10.55460/adsk-02hq,Journal Article,B,NO,NO,PENDING_FULL_TEXT,,NO,"Title/abstract screening alone does not establish effectiveness, causality, methodological quality, transferability to Brazilian public safety or an institutional recommendation."
EV-0977,30901391,S7BEU9JC,10.1093/milmed/usy311,Prehospital Interventions Performed in Afghanistan Between November 2009 and March 2014.,FULL_TEXT_QUEUE,P1,15,2,11,1,1,DISCOVERY_REQUIRED,https://doi.org/10.1093/milmed/usy311,Journal Article | Observational Study,B,NO,NO,PENDING_FULL_TEXT,,NO,"Title/abstract screening alone does not establish effectiveness, causality, methodological quality, transferability to Brazilian public safety or an institutional recommendation."
EV-0976,30901449,NAMRAAPQ,10.1093/milmed/usy337,Pilot Study of a Novel Swine Model for Controlling Junctional Hemorrhage Using the iTClamp in Conjunction With Hemostatic Agents.,FULL_TEXT_QUEUE,P1,15,2,11,1,1,DISCOVERY_REQUIRED,https://doi.org/10.1093/milmed/usy337,"Journal Article | Research Support, U.S. Gov't, Non-P.H.S.",B,NO,NO,PENDING_FULL_TEXT,,NO,"Title/abstract screening alone does not establish effectiveness, causality, methodological quality, transferability to Brazilian public safety or an institutional recommendation."
EV-0971,30915938,8IQ8KAAY,10.1017/s1049023x19000037,External Soft-Tissue Hemostatic Clamp Compared to a Compression Tourniquet as Primary Hemorrhage Control Device in Pilot Flow Model Study.,FULL_TEXT_QUEUE,P1,15,2,9,3,1,DISCOVERY_REQUIRED,https://doi.org/10.1017/s1049023x19000037,Journal Article | Randomized Controlled Trial,B,NO,NO,PENDING_FULL_TEXT,,NO,"Title/abstract screening alone does not establish effectiveness, causality, methodological quality, transferability to Brazilian public safety or an institutional recommendation."
EV-0962,31036745,FLHDCAYX,10.1136/jramc-2019-001193,Recommended medical and non-medical factors to assess military preventable deaths: subject matter experts provide valuable insights.,FULL_TEXT_QUEUE,P1,15,2,11,1,1,DISCOVERY_REQUIRED,https://doi.org/10.1136/jramc-2019-001193,Journal Article,B,NO,NO,PENDING_FULL_TEXT,,NO,"Title/abstract screening alone does not establish effectiveness, causality, methodological quality, transferability to Brazilian public safety or an institutional recommendation."
EV-0954,31201768,HS4NTALW,10.55460/4qm4-j8mg,Improvised Inguinal Junctional Tourniquets: Recommendations From the Special Operations Combat Medical Skills Sustainment Course.,FULL_TEXT_QUEUE,P1,15,2,11,1,1,DISCOVERY_REQUIRED,https://doi.org/10.55460/4qm4-j8mg,Journal Article,B,NO,NO,PENDING_FULL_TEXT,,NO,"Title/abstract screening alone does not establish effectiveness, causality, methodological quality, transferability to Brazilian public safety or an institutional recommendation."
EV-0952,31206419,K2IKIRKM,10.1097/ta.0000000000002281,Valproic acid improves survival and decreases resuscitation requirements in a swine model of prolonged damage control resuscitation.,FULL_TEXT_QUEUE,P1,15,4,9,1,1,PMC_AVAILABLE,https://pmc.ncbi.nlm.nih.gov/articles/PMC6660397/,"Journal Article | Research Support, U.S. Gov't, Non-P.H.S.",B,NO,NO,PENDING_FULL_TEXT,,NO,"Title/abstract screening alone does not establish effectiveness, causality, methodological quality, transferability to Brazilian public safety or an institutional recommendation."
EV-0949,31246925,2A36I69J,10.1097/ta.0000000000002323,Conducting fresh whole blood transfusion training.,FULL_TEXT_QUEUE,P1,15,2,11,1,1,DISCOVERY_REQUIRED,https://doi.org/10.1097/ta.0000000000002323,Journal Article,B,NO,NO,PENDING_FULL_TEXT,,NO,"Title/abstract screening alone does not establish effectiveness, causality, methodological quality, transferability to Brazilian public safety or an institutional recommendation."
EV-0926,31629577,L7TDFL7J,10.1016/j.jemermed.2019.08.027,An Analysis of Adherence to Tactical Combat Casualty Care Guidelines for the Administration of Tranexamic Acid.,FULL_TEXT_QUEUE,P1,15,2,11,1,1,DISCOVERY_REQUIRED,https://doi.org/10.1016/j.jemermed.2019.08.027,Journal Article,B,NO,NO,PENDING_FULL_TEXT,,NO,"Title/abstract screening alone does not establish effectiveness, causality, methodological quality, transferability to Brazilian public safety or an institutional recommendation."
EV-0914,31910478,QRQC729G,10.55460/q12y-6y8i,Prehospital Whole Blood in SOF: Current Use and Future Directions.,FULL_TEXT_QUEUE,P1,15,2,11,1,1,DISCOVERY_REQUIRED,https://doi.org/10.55460/q12y-6y8i,Journal Article,B,NO,NO,PENDING_FULL_TEXT,,NO,"Title/abstract screening alone does not establish effectiveness, causality, methodological quality, transferability to Brazilian public safety or an institutional recommendation."
EV-0912,31910485,RUBMZPWL,10.55460/u2b3-1t1d,Applying Swiss Armed Forces Training Didactics and Methodology for Tactical Combat Casualty Care Training.,FULL_TEXT_QUEUE,P1,15,2,11,1,1,DISCOVERY_REQUIRED,https://doi.org/10.55460/u2b3-1t1d,Journal Article,B,NO,NO,PENDING_FULL_TEXT,,NO,"Title/abstract screening alone does not establish effectiveness, causality, methodological quality, transferability to Brazilian public safety or an institutional recommendation."
EV-0904,32074304,9H2D984V,10.1093/milmed/usz303,"Tactical Combat Casualty Care Training, Knowledge, and Utilization in the US Army.",FULL_TEXT_QUEUE,P1,15,2,11,1,1,DISCOVERY_REQUIRED,https://doi.org/10.1093/milmed/usz303,Journal Article,B,NO,NO,PENDING_FULL_TEXT,,NO,"Title/abstract screening alone does not establish effectiveness, causality, methodological quality, transferability to Brazilian public safety or an institutional recommendation."
EV-0902,32074367,LX8LNLPQ,10.1093/milmed/usz285,Pediatric Prehospital Wound Prophylaxis in Iraq and Afghanistan.,FULL_TEXT_QUEUE,P1,15,2,11,1,1,DISCOVERY_REQUIRED,https://doi.org/10.1093/milmed/usz285,Journal Article,B,NO,NO,PENDING_FULL_TEXT,,NO,"Title/abstract screening alone does not establish effectiveness, causality, methodological quality, transferability to Brazilian public safety or an institutional recommendation."
EV-0901,32074373,ANUA9HCL,10.1093/milmed/usz226,Prehospital Battlefield Casualty Intervention Decision Cognitive Study.,FULL_TEXT_QUEUE,P1,15,2,11,1,1,DISCOVERY_REQUIRED,https://doi.org/10.1093/milmed/usz226,Journal Article,B,NO,NO,PENDING_FULL_TEXT,,NO,"Title/abstract screening alone does not establish effectiveness, causality, methodological quality, transferability to Brazilian public safety or an institutional recommendation."
EV-0895,32201735,4QCHF7DI,10.1136/tsaco-2019-000393,Hyper-realistic and immersive surgical simulation training environment will improve team performance.,FULL_TEXT_QUEUE,P1,15,4,9,1,1,PMC_AVAILABLE,https://pmc.ncbi.nlm.nih.gov/articles/PMC7066601/,Journal Article,A,NO,NO,PENDING_FULL_TEXT,,NO,"Title/abstract screening alone does not establish effectiveness, causality, methodological quality, transferability to Brazilian public safety or an institutional recommendation."
EV-0894,32203608,QA8P8KYK,10.55460/fuho-cu87,An Inventory of the Combat Medics' Aid Bag.,FULL_TEXT_QUEUE,P1,15,2,11,1,1,DISCOVERY_REQUIRED,https://doi.org/10.55460/fuho-cu87,Journal Article,B,NO,NO,PENDING_FULL_TEXT,,NO,"Title/abstract screening alone does not establish effectiveness, causality, methodological quality, transferability to Brazilian public safety or an institutional recommendation."
EV-0886,32314785,MTP4JWU2,10.1093/milmed/usz491,Implementation and Evaluation of Tactical Combat Casualty Care for Army Aviators.,FULL_TEXT_QUEUE,P1,15,2,11,1,1,DISCOVERY_REQUIRED,https://doi.org/10.1093/milmed/usz491,Journal Article,B,NO,NO,PENDING_FULL_TEXT,,NO,"Title/abstract screening alone does not establish effectiveness, causality, methodological quality, transferability to Brazilian public safety or an institutional recommendation."
EV-0884,32366761,BR9QTVXA,10.1097/ta.0000000000002724,Comparison of 10- versus 14-gauge angiocatheter for treatment of tension pneumothorax and tension-induced pulseless electrical activity with hemorrhagic shock: Bigger is still better.,FULL_TEXT_QUEUE,P1,15,2,11,1,1,DISCOVERY_REQUIRED,https://doi.org/10.1097/ta.0000000000002724,"Comparative Study | Journal Article | Research Support, Non-U.S. Gov't",B,NO,NO,PENDING_FULL_TEXT,,NO,"Title/abstract screening alone does not establish effectiveness, causality, methodological quality, transferability to Brazilian public safety or an institutional recommendation."
EV-0876,32573744,J29MEFVL,10.55460/t63h-3oxx,Quality Assurance in Tactical Combat Casualty Care for Medical Personnel Training 16 April 2020.,FULL_TEXT_QUEUE,P1,15,2,11,1,1,DISCOVERY_REQUIRED,https://doi.org/10.55460/t63h-3oxx,Journal Article,B,NO,NO,PENDING_FULL_TEXT,,NO,"Title/abstract screening alone does not establish effectiveness, causality, methodological quality, transferability to Brazilian public safety or an institutional recommendation."
EV-0865,32754740,TFI96IIM,10.1093/milmed/usaa197,An analysis of radial pulse strength to recorded blood pressure in the Department of Defense Trauma Registry.,FULL_TEXT_QUEUE,P1,15,2,11,1,1,DISCOVERY_REQUIRED,https://doi.org/10.1093/milmed/usaa197,Journal Article,B,NO,NO,PENDING_FULL_TEXT,,NO,"Title/abstract screening alone does not establish effectiveness, causality, methodological quality, transferability to Brazilian public safety or an institutional recommendation."
EV-0855,32969009,X7D4MJ8S,10.55460/ergu-pez2,Ketamine Administration by Special Operations Medical Personnel During Training Mishaps.,FULL_TEXT_QUEUE,P1,15,2,11,1,1,DISCOVERY_REQUIRED,https://doi.org/10.55460/ergu-pez2,Journal Article | Observational Study,B,NO,NO,PENDING_FULL_TEXT,,NO,"Title/abstract screening alone does not establish effectiveness, causality, methodological quality, transferability to Brazilian public safety or an institutional recommendation."
EV-0854,32990941,S9X6UGRD,10.55460/28bo-67ak,Development of a New Vented Chest Seal Dressing for Treatment of Open Pneumothorax.,FULL_TEXT_QUEUE,P1,15,2,11,1,1,DISCOVERY_REQUIRED,https://doi.org/10.55460/28bo-67ak,Journal Article,B,NO,NO,PENDING_FULL_TEXT,,NO,"Title/abstract screening alone does not establish effectiveness, causality, methodological quality, transferability to Brazilian public safety or an institutional recommendation."
EV-0852,33007065,HQPKK3ZZ,10.1093/milmed/usaa291,An Assessment of Pre-deployment Training for Army Nurses and Medics.,FULL_TEXT_QUEUE,P1,15,2,11,1,1,DISCOVERY_REQUIRED,https://doi.org/10.1093/milmed/usaa291,Journal Article,B,NO,NO,PENDING_FULL_TEXT,,NO,"Title/abstract screening alone does not establish effectiveness, causality, methodological quality, transferability to Brazilian public safety or an institutional recommendation."
EV-0819,33499479,LFC3WE3H,10.1093/milmed/usaa275,Decision Support for Tactical Combat Casualty Care Using Machine Learning to Detect Shock.,FULL_TEXT_QUEUE,P1,15,2,11,1,1,DISCOVERY_REQUIRED,https://doi.org/10.1093/milmed/usaa275,"Journal Article | Research Support, U.S. Gov't, Non-P.H.S.",B,NO,NO,PENDING_FULL_TEXT,,NO,"Title/abstract screening alone does not establish effectiveness, causality, methodological quality, transferability to Brazilian public safety or an institutional recommendation."
EV-0801,33721322,DXF4HRZ8,10.55460/j774-n297,Tactical Medicine Training for SEAL Mission Commanders.,FULL_TEXT_QUEUE,P1,15,2,11,1,1,DISCOVERY_REQUIRED,https://doi.org/10.55460/j774-n297,Journal Article,B,NO,NO,PENDING_FULL_TEXT,,NO,"Title/abstract screening alone does not establish effectiveness, causality, methodological quality, transferability to Brazilian public safety or an institutional recommendation."
EV-0797,33797479,977AH3M5,10.1097/ta.0000000000003216,"A comparison of efficacy, efficiency, and durability in novel tourniquet designs.",FULL_TEXT_QUEUE,P1,15,2,9,3,1,DISCOVERY_REQUIRED,https://doi.org/10.1097/ta.0000000000003216,"Comparative Study | Journal Article | Randomized Controlled Trial | Research Support, U.S. Gov't, Non-P.H.S.",B,NO,NO,PENDING_FULL_TEXT,,NO,"Title/abstract screening alone does not establish effectiveness, causality, methodological quality, transferability to Brazilian public safety or an institutional recommendation."
EV-0757,34628523,AX4C53VJ,10.1007/s00420-021-01772-1,A review of workplace mental health interventions and their implementation in public safety organizations.,FULL_TEXT_QUEUE,P1,15,2,7,2,4,DISCOVERY_REQUIRED,https://doi.org/10.1007/s00420-021-01772-1,Journal Article | Review,C,NO,NO,PENDING_FULL_TEXT,,NO,"Title/abstract screening alone does not establish effectiveness, causality, methodological quality, transferability to Brazilian public safety or an institutional recommendation."
EV-0741,34935966,BS77YUNS,10.1093/milmed/usab525,Assessing Baseline Proficiency of National Guard Combat Medics Due for Recertification: A Pilot Study.,FULL_TEXT_QUEUE,P1,15,2,11,1,1,DISCOVERY_REQUIRED,https://doi.org/10.1093/milmed/usab525,Journal Article,B,NO,NO,PENDING_FULL_TEXT,,NO,"Title/abstract screening alone does not establish effectiveness, causality, methodological quality, transferability to Brazilian public safety or an institutional recommendation."
EV-0740,34935982,68YQU5S2,10.1093/milmed/usab461,"Trends in Prehospital Blood, Crystalloid, and Colloid Administration in Accordance With Changes in Tactical Combat Casualty Care Guidelines.",FULL_TEXT_QUEUE,P1,15,2,11,1,1,DISCOVERY_REQUIRED,https://doi.org/10.1093/milmed/usab461,Journal Article,B,NO,NO,PENDING_FULL_TEXT,,NO,"Title/abstract screening alone does not establish effectiveness, causality, methodological quality, transferability to Brazilian public safety or an institutional recommendation."
EV-0735,35015891,7AUAGT4I,10.1093/milmed/usab556,Low-Cost Model for Battlefield Wound and Hemorrhage Training.,FULL_TEXT_QUEUE,P1,15,2,11,1,1,DISCOVERY_REQUIRED,https://doi.org/10.1093/milmed/usab556,Journal Article,B,NO,NO,PENDING_FULL_TEXT,,NO,"Title/abstract screening alone does not establish effectiveness, causality, methodological quality, transferability to Brazilian public safety or an institutional recommendation."
EV-0709,35319545,DW2329YR,10.1097/ta.0000000000003596,A mixed methods end-user assessment to determine the ideal supraglottic airway device for inclusion into the medic's aid bag.,FULL_TEXT_QUEUE,P1,15,2,11,1,1,DISCOVERY_REQUIRED,https://doi.org/10.1097/ta.0000000000003596,"Journal Article | Research Support, U.S. Gov't, Non-P.H.S.",B,NO,NO,PENDING_FULL_TEXT,,NO,"Title/abstract screening alone does not establish effectiveness, causality, methodological quality, transferability to Brazilian public safety or an institutional recommendation."
EV-0706,35349938,UXQFNHQL,10.1016/j.apergo.2022.103748,Identifying measures with the highest potential to reduce suicides on Finnish railways.,FULL_TEXT_QUEUE,P1,15,2,7,2,4,DISCOVERY_REQUIRED,https://doi.org/10.1016/j.apergo.2022.103748,Journal Article | Review,C,NO,NO,PENDING_FULL_TEXT,,NO,"Title/abstract screening alone does not establish effectiveness, causality, methodological quality, transferability to Brazilian public safety or an institutional recommendation."
EV-0691,35639888,79ECG3M5,10.55460/zt9j-ei8z,Tactical Combat Casualty Care Maritime Scenario: Shipboard Missile Strike.,FULL_TEXT_QUEUE,P1,15,2,11,1,1,DISCOVERY_REQUIRED,https://doi.org/10.55460/zt9j-ei8z,Journal Article,B,NO,NO,PENDING_FULL_TEXT,,NO,"Title/abstract screening alone does not establish effectiveness, causality, methodological quality, transferability to Brazilian public safety or an institutional recommendation."
EV-0678,35862850,QSPFE9RI,10.55460/a10n-ktmd,Operation Blood Rain Phase 2: Evaluating the Effect of Airdrop on Fresh and Stored Whole Blood.,FULL_TEXT_QUEUE,P1,15,2,11,1,1,DISCOVERY_REQUIRED,https://doi.org/10.55460/a10n-ktmd,Journal Article,B,NO,NO,PENDING_FULL_TEXT,,NO,"Title/abstract screening alone does not establish effectiveness, causality, methodological quality, transferability to Brazilian public safety or an institutional recommendation."
EV-0651,36424914,EMSHW9Y8,10.1093/milmed/usac355,"Speed, Skill Retention, and End User Perceptions of iTClamp Application by Navy Corpsmen on a Manikin Model of Femoral Hemorrhage.",FULL_TEXT_QUEUE,P1,15,2,9,3,1,DISCOVERY_REQUIRED,https://doi.org/10.1093/milmed/usac355,"Journal Article | Randomized Controlled Trial | Research Support, Non-U.S. Gov't",B,NO,NO,PENDING_FULL_TEXT,,NO,"Title/abstract screening alone does not establish effectiveness, causality, methodological quality, transferability to Brazilian public safety or an institutional recommendation."
EV-0627,36793001,YECNPJH3,10.1186/s12889-023-15229-2,"Using formative evaluation of a community-based opioid overdose prevention program to inform strategic communication for adoption, implementation, and sustainability.",FULL_TEXT_QUEUE,P1,15,4,8,1,2,PMC_AVAILABLE,https://pmc.ncbi.nlm.nih.gov/articles/PMC9930042/,Journal Article,C,NO,NO,PENDING_FULL_TEXT,,NO,"Title/abstract screening alone does not establish effectiveness, causality, methodological quality, transferability to Brazilian public safety or an institutional recommendation."
EV-0625,36800525,W7C7R9VY,10.55460/wkse-6pvs,"Where There's a War, There's a Way: A Brief Report on Tactical Combat Casualty Care Training in a Multinational Environment.",FULL_TEXT_QUEUE,P1,15,2,11,1,1,DISCOVERY_REQUIRED,https://doi.org/10.55460/wkse-6pvs,Journal Article,B,NO,NO,PENDING_FULL_TEXT,,NO,"Title/abstract screening alone does not establish effectiveness, causality, methodological quality, transferability to Brazilian public safety or an institutional recommendation."
EV-0598,37169527,6B34VICB,10.55460/tbn6-njsr,Use of Intranasal Analgesia in French Armed Forces: A Cross-Sectional Survey.,FULL_TEXT_QUEUE,P1,15,2,11,1,1,DISCOVERY_REQUIRED,https://doi.org/10.55460/tbn6-njsr,Journal Article | Multicenter Study,B,NO,NO,PENDING_FULL_TEXT,,NO,"Title/abstract screening alone does not establish effectiveness, causality, methodological quality, transferability to Brazilian public safety or an institutional recommendation."
EV-0570,37647617,9FCXNRF5,10.1093/milmed/usad323,Associations with Prehospital Antibiotic Receipt among Combat Casualties with Open Wounds: A Department of Defense Trauma Registry Study.,FULL_TEXT_QUEUE,P1,15,2,11,1,1,DISCOVERY_REQUIRED,https://doi.org/10.1093/milmed/usad323,Journal Article,B,NO,NO,PENDING_FULL_TEXT,,NO,"Title/abstract screening alone does not establish effectiveness, causality, methodological quality, transferability to Brazilian public safety or an institutional recommendation."
EV-0569,37651582,7QQ2R6BX,10.1093/milmed/usad333,Sustainable Tactical Combat Casualty Care Implementation in Ghana: A Model for Future Development.,FULL_TEXT_QUEUE,P1,15,2,11,1,1,DISCOVERY_REQUIRED,https://doi.org/10.1093/milmed/usad333,Journal Article,B,NO,NO,PENDING_FULL_TEXT,,NO,"Title/abstract screening alone does not establish effectiveness, causality, methodological quality, transferability to Brazilian public safety or an institutional recommendation."
EV-0553,37851858,NEU4MHXD,10.55460/x6xo-rvxc,The Impact of Progressive Simulation-Based Training on Tourniquet Application.,FULL_TEXT_QUEUE,P1,15,2,11,1,1,DISCOVERY_REQUIRED,https://doi.org/10.55460/x6xo-rvxc,Journal Article,B,NO,NO,PENDING_FULL_TEXT,,NO,"Title/abstract screening alone does not establish effectiveness, causality, methodological quality, transferability to Brazilian public safety or an institutional recommendation."
EV-0544,37948225,CLIX94H4,10.1093/milmed/usad110,Ruggedized Self-Propelling Hemostatic Gauze Delivers Low Dose of Thrombin and Systemic Tranexamic Acid and Achieves High Survival in Swine With Junctional Hemorrhage.,FULL_TEXT_QUEUE,P1,15,2,11,1,1,DISCOVERY_REQUIRED,https://doi.org/10.1093/milmed/usad110,"Journal Article | Research Support, Non-U.S. Gov't | Research Support, U.S. Gov't, Non-P.H.S.",B,NO,NO,PENDING_FULL_TEXT,,NO,"Title/abstract screening alone does not establish effectiveness, causality, methodological quality, transferability to Brazilian public safety or an institutional recommendation."
EV-0541,37948287,DMKGVRLA,10.1093/milmed/usad298,"TCCC Decision Support With Machine Learning Prediction of Hemorrhage Risk, Shock Probability.",FULL_TEXT_QUEUE,P1,15,2,11,1,1,DISCOVERY_REQUIRED,https://doi.org/10.1093/milmed/usad298,"Journal Article | Research Support, U.S. Gov't, Non-P.H.S.",B,NO,NO,PENDING_FULL_TEXT,,NO,"Title/abstract screening alone does not establish effectiveness, causality, methodological quality, transferability to Brazilian public safety or an institutional recommendation."
EV-0538,37976434,KLGRQQ37,10.55460/5tnr-b19b,Effects of Airway Localization Device Use During Surgical Cricothyrotomy on Procedural Times and Confidence Levels of Pre-Hospital Personnel.,FULL_TEXT_QUEUE,P1,15,2,11,1,1,DISCOVERY_REQUIRED,https://doi.org/10.55460/5tnr-b19b,Journal Article,B,NO,NO,PENDING_FULL_TEXT,,NO,"Title/abstract screening alone does not establish effectiveness, causality, methodological quality, transferability to Brazilian public safety or an institutional recommendation."
EV-0530,38033837,TZM53DRE,10.18502/ijph.v52i9.13562,Components of Health Surveillance System in Natural Disasters that Affect Military Health Services: A Systematic Review.,FULL_TEXT_QUEUE,P1,15,4,5,2,4,PMC_AVAILABLE,https://pmc.ncbi.nlm.nih.gov/articles/PMC10682594/,Journal Article | Review,A,NO,NO,PENDING_FULL_TEXT,,NO,"Title/abstract screening alone does not establish effectiveness, causality, methodological quality, transferability to Brazilian public safety or an institutional recommendation."
EV-0514,38252890,8AUZUVZS,10.1093/milmed/usad455,Evaluation of Gender Disparity in Tactical Combat Casualty Care.,FULL_TEXT_QUEUE,P1,15,2,11,1,1,DISCOVERY_REQUIRED,https://doi.org/10.1093/milmed/usad455,"Journal Article | Observational Study | Research Support, U.S. Gov't, Non-P.H.S.",B,NO,NO,PENDING_FULL_TEXT,,NO,"Title/abstract screening alone does not establish effectiveness, causality, methodological quality, transferability to Brazilian public safety or an institutional recommendation."
EV-0509,38294088,XU8QPBKG,10.1093/milmed/usae002,Disguised Among the Sea: The Implications of Artificial Islands on Casualty Care in the Indo-Pacific.,FULL_TEXT_QUEUE,P1,15,2,11,1,1,DISCOVERY_REQUIRED,https://doi.org/10.1093/milmed/usae002,Journal Article,B,NO,NO,PENDING_FULL_TEXT,,NO,"Title/abstract screening alone does not establish effectiveness, causality, methodological quality, transferability to Brazilian public safety or an institutional recommendation."
EV-0508,38300880,LVS3HTUN,10.55460/v057-2pch,Life Over Limb: Why Not Both? Revisiting Tourniquet Practices Based on Lessons Learned From the War in Ukraine.,FULL_TEXT_QUEUE,P1,15,2,11,1,1,DISCOVERY_REQUIRED,https://doi.org/10.55460/v057-2pch,Case Reports | Journal Article,B,NO,NO,PENDING_FULL_TEXT,,NO,"Title/abstract screening alone does not establish effectiveness, causality, methodological quality, transferability to Brazilian public safety or an institutional recommendation."
EV-0496,38408045,PMUTWV5U,10.55460/pc7t-lml9,Prescreened Whole O Blood Group Walking Blood Bank Capabilities for Nontraditional Maritime Medical Receiving Platforms: A Case Series.,FULL_TEXT_QUEUE,P1,15,2,11,1,1,DISCOVERY_REQUIRED,https://doi.org/10.55460/pc7t-lml9,Journal Article,B,NO,NO,PENDING_FULL_TEXT,,NO,"Title/abstract screening alone does not establish effectiveness, causality, methodological quality, transferability to Brazilian public safety or an institutional recommendation."
EV-0495,38408046,7FHT5TV5,10.55460/zeds-yb8n,Emergency Fresh Whole Blood Transfusion Training for Ukrainian Health Professionals in Austere Environments.,FULL_TEXT_QUEUE,P1,15,2,11,1,1,DISCOVERY_REQUIRED,https://doi.org/10.55460/zeds-yb8n,Journal Article,B,NO,NO,PENDING_FULL_TEXT,,NO,"Title/abstract screening alone does not establish effectiveness, causality, methodological quality, transferability to Brazilian public safety or an institutional recommendation."
EV-0493,38441209,Z3DDMGPS,10.1111/trf.17776,The first two years of the use of low titer group O whole blood during French Military overseas operations: A retrospective study.,FULL_TEXT_QUEUE,P1,15,2,11,1,1,DISCOVERY_REQUIRED,https://doi.org/10.1111/trf.17776,Journal Article,B,NO,NO,PENDING_FULL_TEXT,,NO,"Title/abstract screening alone does not establish effectiveness, causality, methodological quality, transferability to Brazilian public safety or an institutional recommendation."
EV-0484,38554275,J2ZKACXI,10.1093/milmed/usae123,Addressing Differences in Knowledge and Experience in Trauma Care Capabilities Among an International Team of Military Medical Care Providers in a Deployed Setting.,FULL_TEXT_QUEUE,P1,15,2,11,1,1,DISCOVERY_REQUIRED,https://doi.org/10.1093/milmed/usae123,Journal Article,B,NO,NO,PENDING_FULL_TEXT,,NO,"Title/abstract screening alone does not establish effectiveness, causality, methodological quality, transferability to Brazilian public safety or an institutional recommendation."
EV-0469,38855391,H5MKGKH3,,Improving Trauma and Critical Care Proficiency and Readiness for Air Force Personnel in Critical Medical Specialties: A Pacific Air Forces Perspective.,FULL_TEXT_QUEUE,P1,15,4,9,1,1,PMC_AVAILABLE,https://pmc.ncbi.nlm.nih.gov/articles/PMC11147639/,Journal Article,A,NO,NO,PENDING_FULL_TEXT,,NO,"Title/abstract screening alone does not establish effectiveness, causality, methodological quality, transferability to Brazilian public safety or an institutional recommendation."
EV-0460,38921641,LSPYKMMS,10.3390/jfmk9020105,Strategies for Improving Firefighter Health On-Shift: A Review.,FULL_TEXT_QUEUE,P1,15,4,5,2,4,PMC_AVAILABLE,https://pmc.ncbi.nlm.nih.gov/articles/PMC11204757/,Journal Article | Review,A,NO,NO,PENDING_FULL_TEXT,,NO,"Title/abstract screening alone does not establish effectiveness, causality, methodological quality, transferability to Brazilian public safety or an institutional recommendation."
EV-0432,39160832,Z99BZN3S,10.1093/milmed/usae262,Auditory System Injury on the Battlefield-Solutions for Point-of-Injury and Prolonged Casualty Care: A DOTmLPF-P Analysis.,FULL_TEXT_QUEUE,P1,15,2,11,1,1,DISCOVERY_REQUIRED,https://doi.org/10.1093/milmed/usae262,Journal Article,B,NO,NO,PENDING_FULL_TEXT,,NO,"Title/abstract screening alone does not establish effectiveness, causality, methodological quality, transferability to Brazilian public safety or an institutional recommendation."
EV-0430,39160876,K8MDY5QA,10.1093/milmed/usae152,Advancing Military Medical Planning in Large Scale Combat Operations: Insights From Computer Simulation and Experimentation in NATO's Vigorous Warrior Exercise 2024.,FULL_TEXT_QUEUE,P1,15,2,11,1,1,DISCOVERY_REQUIRED,https://doi.org/10.1093/milmed/usae152,"Journal Article | Research Support, U.S. Gov't, Non-P.H.S.",B,NO,NO,PENDING_FULL_TEXT,,NO,"Title/abstract screening alone does not establish effectiveness, causality, methodological quality, transferability to Brazilian public safety or an institutional recommendation."
EV-0429,39160879,PURK7WR9,10.1093/milmed/usae135,The Suicide Prevention and Response Independent Review Committee (SPRIRC): Translating Recommendations Into Actions.,FULL_TEXT_QUEUE,P1,15,2,9,1,3,DISCOVERY_REQUIRED,https://doi.org/10.1093/milmed/usae135,"Journal Article | Research Support, U.S. Gov't, Non-P.H.S.",C,NO,NO,PENDING_FULL_TEXT,,NO,"Title/abstract screening alone does not establish effectiveness, causality, methodological quality, transferability to Brazilian public safety or an institutional recommendation."
EV-0408,39408252,THP4DDDL,10.3390/nu16193285,Fueling the Firefighter and Tactical Athlete with Creatine: A Narrative Review of a Key Nutrient for Public Safety.,FULL_TEXT_QUEUE,P1,15,4,5,2,4,PMC_AVAILABLE,https://pmc.ncbi.nlm.nih.gov/articles/PMC11478539/,Journal Article | Review,A,NO,NO,PENDING_FULL_TEXT,,NO,"Title/abstract screening alone does not establish effectiveness, causality, methodological quality, transferability to Brazilian public safety or an institutional recommendation."
EV-0404,39431609,PC537ING,10.1097/xcs.0000000000001230,Testing Neuroprotective Strategies in Prolonged Field Care Model of Traumatic Brain Injury and Hemorrhagic Shock.,FULL_TEXT_QUEUE,P1,15,2,11,1,1,DISCOVERY_REQUIRED,https://doi.org/10.1097/xcs.0000000000001230,Journal Article,B,NO,NO,PENDING_FULL_TEXT,,NO,"Title/abstract screening alone does not establish effectiveness, causality, methodological quality, transferability to Brazilian public safety or an institutional recommendation."
EV-0402,39449476,ETK9IWZQ,10.3390/jfmk9040182,Hydration Considerations to Improve the Physical Performance and Health of Firefighters.,FULL_TEXT_QUEUE,P1,15,4,5,2,4,PMC_AVAILABLE,https://pmc.ncbi.nlm.nih.gov/articles/PMC11503342/,Journal Article | Review,A,NO,NO,PENDING_FULL_TEXT,,NO,"Title/abstract screening alone does not establish effectiveness, causality, methodological quality, transferability to Brazilian public safety or an institutional recommendation."
EV-0400,39460523,5IUCPT8Z,10.1177/10806032241289315,Wilderness Medicine Curricula in US Multidisciplinary Training Courses.,FULL_TEXT_QUEUE,P1,15,2,11,1,1,DISCOVERY_REQUIRED,https://doi.org/10.1177/10806032241289315,Journal Article,B,NO,NO,PENDING_FULL_TEXT,,NO,"Title/abstract screening alone does not establish effectiveness, causality, methodological quality, transferability to Brazilian public safety or an institutional recommendation."
EV-0377,39721003,4PZU7NNI,10.1093/milmed/usae554,US Army Accession and Retention Standards: Impact on Obesity and Medical Readiness.,FULL_TEXT_QUEUE,P1,15,4,9,1,1,PMC_AVAILABLE,https://pmc.ncbi.nlm.nih.gov/articles/PMC12208061/,Journal Article,A,NO,NO,PENDING_FULL_TEXT,,NO,"Title/abstract screening alone does not establish effectiveness, causality, methodological quality, transferability to Brazilian public safety or an institutional recommendation."
EV-0374,39733294,G4YTSC3W,10.1097/ta.0000000000004457,Plasma treatment is associated with decreased brain lesion and resuscitation requirements after traumatic brain injury in a swine model of prolonged damage-control resuscitation.,FULL_TEXT_QUEUE,P1,15,2,11,1,1,DISCOVERY_REQUIRED,https://doi.org/10.1097/ta.0000000000004457,"Journal Article | Research Support, U.S. Gov't, Non-P.H.S.",B,NO,NO,PENDING_FULL_TEXT,,NO,"Title/abstract screening alone does not establish effectiveness, causality, methodological quality, transferability to Brazilian public safety or an institutional recommendation."
EV-0346,40042893,U9RMBCNN,10.55460/7tzf-0hbx,Effect of Fresh Whole Blood Donation on Human Performance in United States Special Forces.,FULL_TEXT_QUEUE,P1,15,2,11,1,1,DISCOVERY_REQUIRED,https://doi.org/10.55460/7tzf-0hbx,Journal Article,B,NO,NO,PENDING_FULL_TEXT,,NO,"Title/abstract screening alone does not establish effectiveness, causality, methodological quality, transferability to Brazilian public safety or an institutional recommendation."
EV-0343,40100246,2WZKKNGC,10.1093/milmed/usaf079,An Observational Study of Combat Medics' Tactical Combat Casualty Care Medication Administration Through a Single-Center Simulated Trauma.,FULL_TEXT_QUEUE,P1,15,2,11,1,1,DISCOVERY_REQUIRED,https://doi.org/10.1093/milmed/usaf079,Journal Article | Observational Study,B,NO,NO,PENDING_FULL_TEXT,,NO,"Title/abstract screening alone does not establish effectiveness, causality, methodological quality, transferability to Brazilian public safety or an institutional recommendation."
EV-0334,40156908,I28CQQ6Y,10.1093/milmed/usaf057,CounterFlow Hemostatic Gauze Provides Military Medics Confidence and Demonstrates Effective Hemorrhage Control in a Live Tissue Simulation.,FULL_TEXT_QUEUE,P1,15,2,11,1,1,DISCOVERY_REQUIRED,https://doi.org/10.1093/milmed/usaf057,"Journal Article | Research Support, Non-U.S. Gov't | Research Support, U.S. Gov't, Non-P.H.S.",B,NO,NO,PENDING_FULL_TEXT,,NO,"Title/abstract screening alone does not establish effectiveness, causality, methodological quality, transferability to Brazilian public safety or an institutional recommendation."
EV-0328,40266606,KTGL5PAZ,10.1093/milmed/usaf130,Optimizing the Self-Directed Training Kiosk for Tactical Combat Casualty Care Skills Among Chinese Military Service Members: A Kano Model Approach.,FULL_TEXT_QUEUE,P1,15,2,11,1,1,DISCOVERY_REQUIRED,https://doi.org/10.1093/milmed/usaf130,"Journal Article | Research Support, Non-U.S. Gov't",B,NO,NO,PENDING_FULL_TEXT,,NO,"Title/abstract screening alone does not establish effectiveness, causality, methodological quality, transferability to Brazilian public safety or an institutional recommendation."
EV-0299,40540537,DLKJD5FG,10.55460/gvpx-ubr3,Combat Casualty Care in Arctic or Extreme Cold Environments: Considerations for the Army Health System.,FULL_TEXT_QUEUE,P1,15,2,11,1,1,DISCOVERY_REQUIRED,https://doi.org/10.55460/gvpx-ubr3,Journal Article,A | B,NO,NO,PENDING_FULL_TEXT,,NO,"Title/abstract screening alone does not establish effectiveness, causality, methodological quality, transferability to Brazilian public safety or an institutional recommendation."
EV-0288,40613654,XTNN7YV3,10.1093/milmed/usaf355,Integrating Leadership and Technical Skills: Insights From Prolonged Casualty Care During Operation Gunpowder.,FULL_TEXT_QUEUE,P1,15,2,11,1,1,DISCOVERY_REQUIRED,https://doi.org/10.1093/milmed/usaf355,Journal Article,B,NO,NO,PENDING_FULL_TEXT,,NO,"Title/abstract screening alone does not establish effectiveness, causality, methodological quality, transferability to Brazilian public safety or an institutional recommendation."
EV-0273,40796102,PX826IJ3,10.1093/milmed/usaf402,Small Arms Marksmanship Accuracy Surrounding Fresh Whole Blood Donation in the U.S. Army Conventional Soldier.,FULL_TEXT_QUEUE,P1,15,2,11,1,1,DISCOVERY_REQUIRED,https://doi.org/10.1093/milmed/usaf402,Journal Article,B,NO,NO,PENDING_FULL_TEXT,,NO,"Title/abstract screening alone does not establish effectiveness, causality, methodological quality, transferability to Brazilian public safety or an institutional recommendation."
EV-0251,40984060,7RABPQXI,10.1093/milmed/usaf083,"Preparing Mental Health Support for Multi-domain, Large-scale Combat Operations: Current Progress and Future Directions.",FULL_TEXT_QUEUE,P1,15,2,11,1,1,DISCOVERY_REQUIRED,https://doi.org/10.1093/milmed/usaf083,Journal Article,B,NO,NO,PENDING_FULL_TEXT,,NO,"Title/abstract screening alone does not establish effectiveness, causality, methodological quality, transferability to Brazilian public safety or an institutional recommendation."
EV-0196,41348147,AG6F7L4D,10.1007/s40279-025-02363-7,"Nutrition for Tactical Athletes: Insights, Applications and Research Gaps.",FULL_TEXT_QUEUE,P1,15,4,5,2,4,PMC_AVAILABLE,https://pmc.ncbi.nlm.nih.gov/articles/PMC12982318/,Journal Article | Review,A,NO,NO,PENDING_FULL_TEXT,,NO,"Title/abstract screening alone does not establish effectiveness, causality, methodological quality, transferability to Brazilian public safety or an institutional recommendation."
EV-0191,41380298,EG544KHG,10.55460/fk4u-14rp,Tourniquet Management Beyond the Golden Hour: A Call for Doctrinal Change in TCCC.,FULL_TEXT_QUEUE,P1,15,2,11,1,1,DISCOVERY_REQUIRED,https://doi.org/10.55460/fk4u-14rp,Editorial,B,NO,NO,PENDING_FULL_TEXT,,NO,"Title/abstract screening alone does not establish effectiveness, causality, methodological quality, transferability to Brazilian public safety or an institutional recommendation."
EV-0180,41455130,WFQI3LLC,10.55460/rw0h-q19l,Maritime Applications of Prolonged Casualty Care Training Scenario: Burn Injury on a Destroyer During Distributed Maritime Operations.,FULL_TEXT_QUEUE,P1,15,2,11,1,1,DISCOVERY_REQUIRED,https://doi.org/10.55460/rw0h-q19l,Journal Article,B,NO,NO,PENDING_FULL_TEXT,,NO,"Title/abstract screening alone does not establish effectiveness, causality, methodological quality, transferability to Brazilian public safety or an institutional recommendation."
EV-0152,41711770,KZR3FFJL,10.1080/10903127.2026.2628839,Physiological Demands of Canadian Armed Forces Reserve Medics During Simulated Tactical Combat Casualty Care.,FULL_TEXT_QUEUE,P1,15,2,11,1,1,DISCOVERY_REQUIRED,https://doi.org/10.1080/10903127.2026.2628839,Journal Article,B,NO,NO,PENDING_FULL_TEXT,,NO,"Title/abstract screening alone does not establish effectiveness, causality, methodological quality, transferability to Brazilian public safety or an institutional recommendation."
EV-0139,41845870,WHJECGT4,10.2196/79738,Using Implementation Science to Improve Health Care Access and Quality for People With Traumatic Brain Injury-Related Morbidity (I-HEAL): Protocol for a Translational Multiproject Program Award.,FULL_TEXT_QUEUE,P1,15,4,8,1,2,PMC_AVAILABLE,https://pmc.ncbi.nlm.nih.gov/articles/PMC12995600/,Journal Article,C,NO,NO,PENDING_FULL_TEXT,,NO,"Title/abstract screening alone does not establish effectiveness, causality, methodological quality, transferability to Brazilian public safety or an institutional recommendation."
EV-0135,41870601,FPJ529DK,10.1080/15502783.2026.2646627,The emerging and evolving evidence supporting creatine as an ergogenic aid: history and applications.,FULL_TEXT_QUEUE,P1,15,4,5,2,4,PMC_AVAILABLE,https://pmc.ncbi.nlm.nih.gov/articles/PMC13011109/,Journal Article | Review,A,NO,NO,PENDING_FULL_TEXT,,NO,"Title/abstract screening alone does not establish effectiveness, causality, methodological quality, transferability to Brazilian public safety or an institutional recommendation."
EV-0107,42075499,XVT79TD2,10.3390/medicina62040627,Comparison of the Effectiveness of the DNIPRO Gen 2 and SICH Tourniquets Versus the CAT Gen 7 and SOFTT-W Gen 4 Tourniquets.,FULL_TEXT_QUEUE,P1,15,4,9,1,1,PMC_AVAILABLE,https://pmc.ncbi.nlm.nih.gov/articles/PMC13117487/,Comparative Study | Journal Article,B,NO,NO,PENDING_FULL_TEXT,,NO,"Title/abstract screening alone does not establish effectiveness, causality, methodological quality, transferability to Brazilian public safety or an institutional recommendation."
EV-0093,42179269,3M366AYH,10.1093/milmed/usag229,Pre-Kinetic Military Care: Biosurveillance and Climate-Related Health Monitoring as Complements to Tactical Combat Casualty Care.,FULL_TEXT_QUEUE,P1,15,2,11,1,1,DISCOVERY_REQUIRED,https://doi.org/10.1093/milmed/usag229,Journal Article,B,NO,NO,PENDING_FULL_TEXT,,NO,"Title/abstract screening alone does not establish effectiveness, causality, methodological quality, transferability to Brazilian public safety or an institutional recommendation."
EV-0077,42302140,JIFZJJKH,10.55460/j.spec.oper.med.2026.2drc-l423,One IFAK Isn't Enough: Rethinking Individual Medical Loadouts for Modern War. Lessons from a Trench Fight in Ukraine.,FULL_TEXT_QUEUE,P1,15,2,11,1,1,DISCOVERY_REQUIRED,https://doi.org/10.55460/j.spec.oper.med.2026.2drc-l423,Journal Article,B,NO,NO,PENDING_FULL_TEXT,,NO,"Title/abstract screening alone does not establish effectiveness, causality, methodological quality, transferability to Brazilian public safety or an institutional recommendation."
EV-0073,42330086,Y94KWV7C,10.1093/milmed/usag282,From Golden Hour to Hospital Survivability: Treatment-System Degradation as the New Center of Gravity in Modern Military Medicine.,FULL_TEXT_QUEUE,P1,15,2,11,1,1,DISCOVERY_REQUIRED,https://doi.org/10.1093/milmed/usag282,Journal Article,B,NO,NO,PENDING_FULL_TEXT,,NO,"Title/abstract screening alone does not establish effectiveness, causality, methodological quality, transferability to Brazilian public safety or an institutional recommendation."
EV-0062,42403460,ZJW99JVE,10.1016/j.ajpc.2026.101675,Prevention of atherosclerotic coronary artery disease in tactical athletes.,FULL_TEXT_QUEUE,P1,15,4,5,2,4,PMC_AVAILABLE,https://pmc.ncbi.nlm.nih.gov/articles/PMC13329561/,Journal Article | Review,A,NO,NO,PENDING_FULL_TEXT,,NO,"Title/abstract screening alone does not establish effectiveness, causality, methodological quality, transferability to Brazilian public safety or an institutional recommendation."
EV-0047,42507964,LZXZEIES,10.1093/milmed/usag346,The Self-Perceived Role 2 Preparedness of Family Medicine Physicians.,FULL_TEXT_QUEUE,P1,15,2,11,1,1,DISCOVERY_REQUIRED,https://doi.org/10.1093/milmed/usag346,Journal Article,B,NO,NO,PENDING_FULL_TEXT,,NO,"Title/abstract screening alone does not establish effectiveness, causality, methodological quality, transferability to Brazilian public safety or an institutional recommendation."
EV-0044,42520311,34YKCU2L,10.1093/milmed/usag348,Rapid Functional Hand Stabilization in Austere and Operational Environments: A Motion-Permissive Approach.,FULL_TEXT_QUEUE,P1,15,2,11,1,1,DISCOVERY_REQUIRED,https://doi.org/10.1093/milmed/usag348,Journal Article,A | B,NO,NO,PENDING_FULL_TEXT,,NO,"Title/abstract screening alone does not establish effectiveness, causality, methodological quality, transferability to Brazilian public safety or an institutional recommendation."
EV-0038,42535933,55KCXIEP,10.1093/milmed/usag342,Addressing the Triage Training Gap: Effects of Brief SALT Training on Triage Accuracy Among Nonmedical Military Personnel.,FULL_TEXT_QUEUE,P1,15,2,11,1,1,DISCOVERY_REQUIRED,https://doi.org/10.1093/milmed/usag342,Journal Article,A | B,NO,NO,PENDING_FULL_TEXT,,NO,"Title/abstract screening alone does not establish effectiveness, causality, methodological quality, transferability to Brazilian public safety or an institutional recommendation."
EV-0031,42560189,FRCZW9AS,10.1093/milmed/usag190,Tactical Combat Casualty Care Training in the U.S. Military: A Comparative Cost Assessment Between Virtual Reality Simulation and Traditional Simulation.,FULL_TEXT_QUEUE,P1,15,2,11,1,1,DISCOVERY_REQUIRED,https://doi.org/10.1093/milmed/usag190,Comparative Study | Journal Article,B,NO,NO,PENDING_FULL_TEXT,,NO,"Title/abstract screening alone does not establish effectiveness, causality, methodological quality, transferability to Brazilian public safety or an institutional recommendation."
EV-1410,10647577,MMI9GAQJ,10.1097/00005373-200001000-00022,"Taking care of the ""good guys:"" a trauma center-based model of medical support for tactical law enforcement.",FULL_TEXT_QUEUE,P1,14,2,7,1,4,DISCOVERY_REQUIRED,https://doi.org/10.1097/00005373-200001000-00022,Journal Article,B,NO,NO,PENDING_FULL_TEXT,,NO,"Title/abstract screening alone does not establish effectiveness, causality, methodological quality, transferability to Brazilian public safety or an institutional recommendation."
EV-1396,12109577,YQKZYMZ4,10.1080/10903120290938391,Tactical EMS: an emerging opportunity in graduate medical education.,FULL_TEXT_QUEUE,P1,14,2,7,1,4,DISCOVERY_REQUIRED,https://doi.org/10.1080/10903120290938391,"Comparative Study | Journal Article | Research Support, Non-U.S. Gov't",B,NO,NO,PENDING_FULL_TEXT,,NO,"Title/abstract screening alone does not establish effectiveness, causality, methodological quality, transferability to Brazilian public safety or an institutional recommendation."
EV-1377,15748014,AZU2I7LD,10.1017/s1049023x00002132,Triage decisions of United Kingdom police firearms officers using a multiple-casualty scenario paper exercise.,FULL_TEXT_QUEUE,P1,14,2,7,1,4,DISCOVERY_REQUIRED,https://doi.org/10.1017/s1049023x00002132,Evaluation Study | Journal Article,B,NO,NO,PENDING_FULL_TEXT,,NO,"Title/abstract screening alone does not establish effectiveness, causality, methodological quality, transferability to Brazilian public safety or an institutional recommendation."
EV-1352,18019102,MC4VH66F,10.1017/s1049023x00004970,Police officer response to the injured officer: a survey-based analysis of medical care decisions.,FULL_TEXT_QUEUE,P1,14,2,7,1,4,DISCOVERY_REQUIRED,https://doi.org/10.1017/s1049023x00004970,Journal Article,B,NO,NO,PENDING_FULL_TEXT,,NO,"Title/abstract screening alone does not establish effectiveness, causality, methodological quality, transferability to Brazilian public safety or an institutional recommendation."
EV-1309,21318608,WBQQDA66,10.1007/s00420-011-0614-y,"A systematic review of job-specific workers' health surveillance activities for fire-fighting, ambulance, police and military personnel.",FULL_TEXT_QUEUE,P1,14,2,5,3,4,DISCOVERY_REQUIRED,https://doi.org/10.1007/s00420-011-0614-y,Journal Article | Systematic Review,A,NO,NO,PENDING_FULL_TEXT,,NO,"Title/abstract screening alone does not establish effectiveness, causality, methodological quality, transferability to Brazilian public safety or an institutional recommendation."
EV-1243,24007391,2A5EDUU6,10.1186/1471-2458-13-805,An examination of the benefits of health promotion programs for the national fire service.,FULL_TEXT_QUEUE,P1,14,4,5,1,4,PMC_AVAILABLE,https://pmc.ncbi.nlm.nih.gov/articles/PMC3846399/,"Comparative Study | Evaluation Study | Journal Article | Research Support, U.S. Gov't, Non-P.H.S.",A,NO,NO,PENDING_FULL_TEXT,,NO,"Title/abstract screening alone does not establish effectiveness, causality, methodological quality, transferability to Brazilian public safety or an institutional recommendation."
EV-1204,25006975,EQZCFLL2,10.1017/s1049023x14000648,Emergency medical services response to active shooter incidents: provider comfort level and attitudes before and after participation in a focused response training program.,FULL_TEXT_QUEUE,P1,14,2,7,1,4,DISCOVERY_REQUIRED,https://doi.org/10.1017/s1049023x14000648,Journal Article,B,NO,NO,PENDING_FULL_TEXT,,NO,"Title/abstract screening alone does not establish effectiveness, causality, methodological quality, transferability to Brazilian public safety or an institutional recommendation."
EV-1195,25344717,GE4KNUS6,10.55460/5nw9-ecz1,A Multiyear Analysis of the Clinical Encounters of the ATF Tactical Medical Program.,FULL_TEXT_QUEUE,P1,14,2,7,1,4,DISCOVERY_REQUIRED,https://doi.org/10.55460/5nw9-ecz1,Journal Article,B,NO,NO,PENDING_FULL_TEXT,,NO,"Title/abstract screening alone does not establish effectiveness, causality, methodological quality, transferability to Brazilian public safety or an institutional recommendation."
EV-1187,25569430,D5I59UFB,10.1080/15389588.2014.999857,Using Enforcement and Adjudication Data to Assess the Impact of a Primary Safety Belt Law.,FULL_TEXT_QUEUE,P1,14,2,7,1,4,DISCOVERY_REQUIRED,https://doi.org/10.1080/15389588.2014.999857,Journal Article,C,NO,NO,PENDING_FULL_TEXT,,NO,"Title/abstract screening alone does not establish effectiveness, causality, methodological quality, transferability to Brazilian public safety or an institutional recommendation."
EV-1135,27210848,E2X7UJGQ,10.1016/j.jbmt.2015.11.006,The Functional Movement Screen as a predictor of police recruit occupational task performance.,FULL_TEXT_QUEUE,P1,14,2,5,3,4,DISCOVERY_REQUIRED,https://doi.org/10.1016/j.jbmt.2015.11.006,Journal Article | Randomized Controlled Trial,A,NO,NO,PENDING_FULL_TEXT,,NO,"Title/abstract screening alone does not establish effectiveness, causality, methodological quality, transferability to Brazilian public safety or an institutional recommendation."
EV-1114,27863188,G3XL2GGX,10.4085/1062-6050-51.8.06,The Use of 2 Conditioning Programs and the Fitness Characteristics of Police Academy Cadets.,FULL_TEXT_QUEUE,P1,14,4,5,1,4,PMC_AVAILABLE,https://pmc.ncbi.nlm.nih.gov/articles/PMC5224730/,Journal Article,A,NO,NO,PENDING_FULL_TEXT,,NO,"Title/abstract screening alone does not establish effectiveness, causality, methodological quality, transferability to Brazilian public safety or an institutional recommendation."
EV-1102,28284483,AEXISH7T,10.1016/j.wem.2016.12.004,Tactical Combat Casualty Care: Beginnings.,FULL_TEXT_QUEUE,P1,14,2,9,2,1,DISCOVERY_REQUIRED,https://doi.org/10.1016/j.wem.2016.12.004,Historical Article | Journal Article | Review,B,NO,NO,PENDING_FULL_TEXT,,NO,"Title/abstract screening alone does not establish effectiveness, causality, methodological quality, transferability to Brazilian public safety or an institutional recommendation."
EV-1101,28285488,8XTP4P53,10.55460/41bh-e3tt,Graduate Medical Education in Tactical Medicine and the Impact of ACGME Accreditation of EMS Fellowships.,FULL_TEXT_QUEUE,P1,14,2,7,1,4,DISCOVERY_REQUIRED,https://doi.org/10.55460/41bh-e3tt,Journal Article,B,NO,NO,PENDING_FULL_TEXT,,NO,"Title/abstract screening alone does not establish effectiveness, causality, methodological quality, transferability to Brazilian public safety or an institutional recommendation."
EV-1093,28392170,JT4K7JFH,10.1016/j.wem.2016.11.008,Translating Tactical Combat Casualty Care Lessons Learned to the High-Threat Civilian Setting: Tactical Emergency Casualty Care and the Hartford Consensus.,FULL_TEXT_QUEUE,P1,14,2,9,2,1,DISCOVERY_REQUIRED,https://doi.org/10.1016/j.wem.2016.11.008,Consensus Statement | Journal Article | Review,B,NO,NO,PENDING_FULL_TEXT,,NO,"Title/abstract screening alone does not establish effectiveness, causality, methodological quality, transferability to Brazilian public safety or an institutional recommendation."
EV-1090,28476269,5JZTSBU7,10.1016/j.jsat.2017.03.005,Barriers to and facilitators of pharmacotherapy for alcohol use disorder in VA residential treatment programs.,FULL_TEXT_QUEUE,P1,14,4,6,1,3,PMC_AVAILABLE,https://pmc.ncbi.nlm.nih.gov/articles/PMC5467688/,Journal Article,C,NO,NO,PENDING_FULL_TEXT,,NO,"Title/abstract screening alone does not establish effectiveness, causality, methodological quality, transferability to Brazilian public safety or an institutional recommendation."
EV-1004,30335293,5YBGAEAH,,EMS Tactical Combat Casualty Care,FULL_TEXT_QUEUE,P1,14,0,9,1,4,DISCOVERY_REQUIRED,https://pubmed.ncbi.nlm.nih.gov/30335293/,Study Guide | Book Chapter,B,NO,NO,PENDING_FULL_TEXT,,NO,"Title/abstract screening alone does not establish effectiveness, causality, methodological quality, transferability to Brazilian public safety or an institutional recommendation."
EV-0984,30817399,IHD4EZW5,10.1097/aco.0000000000000694,Thoracic trauma in military settings: a review of current practices and recommendations.,FULL_TEXT_QUEUE,P1,14,2,9,2,1,DISCOVERY_REQUIRED,https://doi.org/10.1097/aco.0000000000000694,Journal Article | Review,B,NO,NO,PENDING_FULL_TEXT,,NO,"Title/abstract screening alone does not establish effectiveness, causality, methodological quality, transferability to Brazilian public safety or an institutional recommendation."
EV-0979,30899357,52N5CZYX,10.70252/ufye5615,Triple Hop for Distance as a Predictor of Lower Extremity Performance in Firefighter Equipment.,FULL_TEXT_QUEUE,P1,14,4,5,1,4,PMC_AVAILABLE,https://pmc.ncbi.nlm.nih.gov/articles/PMC6413852/,Journal Article,A,NO,NO,PENDING_FULL_TEXT,,NO,"Title/abstract screening alone does not establish effectiveness, causality, methodological quality, transferability to Brazilian public safety or an institutional recommendation."
EV-0969,30924437,2R5ZHUAY,10.1017/s1049023x19000013,Resident Involvement in Tactical Medicine: 12 Years Later.,FULL_TEXT_QUEUE,P1,14,2,7,1,4,DISCOVERY_REQUIRED,https://doi.org/10.1017/s1049023x19000013,Journal Article,B,NO,NO,PENDING_FULL_TEXT,,NO,"Title/abstract screening alone does not establish effectiveness, causality, methodological quality, transferability to Brazilian public safety or an institutional recommendation."
EV-0960,31049072,BDI2BKL8,10.1186/s12995-019-0232-2,"Examining a novel firefighter exercise training program on simulated fire ground test performance, cardiorespiratory endurance, and strength: a pilot investigation.",FULL_TEXT_QUEUE,P1,14,4,5,1,4,PMC_AVAILABLE,https://pmc.ncbi.nlm.nih.gov/articles/PMC6480838/,Journal Article,A,NO,NO,PENDING_FULL_TEXT,,NO,"Title/abstract screening alone does not establish effectiveness, causality, methodological quality, transferability to Brazilian public safety or an institutional recommendation."
EV-0935,31531141,J3I7NWD3,10.2478/hukin-2019-0064,A Preliminary Analysis of Relationships Between a 1RM Hexagonal Bar Load and Peak Power with the Tactical Task of a Body Drag.,FULL_TEXT_QUEUE,P1,14,4,5,1,4,PMC_AVAILABLE,https://pmc.ncbi.nlm.nih.gov/articles/PMC6724582/,Journal Article,A,NO,NO,PENDING_FULL_TEXT,,NO,"Title/abstract screening alone does not establish effectiveness, causality, methodological quality, transferability to Brazilian public safety or an institutional recommendation."
EV-0916,31876454,9RFUZN9L,10.4085/1062-6050-75-18,Functional Performance of Firefighters After Exposure to Environmental Conditions and Exercise.,FULL_TEXT_QUEUE,P1,14,4,5,1,4,PMC_AVAILABLE,https://pmc.ncbi.nlm.nih.gov/articles/PMC6961651/,Journal Article,A,NO,NO,PENDING_FULL_TEXT,,NO,"Title/abstract screening alone does not establish effectiveness, causality, methodological quality, transferability to Brazilian public safety or an institutional recommendation."
EV-0915,31910470,I5GS6HPD,10.55460/hqdv-7sxn,2019 Recommended Limb Tourniquets in Tactical Combat Casualty Care.,FULL_TEXT_QUEUE,P1,14,2,9,2,1,DISCOVERY_REQUIRED,https://doi.org/10.55460/hqdv-7sxn,Journal Article | Review,B,NO,NO,PENDING_FULL_TEXT,,NO,"Title/abstract screening alone does not establish effectiveness, causality, methodological quality, transferability to Brazilian public safety or an institutional recommendation."
EV-0908,32043529,6FKKBYXX,10.1093/tbm/ibz195,"Research translation for military and veteran health: research, practice, policy.",FULL_TEXT_QUEUE,P1,14,4,6,1,3,PMC_AVAILABLE,https://pmc.ncbi.nlm.nih.gov/articles/PMC8786496/,Journal Article,C,NO,NO,PENDING_FULL_TEXT,,NO,"Title/abstract screening alone does not establish effectiveness, causality, methodological quality, transferability to Brazilian public safety or an institutional recommendation."
EV-0893,32203610,NM2QETTI,10.55460/ii7l-nfhc,Influence of a Multitask Paradigm on Motor and Cognitive Performance of Military and Law Enforcement Personnel: A Systematic Review.,FULL_TEXT_QUEUE,P1,14,2,5,3,4,DISCOVERY_REQUIRED,https://doi.org/10.55460/ii7l-nfhc,Journal Article | Systematic Review,A,NO,NO,PENDING_FULL_TEXT,,NO,"Title/abstract screening alone does not establish effectiveness, causality, methodological quality, transferability to Brazilian public safety or an institutional recommendation."
EV-0875,32573747,PPERWGAK,10.55460/ct9d-tmze,Tourniquets USA: A Review of the Current Literature for Commercially Available Alternative Tourniquets for Use in the Prehospital Civilian Environment.,FULL_TEXT_QUEUE,P1,14,2,9,2,1,DISCOVERY_REQUIRED,https://doi.org/10.55460/ct9d-tmze,Journal Article | Review,B,NO,NO,PENDING_FULL_TEXT,,NO,"Title/abstract screening alone does not establish effectiveness, causality, methodological quality, transferability to Brazilian public safety or an institutional recommendation."
EV-0857,32962049,745TYA45,10.3390/ijerph17186825,Differences in Body Composition across Police Occupations and Moderation Effects of Leisure Time Physical Activity.,FULL_TEXT_QUEUE,P1,14,4,5,1,4,PMC_AVAILABLE,https://pmc.ncbi.nlm.nih.gov/articles/PMC7558920/,Journal Article,A,NO,NO,PENDING_FULL_TEXT,,NO,"Title/abstract screening alone does not establish effectiveness, causality, methodological quality, transferability to Brazilian public safety or an institutional recommendation."
EV-0849,33066392,RGLQFNID,10.3390/ijerph17207461,Organizational Solutions to the Moral Risks of Policing.,FULL_TEXT_QUEUE,P1,14,4,5,1,4,PMC_AVAILABLE,https://pmc.ncbi.nlm.nih.gov/articles/PMC7602265/,Journal Article,A,NO,NO,PENDING_FULL_TEXT,,NO,"Title/abstract screening alone does not establish effectiveness, causality, methodological quality, transferability to Brazilian public safety or an institutional recommendation."
EV-0827,33375223,D6SX74YF,10.3390/ijerph18010109,Influence of a Training Academy on the Parasympathetic Nervous System Reactivation of Firefighter Recruits-An Observational Cohort Study.,FULL_TEXT_QUEUE,P1,14,4,5,1,4,PMC_AVAILABLE,https://pmc.ncbi.nlm.nih.gov/articles/PMC7795559/,Journal Article | Observational Study,A,NO,NO,PENDING_FULL_TEXT,,NO,"Title/abstract screening alone does not establish effectiveness, causality, methodological quality, transferability to Brazilian public safety or an institutional recommendation."
EV-0825,33414875,WGFK5WX8,10.70252/qoru9293,What Factors Predict Upper Body Push to Pull Ratios in Professional Firefighters?,FULL_TEXT_QUEUE,P1,14,4,5,1,4,PMC_AVAILABLE,https://pmc.ncbi.nlm.nih.gov/articles/PMC7745895/,Journal Article,A,NO,NO,PENDING_FULL_TEXT,,NO,"Title/abstract screening alone does not establish effectiveness, causality, methodological quality, transferability to Brazilian public safety or an institutional recommendation."
EV-0823,33466351,N6LUDCIX,10.3390/ijerph18010339,Influence of Body Composition on Post-Exercise Parasympathetic Reactivation of Firefighter Recruits.,FULL_TEXT_QUEUE,P1,14,4,5,1,4,PMC_AVAILABLE,https://pmc.ncbi.nlm.nih.gov/articles/PMC7795331/,Journal Article,A,NO,NO,PENDING_FULL_TEXT,,NO,"Title/abstract screening alone does not establish effectiveness, causality, methodological quality, transferability to Brazilian public safety or an institutional recommendation."
EV-0789,33915752,7EH848BE,10.3390/ijerph18073656,Functional Movement Quality of Firefighter Recruits: Longitudinal Changes from the Academy to Active-Duty Status.,FULL_TEXT_QUEUE,P1,14,4,5,1,4,PMC_AVAILABLE,https://pmc.ncbi.nlm.nih.gov/articles/PMC8037364/,Journal Article,A,NO,NO,PENDING_FULL_TEXT,,NO,"Title/abstract screening alone does not establish effectiveness, causality, methodological quality, transferability to Brazilian public safety or an institutional recommendation."
EV-0780,34137740,4VQR3C5Q,10.11124/jbies-20-00448,Workplace mental health implementation strategies in public safety organizations: a scoping review protocol.,FULL_TEXT_QUEUE,P1,14,2,7,1,4,DISCOVERY_REQUIRED,https://doi.org/10.11124/jbies-20-00448,"Journal Article | Research Support, Non-U.S. Gov't",C,NO,NO,PENDING_FULL_TEXT,,NO,"Title/abstract screening alone does not establish effectiveness, causality, methodological quality, transferability to Brazilian public safety or an institutional recommendation."
EV-0764,34471570,EZID9QIA,10.1177/21649561211042574,"Incorporating Acupuncture Into American Healthcare: Initiating a Discussion on Implementation Science, the Status of the Field, and Stakeholder Considerations.",FULL_TEXT_QUEUE,P1,14,4,6,1,3,PMC_AVAILABLE,https://pmc.ncbi.nlm.nih.gov/articles/PMC8404666/,Journal Article,C,NO,NO,PENDING_FULL_TEXT,,NO,"Title/abstract screening alone does not establish effectiveness, causality, methodological quality, transferability to Brazilian public safety or an institutional recommendation."
EV-0732,35049533,PBG5X9JK,10.3390/ejihpe12010004,Accuracy of Body Mass Index and Obesity Status in Police Trainees.,FULL_TEXT_QUEUE,P1,14,4,5,1,4,PMC_AVAILABLE,https://pmc.ncbi.nlm.nih.gov/articles/PMC8775040/,Journal Article,A,NO,NO,PENDING_FULL_TEXT,,NO,"Title/abstract screening alone does not establish effectiveness, causality, methodological quality, transferability to Brazilian public safety or an institutional recommendation."
EV-0725,35099229,ZFPMVIWN,10.1037/ser0000611,Pilot outcomes of cognitive processing therapy implementation in military health system outpatient behavioral health clinics.,FULL_TEXT_QUEUE,P1,14,2,8,1,3,DISCOVERY_REQUIRED,https://doi.org/10.1037/ser0000611,Journal Article,C,NO,NO,PENDING_FULL_TEXT,,NO,"Title/abstract screening alone does not establish effectiveness, causality, methodological quality, transferability to Brazilian public safety or an institutional recommendation."
EV-0696,35518368,2FPIW8DU,10.70252/tlgk1984,Differences in Stronger Versus Weaker Firefighters in Selected Measures of Power.,FULL_TEXT_QUEUE,P1,14,4,5,1,4,PMC_AVAILABLE,https://pmc.ncbi.nlm.nih.gov/articles/PMC9022699/,Journal Article,A,NO,NO,PENDING_FULL_TEXT,,NO,"Title/abstract screening alone does not establish effectiveness, causality, methodological quality, transferability to Brazilian public safety or an institutional recommendation."
EV-0684,35724359,6VQPLLWP,10.4085/1062-6050-0148.22,Experiences of Athletic Trainers in Tactical Athlete Settings When Managing Patients With Mental Health Conditions.,FULL_TEXT_QUEUE,P1,14,4,5,1,4,PMC_AVAILABLE,https://pmc.ncbi.nlm.nih.gov/articles/PMC11215713/,Journal Article,A,NO,NO,PENDING_FULL_TEXT,,NO,"Title/abstract screening alone does not establish effectiveness, causality, methodological quality, transferability to Brazilian public safety or an institutional recommendation."
EV-0681,35813846,HARKT768,10.1080/15502783.2022.2086017,International society of sports nutrition position stand: tactical athlete nutrition.,FULL_TEXT_QUEUE,P1,14,4,5,1,4,PMC_AVAILABLE,https://pmc.ncbi.nlm.nih.gov/articles/PMC9261739/,Journal Article,A,NO,NO,PENDING_FULL_TEXT,,NO,"Title/abstract screening alone does not establish effectiveness, causality, methodological quality, transferability to Brazilian public safety or an institutional recommendation."
EV-0670,36054639,MXI6B2SQ,10.1002/hpja.656,A pragmatic strength and conditioning intervention for firefighters: Feasibility of the Tactical Athlete Resilience Program (TARP).,FULL_TEXT_QUEUE,P1,14,4,5,1,4,PMC_AVAILABLE,https://pmc.ncbi.nlm.nih.gov/articles/PMC10091986/,Journal Article,A,NO,NO,PENDING_FULL_TEXT,,NO,"Title/abstract screening alone does not establish effectiveness, causality, methodological quality, transferability to Brazilian public safety or an institutional recommendation."
EV-0650,36429971,7GXSP268,10.3390/ijerph192215253,Predicting Firefighters' Physical Ability Test Scores from Anaerobic Fitness Parameters & Mental Toughness Levels.,FULL_TEXT_QUEUE,P1,14,4,5,1,4,PMC_AVAILABLE,https://pmc.ncbi.nlm.nih.gov/articles/PMC9691205/,Journal Article,A,NO,NO,PENDING_FULL_TEXT,,NO,"Title/abstract screening alone does not establish effectiveness, causality, methodological quality, transferability to Brazilian public safety or an institutional recommendation."
EV-0645,36525009,NIKY29U5,10.55460/8r6u-ky01,Unit Collective Medical Training in the 75th Ranger Regiment.,FULL_TEXT_QUEUE,P1,14,2,7,1,4,DISCOVERY_REQUIRED,https://doi.org/10.55460/8r6u-ky01,Journal Article,A | B,NO,NO,PENDING_FULL_TEXT,,NO,"Title/abstract screening alone does not establish effectiveness, causality, methodological quality, transferability to Brazilian public safety or an institutional recommendation."
EV-0639,36607303,4GPYEKN8,,Occam's Razor and Prehospital Documentation: When the Simpler Solution Resulted in Better Documentation.,FULL_TEXT_QUEUE,P1,14,0,11,2,1,DISCOVERY_REQUIRED,https://pubmed.ncbi.nlm.nih.gov/36607303/,Journal Article | Review,B,NO,NO,PENDING_FULL_TEXT,,NO,"Title/abstract screening alone does not establish effectiveness, causality, methodological quality, transferability to Brazilian public safety or an institutional recommendation."
EV-0633,36673629,7G3UAAMQ,10.3390/healthcare11020261,Evolution of Physical Training in Police Academies: Comparing Fitness Variables.,FULL_TEXT_QUEUE,P1,14,4,5,1,4,PMC_AVAILABLE,https://pmc.ncbi.nlm.nih.gov/articles/PMC9858962/,Journal Article,A,NO,NO,PENDING_FULL_TEXT,,NO,"Title/abstract screening alone does not establish effectiveness, causality, methodological quality, transferability to Brazilian public safety or an institutional recommendation."
EV-0608,37024984,BWZSI54D,10.1186/s43058-023-00397-4,Implementing point-of-care medical information systems into trauma and general surgeon practice in a middle-income country: a qualitative study utilizing the Consolidated Framework for Implementation Research.,FULL_TEXT_QUEUE,P1,14,4,6,1,3,PMC_AVAILABLE,https://pmc.ncbi.nlm.nih.gov/articles/PMC10078056/,Journal Article,C,NO,NO,PENDING_FULL_TEXT,,NO,"Title/abstract screening alone does not establish effectiveness, causality, methodological quality, transferability to Brazilian public safety or an institutional recommendation."
EV-0605,37036887,NXHINVC8,10.1371/journal.pone.0284259,School-level determinants of incidence of sports-related concussion: Findings from the CARE Consortium.,FULL_TEXT_QUEUE,P1,14,4,6,1,3,PMC_AVAILABLE,https://pmc.ncbi.nlm.nih.gov/articles/PMC10085044/,"Journal Article | Research Support, Non-U.S. Gov't | Research Support, U.S. Gov't, Non-P.H.S. | Research Support, U.S. Gov't, P.H.S.",C,NO,NO,PENDING_FULL_TEXT,,NO,"Title/abstract screening alone does not establish effectiveness, causality, methodological quality, transferability to Brazilian public safety or an institutional recommendation."
EV-0601,37154222,CBFPYVIS,10.1080/10550887.2023.2210021,The integration of harm reduction services in the Veterans Health Administration (VHA): a qualitative analysis of barriers and facilitators.,FULL_TEXT_QUEUE,P1,14,4,6,1,3,PMC_AVAILABLE,https://pmc.ncbi.nlm.nih.gov/articles/PMC10630529/,"Journal Article | Research Support, N.I.H., Extramural | Research Support, Non-U.S. Gov't",C,NO,NO,PENDING_FULL_TEXT,,NO,"Title/abstract screening alone does not establish effectiveness, causality, methodological quality, transferability to Brazilian public safety or an institutional recommendation."
EV-0583,37415704,8XVBQIYE,10.3389/fpubh.2023.1217187,Contributions from incumbent police officer's physical activity and body composition to occupational assessment performance.,FULL_TEXT_QUEUE,P1,14,4,5,1,4,PMC_AVAILABLE,https://pmc.ncbi.nlm.nih.gov/articles/PMC10321756/,Journal Article,A,NO,NO,PENDING_FULL_TEXT,,NO,"Title/abstract screening alone does not establish effectiveness, causality, methodological quality, transferability to Brazilian public safety or an institutional recommendation."
EV-0576,37526926,72LFKC54,10.1080/08995605.2023.2241591,Leadership perspectives on facilitators and barriers to sustaining evidence-based prevention interventions in the United States Military.,FULL_TEXT_QUEUE,P1,14,4,6,1,3,PMC_AVAILABLE,https://pmc.ncbi.nlm.nih.gov/articles/PMC11622577/,"Journal Article | Research Support, U.S. Gov't, P.H.S.",C,NO,NO,PENDING_FULL_TEXT,,NO,"Title/abstract screening alone does not establish effectiveness, causality, methodological quality, transferability to Brazilian public safety or an institutional recommendation."
EV-0574,37560195,KFISZKT6,10.3389/frhs.2023.1124290,Increasing consumer engagement: tools to engage service users in quality improvement or implementation efforts.,FULL_TEXT_QUEUE,P1,14,4,6,1,3,PMC_AVAILABLE,https://pmc.ncbi.nlm.nih.gov/articles/PMC10407803/,Journal Article,C,NO,NO,PENDING_FULL_TEXT,,NO,"Title/abstract screening alone does not establish effectiveness, causality, methodological quality, transferability to Brazilian public safety or an institutional recommendation."
EV-0567,37696801,AJL5B28L,10.1097/jom.0000000000002959,Using Focus Groups to Identify Nutrition Education Needs and Implementation Strategies for the Wildland Firefighter.,FULL_TEXT_QUEUE,P1,14,2,7,1,4,DISCOVERY_REQUIRED,https://doi.org/10.1097/jom.0000000000002959,"Journal Article | Research Support, Non-U.S. Gov't | Research Support, U.S. Gov't, Non-P.H.S.",C,NO,NO,PENDING_FULL_TEXT,,NO,"Title/abstract screening alone does not establish effectiveness, causality, methodological quality, transferability to Brazilian public safety or an institutional recommendation."
EV-0555,37830716,IUJQGYGJ,10.3390/healthcare11192677,Heart Rate Variability Assessment of Land Navigation and Load Carriage Activities in Specialist Police Selection.,FULL_TEXT_QUEUE,P1,14,4,5,1,4,PMC_AVAILABLE,https://pmc.ncbi.nlm.nih.gov/articles/PMC10572114/,Journal Article,A,NO,NO,PENDING_FULL_TEXT,,NO,"Title/abstract screening alone does not establish effectiveness, causality, methodological quality, transferability to Brazilian public safety or an institutional recommendation."
EV-0531,38028901,UQR9RYAP,10.1017/ash.2023.463,COVID-19 and British Columbia's volunteer search and rescue workers: risk recognition and risk mitigation.,FULL_TEXT_QUEUE,P1,14,4,5,1,4,PMC_AVAILABLE,https://pmc.ncbi.nlm.nih.gov/articles/PMC10654942/,Journal Article,A,NO,NO,PENDING_FULL_TEXT,,NO,"Title/abstract screening alone does not establish effectiveness, causality, methodological quality, transferability to Brazilian public safety or an institutional recommendation."
EV-0524,38106889,H88KUXKE,10.3389/fpubh.2023.1308605,The effect of mild to moderate COVID-19 infection on the cardiorespiratory fitness of firefighters.,FULL_TEXT_QUEUE,P1,14,4,5,1,4,PMC_AVAILABLE,https://pmc.ncbi.nlm.nih.gov/articles/PMC10724018/,"Journal Article | Research Support, U.S. Gov't, Non-P.H.S.",A,NO,NO,PENDING_FULL_TEXT,,NO,"Title/abstract screening alone does not establish effectiveness, causality, methodological quality, transferability to Brazilian public safety or an institutional recommendation."
EV-0510,38287970,HIXG7Z3H,10.70252/nuyz9300,The Relationship Between Physical Mobility and Firefighter Occupational Task Performance.,FULL_TEXT_QUEUE,P1,14,4,5,1,4,PMC_AVAILABLE,https://pmc.ncbi.nlm.nih.gov/articles/PMC10824302/,Journal Article,A,NO,NO,PENDING_FULL_TEXT,,NO,"Title/abstract screening alone does not establish effectiveness, causality, methodological quality, transferability to Brazilian public safety or an institutional recommendation."
EV-0497,38395810,FE4GFS8I,10.1186/s12913-024-10614-y,Improving care for veterans' environmental exposure concerns: applications of the consolidated framework for implementation research in program evaluation.,FULL_TEXT_QUEUE,P1,14,4,6,1,3,PMC_AVAILABLE,https://pmc.ncbi.nlm.nih.gov/articles/PMC10893731/,Journal Article,C,NO,NO,PENDING_FULL_TEXT,,NO,"Title/abstract screening alone does not establish effectiveness, causality, methodological quality, transferability to Brazilian public safety or an institutional recommendation."
EV-0492,38446068,4FMXYDLR,10.55460/n87k-w6bz,When Minutes Matter: A Comparison of Whole Blood Collection Techniques.,FULL_TEXT_QUEUE,P1,14,2,7,1,4,DISCOVERY_REQUIRED,https://doi.org/10.55460/n87k-w6bz,Comparative Study | Journal Article,B,NO,NO,PENDING_FULL_TEXT,,NO,"Title/abstract screening alone does not establish effectiveness, causality, methodological quality, transferability to Brazilian public safety or an institutional recommendation."
EV-0478,38689547,KFILU9KY,10.1111/1475-6773.14309,Partnership building for scale-up in the Veteran Sponsorship Initiative: Strategies for harnessing collaboration to accelerate impact in suicide prevention.,FULL_TEXT_QUEUE,P1,14,4,6,1,3,PMC_AVAILABLE,https://pmc.ncbi.nlm.nih.gov/articles/PMC11540573/,"Journal Article | Research Support, U.S. Gov't, Non-P.H.S.",C,NO,NO,PENDING_FULL_TEXT,,NO,"Title/abstract screening alone does not establish effectiveness, causality, methodological quality, transferability to Brazilian public safety or an institutional recommendation."
EV-0470,38835321,TP9BL9S2,10.4085/1062-6050-0416.23,Current Clinical Concepts: A Framework for Concussion Management Strategies in Law Enforcement Officers.,FULL_TEXT_QUEUE,P1,14,4,5,1,4,PMC_AVAILABLE,https://pmc.ncbi.nlm.nih.gov/articles/PMC11611366/,Journal Article,A,NO,NO,PENDING_FULL_TEXT,,NO,"Title/abstract screening alone does not establish effectiveness, causality, methodological quality, transferability to Brazilian public safety or an institutional recommendation."
EV-0453,38993031,TIHGYLB8,10.1111/jep.14085,Staff and client preferences for the design and delivery of an outcomes monitoring system in a mental health service.,FULL_TEXT_QUEUE,P1,14,2,8,1,3,DISCOVERY_REQUIRED,https://doi.org/10.1111/jep.14085,"Journal Article | Research Support, Non-U.S. Gov't",C,NO,NO,PENDING_FULL_TEXT,,NO,"Title/abstract screening alone does not establish effectiveness, causality, methodological quality, transferability to Brazilian public safety or an institutional recommendation."
EV-0437,39146608,XUV3MR9D,10.1016/j.comppsych.2024.152524,PeerOnCall: Exploring how organizational culture shapes implementation of a peer support app for public safety personnel.,FULL_TEXT_QUEUE,P1,14,2,7,1,4,DISCOVERY_REQUIRED,https://doi.org/10.1016/j.comppsych.2024.152524,"Journal Article | Research Support, Non-U.S. Gov't",C,NO,NO,PENDING_FULL_TEXT,,NO,"Title/abstract screening alone does not establish effectiveness, causality, methodological quality, transferability to Brazilian public safety or an institutional recommendation."
EV-0427,39189217,ZRAKL78T,10.3390/jfmk9030132,Associations between Dietary Intake and Cardiovascular Disease Risk in American Career Firefighters: An Observational Study.,FULL_TEXT_QUEUE,P1,14,4,5,1,4,PMC_AVAILABLE,https://pmc.ncbi.nlm.nih.gov/articles/PMC11348120/,Journal Article,A,NO,NO,PENDING_FULL_TEXT,,NO,"Title/abstract screening alone does not establish effectiveness, causality, methodological quality, transferability to Brazilian public safety or an institutional recommendation."
EV-0422,39252849,29USJVKS,10.70252/htjh7644,The Effects of Torso-Borne Loads on Functional Movement Patterns.,FULL_TEXT_QUEUE,P1,14,4,5,1,4,PMC_AVAILABLE,https://pmc.ncbi.nlm.nih.gov/articles/PMC11382776/,Journal Article,A,NO,NO,PENDING_FULL_TEXT,,NO,"Title/abstract screening alone does not establish effectiveness, causality, methodological quality, transferability to Brazilian public safety or an institutional recommendation."
EV-0401,39449488,7MNCKJV2,10.3390/jfmk9040194,Effects of Specific RAMP Protocol Phase on Change of Direction Speed of Police Students.,FULL_TEXT_QUEUE,P1,14,4,5,1,4,PMC_AVAILABLE,https://pmc.ncbi.nlm.nih.gov/articles/PMC11503268/,Journal Article,A,NO,NO,PENDING_FULL_TEXT,,NO,"Title/abstract screening alone does not establish effectiveness, causality, methodological quality, transferability to Brazilian public safety or an institutional recommendation."
EV-0388,39537898,AABQNSJV,10.1007/s00421-024-05650-9,Acute exercise impacts heart rate variability but not cognitive flexibility during subsequent simulated firefighter occupational tasks.,FULL_TEXT_QUEUE,P1,14,4,5,1,4,PMC_AVAILABLE,https://pmc.ncbi.nlm.nih.gov/articles/PMC11950049/,Journal Article,A,NO,NO,PENDING_FULL_TEXT,,NO,"Title/abstract screening alone does not establish effectiveness, causality, methodological quality, transferability to Brazilian public safety or an institutional recommendation."
EV-0373,39746845,WX6NYMYN,10.1111/acer.15517,Hazardous alcohol use and cardiometabolic risk among firefighters.,FULL_TEXT_QUEUE,P1,14,4,5,1,4,PMC_AVAILABLE,https://pmc.ncbi.nlm.nih.gov/articles/PMC11831616/,Journal Article,A,NO,NO,PENDING_FULL_TEXT,,NO,"Title/abstract screening alone does not establish effectiveness, causality, methodological quality, transferability to Brazilian public safety or an institutional recommendation."
EV-0364,39846663,E3UN9A3Q,10.3390/jfmk10010022,"Exploring the Interplay of Handgrip Neuromuscular, Morphological, and Psychological Characteristics in Tactical Athletes and General Population: Gender- and Occupation-Based Specific Patterns.",FULL_TEXT_QUEUE,P1,14,4,5,1,4,PMC_AVAILABLE,https://pmc.ncbi.nlm.nih.gov/articles/PMC11755586/,Journal Article,A,NO,NO,PENDING_FULL_TEXT,,NO,"Title/abstract screening alone does not establish effectiveness, causality, methodological quality, transferability to Brazilian public safety or an institutional recommendation."
EV-0360,39892267,WFR3S2QS,10.1016/j.comppsych.2025.152578,An ecosystem approach to the evaluation and impact analysis of heterogeneous preventive and/or early interventions projects for veterans and first responders in seven countries.,FULL_TEXT_QUEUE,P1,14,2,7,1,4,DISCOVERY_REQUIRED,https://doi.org/10.1016/j.comppsych.2025.152578,"Journal Article | Research Support, Non-U.S. Gov't",C,NO,NO,PENDING_FULL_TEXT,,NO,"Title/abstract screening alone does not establish effectiveness, causality, methodological quality, transferability to Brazilian public safety or an institutional recommendation."
EV-0330,40257897,NKXAY27M,10.1037/ser0000942,Developing and implementing a process improvement intervention to expand evidence-based psychotherapy in the Department of Defense.,FULL_TEXT_QUEUE,P1,14,2,8,1,3,DISCOVERY_REQUIRED,https://doi.org/10.1037/ser0000942,Journal Article,C,NO,NO,PENDING_FULL_TEXT,,NO,"Title/abstract screening alone does not establish effectiveness, causality, methodological quality, transferability to Brazilian public safety or an institutional recommendation."
EV-0315,40407426,DQYALWYK,10.3390/jfmk10020142,"Examining the Relationship Between Resilience, Mental Health and Fitness Outcomes in Firefighters.",FULL_TEXT_QUEUE,P1,14,4,5,1,4,PMC_AVAILABLE,https://pmc.ncbi.nlm.nih.gov/articles/PMC12101197/,Journal Article,A,NO,NO,PENDING_FULL_TEXT,,NO,"Title/abstract screening alone does not establish effectiveness, causality, methodological quality, transferability to Brazilian public safety or an institutional recommendation."
EV-0314,40407432,79YLDVWJ,10.3390/jfmk10020148,Relationship Between Systemic Inflammation and Glycemic Control in Firefighters.,FULL_TEXT_QUEUE,P1,14,4,5,1,4,PMC_AVAILABLE,https://pmc.ncbi.nlm.nih.gov/articles/PMC12101145/,Journal Article,A,NO,NO,PENDING_FULL_TEXT,,NO,"Title/abstract screening alone does not establish effectiveness, causality, methodological quality, transferability to Brazilian public safety or an institutional recommendation."
EV-0295,40566425,IWD6FJ8C,10.3390/jfmk10020129,"The Effect of Fitness on Performance, Exertion, and Cognition During Simulated Firefighter Occupational Tasks.",FULL_TEXT_QUEUE,P1,14,4,5,1,4,PMC_AVAILABLE,https://pmc.ncbi.nlm.nih.gov/articles/PMC12015927/,Journal Article,A,NO,NO,PENDING_FULL_TEXT,,NO,"Title/abstract screening alone does not establish effectiveness, causality, methodological quality, transferability to Brazilian public safety or an institutional recommendation."
EV-0286,40648609,T5EYD6Z5,10.3390/healthcare13131584,Does Exercise Performance Differ Among Male Law Enforcement Officers Based on Their Body Mass Index Category?,FULL_TEXT_QUEUE,P1,14,4,5,1,4,PMC_AVAILABLE,https://pmc.ncbi.nlm.nih.gov/articles/PMC12249233/,Journal Article,A,NO,NO,PENDING_FULL_TEXT,,NO,"Title/abstract screening alone does not establish effectiveness, causality, methodological quality, transferability to Brazilian public safety or an institutional recommendation."
EV-0277,40789432,6Q4P4RGH,10.1016/j.apmr.2025.07.018,Implementing Goal Attainment Scaling as a Person-Centered Measurement Tool to Direct Care and Evaluate Outcomes in Neurorehabilitation Settings.,FULL_TEXT_QUEUE,P1,14,2,7,1,4,DISCOVERY_REQUIRED,https://doi.org/10.1016/j.apmr.2025.07.018,Journal Article,C,NO,NO,PENDING_FULL_TEXT,,NO,"Title/abstract screening alone does not establish effectiveness, causality, methodological quality, transferability to Brazilian public safety or an institutional recommendation."
EV-0264,40868561,CIPTUAK7,10.3390/healthcare13161946,Impact of Age and Years in the Fire Service on Firefighter Health and Physical Performance Outcomes.,FULL_TEXT_QUEUE,P1,14,4,5,1,4,PMC_AVAILABLE,https://pmc.ncbi.nlm.nih.gov/articles/PMC12386035/,Journal Article,A,NO,NO,PENDING_FULL_TEXT,,NO,"Title/abstract screening alone does not establish effectiveness, causality, methodological quality, transferability to Brazilian public safety or an institutional recommendation."
EV-0261,40904710,DMPXWUYG,10.26603/001c.143487,Development and Implementation of a Critical Care Transport Physical Ability Test: An Administrative Case Report.,FULL_TEXT_QUEUE,P1,14,4,5,1,4,PMC_AVAILABLE,https://pmc.ncbi.nlm.nih.gov/articles/PMC12404570/,Case Reports | Journal Article,A,NO,NO,PENDING_FULL_TEXT,,NO,"Title/abstract screening alone does not establish effectiveness, causality, methodological quality, transferability to Brazilian public safety or an institutional recommendation."
EV-0226,41175355,9RRI5ICL,10.1093/milmed/usaf533,"Prevalence of Temporomandibular Disorders in Military, Police, and Firefighter Personnel: A Systematic Review and Meta-Analysis.",FULL_TEXT_QUEUE,P1,14,2,5,3,4,DISCOVERY_REQUIRED,https://doi.org/10.1093/milmed/usaf533,Journal Article | Meta-Analysis | Systematic Review,A,NO,NO,PENDING_FULL_TEXT,,NO,"Title/abstract screening alone does not establish effectiveness, causality, methodological quality, transferability to Brazilian public safety or an institutional recommendation."
EV-0204,41306450,YG33P6ZU,10.1136/bmjsem-2025-002871,Graduation-stage physical fitness as a predictor of operational performance and injury risk among police recruits: a prospective cohort study.,FULL_TEXT_QUEUE,P1,14,4,5,1,4,PMC_AVAILABLE,https://pmc.ncbi.nlm.nih.gov/articles/PMC12645639/,Journal Article,A,NO,NO,PENDING_FULL_TEXT,,NO,"Title/abstract screening alone does not establish effectiveness, causality, methodological quality, transferability to Brazilian public safety or an institutional recommendation."
EV-0203,41312291,4RYTEZD4,10.1093/biosci/biaf133,Ten lessons for controlling invasive species: Wisdom from the long-standing sea lamprey control program on the Laurentian Great Lakes.,FULL_TEXT_QUEUE,P1,14,4,6,1,3,PMC_AVAILABLE,https://pmc.ncbi.nlm.nih.gov/articles/PMC12650520/,Journal Article,C,NO,NO,PENDING_FULL_TEXT,,NO,"Title/abstract screening alone does not establish effectiveness, causality, methodological quality, transferability to Brazilian public safety or an institutional recommendation."
EV-0179,41464403,FC5ITXQD,10.3390/ijerph22121769,Exploring Law Enforcement Officers' Experiences with Athletic Trainers and Work-Related Injury.,FULL_TEXT_QUEUE,P1,14,4,5,1,4,PMC_AVAILABLE,https://pmc.ncbi.nlm.nih.gov/articles/PMC12732779/,Journal Article,A,NO,NO,PENDING_FULL_TEXT,,NO,"Title/abstract screening alone does not establish effectiveness, causality, methodological quality, transferability to Brazilian public safety or an institutional recommendation."
EV-0140,41843415,AF6I7YGY,10.1249/mss.0000000000003908,Short-Term Moderately High-Fat Diet Has No Effect on Physical Performance.,FULL_TEXT_QUEUE,P1,14,2,5,3,4,DISCOVERY_REQUIRED,https://doi.org/10.1249/mss.0000000000003908,Journal Article | Randomized Controlled Trial,A,NO,NO,PENDING_FULL_TEXT,,NO,"Title/abstract screening alone does not establish effectiveness, causality, methodological quality, transferability to Brazilian public safety or an institutional recommendation."
EV-0124,41960227,KTV8DII2,10.3389/fpsyt.2026.1774426,"Select them well, train them better! Psychological combat readiness in the German army special forces.",FULL_TEXT_QUEUE,P1,14,4,5,1,4,PMC_AVAILABLE,https://pmc.ncbi.nlm.nih.gov/articles/PMC13056863/,Journal Article,A,NO,NO,PENDING_FULL_TEXT,,NO,"Title/abstract screening alone does not establish effectiveness, causality, methodological quality, transferability to Brazilian public safety or an institutional recommendation."
EV-0115,41998685,Q42HE9HI,10.1186/s12995-026-00511-x,Prevalence of musculoskeletal disorders among police officers from an organizational unit of a German federal state police force.,FULL_TEXT_QUEUE,P1,14,4,5,1,4,PMC_AVAILABLE,https://pmc.ncbi.nlm.nih.gov/articles/PMC13097821/,Journal Article,A,NO,NO,PENDING_FULL_TEXT,,NO,"Title/abstract screening alone does not establish effectiveness, causality, methodological quality, transferability to Brazilian public safety or an institutional recommendation."
EV-0112,42040064,C8YXV9YD,10.3389/fpubh.2026.1803949,Vaccination gaps in decentralized emergency response: understanding immunization barriers among volunteer firefighters. A cross-sectional mixed methods study.,FULL_TEXT_QUEUE,P1,14,4,5,1,4,PMC_AVAILABLE,https://pmc.ncbi.nlm.nih.gov/articles/PMC13106354/,Journal Article,A,NO,NO,PENDING_FULL_TEXT,,NO,"Title/abstract screening alone does not establish effectiveness, causality, methodological quality, transferability to Brazilian public safety or an institutional recommendation."
EV-0099,42116711,LWW2V5RF,10.1080/09638288.2026.2667689,Implementation of post-traumatic stress injury programs in Alberta first responder organizations: a qualitative study.,FULL_TEXT_QUEUE,P1,14,2,7,1,4,DISCOVERY_REQUIRED,https://doi.org/10.1080/09638288.2026.2667689,Journal Article,C,NO,NO,PENDING_FULL_TEXT,,NO,"Title/abstract screening alone does not establish effectiveness, causality, methodological quality, transferability to Brazilian public safety or an institutional recommendation."
EV-0068,42365570,EHUL3ZTC,10.1186/s40798-026-01042-9,"Co-Creating an Intervention to Prevent Injuries in Police Force Recruits: A Concept Mapping Study of Police Force Recruits, Police Force Staff, Health Professionals, and Research Experts.",FULL_TEXT_QUEUE,P1,14,4,5,1,4,PMC_AVAILABLE,https://pmc.ncbi.nlm.nih.gov/articles/PMC13310864/,Journal Article,A,NO,NO,PENDING_FULL_TEXT,,NO,"Title/abstract screening alone does not establish effectiveness, causality, methodological quality, transferability to Brazilian public safety or an institutional recommendation."
EV-0051,42496407,7TGWNRUZ,10.3390/jfmk11030268,Running Speed and Mental Toughness: Effects on Change-of-Direction Speed in Police Students.,FULL_TEXT_QUEUE,P1,14,4,5,1,4,PMC_AVAILABLE,https://pmc.ncbi.nlm.nih.gov/articles/PMC13398011/,Journal Article,A,NO,NO,PENDING_FULL_TEXT,,NO,"Title/abstract screening alone does not establish effectiveness, causality, methodological quality, transferability to Brazilian public safety or an institutional recommendation."
EV-0048,42506803,YJWXWN9J,10.3390/sports14070260,The Effectiveness of a Functional Preconditioning Program in Reducing Musculoskeletal Injuries in a Tactical Population.,FULL_TEXT_QUEUE,P1,14,4,5,1,4,PMC_AVAILABLE,https://pmc.ncbi.nlm.nih.gov/articles/PMC13418989/,Journal Article,A,NO,NO,PENDING_FULL_TEXT,,NO,"Title/abstract screening alone does not establish effectiveness, causality, methodological quality, transferability to Brazilian public safety or an institutional recommendation."
EV-0045,42514456,JM5N5233,10.3390/nu18142385,Dietary Habits and Nutritional Status Among Polish Police Officers: A Cross-Sectional Study Within the National Health Programme.,FULL_TEXT_QUEUE,P1,14,4,5,1,4,PMC_AVAILABLE,https://pmc.ncbi.nlm.nih.gov/articles/PMC13415224/,Journal Article,A,NO,NO,PENDING_FULL_TEXT,,NO,"Title/abstract screening alone does not establish effectiveness, causality, methodological quality, transferability to Brazilian public safety or an institutional recommendation."
EV-0004,42641240,M9Z93JK4,10.1016/j.forsciint.2026.113115,"Investigator survey on Forensic Investigative Genetic Genealogy: Current use, limitations, and sustainability.",FULL_TEXT_QUEUE,P1,14,2,7,1,4,DISCOVERY_REQUIRED,https://doi.org/10.1016/j.forsciint.2026.113115,Journal Article,C,NO,NO,PENDING_FULL_TEXT,,NO,"Title/abstract screening alone does not establish effectiveness, causality, methodological quality, transferability to Brazilian public safety or an institutional recommendation."
EV-1399,11469036,J6KFKHXS,,Tactical medicine training for SEAL mission commanders.,FULL_TEXT_QUEUE,P1,13,0,11,1,1,DISCOVERY_REQUIRED,https://pubmed.ncbi.nlm.nih.gov/11469036/,Journal Article,B,NO,NO,PENDING_FULL_TEXT,,NO,"Title/abstract screening alone does not establish effectiveness, causality, methodological quality, transferability to Brazilian public safety or an institutional recommendation."
EV-1319,20543293,DGLM6DRE,,Teaching tactical combat casualty care using the TC3 sim game-based simulation: a study to measure training effectiveness.,FULL_TEXT_QUEUE,P1,13,0,11,1,1,DISCOVERY_REQUIRED,https://pubmed.ncbi.nlm.nih.gov/20543293/,Journal Article,B,NO,NO,PENDING_FULL_TEXT,,NO,"Title/abstract screening alone does not establish effectiveness, causality, methodological quality, transferability to Brazilian public safety or an institutional recommendation."
EV-1318,20586587,NA864NNQ,10.3109/10903127.2010.493985,Comparison of three airway management techniques in a simulated tactical setting.,FULL_TEXT_QUEUE,P1,13,2,9,1,1,DISCOVERY_REQUIRED,https://doi.org/10.3109/10903127.2010.493985,Comparative Study | Journal Article,B,NO,NO,PENDING_FULL_TEXT,,NO,"Title/abstract screening alone does not establish effectiveness, causality, methodological quality, transferability to Brazilian public safety or an institutional recommendation."
EV-1310,21284095,N7ZZCQJ7,10.1002/ppul.21402,Diagnostic yield of nasal scrape biopsies in primary ciliary dyskinesia: a multicenter experience.,FULL_TEXT_QUEUE,P1,13,4,8,1,0,PMC_AVAILABLE,https://pmc.ncbi.nlm.nih.gov/articles/PMC3875629/,"Journal Article | Multicenter Study | Research Support, N.I.H., Extramural | Research Support, N.I.H., Intramural | Research Support, Non-U.S. Gov't",B,NO,NO,PENDING_FULL_TEXT,,NO,"Title/abstract screening alone does not establish effectiveness, causality, methodological quality, transferability to Brazilian public safety or an institutional recommendation."
EV-1299,21822442,KSMSFJUE,10.1155/2012/604842,A study on the reliability of sasang constitutional body trunk measurement.,FULL_TEXT_QUEUE,P1,13,4,8,1,0,PMC_AVAILABLE,https://pmc.ncbi.nlm.nih.gov/articles/PMC3142773/,Journal Article,B,NO,NO,PENDING_FULL_TEXT,,NO,"Title/abstract screening alone does not establish effectiveness, causality, methodological quality, transferability to Brazilian public safety or an institutional recommendation."
EV-1284,22738468,KFFMBVBC,10.1111/j.1537-2995.2012.03767.x,Donor performance of combat readiness skills of special forces soldiers are maintained immediately after whole blood donation: a study to support the development of a prehospital fresh whole blood transfusion program.,FULL_TEXT_QUEUE,P1,13,2,9,1,1,DISCOVERY_REQUIRED,https://doi.org/10.1111/j.1537-2995.2012.03767.x,Clinical Trial | Journal Article,A,NO,NO,PENDING_FULL_TEXT,,NO,"Title/abstract screening alone does not establish effectiveness, causality, methodological quality, transferability to Brazilian public safety or an institutional recommendation."
EV-1248,23877773,2JQY3SVC,10.55460/7dn3-a0jx,The Tactical Combat Casualty Care Casualty Card TCCC Guidelines ? Proposed Change 1301.,FULL_TEXT_QUEUE,P1,13,2,9,1,1,DISCOVERY_REQUIRED,https://doi.org/10.55460/7dn3-a0jx,Journal Article,B,NO,NO,PENDING_FULL_TEXT,,NO,"Title/abstract screening alone does not establish effectiveness, causality, methodological quality, transferability to Brazilian public safety or an institutional recommendation."
EV-1211,24851287,VEEU78I3,10.17226/13380,Building a Resilient Workforce: Opportunities for the Department of Homeland Security: Workshop Summary,FULL_TEXT_QUEUE,P1,13,2,5,2,4,DISCOVERY_REQUIRED,https://doi.org/10.17226/13380,Review | Book,A,NO,NO,PENDING_FULL_TEXT,,NO,"Title/abstract screening alone does not establish effectiveness, causality, methodological quality, transferability to Brazilian public safety or an institutional recommendation."
EV-1181,25770802,HFBEQG5K,,A study of prehospital medical documentation by military medical providers during precombat training.,FULL_TEXT_QUEUE,P1,13,0,11,1,1,DISCOVERY_REQUIRED,https://pubmed.ncbi.nlm.nih.gov/25770802/,Journal Article,B,NO,NO,PENDING_FULL_TEXT,,NO,"Title/abstract screening alone does not establish effectiveness, causality, methodological quality, transferability to Brazilian public safety or an institutional recommendation."
EV-1180,25771513,GHTHHLYD,,[Modern methods of prehospital bleeding management based on the experience and standards of tactical medicine].,FULL_TEXT_QUEUE,P1,13,0,11,1,1,DISCOVERY_REQUIRED,https://pubmed.ncbi.nlm.nih.gov/25771513/,Editorial | English Abstract,B,NO,NO,PENDING_FULL_TEXT,,NO,"Title/abstract screening alone does not establish effectiveness, causality, methodological quality, transferability to Brazilian public safety or an institutional recommendation."
EV-1146,26847801,G45XQ6PR,10.3109/10903127.2015.1111481,Emergency Incident Rehabilitation: Resource Document to the Position Statement of the National Association of EMS Physicians.,FULL_TEXT_QUEUE,P1,13,2,5,2,4,DISCOVERY_REQUIRED,https://doi.org/10.3109/10903127.2015.1111481,Consensus Statement | Journal Article,A,NO,NO,PENDING_FULL_TEXT,,NO,"Title/abstract screening alone does not establish effectiveness, causality, methodological quality, transferability to Brazilian public safety or an institutional recommendation."
EV-1141,27045490,EA6NGBEQ,,Management of External Hemorrhage in Tactical Combat Casualty Care: The Adjunctive Use of XStat™ Compressed Hemostatic Sponges: TCCC Guidelines Change 15-03.,FULL_TEXT_QUEUE,P1,13,0,11,1,1,DISCOVERY_REQUIRED,https://pubmed.ncbi.nlm.nih.gov/27045490/,Journal Article,B,NO,NO,PENDING_FULL_TEXT,,NO,"Title/abstract screening alone does not establish effectiveness, causality, methodological quality, transferability to Brazilian public safety or an institutional recommendation."
EV-1134,27215873,S8RSU65W,,Battlefield Documentation of Tactical Combat Casualty Care in Afghanistan.,FULL_TEXT_QUEUE,P1,13,0,11,1,1,DISCOVERY_REQUIRED,https://pubmed.ncbi.nlm.nih.gov/27215873/,Journal Article,B,NO,NO,PENDING_FULL_TEXT,,NO,"Title/abstract screening alone does not establish effectiveness, causality, methodological quality, transferability to Brazilian public safety or an institutional recommendation."
EV-1131,27215893,FV9BQP99,,Lessons Learned: Employment and Tactical Use of The Combat Medic During Stability Support Operations.,FULL_TEXT_QUEUE,P1,13,0,11,1,1,DISCOVERY_REQUIRED,https://pubmed.ncbi.nlm.nih.gov/27215893/,Journal Article,B,NO,NO,PENDING_FULL_TEXT,,NO,"Title/abstract screening alone does not establish effectiveness, causality, methodological quality, transferability to Brazilian public safety or an institutional recommendation."
EV-1130,27274665,9Z66BQMH,,Alterations of Vertical Jump Mechanics after a Half-Marathon Mountain Running Race.,FULL_TEXT_QUEUE,P1,13,4,8,1,0,PMC_AVAILABLE,https://pmc.ncbi.nlm.nih.gov/articles/PMC4879441/,Journal Article,B,NO,NO,PENDING_FULL_TEXT,,NO,"Title/abstract screening alone does not establish effectiveness, causality, methodological quality, transferability to Brazilian public safety or an institutional recommendation."
EV-1120,27689367,F63S47PF,,TacMed Updates: Development of a National Consensus for Tactical Emergency Medical Support (TEMS) Training Programs-Operators and Medical Providers.,FULL_TEXT_QUEUE,P1,13,0,11,1,1,DISCOVERY_REQUIRED,https://pubmed.ncbi.nlm.nih.gov/27689367/,Journal Article,B,NO,NO,PENDING_FULL_TEXT,,NO,"Title/abstract screening alone does not establish effectiveness, causality, methodological quality, transferability to Brazilian public safety or an institutional recommendation."
EV-1115,27842525,3PBFMLG8,10.1186/s12887-016-0725-4,Precision of recumbent crown-heel length when using an infantometer.,FULL_TEXT_QUEUE,P1,13,4,8,1,0,PMC_AVAILABLE,https://pmc.ncbi.nlm.nih.gov/articles/PMC5109659/,Clinical Trial | Journal Article,B,NO,NO,PENDING_FULL_TEXT,,NO,"Title/abstract screening alone does not establish effectiveness, causality, methodological quality, transferability to Brazilian public safety or an institutional recommendation."
EV-1113,27983575,N26E62D6,10.3390/s16122114,An Extensive Unified Thermo-Electric Module Characterization Method.,FULL_TEXT_QUEUE,P1,13,4,8,1,0,PMC_AVAILABLE,https://pmc.ncbi.nlm.nih.gov/articles/PMC5191094/,Journal Article,B,NO,NO,PENDING_FULL_TEXT,,NO,"Title/abstract screening alone does not establish effectiveness, causality, methodological quality, transferability to Brazilian public safety or an institutional recommendation."
EV-1100,28290925,YYVIF9NS,10.7205/milmed-d-16-00214,Two Decades of Saving Lives on the Battlefield: Tactical Combat Casualty Care Turns 20.,FULL_TEXT_QUEUE,P1,13,2,9,1,1,DISCOVERY_REQUIRED,https://doi.org/10.7205/milmed-d-16-00214,Historical Article | Journal Article,B,NO,NO,PENDING_FULL_TEXT,,NO,"Title/abstract screening alone does not establish effectiveness, causality, methodological quality, transferability to Brazilian public safety or an institutional recommendation."
EV-1084,28599052,5LHVHYEE,10.55460/pcuc-u3tv,TCCC Updates: Two Decades of Saving Lives on the Battlefield: Tactical Combat Casualty Care Turns 20.,FULL_TEXT_QUEUE,P1,13,2,9,1,1,DISCOVERY_REQUIRED,https://doi.org/10.55460/pcuc-u3tv,Journal Article,B,NO,NO,PENDING_FULL_TEXT,,NO,"Title/abstract screening alone does not establish effectiveness, causality, methodological quality, transferability to Brazilian public safety or an institutional recommendation."
EV-1080,28657831,VZBW7HHH,10.1080/10903127.2017.1332126,Case Report: Life Saving Application of Commercial Tourniquet in Pediatric Extremity Hemorrhage.,FULL_TEXT_QUEUE,P1,13,2,6,1,4,DISCOVERY_REQUIRED,https://doi.org/10.1080/10903127.2017.1332126,Case Reports | Journal Article,B,NO,NO,PENDING_FULL_TEXT,,NO,"Title/abstract screening alone does not establish effectiveness, causality, methodological quality, transferability to Brazilian public safety or an institutional recommendation."
EV-1035,29420813,JTJSHMGL,10.1093/milmed/usx087,Sport Psychology for the Soldier Athlete: A Paradigm Shift.,FULL_TEXT_QUEUE,P1,13,2,9,1,1,DISCOVERY_REQUIRED,https://doi.org/10.1093/milmed/usx087,Journal Article,A,NO,NO,PENDING_FULL_TEXT,,NO,"Title/abstract screening alone does not establish effectiveness, causality, methodological quality, transferability to Brazilian public safety or an institutional recommendation."
EV-0967,30942491,V4YJMWXF,10.1111/trf.15294,Prehospital whole blood resuscitation prevents coagulopathy and improves acid-base status at hospital arrival in a nonhuman primate hemorrhagic shock model.,FULL_TEXT_QUEUE,P1,13,2,9,1,1,DISCOVERY_REQUIRED,https://doi.org/10.1111/trf.15294,"Comparative Study | Journal Article | Research Support, U.S. Gov't, Non-P.H.S.",B,NO,NO,PENDING_FULL_TEXT,,NO,"Title/abstract screening alone does not establish effectiveness, causality, methodological quality, transferability to Brazilian public safety or an institutional recommendation."
EV-0965,30985476,PZH9DZYY,10.1097/ta.0000000000002308,"Prehospital adenosine, lidocaine, and magnesium has inferior survival compared with tactical combat casualty care resuscitation in a porcine model of prolonged hemorrhagic shock.",FULL_TEXT_QUEUE,P1,13,2,9,1,1,DISCOVERY_REQUIRED,https://doi.org/10.1097/ta.0000000000002308,"Journal Article | Research Support, Non-U.S. Gov't",B,NO,NO,PENDING_FULL_TEXT,,NO,"Title/abstract screening alone does not establish effectiveness, causality, methodological quality, transferability to Brazilian public safety or an institutional recommendation."
EV-0956,31134767,6LE3Q6CM,10.1002/ppul.24293,Is transcutaneous electrical muscle stimulation an alternative for preventing acquired muscle weakness in the pediatric intensive care unit? A scoping review.,FULL_TEXT_QUEUE,P1,13,2,8,2,1,DISCOVERY_REQUIRED,https://doi.org/10.1002/ppul.24293,Journal Article | Scoping Review,B,NO,NO,PENDING_FULL_TEXT,,NO,"Title/abstract screening alone does not establish effectiveness, causality, methodological quality, transferability to Brazilian public safety or an institutional recommendation."
EV-0938,31441025,ZYHTEFWZ,10.5055/ajdm.2019.0312,The effects of QuikClot Combat Gauze and Celox Rapid on hemorrhage control.,FULL_TEXT_QUEUE,P1,13,2,9,1,1,DISCOVERY_REQUIRED,https://doi.org/10.5055/ajdm.2019.0312,Journal Article,B,NO,NO,PENDING_FULL_TEXT,,NO,"Title/abstract screening alone does not establish effectiveness, causality, methodological quality, transferability to Brazilian public safety or an institutional recommendation."
EV-0923,31694782,RSI6F8AJ,10.1016/j.wem.2019.08.006,Fresh Low Titer O Whole Blood Transfusion in the Austere Medical Environment.,FULL_TEXT_QUEUE,P1,13,2,9,1,1,DISCOVERY_REQUIRED,https://doi.org/10.1016/j.wem.2019.08.006,Journal Article,B,NO,NO,PENDING_FULL_TEXT,,NO,"Title/abstract screening alone does not establish effectiveness, causality, methodological quality, transferability to Brazilian public safety or an institutional recommendation."
EV-0870,32649615,FI7LIYGF,10.1097/ta.0000000000002876,Valproic acid decreases resuscitation requirements after hemorrhage in a prolonged damage-control resuscitation model.,FULL_TEXT_QUEUE,P1,13,2,9,1,1,DISCOVERY_REQUIRED,https://doi.org/10.1097/ta.0000000000002876,"Journal Article | Research Support, U.S. Gov't, Non-P.H.S.",B,NO,NO,PENDING_FULL_TEXT,,NO,"Title/abstract screening alone does not establish effectiveness, causality, methodological quality, transferability to Brazilian public safety or an institutional recommendation."
EV-0867,32716027,LIXH6PE4,10.1093/milmed/usaa171,"Buddy Care, a Peer-to-Peer Intervention: A Pilot Quality Improvement Project to Decrease Occupational Stress Among an Overseas Military Population.",FULL_TEXT_QUEUE,P1,13,2,9,1,1,DISCOVERY_REQUIRED,https://doi.org/10.1093/milmed/usaa171,Journal Article,A,NO,NO,PENDING_FULL_TEXT,,NO,"Title/abstract screening alone does not establish effectiveness, causality, methodological quality, transferability to Brazilian public safety or an institutional recommendation."
EV-0853,32998604,E264LSTX,10.1080/09286586.2020.1828494,Ocular Trauma in Operation Iraqi Freedom and Operation Enduring Freedom from 2001 to 2011: A Bayesian Network Analysis.,FULL_TEXT_QUEUE,P1,13,2,9,1,1,DISCOVERY_REQUIRED,https://doi.org/10.1080/09286586.2020.1828494,"Journal Article | Research Support, U.S. Gov't, Non-P.H.S.",A,NO,NO,PENDING_FULL_TEXT,,NO,"Title/abstract screening alone does not establish effectiveness, causality, methodological quality, transferability to Brazilian public safety or an institutional recommendation."
EV-0834,33296869,2VQZU5IQ,10.2196/23771,Technology Enabled Clinical Care (TECC): Protocol for a Prospective Longitudinal Cohort Study of Smartphone-Augmented Mental Health Treatment.,FULL_TEXT_QUEUE,P1,13,4,8,1,0,PMC_AVAILABLE,https://pmc.ncbi.nlm.nih.gov/articles/PMC7813563/,Journal Article,B,NO,NO,PENDING_FULL_TEXT,,NO,"Title/abstract screening alone does not establish effectiveness, causality, methodological quality, transferability to Brazilian public safety or an institutional recommendation."
EV-0828,33337694,LGWSDHJV,10.1519/jsc.0000000000003902,"Effects of Combined Strength and Endurance Training on Body Composition, Physical Fitness, and Serum Hormones During a 6-Month Crisis Management Operation.",FULL_TEXT_QUEUE,P1,13,4,5,3,1,PMC_AVAILABLE,https://pmc.ncbi.nlm.nih.gov/articles/PMC9394488/,Journal Article | Randomized Controlled Trial,A,NO,NO,PENDING_FULL_TEXT,,NO,"Title/abstract screening alone does not establish effectiveness, causality, methodological quality, transferability to Brazilian public safety or an institutional recommendation."
EV-0812,33591124,IK2Y4PBU,10.5435/jaaos-d-20-00930,Extremity War Injury Symposium XV: Sports and Readiness Symposium Summary.,FULL_TEXT_QUEUE,P1,13,2,9,1,1,DISCOVERY_REQUIRED,https://doi.org/10.5435/jaaos-d-20-00930,Journal Article,A,NO,NO,PENDING_FULL_TEXT,,NO,"Title/abstract screening alone does not establish effectiveness, causality, methodological quality, transferability to Brazilian public safety or an institutional recommendation."
EV-0810,33604603,FXU4EXIV,10.1093/milmed/usab046,Shallow Water Diving-Associated Alveolar Hemorrhage in an Active Duty Sailor: A Case Report.,FULL_TEXT_QUEUE,P1,13,2,9,1,1,DISCOVERY_REQUIRED,https://doi.org/10.1093/milmed/usab046,Case Reports | Journal Article,A,NO,NO,PENDING_FULL_TEXT,,NO,"Title/abstract screening alone does not establish effectiveness, causality, methodological quality, transferability to Brazilian public safety or an institutional recommendation."
EV-0742,34910186,EGRWH6UR,10.1093/milmed/usab523,Characteristics of Active Duty Service Members Referred to the Navy's Weight-Management Program.,FULL_TEXT_QUEUE,P1,13,4,5,3,1,PMC_AVAILABLE,https://pmc.ncbi.nlm.nih.gov/articles/PMC9825239/,"Journal Article | Randomized Controlled Trial | Research Support, N.I.H., Extramural | Research Support, U.S. Gov't, Non-P.H.S.",A,NO,NO,PENDING_FULL_TEXT,,NO,"Title/abstract screening alone does not establish effectiveness, causality, methodological quality, transferability to Brazilian public safety or an institutional recommendation."
EV-0730,35059717,H8X9GL4C,10.1093/milmed/usab558,Predictors of Temporary Profile Days Among U.S. Army Active Duty Soldiers.,FULL_TEXT_QUEUE,P1,13,2,9,1,1,DISCOVERY_REQUIRED,https://doi.org/10.1093/milmed/usab558,"Journal Article | Research Support, U.S. Gov't, Non-P.H.S.",A,NO,NO,PENDING_FULL_TEXT,,NO,"Title/abstract screening alone does not establish effectiveness, causality, methodological quality, transferability to Brazilian public safety or an institutional recommendation."
EV-0714,35257164,K3SIC4ML,10.1093/milmed/usac049,The Impact of Medical School on Military Physicians' Readiness for their First Deployment.,FULL_TEXT_QUEUE,P1,13,2,9,1,1,DISCOVERY_REQUIRED,https://doi.org/10.1093/milmed/usac049,Journal Article,A,NO,NO,PENDING_FULL_TEXT,,NO,"Title/abstract screening alone does not establish effectiveness, causality, methodological quality, transferability to Brazilian public safety or an institutional recommendation."
EV-0703,35373322,WCQVD5YW,,An Updated Review of Improvised Ground Evacuation Platforms for Austere Special Operations Casualty Transport.,FULL_TEXT_QUEUE,P1,13,0,11,1,1,DISCOVERY_REQUIRED,https://pubmed.ncbi.nlm.nih.gov/35373322/,Journal Article,B,NO,NO,PENDING_FULL_TEXT,,NO,"Title/abstract screening alone does not establish effectiveness, causality, methodological quality, transferability to Brazilian public safety or an institutional recommendation."
EV-0697,35488175,KBS6J8BA,10.1055/s-0042-1744190,Treatment of Cartilage Defects of the Knee in Military Tactical Athletes: An Overview of Management and Clinical Outcomes.,FULL_TEXT_QUEUE,P1,13,2,9,1,1,DISCOVERY_REQUIRED,https://doi.org/10.1055/s-0042-1744190,Journal Article,A,NO,NO,PENDING_FULL_TEXT,,NO,"Title/abstract screening alone does not establish effectiveness, causality, methodological quality, transferability to Brazilian public safety or an institutional recommendation."
EV-0667,36167789,5YAVKEBE,10.1038/s41598-022-20315-3,"The reliability, validity and usefulness of the 30-15 intermittent fitness test for cardiorespiratory fitness assessment in military personnel.",FULL_TEXT_QUEUE,P1,13,4,5,3,1,PMC_AVAILABLE,https://pmc.ncbi.nlm.nih.gov/articles/PMC9515111/,"Journal Article | Randomized Controlled Trial | Research Support, Non-U.S. Gov't",A,NO,NO,PENDING_FULL_TEXT,,NO,"Title/abstract screening alone does not establish effectiveness, causality, methodological quality, transferability to Brazilian public safety or an institutional recommendation."
EV-0653,36368814,PTYBH6NK,10.1016/j.ccl.2022.08.008,"The Tactical Athlete: Definitions, Cardiovascular Assessment, and Management, and ""Fit for Duty"" Standards.",FULL_TEXT_QUEUE,P1,13,2,5,2,4,DISCOVERY_REQUIRED,https://doi.org/10.1016/j.ccl.2022.08.008,Journal Article | Review,A,NO,NO,PENDING_FULL_TEXT,,NO,"Title/abstract screening alone does not establish effectiveness, causality, methodological quality, transferability to Brazilian public safety or an institutional recommendation."
EV-0644,36525012,YCZAEVX3,10.55460/8dr3-b0rh,Cric in the Dark: Surgical Cricothyrotomy in Low Light Tactical Environments.,FULL_TEXT_QUEUE,P1,13,2,9,1,1,DISCOVERY_REQUIRED,https://doi.org/10.55460/8dr3-b0rh,Journal Article,B,NO,NO,PENDING_FULL_TEXT,,NO,"Title/abstract screening alone does not establish effectiveness, causality, methodological quality, transferability to Brazilian public safety or an institutional recommendation."
EV-0616,36895433,Q9E6G3RF,10.70252/rfnz6668,US Army Reserve Officers' Training Corps Cadets' Knowledge of Exercise-related Musculoskeletal Injuries.,FULL_TEXT_QUEUE,P1,13,4,7,1,1,PMC_AVAILABLE,https://pmc.ncbi.nlm.nih.gov/articles/PMC9987521/,Journal Article,C,NO,NO,PENDING_FULL_TEXT,,NO,"Title/abstract screening alone does not establish effectiveness, causality, methodological quality, transferability to Brazilian public safety or an institutional recommendation."
EV-0614,36906432,M5Z8ZVLV,10.1016/j.wem.2023.01.006,External Hemorrhage Control Techniques for Human Space Exploration: Lessons from the Battlefield.,FULL_TEXT_QUEUE,P1,13,2,8,2,1,DISCOVERY_REQUIRED,https://doi.org/10.1016/j.wem.2023.01.006,Journal Article | Review,B,NO,NO,PENDING_FULL_TEXT,,NO,"Title/abstract screening alone does not establish effectiveness, causality, methodological quality, transferability to Brazilian public safety or an institutional recommendation."
EV-0604,37042507,A78R9622,,Accuracy of Needle Thoracostomy Site Selection among US Army Medics.,FULL_TEXT_QUEUE,P1,13,0,11,1,1,DISCOVERY_REQUIRED,https://pubmed.ncbi.nlm.nih.gov/37042507/,Comparative Study | Journal Article | Observational Study,B,NO,NO,PENDING_FULL_TEXT,,NO,"Title/abstract screening alone does not establish effectiveness, causality, methodological quality, transferability to Brazilian public safety or an institutional recommendation."
EV-0600,37156612,2JMBC3T4,10.1523/eneuro.0459-22.2023,Behavioral and Transcriptome Profiling of Heterozygous Rab10 Knock-Out Mice.,FULL_TEXT_QUEUE,P1,13,4,8,1,0,PMC_AVAILABLE,https://pmc.ncbi.nlm.nih.gov/articles/PMC10208283/,"Journal Article | Research Support, N.I.H., Extramural | Research Support, Non-U.S. Gov't",B,NO,NO,PENDING_FULL_TEXT,,NO,"Title/abstract screening alone does not establish effectiveness, causality, methodological quality, transferability to Brazilian public safety or an institutional recommendation."
EV-0573,37561975,H8TUIY3M,10.1093/milmed/usad315,Validation of the eHEALTH Literacy Scale (Eheals) With Military Service Members.,FULL_TEXT_QUEUE,P1,13,2,9,1,1,DISCOVERY_REQUIRED,https://doi.org/10.1093/milmed/usad315,Journal Article,A,NO,NO,PENDING_FULL_TEXT,,NO,"Title/abstract screening alone does not establish effectiveness, causality, methodological quality, transferability to Brazilian public safety or an institutional recommendation."
EV-0561,37768936,CVJ2J6BY,10.1371/journal.pone.0292046,Impact of anthropometry training and feasibility of 3D imaging on anthropometry data quality among children under five years in a postmortem setting.,FULL_TEXT_QUEUE,P1,13,4,8,1,0,PMC_AVAILABLE,https://pmc.ncbi.nlm.nih.gov/articles/PMC10538800/,"Journal Article | Research Support, Non-U.S. Gov't",B,NO,NO,PENDING_FULL_TEXT,,NO,"Title/abstract screening alone does not establish effectiveness, causality, methodological quality, transferability to Brazilian public safety or an institutional recommendation."
EV-0545,37948224,QH2V8MEU,10.1093/milmed/usad183,Behavioral Health-related Reasons for Permanent Duty Limitation Profiles in the U.S. Army: Population-Based Data from 2017 to 2019.,FULL_TEXT_QUEUE,P1,13,2,9,1,1,DISCOVERY_REQUIRED,https://doi.org/10.1093/milmed/usad183,Journal Article,A,NO,NO,PENDING_FULL_TEXT,,NO,"Title/abstract screening alone does not establish effectiveness, causality, methodological quality, transferability to Brazilian public safety or an institutional recommendation."
EV-0537,37983341,XAM7AHIQ,,EMS Canine Tactical Medicine Trauma Survey and Treatment,FULL_TEXT_QUEUE,P1,13,0,11,1,1,DISCOVERY_REQUIRED,https://pubmed.ncbi.nlm.nih.gov/37983341/,Study Guide | Book Chapter,B,NO,NO,PENDING_FULL_TEXT,,NO,"Title/abstract screening alone does not establish effectiveness, causality, methodological quality, transferability to Brazilian public safety or an institutional recommendation."
EV-0526,38070009,X9WBQEJZ,10.1007/s40519-023-01631-7,Assessing the presence and motivations of orthorexia nervosa among athletes and adults with eating disorders: a cross-sectional study.,FULL_TEXT_QUEUE,P1,13,4,8,1,0,PMC_AVAILABLE,https://pmc.ncbi.nlm.nih.gov/articles/PMC10710386/,Journal Article,B,NO,NO,PENDING_FULL_TEXT,,NO,"Title/abstract screening alone does not establish effectiveness, causality, methodological quality, transferability to Brazilian public safety or an institutional recommendation."
EV-0522,38133635,JRASFMLQ,10.55460/7nii-vt7t,3D-Printed Tourniquets Used at the Battlefront in Ukraine: A Pilot Study.,FULL_TEXT_QUEUE,P1,13,2,9,1,1,DISCOVERY_REQUIRED,https://doi.org/10.55460/7nii-vt7t,Journal Article,B,NO,NO,PENDING_FULL_TEXT,,NO,"Title/abstract screening alone does not establish effectiveness, causality, methodological quality, transferability to Brazilian public safety or an institutional recommendation."
EV-0516,38226268,3TL8223R,10.1016/j.heliyon.2024.e23980,Maximizing micro-grid energy output with modified chaos grasshopper algorithms.,FULL_TEXT_QUEUE,P1,13,4,8,1,0,PMC_AVAILABLE,https://pmc.ncbi.nlm.nih.gov/articles/PMC10788810/,Journal Article,B,NO,NO,PENDING_FULL_TEXT,,NO,"Title/abstract screening alone does not establish effectiveness, causality, methodological quality, transferability to Brazilian public safety or an institutional recommendation."
EV-0513,38261675,YBW9KEYH,,EMS Tactical Damage Control Resuscitation Protocol,FULL_TEXT_QUEUE,P1,13,0,11,1,1,DISCOVERY_REQUIRED,https://pubmed.ncbi.nlm.nih.gov/38261675/,Study Guide | Book Chapter,B,NO,NO,PENDING_FULL_TEXT,,NO,"Title/abstract screening alone does not establish effectiveness, causality, methodological quality, transferability to Brazilian public safety or an institutional recommendation."
EV-0511,38280817,U73PZJSZ,10.1016/j.ccep.2023.09.010,"The Tactical Athlete: Definitions, Cardiovascular Assessment, and Management, and ""Fit for Duty"" Standards.",FULL_TEXT_QUEUE,P1,13,2,5,2,4,DISCOVERY_REQUIRED,https://doi.org/10.1016/j.ccep.2023.09.010,Journal Article | Review,A,NO,NO,PENDING_FULL_TEXT,,NO,"Title/abstract screening alone does not establish effectiveness, causality, methodological quality, transferability to Brazilian public safety or an institutional recommendation."
EV-0485,38540120,48CJ3WMK,10.3390/biomedicines12030507,The Assessment of a Novel Endoscopic Ultrasound-Compatible Cryocatheter to Ablate Pancreatic Cancer.,FULL_TEXT_QUEUE,P1,13,4,8,1,0,PMC_AVAILABLE,https://pmc.ncbi.nlm.nih.gov/articles/PMC10968037/,Journal Article,B,NO,NO,PENDING_FULL_TEXT,,NO,"Title/abstract screening alone does not establish effectiveness, causality, methodological quality, transferability to Brazilian public safety or an institutional recommendation."
EV-0426,39203882,DGQK3864,10.3390/nu16162746,Dietary Supplementation on Physical Performance and Recovery in Active-Duty Military Personnel: A Systematic Review of Randomized and Quasi-Experimental Controlled Trials.,FULL_TEXT_QUEUE,P1,13,4,5,3,1,PMC_AVAILABLE,https://pmc.ncbi.nlm.nih.gov/articles/PMC11357047/,Journal Article | Systematic Review,A,NO,NO,PENDING_FULL_TEXT,,NO,"Title/abstract screening alone does not establish effectiveness, causality, methodological quality, transferability to Brazilian public safety or an institutional recommendation."
EV-0412,39353680,GFS7646P,10.1136/military-2024-002824,Multilingual tactical combat casualty care card: a combined Japanese self defense force and US military project.,FULL_TEXT_QUEUE,P1,13,2,9,1,1,DISCOVERY_REQUIRED,https://doi.org/10.1136/military-2024-002824,Letter,B,NO,NO,PENDING_FULL_TEXT,,NO,"Title/abstract screening alone does not establish effectiveness, causality, methodological quality, transferability to Brazilian public safety or an institutional recommendation."
EV-0381,39670252,2GT77QUA,10.1016/j.heliyon.2024.e31120,A novel energy efficient 4-bit vedic multiplier using modified GDI approach at 32 nm technology.,FULL_TEXT_QUEUE,P1,13,4,8,1,0,PMC_AVAILABLE,https://pmc.ncbi.nlm.nih.gov/articles/PMC11637094/,Journal Article,B,NO,NO,PENDING_FULL_TEXT,,NO,"Title/abstract screening alone does not establish effectiveness, causality, methodological quality, transferability to Brazilian public safety or an institutional recommendation."
EV-0380,39673393,4PYAHBFJ,10.1093/milmed/usae533,"Self-Directed Skills Laboratories Increase Emergency Medicine Physician Confidence in High-Acuity, Low-Opportunity Procedures.",FULL_TEXT_QUEUE,P1,13,2,9,1,1,DISCOVERY_REQUIRED,https://doi.org/10.1093/milmed/usae533,Journal Article | Observational Study,A,NO,NO,PENDING_FULL_TEXT,,NO,"Title/abstract screening alone does not establish effectiveness, causality, methodological quality, transferability to Brazilian public safety or an institutional recommendation."
EV-0354,39942299,IL2AD7PM,10.3390/ma18030633,A Performance Evaluation of Flexible Thermoelectric Modules for Application in a Cooling Garment.,FULL_TEXT_QUEUE,P1,13,4,8,1,0,PMC_AVAILABLE,https://pmc.ncbi.nlm.nih.gov/articles/PMC11819707/,Journal Article,B,NO,NO,PENDING_FULL_TEXT,,NO,"Title/abstract screening alone does not establish effectiveness, causality, methodological quality, transferability to Brazilian public safety or an institutional recommendation."
EV-0352,39954054,WFKIUMI8,10.1093/milmed/usaf037,Identifying Concepts to Establish Problematic Medications in Active Duty Servicemembers (ProMADS).,FULL_TEXT_QUEUE,P1,13,2,9,1,1,DISCOVERY_REQUIRED,https://doi.org/10.1093/milmed/usaf037,Journal Article,A,NO,NO,PENDING_FULL_TEXT,,NO,"Title/abstract screening alone does not establish effectiveness, causality, methodological quality, transferability to Brazilian public safety or an institutional recommendation."
EV-0301,40522850,BBTDTWNU,10.55460/xrqn-3czs,Task Analysis Tool to Evaluate Tactical Combat Casualty Care in the Extreme Cold.,FULL_TEXT_QUEUE,P1,13,2,9,1,1,DISCOVERY_REQUIRED,https://doi.org/10.55460/xrqn-3czs,Journal Article,B,NO,NO,PENDING_FULL_TEXT,,NO,"Title/abstract screening alone does not establish effectiveness, causality, methodological quality, transferability to Brazilian public safety or an institutional recommendation."
EV-0294,40573107,UAF4TAA5,10.3390/nu17121995,"Effects of Pork Protein Ingestion Prior to and Following Performing the Army Combat Fitness Test on Markers of Catabolism, Inflammation, and Recovery.",FULL_TEXT_QUEUE,P1,13,4,5,3,1,PMC_AVAILABLE,https://pmc.ncbi.nlm.nih.gov/articles/PMC12195741/,Journal Article | Randomized Controlled Trial,A,NO,NO,PENDING_FULL_TEXT,,NO,"Title/abstract screening alone does not establish effectiveness, causality, methodological quality, transferability to Brazilian public safety or an institutional recommendation."
EV-0266,40854167,9Y2MT8LL,10.5435/jaaos-d-25-00661,Knee Injuries in First Responders.,FULL_TEXT_QUEUE,P1,13,2,5,2,4,DISCOVERY_REQUIRED,https://doi.org/10.5435/jaaos-d-25-00661,Journal Article | Review,A,NO,NO,PENDING_FULL_TEXT,,NO,"Title/abstract screening alone does not establish effectiveness, causality, methodological quality, transferability to Brazilian public safety or an institutional recommendation."
EV-0262,40871168,DGNDC2BV,10.3390/polym17162221,Preparation of pH-Responsive PET TeMs by Controlled Graft Block Copolymerisation of Styrene and Methacrylic Acid for the Separation of Water-Oil Emulsions.,FULL_TEXT_QUEUE,P1,13,4,8,1,0,PMC_AVAILABLE,https://pmc.ncbi.nlm.nih.gov/articles/PMC12389503/,Journal Article,B,NO,NO,PENDING_FULL_TEXT,,NO,"Title/abstract screening alone does not establish effectiveness, causality, methodological quality, transferability to Brazilian public safety or an institutional recommendation."
EV-0258,40928421,9RSBIMBI,10.1249/jsr.0000000000001281,Advances in Nonoperative Management of Osteoarthritis in Athletes.,FULL_TEXT_QUEUE,P1,13,2,5,2,4,DISCOVERY_REQUIRED,https://doi.org/10.1249/jsr.0000000000001281,Journal Article | Review,A,NO,NO,PENDING_FULL_TEXT,,NO,"Title/abstract screening alone does not establish effectiveness, causality, methodological quality, transferability to Brazilian public safety or an institutional recommendation."
EV-0213,41237380,4D9DFP8L,10.1093/milmed/usaf558,Highlighting the Critical Need for Informaticists in the Military Health System.,FULL_TEXT_QUEUE,P1,13,2,9,1,1,DISCOVERY_REQUIRED,https://doi.org/10.1093/milmed/usaf558,Journal Article,A,NO,NO,PENDING_FULL_TEXT,,NO,"Title/abstract screening alone does not establish effectiveness, causality, methodological quality, transferability to Brazilian public safety or an institutional recommendation."
EV-0206,41283862,9VW8E56Z,10.1093/jtm/taaf120,"Dengue in deployed military personnel, 1905-2024: a systematic review of incidence, diagnostics and prevention.",FULL_TEXT_QUEUE,P1,13,4,5,3,1,PMC_AVAILABLE,https://pmc.ncbi.nlm.nih.gov/articles/PMC13017649/,Journal Article | Systematic Review,A,NO,NO,PENDING_FULL_TEXT,,NO,"Title/abstract screening alone does not establish effectiveness, causality, methodological quality, transferability to Brazilian public safety or an institutional recommendation."
EV-0205,41294956,2FTTCVJP,10.3390/e27111113,A Truth-Oriented Trust Evaluation Model of Shared Traffic Messages in the Internet of Vehicles.,FULL_TEXT_QUEUE,P1,13,4,8,1,0,PMC_AVAILABLE,https://pmc.ncbi.nlm.nih.gov/articles/PMC12651147/,Journal Article,B,NO,NO,PENDING_FULL_TEXT,,NO,"Title/abstract screening alone does not establish effectiveness, causality, methodological quality, transferability to Brazilian public safety or an institutional recommendation."
EV-0192,41370063,4B9L6R35,10.1177/1357633x251389690,"Comparative performance of spoke centers versus telemedicine service in the emergency activation of ST elevation myocardial infarction network: Insights from the ""detective"" registry.",FULL_TEXT_QUEUE,P1,13,2,6,1,4,DISCOVERY_REQUIRED,https://doi.org/10.1177/1357633x251389690,Comparative Study | Journal Article | Multicenter Study,B,NO,NO,PENDING_FULL_TEXT,,NO,"Title/abstract screening alone does not establish effectiveness, causality, methodological quality, transferability to Brazilian public safety or an institutional recommendation."
EV-0168,41536227,4JW862YF,10.1002/advs.202520889,Thermoelectric Property Mapping for High-Performance Integrated MgAgSb-MgCuSb System.,FULL_TEXT_QUEUE,P1,13,4,8,1,0,PMC_AVAILABLE,https://pmc.ncbi.nlm.nih.gov/articles/PMC13042869/,Journal Article,B,NO,NO,PENDING_FULL_TEXT,,NO,"Title/abstract screening alone does not establish effectiveness, causality, methodological quality, transferability to Brazilian public safety or an institutional recommendation."
EV-0161,41626067,FT8IFYQL,10.1016/j.conctc.2026.101598,Behavioral health technician delivered written exposure therapy for posttraumatic stress disorder in the military: Design of a hybrid implementation effectiveness trial.,FULL_TEXT_QUEUE,P1,13,4,7,1,1,PMC_AVAILABLE,https://pmc.ncbi.nlm.nih.gov/articles/PMC12856258/,Journal Article,C,NO,NO,PENDING_FULL_TEXT,,NO,"Title/abstract screening alone does not establish effectiveness, causality, methodological quality, transferability to Brazilian public safety or an institutional recommendation."
EV-0122,41965735,FWY7V7QG,10.1186/s12913-026-14517-y,Desirability and feasibility of value-based healthcare in the Dutch Military Health System: a cross-sectional study.,FULL_TEXT_QUEUE,P1,13,4,7,1,1,PMC_AVAILABLE,https://pmc.ncbi.nlm.nih.gov/articles/PMC13196245/,Journal Article,C,NO,NO,PENDING_FULL_TEXT,,NO,"Title/abstract screening alone does not establish effectiveness, causality, methodological quality, transferability to Brazilian public safety or an institutional recommendation."
EV-0120,41984628,ELVVMIQG,10.1093/milmed/usag149,Anthropometrics and Physical Performance in Swedish Home Guard Soldiers.,FULL_TEXT_QUEUE,P1,13,2,9,1,1,DISCOVERY_REQUIRED,https://doi.org/10.1093/milmed/usag149,Journal Article,A,NO,NO,PENDING_FULL_TEXT,,NO,"Title/abstract screening alone does not establish effectiveness, causality, methodological quality, transferability to Brazilian public safety or an institutional recommendation."
EV-0086,42231972,NTVKQUW9,10.1016/j.isci.2026.116086,An approach for estimating thermoelectric module equivalent properties by thermal resistance and numerical modeling.,FULL_TEXT_QUEUE,P1,13,4,8,1,0,PMC_AVAILABLE,https://pmc.ncbi.nlm.nih.gov/articles/PMC13223961/,Journal Article,B,NO,NO,PENDING_FULL_TEXT,,NO,"Title/abstract screening alone does not establish effectiveness, causality, methodological quality, transferability to Brazilian public safety or an institutional recommendation."
EV-0049,42498086,L9WG2365,10.1016/j.exger.2026.113248,Muscle mechanical and architectural adaptations in response to different endurance training modalities in older adults.,FULL_TEXT_QUEUE,P1,13,2,8,3,0,DISCOVERY_REQUIRED,https://doi.org/10.1016/j.exger.2026.113248,Journal Article | Randomized Controlled Trial,B,NO,NO,PENDING_FULL_TEXT,,NO,"Title/abstract screening alone does not establish effectiveness, causality, methodological quality, transferability to Brazilian public safety or an institutional recommendation."
EV-0002,42658911,872J4UGW,,"A Prospective Trial of Low-Dose, High Frequency Training.",FULL_TEXT_QUEUE,P1,13,0,11,1,1,DISCOVERY_REQUIRED,https://pubmed.ncbi.nlm.nih.gov/42658911/,Journal Article,B,NO,NO,PENDING_FULL_TEXT,,NO,"Title/abstract screening alone does not establish effectiveness, causality, methodological quality, transferability to Brazilian public safety or an institutional recommendation."
EV-0001,42658917,JZ28Y5TU,,Prehospital Tranexamic Acid Administration in Deployed Military Settings: A Review of the Department of Defense Trauma Registry.,FULL_TEXT_QUEUE,P1,13,0,11,1,1,DISCOVERY_REQUIRED,https://pubmed.ncbi.nlm.nih.gov/42658917/,Journal Article,B,NO,NO,PENDING_FULL_TEXT,,NO,"Title/abstract screening alone does not establish effectiveness, causality, methodological quality, transferability to Brazilian public safety or an institutional recommendation."
EV-1321,20229915,XDL94ZLD,10.2466/pr0.105.f.1113-1125,Antecedents of role conflict in compliance-enhancing organizations.,FULL_TEXT_QUEUE,P1,12,2,5,1,4,DISCOVERY_REQUIRED,https://doi.org/10.2466/pr0.105.f.1113-1125,Journal Article,A,NO,NO,PENDING_FULL_TEXT,,NO,"Title/abstract screening alone does not establish effectiveness, causality, methodological quality, transferability to Brazilian public safety or an institutional recommendation."
EV-1252,23756017,S47A9ZB8,10.7205/milmed-d-12-00517,Cigarette prices in military retail: a review and proposal for advancing military health policy.,FULL_TEXT_QUEUE,P1,12,4,5,2,1,PMC_AVAILABLE,https://pmc.ncbi.nlm.nih.gov/articles/PMC3705735/,"Journal Article | Research Support, N.I.H., Extramural | Review",A,NO,NO,PENDING_FULL_TEXT,,NO,"Title/abstract screening alone does not establish effectiveness, causality, methodological quality, transferability to Brazilian public safety or an institutional recommendation."
EV-1186,25610940,MHH2736Y,,"Junctional Tourniquets for Controlling Hemorrhage from Wounds in Adults: A Review of Clinical Effectiveness, Cost-Effectiveness, Safety, and Guidelines",FULL_TEXT_QUEUE,P1,12,0,9,2,1,DISCOVERY_REQUIRED,https://pubmed.ncbi.nlm.nih.gov/25610940/,Review | Book,B,NO,NO,PENDING_FULL_TEXT,,NO,"Title/abstract screening alone does not establish effectiveness, causality, methodological quality, transferability to Brazilian public safety or an institutional recommendation."
EV-1168,26206727,E2X2VE5Y,10.1007/s00726-015-2051-9,β-Alanine supplementation and military performance.,FULL_TEXT_QUEUE,P1,12,4,5,2,1,PMC_AVAILABLE,https://pmc.ncbi.nlm.nih.gov/articles/PMC4633445/,Journal Article | Review,A,NO,NO,PENDING_FULL_TEXT,,NO,"Title/abstract screening alone does not establish effectiveness, causality, methodological quality, transferability to Brazilian public safety or an institutional recommendation."
EV-1112,28052695,XAAKN2B9,10.1080/17474124.2017.1279051,Management of early colonic neoplasia: where are we now and where are we heading?,FULL_TEXT_QUEUE,P1,12,2,8,2,0,DISCOVERY_REQUIRED,https://doi.org/10.1080/17474124.2017.1279051,Journal Article | Review,B,NO,NO,PENDING_FULL_TEXT,,NO,"Title/abstract screening alone does not establish effectiveness, causality, methodological quality, transferability to Brazilian public safety or an institutional recommendation."
EV-0975,30901453,TTVRCXCZ,10.1093/milmed/usy298,Accelerating Psychological Health Research Findings into Clinical Practice Through the Practice-Based Implementation Network Model.,FULL_TEXT_QUEUE,P1,12,2,6,1,3,DISCOVERY_REQUIRED,https://doi.org/10.1093/milmed/usy298,"Journal Article | Research Support, U.S. Gov't, Non-P.H.S.",C,NO,NO,PENDING_FULL_TEXT,,NO,"Title/abstract screening alone does not establish effectiveness, causality, methodological quality, transferability to Brazilian public safety or an institutional recommendation."
EV-0973,30909261,MGGS87K7,10.3233/wor-192880,Comparison of the firefighter candidate physical ability test to weight lifting exercises using electromyography.,FULL_TEXT_QUEUE,P1,12,2,5,1,4,DISCOVERY_REQUIRED,https://doi.org/10.3233/wor-192880,Journal Article | Observational Study,A,NO,NO,PENDING_FULL_TEXT,,NO,"Title/abstract screening alone does not establish effectiveness, causality, methodological quality, transferability to Brazilian public safety or an institutional recommendation."
EV-0972,30909265,VEMHJM8P,10.3233/wor-192884,The effect of structural firefighter protective clothing systems on single-legged functional hop test scores.,FULL_TEXT_QUEUE,P1,12,2,5,1,4,DISCOVERY_REQUIRED,https://doi.org/10.3233/wor-192884,Journal Article,A,NO,NO,PENDING_FULL_TEXT,,NO,"Title/abstract screening alone does not establish effectiveness, causality, methodological quality, transferability to Brazilian public safety or an institutional recommendation."
EV-0909,32028351,LUYTAG66,10.1249/jsr.0000000000000684,"Optimizing Health, Wellness, and Performance of the Tactical Athlete.",FULL_TEXT_QUEUE,P1,12,2,5,1,4,DISCOVERY_REQUIRED,https://doi.org/10.1249/jsr.0000000000000684,Journal Article,A,NO,NO,PENDING_FULL_TEXT,,NO,"Title/abstract screening alone does not establish effectiveness, causality, methodological quality, transferability to Brazilian public safety or an institutional recommendation."
EV-0892,32203615,TLPH5B85,10.55460/yoqw-cy47,Optimizing Special Operations Forces Operator Talents and Mission Capabilities: Human Performance Optimization and Total Force Fitness Capability-Based Blueprint and Targeting System.,FULL_TEXT_QUEUE,P1,12,2,9,1,0,DISCOVERY_REQUIRED,https://doi.org/10.55460/yoqw-cy47,Journal Article,A,NO,NO,PENDING_FULL_TEXT,,NO,"Title/abstract screening alone does not establish effectiveness, causality, methodological quality, transferability to Brazilian public safety or an institutional recommendation."
EV-0888,32282458,7FPZPWSP,10.1249/jsr.0000000000000702,"Ultraviolet Radiation Exposure, Risk, and Protection in Military and Outdoor Athletes.",FULL_TEXT_QUEUE,P1,12,4,5,2,1,PMC_AVAILABLE,https://pmc.ncbi.nlm.nih.gov/articles/PMC7158759/,Journal Article | Review,A,NO,NO,PENDING_FULL_TEXT,,NO,"Title/abstract screening alone does not establish effectiveness, causality, methodological quality, transferability to Brazilian public safety or an institutional recommendation."
EV-0833,33297554,YUFSKCBU,10.3390/ijerph17239147,Monitoring Neuromuscular Performance in Military Personnel.,FULL_TEXT_QUEUE,P1,12,4,5,2,1,PMC_AVAILABLE,https://pmc.ncbi.nlm.nih.gov/articles/PMC7730580/,"Journal Article | Research Support, U.S. Gov't, Non-P.H.S. | Review",A,NO,NO,PENDING_FULL_TEXT,,NO,"Title/abstract screening alone does not establish effectiveness, causality, methodological quality, transferability to Brazilian public safety or an institutional recommendation."
EV-0817,33522992,HFQ3MPQW,10.3233/wor-203384,The promotion of injury and illness prevention and reporting in the fire service.,FULL_TEXT_QUEUE,P1,12,2,5,1,4,DISCOVERY_REQUIRED,https://doi.org/10.3233/wor-203384,Journal Article,A,NO,NO,PENDING_FULL_TEXT,,NO,"Title/abstract screening alone does not establish effectiveness, causality, methodological quality, transferability to Brazilian public safety or an institutional recommendation."
EV-0809,33612511,HJHMPBCW,10.3233/wor-203401,Relationships between balance and physical fitness variables in firefighter recruits.,FULL_TEXT_QUEUE,P1,12,2,5,1,4,DISCOVERY_REQUIRED,https://doi.org/10.3233/wor-203401,Journal Article,A,NO,NO,PENDING_FULL_TEXT,,NO,"Title/abstract screening alone does not establish effectiveness, causality, methodological quality, transferability to Brazilian public safety or an institutional recommendation."
EV-0768,34445935,3QV58JKG,10.1080/00140139.2021.1973576,Can training trunk musculature influence musculoskeletal pain and physical performance in military police officers?,FULL_TEXT_QUEUE,P1,12,2,5,1,4,DISCOVERY_REQUIRED,https://doi.org/10.1080/00140139.2021.1973576,Journal Article,A,NO,NO,PENDING_FULL_TEXT,,NO,"Title/abstract screening alone does not establish effectiveness, causality, methodological quality, transferability to Brazilian public safety or an institutional recommendation."
EV-0744,34895347,TB5PX4YA,10.1186/s43058-021-00240-8,Good soldiers in implementation: validation of the Implementation Citizenship Behavior Scale and its relation to implementation leadership and intentions to use evidence-based practices.,FULL_TEXT_QUEUE,P1,12,4,7,1,0,PMC_AVAILABLE,https://pmc.ncbi.nlm.nih.gov/articles/PMC8665530/,Journal Article,C,NO,NO,PENDING_FULL_TEXT,,NO,"Title/abstract screening alone does not establish effectiveness, causality, methodological quality, transferability to Brazilian public safety or an institutional recommendation."
EV-0705,35369170,ZG73R78N,10.3389/fpsyg.2022.809003,Cognitive Resilience to Psychological Stress in Military Personnel.,FULL_TEXT_QUEUE,P1,12,4,5,2,1,PMC_AVAILABLE,https://pmc.ncbi.nlm.nih.gov/articles/PMC8966027/,Journal Article | Review,A,NO,NO,PENDING_FULL_TEXT,,NO,"Title/abstract screening alone does not establish effectiveness, causality, methodological quality, transferability to Brazilian public safety or an institutional recommendation."
EV-0693,35605023,WDMUNRPY,10.1097/ta.0000000000003703,The National Disaster Medical System and military combat readiness: A scoping review.,FULL_TEXT_QUEUE,P1,12,4,5,2,1,PMC_AVAILABLE,https://pmc.ncbi.nlm.nih.gov/articles/PMC9323549/,"Journal Article | Research Support, U.S. Gov't, Non-P.H.S. | Scoping Review",A,NO,NO,PENDING_FULL_TEXT,,NO,"Title/abstract screening alone does not establish effectiveness, causality, methodological quality, transferability to Brazilian public safety or an institutional recommendation."
EV-0674,35988244,ZDBTK8DD,10.3233/wor-210761,Upper body push to pull ratios in law enforcement officer recruits.,FULL_TEXT_QUEUE,P1,12,2,5,1,4,DISCOVERY_REQUIRED,https://doi.org/10.3233/wor-210761,Journal Article,A,NO,NO,PENDING_FULL_TEXT,,NO,"Title/abstract screening alone does not establish effectiveness, causality, methodological quality, transferability to Brazilian public safety or an institutional recommendation."
EV-0657,36278540,4JTSWF7L,10.3390/dermatopathology9040039,A Call to Action: Evidence for the Military Integration of Teledermoscopy in a Pandemic Era.,FULL_TEXT_QUEUE,P1,12,4,5,2,1,PMC_AVAILABLE,https://pmc.ncbi.nlm.nih.gov/articles/PMC9590112/,Journal Article | Review,A,NO,NO,PENDING_FULL_TEXT,,NO,"Title/abstract screening alone does not establish effectiveness, causality, methodological quality, transferability to Brazilian public safety or an institutional recommendation."
EV-0609,36985491,3B535EG9,10.3390/molecules28062520,"Highly Reactive Thermite Energetic Materials: Preparation, Characterization, and Applications: A Review.",FULL_TEXT_QUEUE,P1,12,4,6,2,0,PMC_AVAILABLE,https://pmc.ncbi.nlm.nih.gov/articles/PMC10056225/,Journal Article | Review,B,NO,NO,PENDING_FULL_TEXT,,NO,"Title/abstract screening alone does not establish effectiveness, causality, methodological quality, transferability to Brazilian public safety or an institutional recommendation."
EV-0607,37026409,BPJLPHUK,10.1080/00140139.2023.2199954,The effects of equipment carriage on functional movement quality among law enforcement officers.,FULL_TEXT_QUEUE,P1,12,2,5,1,4,DISCOVERY_REQUIRED,https://doi.org/10.1080/00140139.2023.2199954,Journal Article,A,NO,NO,PENDING_FULL_TEXT,,NO,"Title/abstract screening alone does not establish effectiveness, causality, methodological quality, transferability to Brazilian public safety or an institutional recommendation."
EV-0584,37368562,W4UQX9DL,10.3390/sports11060112,CrossFit®: 'Unknowable' or Predictable?-A Systematic Review on Predictors of CrossFit® Performance.,FULL_TEXT_QUEUE,P1,12,4,5,2,1,PMC_AVAILABLE,https://pmc.ncbi.nlm.nih.gov/articles/PMC10304543/,Journal Article | Review,A,NO,NO,PENDING_FULL_TEXT,,NO,"Title/abstract screening alone does not establish effectiveness, causality, methodological quality, transferability to Brazilian public safety or an institutional recommendation."
EV-0551,37865583,FC3JWNF3,10.1016/j.socscimed.2023.116251,The Health Disparities Research Industrial Complex.,FULL_TEXT_QUEUE,P1,12,2,6,1,3,DISCOVERY_REQUIRED,https://doi.org/10.1016/j.socscimed.2023.116251,Journal Article,C,NO,NO,PENDING_FULL_TEXT,,NO,"Title/abstract screening alone does not establish effectiveness, causality, methodological quality, transferability to Brazilian public safety or an institutional recommendation."
EV-0519,38169866,GK4YDBQM,10.3389/fspor.2023.1223254,Body composition as a marker of performance and health in military personnel.,FULL_TEXT_QUEUE,P1,12,4,5,2,1,PMC_AVAILABLE,https://pmc.ncbi.nlm.nih.gov/articles/PMC10759214/,Journal Article | Review,A,NO,NO,PENDING_FULL_TEXT,,NO,"Title/abstract screening alone does not establish effectiveness, causality, methodological quality, transferability to Brazilian public safety or an institutional recommendation."
EV-0512,38269433,3K7RLXV3,10.1089/neu.2023.0444,MCC950 Attenuates Microglial NLRP3-Mediated Chronic Neuroinflammation and Memory Impairment in a Rat Model of Repeated Low-Level Blast Exposure.,FULL_TEXT_QUEUE,P1,12,2,5,1,4,DISCOVERY_REQUIRED,https://doi.org/10.1089/neu.2023.0444,"Journal Article | Research Support, Non-U.S. Gov't | Research Support, U.S. Gov't, Non-P.H.S.",A,NO,NO,PENDING_FULL_TEXT,,NO,"Title/abstract screening alone does not establish effectiveness, causality, methodological quality, transferability to Brazilian public safety or an institutional recommendation."
EV-0498,38391644,QP25VDMC,10.3390/bioengineering11020158,Treatment of Tendon Injuries in the Servicemember Population across the Spectrum of Pathology: From Exosomes to Bioinductive Scaffolds.,FULL_TEXT_QUEUE,P1,12,4,5,2,1,PMC_AVAILABLE,https://pmc.ncbi.nlm.nih.gov/articles/PMC10886250/,Journal Article | Review,A,NO,NO,PENDING_FULL_TEXT,,NO,"Title/abstract screening alone does not establish effectiveness, causality, methodological quality, transferability to Brazilian public safety or an institutional recommendation."
EV-0489,38513179,3374P4PN,10.1519/jsc.0000000000004670,Changes in Dynamic Balance Ability Among Firefighter Recruits: A Longitudinal Cohort Study.,FULL_TEXT_QUEUE,P1,12,2,5,1,4,DISCOVERY_REQUIRED,https://doi.org/10.1519/jsc.0000000000004670,Journal Article,A,NO,NO,PENDING_FULL_TEXT,,NO,"Title/abstract screening alone does not establish effectiveness, causality, methodological quality, transferability to Brazilian public safety or an institutional recommendation."
EV-0487,38534520,FTDC42ZY,10.3390/bioengineering11030246,Knee Joint Preservation in Tactical Athletes: A Comprehensive Approach Based upon Lesion Location and Restoration of the Osteochondral Unit.,FULL_TEXT_QUEUE,P1,12,4,5,2,1,PMC_AVAILABLE,https://pmc.ncbi.nlm.nih.gov/articles/PMC10967907/,Journal Article | Review,A,NO,NO,PENDING_FULL_TEXT,,NO,"Title/abstract screening alone does not establish effectiveness, causality, methodological quality, transferability to Brazilian public safety or an institutional recommendation."
EV-0481,38661467,WGW8IEKT,10.1080/08995605.2022.2086418,Resilience enhancing programs in the U.S. military: An exploration of theory and applied practice.,FULL_TEXT_QUEUE,P1,12,4,5,2,1,PMC_AVAILABLE,https://pmc.ncbi.nlm.nih.gov/articles/PMC11057578/,Journal Article | Review,A,NO,NO,PENDING_FULL_TEXT,,NO,"Title/abstract screening alone does not establish effectiveness, causality, methodological quality, transferability to Brazilian public safety or an institutional recommendation."
EV-0462,38917477,R29LKS96,10.1093/occmed/kqae046,Personal protective equipment impacts firefighters' anaerobic fitness.,FULL_TEXT_QUEUE,P1,12,2,5,1,4,DISCOVERY_REQUIRED,https://doi.org/10.1093/occmed/kqae046,Journal Article,A,NO,NO,PENDING_FULL_TEXT,,NO,"Title/abstract screening alone does not establish effectiveness, causality, methodological quality, transferability to Brazilian public safety or an institutional recommendation."
EV-0459,38942432,X5QJAERC,10.1136/military-2024-002738,"Nutrition as a military capability to deliver human advantage: more people, more ready, more of the time.",FULL_TEXT_QUEUE,P1,12,4,5,2,1,PMC_AVAILABLE,https://pmc.ncbi.nlm.nih.gov/articles/PMC12505093/,Journal Article | Review,A,NO,NO,PENDING_FULL_TEXT,,NO,"Title/abstract screening alone does not establish effectiveness, causality, methodological quality, transferability to Brazilian public safety or an institutional recommendation."
EV-0414,39339079,XP8LEV2Y,10.3390/polym16182616,Composite Track-Etched Membranes: Synthesis and Multifaced Applications.,FULL_TEXT_QUEUE,P1,12,4,6,2,0,PMC_AVAILABLE,https://pmc.ncbi.nlm.nih.gov/articles/PMC11435613/,Journal Article | Review,B,NO,NO,PENDING_FULL_TEXT,,NO,"Title/abstract screening alone does not establish effectiveness, causality, methodological quality, transferability to Brazilian public safety or an institutional recommendation."
EV-0413,39353679,AQSCVZAS,10.1136/military-2024-002740,Cold operational readiness in the military: from science to practice.,FULL_TEXT_QUEUE,P1,12,4,5,2,1,PMC_AVAILABLE,https://pmc.ncbi.nlm.nih.gov/articles/PMC12505063/,Journal Article | Review,A,NO,NO,PENDING_FULL_TEXT,,NO,"Title/abstract screening alone does not establish effectiveness, causality, methodological quality, transferability to Brazilian public safety or an institutional recommendation."
EV-0393,39513798,ZZGQGF74,10.3390/nano14211718,Atomic Fabrication of 2D Materials Using Electron Beams Inside an Electron Microscope.,FULL_TEXT_QUEUE,P1,12,4,6,2,0,PMC_AVAILABLE,https://pmc.ncbi.nlm.nih.gov/articles/PMC11547542/,Journal Article | Review,B,NO,NO,PENDING_FULL_TEXT,,NO,"Title/abstract screening alone does not establish effectiveness, causality, methodological quality, transferability to Brazilian public safety or an institutional recommendation."
EV-0332,40198226,H57A2N2W,10.1113/ep091595,Spaceflight and sport science: Physiological monitoring and countermeasures for the astronaut-athlete on Mars exploration missions.,FULL_TEXT_QUEUE,P1,12,4,5,2,1,PMC_AVAILABLE,https://pmc.ncbi.nlm.nih.gov/articles/PMC13395052/,Journal Article | Review,A,NO,NO,PENDING_FULL_TEXT,,NO,"Title/abstract screening alone does not establish effectiveness, causality, methodological quality, transferability to Brazilian public safety or an institutional recommendation."
EV-0271,40803002,DLAVVHCL,10.1139/apnm-2025-0207,"One job, one standard: how the revised NFPA standard 1580 alters firefighter fit for duty status across age.",FULL_TEXT_QUEUE,P1,12,2,5,1,4,DISCOVERY_REQUIRED,https://doi.org/10.1139/apnm-2025-0207,Journal Article,A,NO,NO,PENDING_FULL_TEXT,,NO,"Title/abstract screening alone does not establish effectiveness, causality, methodological quality, transferability to Brazilian public safety or an institutional recommendation."
EV-0265,40863125,LQFVLXLU,10.3390/metabo15080506,"Impact of Stress on Adrenal and Neuroendocrine Responses, Body Composition, and Physical Performance Amongst Women in Demanding Tactical Occupations: A Scoping Review.",FULL_TEXT_QUEUE,P1,12,4,5,2,1,PMC_AVAILABLE,https://pmc.ncbi.nlm.nih.gov/articles/PMC12388157/,Journal Article | Review,A,NO,NO,PENDING_FULL_TEXT,,NO,"Title/abstract screening alone does not establish effectiveness, causality, methodological quality, transferability to Brazilian public safety or an institutional recommendation."
EV-0255,40956788,25EC984M,10.55460/w3gd-c40g,A Back-to-Basics Approach for Resuscitation: Storage and Transportation of Whole Blood in Chest Harness.,FULL_TEXT_QUEUE,P1,12,2,7,2,1,DISCOVERY_REQUIRED,https://doi.org/10.55460/w3gd-c40g,Case Reports | Journal Article | Review,B,NO,NO,PENDING_FULL_TEXT,,NO,"Title/abstract screening alone does not establish effectiveness, causality, methodological quality, transferability to Brazilian public safety or an institutional recommendation."
EV-0238,41057950,L27SQ3LY,10.1186/s12995-025-00480-7,Prevention and intervention against obesity and overweight in the military: a systematic review.,FULL_TEXT_QUEUE,P1,12,4,5,2,1,PMC_AVAILABLE,https://pmc.ncbi.nlm.nih.gov/articles/PMC12502539/,Journal Article | Review,A,NO,NO,PENDING_FULL_TEXT,,NO,"Title/abstract screening alone does not establish effectiveness, causality, methodological quality, transferability to Brazilian public safety or an institutional recommendation."
EV-0234,41100570,AU2Q4QQR,10.1097/mlr.0000000000002228,Rehabilitation Outcomes of Service Members and Veterans With Mild-to-Moderate Traumatic Brain Injury.,FULL_TEXT_QUEUE,P1,12,4,7,1,0,PMC_AVAILABLE,https://pmc.ncbi.nlm.nih.gov/articles/PMC12604533/,Journal Article,C,NO,NO,PENDING_FULL_TEXT,,NO,"Title/abstract screening alone does not establish effectiveness, causality, methodological quality, transferability to Brazilian public safety or an institutional recommendation."
EV-0194,41355034,DCUCC6D4,10.1097/jom.0000000000003637,"Comparing Standard and Advanced Lipid Profiles in Law Enforcement Officers: A Pilot Study on the Links to Fitness, Body Composition, and Cardiometabolic Risk.",FULL_TEXT_QUEUE,P1,12,2,5,1,4,DISCOVERY_REQUIRED,https://doi.org/10.1097/jom.0000000000003637,Comparative Study | Journal Article,A,NO,NO,PENDING_FULL_TEXT,,NO,"Title/abstract screening alone does not establish effectiveness, causality, methodological quality, transferability to Brazilian public safety or an institutional recommendation."
EV-0181,41455129,CLXPX9IY,10.55460/ugfi-mvgb,Medical Considerations in High-Risk Maritime Operations: A Narrative Review.,FULL_TEXT_QUEUE,P1,12,2,7,2,1,DISCOVERY_REQUIRED,https://doi.org/10.55460/ugfi-mvgb,Journal Article | Review,B,NO,NO,PENDING_FULL_TEXT,,NO,"Title/abstract screening alone does not establish effectiveness, causality, methodological quality, transferability to Brazilian public safety or an institutional recommendation."
EV-0177,41489861,3TQYN4GW,10.1519/jsc.0000000000005356,The Effect of a Daily Undulating Periodization Program on the Physical Performance of Trainee Tactical Police Officers.,FULL_TEXT_QUEUE,P1,12,2,5,1,4,DISCOVERY_REQUIRED,https://doi.org/10.1519/jsc.0000000000005356,Journal Article,A,NO,NO,PENDING_FULL_TEXT,,NO,"Title/abstract screening alone does not establish effectiveness, causality, methodological quality, transferability to Brazilian public safety or an institutional recommendation."
EV-0166,41560370,64LW4LSX,10.1017/dmp.2026.10304,A Proposal for a Nationally Standardized Curriculum for Operational Canine Emergency Medical Training for Canine Handlers and EMS Personnel.,FULL_TEXT_QUEUE,P1,12,2,5,1,4,DISCOVERY_REQUIRED,https://doi.org/10.1017/dmp.2026.10304,Journal Article,A,NO,NO,PENDING_FULL_TEXT,,NO,"Title/abstract screening alone does not establish effectiveness, causality, methodological quality, transferability to Brazilian public safety or an institutional recommendation."
EV-0143,41821592,6UYX5IFX,10.1016/j.mjafi.2025.11.017,Strengthening Navy's biosecurity in the face of the asymmetric threat of marine zoonoses.,FULL_TEXT_QUEUE,P1,12,4,5,2,1,PMC_AVAILABLE,https://pmc.ncbi.nlm.nih.gov/articles/PMC12976766/,Journal Article | Review,A,NO,NO,PENDING_FULL_TEXT,,NO,"Title/abstract screening alone does not establish effectiveness, causality, methodological quality, transferability to Brazilian public safety or an institutional recommendation."
EV-0114,42022734,9XY7UIL9,10.7759/cureus.105620,Ocular Hypertension and Glaucoma in United States Army Personnel: Barriers to Detection and Impact on Operational Readiness.,FULL_TEXT_QUEUE,P1,12,4,5,2,1,PMC_AVAILABLE,https://pmc.ncbi.nlm.nih.gov/articles/PMC13096855/,Journal Article | Review,A,NO,NO,PENDING_FULL_TEXT,,NO,"Title/abstract screening alone does not establish effectiveness, causality, methodological quality, transferability to Brazilian public safety or an institutional recommendation."
EV-0097,42134903,QDARX4VD,10.1136/military-2026-003273,Strengthening military preparedness and public safety through research and collaboration on infectious disease transmission epidemiological systems.,FULL_TEXT_QUEUE,P1,12,2,5,1,4,DISCOVERY_REQUIRED,https://doi.org/10.1136/military-2026-003273,Editorial,A,NO,NO,PENDING_FULL_TEXT,,NO,"Title/abstract screening alone does not establish effectiveness, causality, methodological quality, transferability to Brazilian public safety or an institutional recommendation."
EV-0095,42160182,YCQ488BK,10.1097/jhm-d-24-00249,Preparing Psychiatric Residents for Workplace Violence: Evaluating the Impact of Self-Defense and Situational Awareness Training.,FULL_TEXT_QUEUE,P1,12,2,5,1,4,DISCOVERY_REQUIRED,https://doi.org/10.1097/jhm-d-24-00249,Journal Article,A,NO,NO,PENDING_FULL_TEXT,,NO,"Title/abstract screening alone does not establish effectiveness, causality, methodological quality, transferability to Brazilian public safety or an institutional recommendation."
EV-0092,42188571,ELXDR7GP,10.3390/sports14050195,Holistic Performance Programming for mTBI Recovery in U.S. Military Tactical Athletes: A Narrative Review.,FULL_TEXT_QUEUE,P1,12,4,5,2,1,PMC_AVAILABLE,https://pmc.ncbi.nlm.nih.gov/articles/PMC13211000/,Journal Article | Review,A,NO,NO,PENDING_FULL_TEXT,,NO,"Title/abstract screening alone does not establish effectiveness, causality, methodological quality, transferability to Brazilian public safety or an institutional recommendation."
EV-0080,42283338,I6K44TZX,10.1519/jsc.0000000000005562,Impact of an 8-Week Targeted Potentiation Phase in the RAMP Warm-Up Protocol on Agility Performance in Female Police Officers.,FULL_TEXT_QUEUE,P1,12,2,5,1,4,DISCOVERY_REQUIRED,https://doi.org/10.1519/jsc.0000000000005562,Journal Article,A,NO,NO,PENDING_FULL_TEXT,,NO,"Title/abstract screening alone does not establish effectiveness, causality, methodological quality, transferability to Brazilian public safety or an institutional recommendation."
EV-0054,42470582,S2NRC2J2,10.1007/s11920-026-01700-5,"Alcohol Use and Operational Readiness in the U.S. Active-duty Military: A Review of Burden, Culture, and Barriers to Care.",FULL_TEXT_QUEUE,P1,12,4,5,2,1,PMC_AVAILABLE,https://pmc.ncbi.nlm.nih.gov/articles/PMC13380565/,Journal Article | Review,A,NO,NO,PENDING_FULL_TEXT,,NO,"Title/abstract screening alone does not establish effectiveness, causality, methodological quality, transferability to Brazilian public safety or an institutional recommendation."
EV-0020,42564434,56UFXMSR,10.4314/ahs.v26i2.12,"Chronic kidney disease awareness, prevention and policy gaps with implications for the Nigerian Navy: a scoping review.",FULL_TEXT_QUEUE,P1,12,4,5,2,1,PMC_AVAILABLE,https://pmc.ncbi.nlm.nih.gov/articles/PMC13444291/,Journal Article | Scoping Review,A,NO,NO,PENDING_FULL_TEXT,,NO,"Title/abstract screening alone does not establish effectiveness, causality, methodological quality, transferability to Brazilian public safety or an institutional recommendation."
EV-0007,42617370,NX6WZGTQ,10.1016/j.jpsychires.2026.08.010,"Post-traumatic stress disorder (PTSD) in war: a comprehensive review of subtypes, risk and protective factors, and therapeutic approaches.",FULL_TEXT_QUEUE,P1,12,2,7,2,1,DISCOVERY_REQUIRED,https://doi.org/10.1016/j.jpsychires.2026.08.010,Journal Article | Review,C,NO,NO,PENDING_FULL_TEXT,,NO,"Title/abstract screening alone does not establish effectiveness, causality, methodological quality, transferability to Brazilian public safety or an institutional recommendation."
EV-1414,10023731,PZ6KRAUW,10.1002/j.1550-8528.1999.tb00391.x,The impact of a shipboard weight control program.,FULL_TEXT_QUEUE,P1,11,2,5,3,1,DISCOVERY_REQUIRED,https://doi.org/10.1002/j.1550-8528.1999.tb00391.x,"Clinical Trial | Journal Article | Randomized Controlled Trial | Research Support, U.S. Gov't, Non-P.H.S.",A,NO,NO,PENDING_FULL_TEXT,,NO,"Title/abstract screening alone does not establish effectiveness, causality, methodological quality, transferability to Brazilian public safety or an institutional recommendation."
EV-1411,10481876,G66FD28A,,[Endoscopy in the diagnosis and treatment of gastroduodenal hemorrhage].,FULL_TEXT_QUEUE,P1,11,0,9,1,1,DISCOVERY_REQUIRED,https://pubmed.ncbi.nlm.nih.gov/10481876/,Comparative Study | English Abstract | Journal Article,B,NO,NO,PENDING_FULL_TEXT,,NO,"Title/abstract screening alone does not establish effectiveness, causality, methodological quality, transferability to Brazilian public safety or an institutional recommendation."
EV-1403,11317766,VMHZCZXW,,MEDNET: a medical simulation network grand challenge.,FULL_TEXT_QUEUE,P1,11,0,9,1,1,DISCOVERY_REQUIRED,https://pubmed.ncbi.nlm.nih.gov/11317766/,Journal Article,A,NO,NO,PENDING_FULL_TEXT,,NO,"Title/abstract screening alone does not establish effectiveness, causality, methodological quality, transferability to Brazilian public safety or an institutional recommendation."
EV-1367,16817677,VE39NT3V,10.1111/j.1651-2227.2006.tb02374.x,Reliability of anthropometric measurements in the WHO Multicentre Growth Reference Study.,FULL_TEXT_QUEUE,P1,11,2,8,1,0,DISCOVERY_REQUIRED,https://doi.org/10.1111/j.1651-2227.2006.tb02374.x,Journal Article,B,NO,NO,PENDING_FULL_TEXT,,NO,"Title/abstract screening alone does not establish effectiveness, causality, methodological quality, transferability to Brazilian public safety or an institutional recommendation."
EV-1358,17533142,WMA9MPPW,10.1016/j.jmr.2007.05.006,4T split TEM volume head and knee coils for improved sensitivity and patient accessibility.,FULL_TEXT_QUEUE,P1,11,4,6,1,0,PMC_AVAILABLE,https://pmc.ncbi.nlm.nih.gov/articles/PMC2749647/,"Journal Article | Research Support, N.I.H., Extramural | Research Support, Non-U.S. Gov't",B,NO,NO,PENDING_FULL_TEXT,,NO,"Title/abstract screening alone does not establish effectiveness, causality, methodological quality, transferability to Brazilian public safety or an institutional recommendation."
EV-1337,19019368,N37DQS3U,10.1016/j.ijnurstu.2008.10.003,The reliability of routine anthropometric data collected by health workers: a cross-sectional study.,FULL_TEXT_QUEUE,P1,11,2,8,1,0,DISCOVERY_REQUIRED,https://doi.org/10.1016/j.ijnurstu.2008.10.003,"Journal Article | Research Support, Non-U.S. Gov't | Validation Study",B,NO,NO,PENDING_FULL_TEXT,,NO,"Title/abstract screening alone does not establish effectiveness, causality, methodological quality, transferability to Brazilian public safety or an institutional recommendation."
EV-1336,19090385,U8LBHUTJ,10.1136/jramc-154-01-10,BATLS/BARTS/BBTLS training for Swedish Armed Forces medical personnel--a ten year retrospective study.,FULL_TEXT_QUEUE,P1,11,2,7,1,1,DISCOVERY_REQUIRED,https://doi.org/10.1136/jramc-154-01-10,Journal Article,B,NO,NO,PENDING_FULL_TEXT,,NO,"Title/abstract screening alone does not establish effectiveness, causality, methodological quality, transferability to Brazilian public safety or an institutional recommendation."
EV-1330,19743737,A5JWEC3M,10.7205/milmed-d-03-2508,Hydration status of Air Force military basic trainees after implementation of the back-mounted hydration system.,FULL_TEXT_QUEUE,P1,11,2,5,3,1,DISCOVERY_REQUIRED,https://doi.org/10.7205/milmed-d-03-2508,"Journal Article | Randomized Controlled Trial | Research Support, U.S. Gov't, Non-P.H.S.",A,NO,NO,PENDING_FULL_TEXT,,NO,"Title/abstract screening alone does not establish effectiveness, causality, methodological quality, transferability to Brazilian public safety or an institutional recommendation."
EV-1313,20882929,8S4D85E8,10.7205/milmed-d-09-00198,Effects of training on physical performance wearing personal protective equipment.,FULL_TEXT_QUEUE,P1,11,2,5,3,1,DISCOVERY_REQUIRED,https://doi.org/10.7205/milmed-d-09-00198,"Journal Article | Randomized Controlled Trial | Research Support, Non-U.S. Gov't | Research Support, U.S. Gov't, Non-P.H.S.",A,NO,NO,PENDING_FULL_TEXT,,NO,"Title/abstract screening alone does not establish effectiveness, causality, methodological quality, transferability to Brazilian public safety or an institutional recommendation."
EV-1308,21442587,X7V42HWB,10.55460/556o-k7n2,Warrior Model for Human Performance and Injury Prevention: Eagle Tactical Athlete Program (ETAP) Part I.,FULL_TEXT_QUEUE,P1,11,2,5,3,1,DISCOVERY_REQUIRED,https://doi.org/10.55460/556o-k7n2,"Journal Article | Randomized Controlled Trial | Research Support, U.S. Gov't, Non-P.H.S.",A,NO,NO,PENDING_FULL_TEXT,,NO,"Title/abstract screening alone does not establish effectiveness, causality, methodological quality, transferability to Brazilian public safety or an institutional recommendation."
EV-1307,21442588,PGBSQK43,10.55460/42ci-elhp,Warrior Model for Human Performance and Injury Prevention: Eagle Tactical Athlete Program (ETAP) Part II.,FULL_TEXT_QUEUE,P1,11,2,5,3,1,DISCOVERY_REQUIRED,https://doi.org/10.55460/42ci-elhp,"Journal Article | Randomized Controlled Trial | Research Support, Non-U.S. Gov't",A,NO,NO,PENDING_FULL_TEXT,,NO,"Title/abstract screening alone does not establish effectiveness, causality, methodological quality, transferability to Brazilian public safety or an institutional recommendation."
EV-1306,21483422,6EJU3S5V,10.1038/ijo.2011.34,Intra- and inter-observer reliability in anthropometric measurements in children.,FULL_TEXT_QUEUE,P1,11,2,8,1,0,DISCOVERY_REQUIRED,https://doi.org/10.1038/ijo.2011.34,"Journal Article | Research Support, Non-U.S. Gov't",B,NO,NO,PENDING_FULL_TEXT,,NO,"Title/abstract screening alone does not establish effectiveness, causality, methodological quality, transferability to Brazilian public safety or an institutional recommendation."
EV-1275,22967215,MM8QJFI2,10.1021/ar3001684,4D electron microscopy: principles and applications.,FULL_TEXT_QUEUE,P1,11,2,8,1,0,DISCOVERY_REQUIRED,https://doi.org/10.1021/ar3001684,"Journal Article | Research Support, Non-U.S. Gov't | Research Support, U.S. Gov't, Non-P.H.S.",B,NO,NO,PENDING_FULL_TEXT,,NO,"Title/abstract screening alone does not establish effectiveness, causality, methodological quality, transferability to Brazilian public safety or an institutional recommendation."
EV-1270,23113436,SM28MY4I,10.7205/milmed-d-12-00143,Mission essential fitness: comparison of functional circuit training to traditional Army physical training for active duty military.,FULL_TEXT_QUEUE,P1,11,2,5,3,1,DISCOVERY_REQUIRED,https://doi.org/10.7205/milmed-d-12-00143,Comparative Study | Journal Article | Randomized Controlled Trial,A,NO,NO,PENDING_FULL_TEXT,,NO,"Title/abstract screening alone does not establish effectiveness, causality, methodological quality, transferability to Brazilian public safety or an institutional recommendation."
EV-1268,23176667,NXNC4NAM,10.1111/j.1365-2818.2012.03684.x,Retro-fitting an older (S)TEM with two Cs aberration correctors for 80 kV and 60 kV operation.,FULL_TEXT_QUEUE,P1,11,2,8,1,0,DISCOVERY_REQUIRED,https://doi.org/10.1111/j.1365-2818.2012.03684.x,"Journal Article | Research Support, Non-U.S. Gov't",B,NO,NO,PENDING_FULL_TEXT,,NO,"Title/abstract screening alone does not establish effectiveness, causality, methodological quality, transferability to Brazilian public safety or an institutional recommendation."
EV-1245,24005540,IA3XN6B4,10.7205/milmed-d-13-00072,Implementation outcomes of military provider training in cognitive processing therapy and prolonged exposure therapy for post-traumatic stress disorder.,FULL_TEXT_QUEUE,P1,11,2,7,1,1,DISCOVERY_REQUIRED,https://doi.org/10.7205/milmed-d-13-00072,Journal Article,C,NO,NO,PENDING_FULL_TEXT,,NO,"Title/abstract screening alone does not establish effectiveness, causality, methodological quality, transferability to Brazilian public safety or an institutional recommendation."
EV-1244,24005550,E8E88ISS,10.7205/milmed-d-13-00191,Improving the adoption of evidence-based practice among nurses in Army outpatient medical treatment facilities.,FULL_TEXT_QUEUE,P1,11,2,7,1,1,DISCOVERY_REQUIRED,https://doi.org/10.7205/milmed-d-13-00191,"Clinical Trial | Journal Article | Research Support, Non-U.S. Gov't",C,NO,NO,PENDING_FULL_TEXT,,NO,"Title/abstract screening alone does not establish effectiveness, causality, methodological quality, transferability to Brazilian public safety or an institutional recommendation."
EV-1242,24011233,8TX9IWDC,10.1111/codi.12316,Transanal endoscopic microsurgery: a new technique for completion proctectomy.,FULL_TEXT_QUEUE,P1,11,2,8,1,0,DISCOVERY_REQUIRED,https://doi.org/10.1111/codi.12316,Journal Article,B,NO,NO,PENDING_FULL_TEXT,,NO,"Title/abstract screening alone does not establish effectiveness, causality, methodological quality, transferability to Brazilian public safety or an institutional recommendation."
EV-1236,24146239,JBDZX2BY,,Strategies for optimizing military physical readiness and preventing musculoskeletal injuries in the 21st century.,FULL_TEXT_QUEUE,P1,11,0,9,1,1,DISCOVERY_REQUIRED,https://pubmed.ncbi.nlm.nih.gov/24146239/,Journal Article,A,NO,NO,PENDING_FULL_TEXT,,NO,"Title/abstract screening alone does not establish effectiveness, causality, methodological quality, transferability to Brazilian public safety or an institutional recommendation."
EV-1178,26075155,4C4B2MSP,,PERFORMANCE OPTIMIZATION AND INJURY PREVENTION STRATEGIES FOR THE ARMY PHYSICAL FITNESS TEST: TECHNIQUE MATTERS.,FULL_TEXT_QUEUE,P1,11,4,5,1,1,PMC_AVAILABLE,https://pmc.ncbi.nlm.nih.gov/articles/PMC4458927/,Journal Article,A,NO,NO,PENDING_FULL_TEXT,,NO,"Title/abstract screening alone does not establish effectiveness, causality, methodological quality, transferability to Brazilian public safety or an institutional recommendation."
EV-1143,26926750,8USEVIW3,10.7205/milmed-d-14-00674,The Eagle Tactical Athlete Program Reduces Musculoskeletal Injuries in the 101st Airborne Division (Air Assault).,FULL_TEXT_QUEUE,P1,11,2,5,3,1,DISCOVERY_REQUIRED,https://doi.org/10.7205/milmed-d-14-00674,"Journal Article | Randomized Controlled Trial | Research Support, U.S. Gov't, Non-P.H.S.",A,NO,NO,PENDING_FULL_TEXT,,NO,"Title/abstract screening alone does not establish effectiveness, causality, methodological quality, transferability to Brazilian public safety or an institutional recommendation."
EV-1136,27188901,24VHTB78,10.1016/j.nutres.2016.02.006,β-Hydroxy-β-methylbutyrate attenuates cytokine response during sustained military training.,FULL_TEXT_QUEUE,P1,11,2,5,3,1,DISCOVERY_REQUIRED,https://doi.org/10.1016/j.nutres.2016.02.006,"Journal Article | Randomized Controlled Trial | Research Support, Non-U.S. Gov't",A,NO,NO,PENDING_FULL_TEXT,,NO,"Title/abstract screening alone does not establish effectiveness, causality, methodological quality, transferability to Brazilian public safety or an institutional recommendation."
EV-1125,27598390,P4Z7B4XI,10.1371/journal.pone.0162092,Integrating Soft Set Theory and Fuzzy Linguistic Model to Evaluate the Performance of Training Simulation Systems.,FULL_TEXT_QUEUE,P1,11,4,5,1,1,PMC_AVAILABLE,https://pmc.ncbi.nlm.nih.gov/articles/PMC5012659/,Journal Article,A,NO,NO,PENDING_FULL_TEXT,,NO,"Title/abstract screening alone does not establish effectiveness, causality, methodological quality, transferability to Brazilian public safety or an institutional recommendation."
EV-1122,27634607,XWRXJM9Z,10.3357/amhp.4468.2016,Sustained Military Operations and Cognitive Performance.,FULL_TEXT_QUEUE,P1,11,2,5,3,1,DISCOVERY_REQUIRED,https://doi.org/10.3357/amhp.4468.2016,Journal Article | Systematic Review,A,NO,NO,PENDING_FULL_TEXT,,NO,"Title/abstract screening alone does not establish effectiveness, causality, methodological quality, transferability to Brazilian public safety or an institutional recommendation."
EV-1116,27842232,VI2F2XJQ,10.1016/j.apradiso.2016.11.001,"An approach to design a 90Sr radioisotope thermoelectric generator using analytical and Monte Carlo methods with ANSYS, COMSOL, and MCNP.",FULL_TEXT_QUEUE,P1,11,2,8,1,0,DISCOVERY_REQUIRED,https://doi.org/10.1016/j.apradiso.2016.11.001,Journal Article,B,NO,NO,PENDING_FULL_TEXT,,NO,"Title/abstract screening alone does not establish effectiveness, causality, methodological quality, transferability to Brazilian public safety or an institutional recommendation."
EV-1110,28083395,VM3WA5NT,,Sleep in the Military: Promoting Healthy Sleep Among U.S. Servicemembers.,FULL_TEXT_QUEUE,P1,11,4,5,1,1,PMC_AVAILABLE,https://pmc.ncbi.nlm.nih.gov/articles/PMC5158299/,Journal Article,A,NO,NO,PENDING_FULL_TEXT,,NO,"Title/abstract screening alone does not establish effectiveness, causality, methodological quality, transferability to Brazilian public safety or an institutional recommendation."
EV-1094,28390649,S8DXGGH4,10.1016/j.amjsurg.2017.03.027,Abbreviated closure for remote damage control laparotomy in extreme environments: A randomized trial of sutures versus wound clamps comparing terrestrial and weightless conditions.,FULL_TEXT_QUEUE,P1,11,2,6,3,0,DISCOVERY_REQUIRED,https://doi.org/10.1016/j.amjsurg.2017.03.027,Journal Article | Randomized Controlled Trial,B,NO,NO,PENDING_FULL_TEXT,,NO,"Title/abstract screening alone does not establish effectiveness, causality, methodological quality, transferability to Brazilian public safety or an institutional recommendation."
EV-1088,28514898,32GB8E4P,10.1177/1533034617708960,Assessment of Cryosurgical Device Performance Using a 3D Tissue-Engineered Cancer Model.,FULL_TEXT_QUEUE,P1,11,4,6,1,0,PMC_AVAILABLE,https://pmc.ncbi.nlm.nih.gov/articles/PMC5762047/,Journal Article,B,NO,NO,PENDING_FULL_TEXT,,NO,"Title/abstract screening alone does not establish effectiveness, causality, methodological quality, transferability to Brazilian public safety or an institutional recommendation."
EV-1086,28593095,9XQWQDCJ,,LOAD-ENHANCED MOVEMENT QUALITY SCREENING AND TACTICAL ATHLETICISM: AN EXTENSION OF EVIDENCE.,FULL_TEXT_QUEUE,P1,11,4,5,1,1,PMC_AVAILABLE,https://pmc.ncbi.nlm.nih.gov/articles/PMC5455190/,Journal Article,A,NO,NO,PENDING_FULL_TEXT,,NO,"Title/abstract screening alone does not establish effectiveness, causality, methodological quality, transferability to Brazilian public safety or an institutional recommendation."
EV-1079,28759539,M8IEHSWT,10.1519/jsc.0000000000002031,Reliability Characteristics and Applicability of a Repeated Sprint Ability Test in Young Male Soccer Players.,FULL_TEXT_QUEUE,P1,11,2,8,1,0,DISCOVERY_REQUIRED,https://doi.org/10.1519/jsc.0000000000002031,Journal Article,B,NO,NO,PENDING_FULL_TEXT,,NO,"Title/abstract screening alone does not establish effectiveness, causality, methodological quality, transferability to Brazilian public safety or an institutional recommendation."
EV-1074,28885917,BD8FYFA6,10.7205/milmed-d-17-00066,Preface: Guidelines for the Treatment of Travelers' Diarrhea in Deployed Military Personnel.,FULL_TEXT_QUEUE,P1,11,4,5,1,1,PMC_AVAILABLE,https://pmc.ncbi.nlm.nih.gov/articles/PMC5650113/,"Journal Article | Research Support, N.I.H., Extramural | Research Support, U.S. Gov't, Non-P.H.S.",A,NO,NO,PENDING_FULL_TEXT,,NO,"Title/abstract screening alone does not establish effectiveness, causality, methodological quality, transferability to Brazilian public safety or an institutional recommendation."
EV-1072,28885920,8SA3PFAE,10.7205/milmed-d-17-00068,Antibiotic Therapy for Acute Watery Diarrhea and Dysentery.,FULL_TEXT_QUEUE,P1,11,4,5,1,1,PMC_AVAILABLE,https://pmc.ncbi.nlm.nih.gov/articles/PMC5650106/,Journal Article,A,NO,NO,PENDING_FULL_TEXT,,NO,"Title/abstract screening alone does not establish effectiveness, causality, methodological quality, transferability to Brazilian public safety or an institutional recommendation."
EV-1067,28911244,ARPL7YCS,10.1080/09638288.2017.1377297,Exploring strategies used to deliver physical activity experiences to Veterans with a physical disability.,FULL_TEXT_QUEUE,P1,11,2,7,1,1,DISCOVERY_REQUIRED,https://doi.org/10.1080/09638288.2017.1377297,"Journal Article | Research Support, Non-U.S. Gov't",C,NO,NO,PENDING_FULL_TEXT,,NO,"Title/abstract screening alone does not establish effectiveness, causality, methodological quality, transferability to Brazilian public safety or an institutional recommendation."
EV-1065,28969340,3HTX6RU8,10.1093/nutrit/nux005,Phytochemicals to optimize cognitive function for military mission-readiness: a systematic review and recommendations for the field.,FULL_TEXT_QUEUE,P1,11,2,5,3,1,DISCOVERY_REQUIRED,https://doi.org/10.1093/nutrit/nux005,Journal Article | Systematic Review,A,NO,NO,PENDING_FULL_TEXT,,NO,"Title/abstract screening alone does not establish effectiveness, causality, methodological quality, transferability to Brazilian public safety or an institutional recommendation."
EV-1062,28969343,XPQSN4C6,10.1093/nutrit/nux009,Whole dietary patterns to optimize cognitive function for military mission-readiness: a systematic review and recommendations for the field.,FULL_TEXT_QUEUE,P1,11,2,5,3,1,DISCOVERY_REQUIRED,https://doi.org/10.1093/nutrit/nux009,Journal Article | Systematic Review,A,NO,NO,PENDING_FULL_TEXT,,NO,"Title/abstract screening alone does not establish effectiveness, causality, methodological quality, transferability to Brazilian public safety or an institutional recommendation."
EV-1061,28969344,YD6N49KH,10.1093/nutrit/nux017,Methodological approach to moving nutritional science evidence into practice.,FULL_TEXT_QUEUE,P1,11,2,5,3,1,DISCOVERY_REQUIRED,https://doi.org/10.1093/nutrit/nux017,Journal Article | Systematic Review,A,NO,NO,PENDING_FULL_TEXT,,NO,"Title/abstract screening alone does not establish effectiveness, causality, methodological quality, transferability to Brazilian public safety or an institutional recommendation."
EV-1047,29214626,W6LL2G77,,A descriptive analysis of data from the Department of Defense Joint Trauma System Prehospital Trauma Registry.,FULL_TEXT_QUEUE,P1,11,0,9,1,1,DISCOVERY_REQUIRED,https://pubmed.ncbi.nlm.nih.gov/29214626/,Journal Article,B,NO,NO,PENDING_FULL_TEXT,,NO,"Title/abstract screening alone does not establish effectiveness, causality, methodological quality, transferability to Brazilian public safety or an institutional recommendation."
EV-1037,29416948,S5UGA8Q8,,Fit for Duty?: Evaluating the Physical Fitness Requirements of Battlefield Airmen.,FULL_TEXT_QUEUE,P1,11,4,5,1,1,PMC_AVAILABLE,https://pmc.ncbi.nlm.nih.gov/articles/PMC5798970/,Journal Article,A,NO,NO,PENDING_FULL_TEXT,,NO,"Title/abstract screening alone does not establish effectiveness, causality, methodological quality, transferability to Brazilian public safety or an institutional recommendation."
EV-1026,29621324,MJMAFA4A,10.1371/journal.pone.0195548,Self-reported musculoskeletal complaints and injuries and exposure of physical workload in Swedish soldiers serving in Afghanistan.,FULL_TEXT_QUEUE,P1,11,4,5,1,1,PMC_AVAILABLE,https://pmc.ncbi.nlm.nih.gov/articles/PMC5886608/,Journal Article,A,NO,NO,PENDING_FULL_TEXT,,NO,"Title/abstract screening alone does not establish effectiveness, causality, methodological quality, transferability to Brazilian public safety or an institutional recommendation."
EV-1022,29697835,PRGPHM7D,10.1093/milmed/usx021,Socioecological Risk and Protective Factors for Smoking Among Active Duty U.S. Military Personnel.,FULL_TEXT_QUEUE,P1,11,4,5,1,1,PMC_AVAILABLE,https://pmc.ncbi.nlm.nih.gov/articles/PMC6027073/,"Journal Article | Research Support, N.I.H., Extramural | Research Support, U.S. Gov't, Non-P.H.S.",A,NO,NO,PENDING_FULL_TEXT,,NO,"Title/abstract screening alone does not establish effectiveness, causality, methodological quality, transferability to Brazilian public safety or an institutional recommendation."
EV-1011,30165721,IL2UGWYP,,Optimizing Mission-Specific Medical Threat Readiness and Preventive Medicine for Service Members.,FULL_TEXT_QUEUE,P1,11,0,9,1,1,DISCOVERY_REQUIRED,https://pubmed.ncbi.nlm.nih.gov/30165721/,Journal Article,A,NO,NO,PENDING_FULL_TEXT,,NO,"Title/abstract screening alone does not establish effectiveness, causality, methodological quality, transferability to Brazilian public safety or an institutional recommendation."
EV-0999,30424853,SA93B56N,10.1016/j.amj.2018.07.028,Critical Care Skill Triad for Tactical Evacuations.,FULL_TEXT_QUEUE,P1,11,2,7,1,1,DISCOVERY_REQUIRED,https://doi.org/10.1016/j.amj.2018.07.028,Journal Article,B,NO,NO,PENDING_FULL_TEXT,,NO,"Title/abstract screening alone does not establish effectiveness, causality, methodological quality, transferability to Brazilian public safety or an institutional recommendation."
EV-0988,30781530,ZF6WYX2E,10.3390/sports7020045,Physical Qualities Pertaining to Shorter and Longer Change-of-Direction Speed Test Performance in Men and Women.,FULL_TEXT_QUEUE,P1,11,4,5,1,1,PMC_AVAILABLE,https://pmc.ncbi.nlm.nih.gov/articles/PMC6409579/,Journal Article,A,NO,NO,PENDING_FULL_TEXT,,NO,"Title/abstract screening alone does not establish effectiveness, causality, methodological quality, transferability to Brazilian public safety or an institutional recommendation."
EV-0986,30805278,BYLINQFC,10.1016/j.pmedr.2019.01.022,"Trajectories of body mass index among active-duty U.S. Army soldiers, 2011-2014.",FULL_TEXT_QUEUE,P1,11,4,5,1,1,PMC_AVAILABLE,https://pmc.ncbi.nlm.nih.gov/articles/PMC6374524/,Journal Article,A,NO,NO,PENDING_FULL_TEXT,,NO,"Title/abstract screening alone does not establish effectiveness, causality, methodological quality, transferability to Brazilian public safety or an institutional recommendation."
EV-0978,30899358,Z9AE984G,10.70252/pjng8109,Effects of Personal Body Armor on Functional Movement Capability.,FULL_TEXT_QUEUE,P1,11,4,5,1,1,PMC_AVAILABLE,https://pmc.ncbi.nlm.nih.gov/articles/PMC6413854/,Journal Article,A,NO,NO,PENDING_FULL_TEXT,,NO,"Title/abstract screening alone does not establish effectiveness, causality, methodological quality, transferability to Brazilian public safety or an institutional recommendation."
EV-0968,30941425,QN8VZ82X,10.1093/milmed/usz056,Medical Encounters During the United States Army Special Forces Assessment and Selection Course.,FULL_TEXT_QUEUE,P1,11,4,5,1,1,PMC_AVAILABLE,https://pmc.ncbi.nlm.nih.gov/articles/PMC6614812/,"Journal Article | Research Support, U.S. Gov't, Non-P.H.S.",A,NO,NO,PENDING_FULL_TEXT,,NO,"Title/abstract screening alone does not establish effectiveness, causality, methodological quality, transferability to Brazilian public safety or an institutional recommendation."
EV-0959,31096123,JQSDZBBJ,10.1016/j.sleep.2019.03.013,Effects of sleep extension on cognitive/motor performance and motivation in military tactical athletes.,FULL_TEXT_QUEUE,P1,11,2,5,3,1,DISCOVERY_REQUIRED,https://doi.org/10.1016/j.sleep.2019.03.013,"Journal Article | Randomized Controlled Trial | Research Support, Non-U.S. Gov't",A,NO,NO,PENDING_FULL_TEXT,,NO,"Title/abstract screening alone does not establish effectiveness, causality, methodological quality, transferability to Brazilian public safety or an institutional recommendation."
EV-0953,31205807,KFUTRFSS,,Evaluating an Operator Physical Fitness Test Prototype for Tactical Air Control Party and Air Liaison Officers: A Preliminary Analysis of Test Implementation.,FULL_TEXT_QUEUE,P1,11,4,5,1,1,PMC_AVAILABLE,https://pmc.ncbi.nlm.nih.gov/articles/PMC6557036/,Journal Article,A,NO,NO,PENDING_FULL_TEXT,,NO,"Title/abstract screening alone does not establish effectiveness, causality, methodological quality, transferability to Brazilian public safety or an institutional recommendation."
EV-0945,31360734,KD98V9EL,10.1177/2325967119860157,Pectoralis Major Rupture in Military Academy Athletes.,FULL_TEXT_QUEUE,P1,11,4,5,1,1,PMC_AVAILABLE,https://pmc.ncbi.nlm.nih.gov/articles/PMC6640062/,Journal Article,A,NO,NO,PENDING_FULL_TEXT,,NO,"Title/abstract screening alone does not establish effectiveness, causality, methodological quality, transferability to Brazilian public safety or an institutional recommendation."
EV-0941,31370856,NM76KNQ2,10.1186/s13104-019-4506-7,Timed relay contact closure controlled system for parallel second dimensions in multi-dimensional liquid chromatography.,FULL_TEXT_QUEUE,P1,11,4,6,1,0,PMC_AVAILABLE,https://pmc.ncbi.nlm.nih.gov/articles/PMC6676610/,Journal Article,B,NO,NO,PENDING_FULL_TEXT,,NO,"Title/abstract screening alone does not establish effectiveness, causality, methodological quality, transferability to Brazilian public safety or an institutional recommendation."
EV-0936,31500652,EZX5SNFU,10.1186/s12970-019-0308-5,The relationship between vitamin D status and depression in a tactical athlete population.,FULL_TEXT_QUEUE,P1,11,4,5,1,1,PMC_AVAILABLE,https://pmc.ncbi.nlm.nih.gov/articles/PMC6734287/,Journal Article,A,NO,NO,PENDING_FULL_TEXT,,NO,"Title/abstract screening alone does not establish effectiveness, causality, methodological quality, transferability to Brazilian public safety or an institutional recommendation."
EV-0927,31618059,LYWKSK9D,10.1044/2019_aja-19-0029,Incidence Rates of Tinnitus in Active Duty Military Service Members Between 2001 and 2015.,FULL_TEXT_QUEUE,P1,11,4,5,1,1,PMC_AVAILABLE,https://pmc.ncbi.nlm.nih.gov/articles/PMC7210435/,Journal Article,A,NO,NO,PENDING_FULL_TEXT,,NO,"Title/abstract screening alone does not establish effectiveness, causality, methodological quality, transferability to Brazilian public safety or an institutional recommendation."
EV-0922,31778194,C6DCUQCC,10.1093/milmed/usz174,"The Acute Respiratory Infection Consortium: A Multi-Site, Multi-Disciplinary Clinical Research Network in the Department of Defense.",FULL_TEXT_QUEUE,P1,11,4,5,1,1,PMC_AVAILABLE,https://pmc.ncbi.nlm.nih.gov/articles/PMC6886571/,"Journal Article | Research Support, U.S. Gov't, Non-P.H.S.",A,NO,NO,PENDING_FULL_TEXT,,NO,"Title/abstract screening alone does not establish effectiveness, causality, methodological quality, transferability to Brazilian public safety or an institutional recommendation."
EV-0907,32058798,3JIBDC8X,10.4085/1062-6050-111-19,Trauma Exposure and Functional Movement Characteristics of Male Tactical Athletes.,FULL_TEXT_QUEUE,P1,11,4,5,1,1,PMC_AVAILABLE,https://pmc.ncbi.nlm.nih.gov/articles/PMC7164567/,Journal Article,A,NO,NO,PENDING_FULL_TEXT,,NO,"Title/abstract screening alone does not establish effectiveness, causality, methodological quality, transferability to Brazilian public safety or an institutional recommendation."
EV-0906,32073617,GIJ9D5WU,10.1093/milmed/usaa015,Mental Health Service Use in Depressed Military Personnel: A Systematic Review.,FULL_TEXT_QUEUE,P1,11,2,5,3,1,DISCOVERY_REQUIRED,https://doi.org/10.1093/milmed/usaa015,"Journal Article | Research Support, Non-U.S. Gov't | Systematic Review",A,NO,NO,PENDING_FULL_TEXT,,NO,"Title/abstract screening alone does not establish effectiveness, causality, methodological quality, transferability to Brazilian public safety or an institutional recommendation."
EV-0899,32089966,L8YELI2E,,RETURNING A SPECIAL OPERATIONS CANDIDATE TO DUTY FOLLOWING AN AIRBORNE OPERATION INJURY: A CASE REPORT.,FULL_TEXT_QUEUE,P1,11,4,5,1,1,PMC_AVAILABLE,https://pmc.ncbi.nlm.nih.gov/articles/PMC7015033/,Journal Article,A,NO,NO,PENDING_FULL_TEXT,,NO,"Title/abstract screening alone does not establish effectiveness, causality, methodological quality, transferability to Brazilian public safety or an institutional recommendation."
EV-0898,32148359,E5K5TD2H,10.35248/0974-276x.19.12.496,Standardizing Proteomics Workflow for Liquid Chromatography-Mass Spectrometry: Technical and Statistical Considerations.,FULL_TEXT_QUEUE,P1,11,4,6,1,0,PMC_AVAILABLE,https://pmc.ncbi.nlm.nih.gov/articles/PMC7059694/,Journal Article,B,NO,NO,PENDING_FULL_TEXT,,NO,"Title/abstract screening alone does not establish effectiveness, causality, methodological quality, transferability to Brazilian public safety or an institutional recommendation."
EV-0897,32165607,Z5NSGGH4,10.12659/aot.919414,Recipient Hepatic Tumor-Associated Immunologic Infiltrates Predict Outcomes After Liver Transplantation for Hepatocellular Carcinoma.,FULL_TEXT_QUEUE,P1,11,4,6,1,0,PMC_AVAILABLE,https://pmc.ncbi.nlm.nih.gov/articles/PMC7092657/,Journal Article,B,NO,NO,PENDING_FULL_TEXT,,NO,"Title/abstract screening alone does not establish effectiveness, causality, methodological quality, transferability to Brazilian public safety or an institutional recommendation."
EV-0890,32239964,2AVM5LJU,10.4085/1062-6050-213-19,"Defining Athletic Training in the Military Setting: A Survey Investigation Into Professional Characteristics, Preparation, and Barriers in Clinical Practice.",FULL_TEXT_QUEUE,P1,11,4,5,1,1,PMC_AVAILABLE,https://pmc.ncbi.nlm.nih.gov/articles/PMC7249281/,Journal Article,A,NO,NO,PENDING_FULL_TEXT,,NO,"Title/abstract screening alone does not establish effectiveness, causality, methodological quality, transferability to Brazilian public safety or an institutional recommendation."
EV-0881,32409618,KCK63G2A,10.1136/bmjmilitary-2019-001341,Norovirus gastroenteritis outbreaks in military units: a systematic review.,FULL_TEXT_QUEUE,P1,11,2,5,3,1,DISCOVERY_REQUIRED,https://doi.org/10.1136/bmjmilitary-2019-001341,Journal Article | Systematic Review,A,NO,NO,PENDING_FULL_TEXT,,NO,"Title/abstract screening alone does not establish effectiveness, causality, methodological quality, transferability to Brazilian public safety or an institutional recommendation."
EV-0878,32556201,LQU4PYPD,10.4085/1062-6050-10-19,Concussion-Recovery Trajectories Among Tactical Athletes: Results From the CARE Consortium.,FULL_TEXT_QUEUE,P1,11,4,5,1,1,PMC_AVAILABLE,https://pmc.ncbi.nlm.nih.gov/articles/PMC7384467/,Journal Article,A,NO,NO,PENDING_FULL_TEXT,,NO,"Title/abstract screening alone does not establish effectiveness, causality, methodological quality, transferability to Brazilian public safety or an institutional recommendation."
EV-0877,32567656,9YN9X29E,10.1093/milmed/usaa144,"Sentinel Case of COVID-19 at Fort Stewart, GA in a National Guard Soldier Participating in Annual Training: A Case Report.",FULL_TEXT_QUEUE,P1,11,4,5,1,1,PMC_AVAILABLE,https://pmc.ncbi.nlm.nih.gov/articles/PMC7337804/,Case Reports | Journal Article,A,NO,NO,PENDING_FULL_TEXT,,NO,"Title/abstract screening alone does not establish effectiveness, causality, methodological quality, transferability to Brazilian public safety or an institutional recommendation."
EV-0859,32922638,YS3VC6UL,10.70252/rpjf6453,"Analyzing the Training Load Demands, and Influence of Sex and Body Mass, on the Tactical Task of a Casualty Drag via Surface Electromyography Wearable Technology.",FULL_TEXT_QUEUE,P1,11,4,5,1,1,PMC_AVAILABLE,https://pmc.ncbi.nlm.nih.gov/articles/PMC7449319/,Journal Article,A,NO,NO,PENDING_FULL_TEXT,,NO,"Title/abstract screening alone does not establish effectiveness, causality, methodological quality, transferability to Brazilian public safety or an institutional recommendation."
EV-0850,33015210,MFCURG9R,10.1177/2325967120948951,Musculoskeletal Injury in Reserve Officers' Training Corps: A Report From the Athletic Training Practice-Based Research Network.,FULL_TEXT_QUEUE,P1,11,4,5,1,1,PMC_AVAILABLE,https://pmc.ncbi.nlm.nih.gov/articles/PMC7518004/,Journal Article,A,NO,NO,PENDING_FULL_TEXT,,NO,"Title/abstract screening alone does not establish effectiveness, causality, methodological quality, transferability to Brazilian public safety or an institutional recommendation."
EV-0848,33087537,8H5T3WKY,10.1136/bmjmilitary-2020-001590,Integration of strength training into UK Defence Rehabilitation practice: current trends and future challenges.,FULL_TEXT_QUEUE,P1,11,4,5,1,1,PMC_AVAILABLE,https://pmc.ncbi.nlm.nih.gov/articles/PMC9340023/,Editorial,A,NO,NO,PENDING_FULL_TEXT,,NO,"Title/abstract screening alone does not establish effectiveness, causality, methodological quality, transferability to Brazilian public safety or an institutional recommendation."
EV-0846,33123621,32CUCVLT,10.1080/23328940.2020.1742572,A basal heat stress test to detect military operational readiness after a 14-day operational heat acclimatization period.,FULL_TEXT_QUEUE,P1,11,4,5,1,1,PMC_AVAILABLE,https://pmc.ncbi.nlm.nih.gov/articles/PMC7575231/,Journal Article,A,NO,NO,PENDING_FULL_TEXT,,NO,"Title/abstract screening alone does not establish effectiveness, causality, methodological quality, transferability to Brazilian public safety or an institutional recommendation."
EV-0841,33158069,AJFBZ8CJ,10.3390/ijerph17218137,Prevalence of Eating Disorder Risk and Body Image Dissatisfaction among ROTC Cadets.,FULL_TEXT_QUEUE,P1,11,4,5,1,1,PMC_AVAILABLE,https://pmc.ncbi.nlm.nih.gov/articles/PMC7663585/,Journal Article,A,NO,NO,PENDING_FULL_TEXT,,NO,"Title/abstract screening alone does not establish effectiveness, causality, methodological quality, transferability to Brazilian public safety or an institutional recommendation."
EV-0836,33272311,8B464CFW,10.1186/s13063-020-04909-8,The effectiveness of battlefield acupuncture in addition to standard physical therapy treatment after shoulder surgery: a protocol for a randomized clinical trial.,FULL_TEXT_QUEUE,P1,11,4,5,1,1,PMC_AVAILABLE,https://pmc.ncbi.nlm.nih.gov/articles/PMC7713004/,Clinical Trial Protocol | Journal Article,A,NO,NO,PENDING_FULL_TEXT,,NO,"Title/abstract screening alone does not establish effectiveness, causality, methodological quality, transferability to Brazilian public safety or an institutional recommendation."
EV-0815,33547793,C8IT2NMI,10.1093/milmed/usaa572,Perceptions of Seasonal Influenza Vaccine Among U.S. Army Civilians and Dependents in the Kaiserslautern Military Community: A Mixed-Methods Survey.,FULL_TEXT_QUEUE,P1,11,4,5,1,1,PMC_AVAILABLE,https://pmc.ncbi.nlm.nih.gov/articles/PMC7928713/,"Journal Article | Research Support, Non-U.S. Gov't | Research Support, U.S. Gov't, Non-P.H.S. | Research Support, U.S. Gov't, P.H.S.",A,NO,NO,PENDING_FULL_TEXT,,NO,"Title/abstract screening alone does not establish effectiveness, causality, methodological quality, transferability to Brazilian public safety or an institutional recommendation."
EV-0806,33660497,8RRFJG3P,10.23736/s0392-9590.21.04606-x,Radiation-induced lower-limb arteriopathy: report of 4 cases and systematic literature review.,FULL_TEXT_QUEUE,P1,11,2,6,3,0,DISCOVERY_REQUIRED,https://doi.org/10.23736/s0392-9590.21.04606-x,Case Reports | Journal Article | Systematic Review,B,NO,NO,PENDING_FULL_TEXT,,NO,"Title/abstract screening alone does not establish effectiveness, causality, methodological quality, transferability to Brazilian public safety or an institutional recommendation."
EV-0799,33786041,LJL4AIYL,10.1016/j.jesf.2021.02.002,Effects of foam rolling for delayed onset muscle soreness on loaded military task performance and perceived recovery.,FULL_TEXT_QUEUE,P1,11,4,5,1,1,PMC_AVAILABLE,https://pmc.ncbi.nlm.nih.gov/articles/PMC7970355/,Journal Article,A,NO,NO,PENDING_FULL_TEXT,,NO,"Title/abstract screening alone does not establish effectiveness, causality, methodological quality, transferability to Brazilian public safety or an institutional recommendation."
EV-0786,33975344,5HYYA7LX,10.4085/1062-6050-0380.19,Timing of Stress Fractures in Soldiers During the First 6 Career Months: A Retrospective Cohort Study.,FULL_TEXT_QUEUE,P1,11,4,5,1,1,PMC_AVAILABLE,https://pmc.ncbi.nlm.nih.gov/articles/PMC8675322/,Journal Article,A,NO,NO,PENDING_FULL_TEXT,,NO,"Title/abstract screening alone does not establish effectiveness, causality, methodological quality, transferability to Brazilian public safety or an institutional recommendation."
EV-0781,34117501,HG27RUUU,10.1093/milmed/usab230,Perceptions and Concerns Regarding COVID-19 Vaccination in a Military Base Population.,FULL_TEXT_QUEUE,P1,11,4,5,1,1,PMC_AVAILABLE,https://pmc.ncbi.nlm.nih.gov/articles/PMC8344492/,Journal Article,A,NO,NO,PENDING_FULL_TEXT,,NO,"Title/abstract screening alone does not establish effectiveness, causality, methodological quality, transferability to Brazilian public safety or an institutional recommendation."
EV-0779,34144951,6ZJZQ36S,10.1136/bmjmilitary-2021-001854,Caring for the carers: a COVID-19 psychological support programme.,FULL_TEXT_QUEUE,P1,11,2,7,1,1,DISCOVERY_REQUIRED,https://doi.org/10.1136/bmjmilitary-2021-001854,Editorial,C,NO,NO,PENDING_FULL_TEXT,,NO,"Title/abstract screening alone does not establish effectiveness, causality, methodological quality, transferability to Brazilian public safety or an institutional recommendation."
EV-0778,34191032,DEXDG2HX,10.1093/milmed/usab262,Corneal Laser Refractive Surgery Curriculum Development in the Military: Using the Nominal Group Technique.,FULL_TEXT_QUEUE,P1,11,2,7,1,1,DISCOVERY_REQUIRED,https://doi.org/10.1093/milmed/usab262,Journal Article,C,NO,NO,PENDING_FULL_TEXT,,NO,"Title/abstract screening alone does not establish effectiveness, causality, methodological quality, transferability to Brazilian public safety or an institutional recommendation."
EV-0770,34413114,6CLDX8XH,10.1136/bmjmilitary-2021-001936,US Army basic combat training alters the relationship between body mass index and per cent body fat.,FULL_TEXT_QUEUE,P1,11,4,5,1,1,PMC_AVAILABLE,https://pmc.ncbi.nlm.nih.gov/articles/PMC10423487/,Journal Article,A,NO,NO,PENDING_FULL_TEXT,,NO,"Title/abstract screening alone does not establish effectiveness, causality, methodological quality, transferability to Brazilian public safety or an institutional recommendation."
EV-0769,34414438,8HJ6Z4XF,10.1093/milmed/usab346,The Portable Warrior Test of Tactical Agility: A Novel Functional Assessment That Discriminates Service Members Diagnosed With Concussion From Controls.,FULL_TEXT_QUEUE,P1,11,4,5,1,1,PMC_AVAILABLE,https://pmc.ncbi.nlm.nih.gov/articles/PMC10026616/,"Journal Article | Research Support, N.I.H., Extramural | Research Support, U.S. Gov't, Non-P.H.S.",A,NO,NO,PENDING_FULL_TEXT,,NO,"Title/abstract screening alone does not establish effectiveness, causality, methodological quality, transferability to Brazilian public safety or an institutional recommendation."
EV-0760,34578931,WWWVAGZK,10.3390/nu13093053,Energy-Adjusted Dietary Intakes Are Associated with Perceived Barriers to Healthy Eating but Not Food Insecurity or Sports Nutrition Knowledge in a Pilot Study of ROTC Cadets.,FULL_TEXT_QUEUE,P1,11,4,5,1,1,PMC_AVAILABLE,https://pmc.ncbi.nlm.nih.gov/articles/PMC8471493/,Journal Article,A,NO,NO,PENDING_FULL_TEXT,,NO,"Title/abstract screening alone does not establish effectiveness, causality, methodological quality, transferability to Brazilian public safety or an institutional recommendation."
EV-0752,34705038,XRYHE3HW,10.1001/jamasurg.2021.5331,Analysis of Surgical Volume in Military Medical Treatment Facilities and Clinical Combat Readiness of US Military Surgeons.,FULL_TEXT_QUEUE,P1,11,4,5,1,1,PMC_AVAILABLE,https://pmc.ncbi.nlm.nih.gov/articles/PMC8552115/,"Journal Article | Research Support, U.S. Gov't, Non-P.H.S.",A,NO,NO,PENDING_FULL_TEXT,,NO,"Title/abstract screening alone does not establish effectiveness, causality, methodological quality, transferability to Brazilian public safety or an institutional recommendation."
EV-0748,34752626,Z5T3G2CP,10.4085/1062-6050-0578.20,Anterior Knee Pain Risk in Male and Female Military Tactical Athletes.,FULL_TEXT_QUEUE,P1,11,4,5,1,1,PMC_AVAILABLE,https://pmc.ncbi.nlm.nih.gov/articles/PMC8582628/,Journal Article,A,NO,NO,PENDING_FULL_TEXT,,NO,"Title/abstract screening alone does not establish effectiveness, causality, methodological quality, transferability to Brazilian public safety or an institutional recommendation."
EV-0747,34785586,PEAH4E8D,10.1136/bmjmilitary-2021-001955,Prescribed footwear and orthoses are not prophylactic in preventing lower extremity injuries in military tactical athletes: a systematic review with meta-analysis.,FULL_TEXT_QUEUE,P1,11,2,5,3,1,DISCOVERY_REQUIRED,https://doi.org/10.1136/bmjmilitary-2021-001955,Journal Article | Meta-Analysis | Systematic Review,A,NO,NO,PENDING_FULL_TEXT,,NO,"Title/abstract screening alone does not establish effectiveness, causality, methodological quality, transferability to Brazilian public safety or an institutional recommendation."
EV-0745,34867619,ILRN8DBD,10.3389/fpsyg.2021.738609,Development and Initial Validation of an Acute Readiness Monitoring Scale in Military Personnel.,FULL_TEXT_QUEUE,P1,11,4,5,1,1,PMC_AVAILABLE,https://pmc.ncbi.nlm.nih.gov/articles/PMC8636321/,Journal Article,A,NO,NO,PENDING_FULL_TEXT,,NO,"Title/abstract screening alone does not establish effectiveness, causality, methodological quality, transferability to Brazilian public safety or an institutional recommendation."
EV-0734,35015894,MUEIB4M4,10.1093/milmed/usab540,Influence of Soldiers' Cardiorespiratory Fitness on Physiological Responses and Dropouts During a Loaded Long-distance March.,FULL_TEXT_QUEUE,P1,11,4,5,1,1,PMC_AVAILABLE,https://pmc.ncbi.nlm.nih.gov/articles/PMC10363014/,Journal Article,A,NO,NO,PENDING_FULL_TEXT,,NO,"Title/abstract screening alone does not establish effectiveness, causality, methodological quality, transferability to Brazilian public safety or an institutional recommendation."
EV-0722,35134203,A58GG7KC,10.1093/milmed/usac016,Respiratory Infections Are More Common Than Healthcare Records Indicate: Results From an Anonymous Survey.,FULL_TEXT_QUEUE,P1,11,4,5,1,1,PMC_AVAILABLE,https://pmc.ncbi.nlm.nih.gov/articles/PMC9383359/,Journal Article,A,NO,NO,PENDING_FULL_TEXT,,NO,"Title/abstract screening alone does not establish effectiveness, causality, methodological quality, transferability to Brazilian public safety or an institutional recommendation."
EV-0721,35165197,F3SXCFLM,10.1136/bmjmilitary-2021-002059,"Sex, military occupation and rank are associated with risk of anterior cruciate ligament injury in tactical-athletes.",FULL_TEXT_QUEUE,P1,11,4,5,1,1,PMC_AVAILABLE,https://pmc.ncbi.nlm.nih.gov/articles/PMC10715491/,Journal Article,A,NO,NO,PENDING_FULL_TEXT,,NO,"Title/abstract screening alone does not establish effectiveness, causality, methodological quality, transferability to Brazilian public safety or an institutional recommendation."
EV-0719,35187184,DZZKFLR6,10.1177/23259671211072564,Periacetabular Osteotomy in United States Military Personnel: Results From an Interservice Hip Preservation Practice.,FULL_TEXT_QUEUE,P1,11,4,5,1,1,PMC_AVAILABLE,https://pmc.ncbi.nlm.nih.gov/articles/PMC8854228/,Journal Article,A,NO,NO,PENDING_FULL_TEXT,,NO,"Title/abstract screening alone does not establish effectiveness, causality, methodological quality, transferability to Brazilian public safety or an institutional recommendation."
EV-0716,35247052,NXCM7D9G,10.1093/milmed/usac040,Effect of Exercise Training Programs on Physical Fitness Domains in Military Personnel: A Systematic Review and Meta-Analysis.,FULL_TEXT_QUEUE,P1,11,2,5,3,1,DISCOVERY_REQUIRED,https://doi.org/10.1093/milmed/usac040,Journal Article | Meta-Analysis | Systematic Review,A,NO,NO,PENDING_FULL_TEXT,,NO,"Title/abstract screening alone does not establish effectiveness, causality, methodological quality, transferability to Brazilian public safety or an institutional recommendation."
EV-0694,35596551,CDLEDH6D,10.1093/milmed/usac134,The Lived Experience of Military Women With Chronic Pain: A Phenomenological Study.,FULL_TEXT_QUEUE,P1,11,4,5,1,1,PMC_AVAILABLE,https://pmc.ncbi.nlm.nih.gov/articles/PMC9384100/,Journal Article,A,NO,NO,PENDING_FULL_TEXT,,NO,"Title/abstract screening alone does not establish effectiveness, causality, methodological quality, transferability to Brazilian public safety or an institutional recommendation."
EV-0686,35682070,RN77YTB7,10.3390/ijerph19116486,The Short-Term Reliability of the Conceptualised 'Combat Readiness Assessment'.,FULL_TEXT_QUEUE,P1,11,4,5,1,1,PMC_AVAILABLE,https://pmc.ncbi.nlm.nih.gov/articles/PMC9180215/,Journal Article,A,NO,NO,PENDING_FULL_TEXT,,NO,"Title/abstract screening alone does not establish effectiveness, causality, methodological quality, transferability to Brazilian public safety or an institutional recommendation."
EV-0682,35813844,L5AV6ZZN,10.1080/15502783.2022.2094717,"Body Composition, Eicosapentaenoic Acid, and Vitamin D are Associated with Army Combat Fitness Test Performance.",FULL_TEXT_QUEUE,P1,11,4,5,1,1,PMC_AVAILABLE,https://pmc.ncbi.nlm.nih.gov/articles/PMC9261738/,Journal Article,A,NO,NO,PENDING_FULL_TEXT,,NO,"Title/abstract screening alone does not establish effectiveness, causality, methodological quality, transferability to Brazilian public safety or an institutional recommendation."
EV-0675,35893980,MSDDNNL2,10.3390/polym14153015,Graft Polymerization of Stearyl Methacrylate on PET Track-Etched Membranes for Oil-Water Separation.,FULL_TEXT_QUEUE,P1,11,4,6,1,0,PMC_AVAILABLE,https://pmc.ncbi.nlm.nih.gov/articles/PMC9331679/,Journal Article,B,NO,NO,PENDING_FULL_TEXT,,NO,"Title/abstract screening alone does not establish effectiveness, causality, methodological quality, transferability to Brazilian public safety or an institutional recommendation."
EV-0661,36232131,WJIZXDTC,10.3390/ijerph191912832,"Relationship between a Maximum Plank Assessment and Fitness, Health Behaviors, and Moods in Tactical Athletes: An Exploratory Study.",FULL_TEXT_QUEUE,P1,11,4,5,1,1,PMC_AVAILABLE,https://pmc.ncbi.nlm.nih.gov/articles/PMC9564666/,"Journal Article | Research Support, Non-U.S. Gov't",A,NO,NO,PENDING_FULL_TEXT,,NO,"Title/abstract screening alone does not establish effectiveness, causality, methodological quality, transferability to Brazilian public safety or an institutional recommendation."
EV-0660,36239088,I5HM5DGU,10.1080/00913847.2022.2135973,Consistency and applicability of return to function guidelines in tactical-athletes with exertional heat illness. A systematic review.,FULL_TEXT_QUEUE,P1,11,2,5,3,1,DISCOVERY_REQUIRED,https://doi.org/10.1080/00913847.2022.2135973,Journal Article | Systematic Review,A,NO,NO,PENDING_FULL_TEXT,,NO,"Title/abstract screening alone does not establish effectiveness, causality, methodological quality, transferability to Brazilian public safety or an institutional recommendation."
EV-0659,36262915,JXTCFR9M,10.3389/fresc.2022.979776,Development and validation of a military fear avoidance questionnaire.,FULL_TEXT_QUEUE,P1,11,4,5,1,1,PMC_AVAILABLE,https://pmc.ncbi.nlm.nih.gov/articles/PMC9574069/,Journal Article,A,NO,NO,PENDING_FULL_TEXT,,NO,"Title/abstract screening alone does not establish effectiveness, causality, methodological quality, transferability to Brazilian public safety or an institutional recommendation."
EV-0655,36323456,RU9CPMBE,10.1136/military-2022-002189,Body composition of extreme performers in the US Marine Corps.,FULL_TEXT_QUEUE,P1,11,4,5,1,1,PMC_AVAILABLE,https://pmc.ncbi.nlm.nih.gov/articles/PMC11287561/,Journal Article,A,NO,NO,PENDING_FULL_TEXT,,NO,"Title/abstract screening alone does not establish effectiveness, causality, methodological quality, transferability to Brazilian public safety or an institutional recommendation."
EV-0648,36444157,IGJGQVGT,10.30773/pi.2021.0187,Does Drinking Culture Induce Problematic Alcohol Use? Evidence From a Military Representative Survey in Korea.,FULL_TEXT_QUEUE,P1,11,4,5,1,1,PMC_AVAILABLE,https://pmc.ncbi.nlm.nih.gov/articles/PMC9708860/,Journal Article,A,NO,NO,PENDING_FULL_TEXT,,NO,"Title/abstract screening alone does not establish effectiveness, causality, methodological quality, transferability to Brazilian public safety or an institutional recommendation."
EV-0640,36582397,PWZV62A7,10.70252/ybtf2692,Impact of Two Types of Fitness Programs on Soldier Physical Fitness.,FULL_TEXT_QUEUE,P1,11,4,5,1,1,PMC_AVAILABLE,https://pmc.ncbi.nlm.nih.gov/articles/PMC9762245/,Journal Article,A,NO,NO,PENDING_FULL_TEXT,,NO,"Title/abstract screening alone does not establish effectiveness, causality, methodological quality, transferability to Brazilian public safety or an institutional recommendation."
EV-0638,36615794,H9WQNCBZ,10.3390/nu15010137,Oregano (Origanum vulgare) Consumption Reduces Oxidative Stress and Markers of Muscle Damage after Combat Readiness Tests in Soldiers.,FULL_TEXT_QUEUE,P1,11,4,5,1,1,PMC_AVAILABLE,https://pmc.ncbi.nlm.nih.gov/articles/PMC9823977/,Journal Article,A,NO,NO,PENDING_FULL_TEXT,,NO,"Title/abstract screening alone does not establish effectiveness, causality, methodological quality, transferability to Brazilian public safety or an institutional recommendation."
EV-0634,36652287,LIW3IDQ8,10.1111/anec.13045,Electrocardiographic and echocardiographic predictors of greater carotid intima-media thickness in tactical athletes: The CHIEF atherosclerosis study.,FULL_TEXT_QUEUE,P1,11,4,5,1,1,PMC_AVAILABLE,https://pmc.ncbi.nlm.nih.gov/articles/PMC10023883/,Journal Article,A,NO,NO,PENDING_FULL_TEXT,,NO,"Title/abstract screening alone does not establish effectiveness, causality, methodological quality, transferability to Brazilian public safety or an institutional recommendation."
EV-0628,36764722,VD56CH47,10.1136/bmjopen-2022-062960,Getting ready to act: theorising a stepwise transition into crisis response at points of entry based on interviews with COVID-19 responders and a military preparedness framework.,FULL_TEXT_QUEUE,P1,11,4,5,1,1,PMC_AVAILABLE,https://pmc.ncbi.nlm.nih.gov/articles/PMC9922878/,Journal Article,A,NO,NO,PENDING_FULL_TEXT,,NO,"Title/abstract screening alone does not establish effectiveness, causality, methodological quality, transferability to Brazilian public safety or an institutional recommendation."
EV-0615,36900645,89298TQ7,10.3390/healthcare11050640,Clustering of Health and Oral Health-Compromising Behaviours in Army Personnel in Central Peninsular Malaysia.,FULL_TEXT_QUEUE,P1,11,4,5,1,1,PMC_AVAILABLE,https://pmc.ncbi.nlm.nih.gov/articles/PMC10000684/,Journal Article,A,NO,NO,PENDING_FULL_TEXT,,NO,"Title/abstract screening alone does not establish effectiveness, causality, methodological quality, transferability to Brazilian public safety or an institutional recommendation."
EV-0613,36910780,WMZDAQIV,10.3389/fpsyg.2023.1000331,"The relationship among safety leadership, risk perception, safety culture, and safety performance: Military volunteer soldiers as a case study.",FULL_TEXT_QUEUE,P1,11,4,5,1,1,PMC_AVAILABLE,https://pmc.ncbi.nlm.nih.gov/articles/PMC9995976/,Journal Article,A,NO,NO,PENDING_FULL_TEXT,,NO,"Title/abstract screening alone does not establish effectiveness, causality, methodological quality, transferability to Brazilian public safety or an institutional recommendation."
EV-0597,37184465,VBH6K6ST,10.1097/ta.0000000000004040,"Optimizing combat readiness for military surgeons without trauma fellowship training: Engaging the ""voluntary faculty"" model.",FULL_TEXT_QUEUE,P1,11,4,5,1,1,PMC_AVAILABLE,https://pmc.ncbi.nlm.nih.gov/articles/PMC10389404/,Journal Article,A,NO,NO,PENDING_FULL_TEXT,,NO,"Title/abstract screening alone does not establish effectiveness, causality, methodological quality, transferability to Brazilian public safety or an institutional recommendation."
EV-0596,37197033,YRN5A2XE,10.1177/23259671231163570,Risk of Upper Extremity Musculoskeletal Injury Within the First Year After a Concussion.,FULL_TEXT_QUEUE,P1,11,4,5,1,1,PMC_AVAILABLE,https://pmc.ncbi.nlm.nih.gov/articles/PMC10184236/,Journal Article,A,NO,NO,PENDING_FULL_TEXT,,NO,"Title/abstract screening alone does not establish effectiveness, causality, methodological quality, transferability to Brazilian public safety or an institutional recommendation."
EV-0587,37346955,JFDS7DIB,10.1039/d3ra03226d,Environmentally friendly loading of palladium nanoparticles on nanoporous PET track-etched membranes grafted by poly(1-vinyl-2-pyrrolidone) via RAFT polymerization for the photocatalytic degradation of metronidazole.,FULL_TEXT_QUEUE,P1,11,4,6,1,0,PMC_AVAILABLE,https://pmc.ncbi.nlm.nih.gov/articles/PMC10281340/,Journal Article,B,NO,NO,PENDING_FULL_TEXT,,NO,"Title/abstract screening alone does not establish effectiveness, causality, methodological quality, transferability to Brazilian public safety or an institutional recommendation."
EV-0586,37351259,WEWHTUGL,10.3389/fphys.2023.1183836,Body composition changes during 8 weeks of military training are not accurately captured by circumference-based assessments.,FULL_TEXT_QUEUE,P1,11,4,5,1,1,PMC_AVAILABLE,https://pmc.ncbi.nlm.nih.gov/articles/PMC10282178/,Journal Article,A,NO,NO,PENDING_FULL_TEXT,,NO,"Title/abstract screening alone does not establish effectiveness, causality, methodological quality, transferability to Brazilian public safety or an institutional recommendation."
EV-0585,37358384,8GRGZ9BX,10.1089/neu.2022.0213,Lifetime Traumatic Brain Injury and Risk of Post-Concussive Symptoms in the Millennium Cohort Study.,FULL_TEXT_QUEUE,P1,11,4,5,1,1,PMC_AVAILABLE,https://pmc.ncbi.nlm.nih.gov/articles/PMC10902500/,"Journal Article | Research Support, U.S. Gov't, P.H.S.",A,NO,NO,PENDING_FULL_TEXT,,NO,"Title/abstract screening alone does not establish effectiveness, causality, methodological quality, transferability to Brazilian public safety or an institutional recommendation."
EV-0581,37465276,8PDUCPA5,10.3389/fvets.2023.1217201,Functional measurement of canine muscular fitness: refinement and reliability of the Penn Vet Working Dog Center Sprint Test.,FULL_TEXT_QUEUE,P1,11,4,5,1,1,PMC_AVAILABLE,https://pmc.ncbi.nlm.nih.gov/articles/PMC10350527/,Journal Article,A,NO,NO,PENDING_FULL_TEXT,,NO,"Title/abstract screening alone does not establish effectiveness, causality, methodological quality, transferability to Brazilian public safety or an institutional recommendation."
EV-0578,37489308,6WNT6UJ3,10.3390/jfmk8030095,Male Army ROTC Cadets Fail to Meet Military Dietary Reference Intakes and Exhibit a High Prevalence of Low Energy Availability and Poor Sleep Quality.,FULL_TEXT_QUEUE,P1,11,4,5,1,1,PMC_AVAILABLE,https://pmc.ncbi.nlm.nih.gov/articles/PMC10366743/,Journal Article,A,NO,NO,PENDING_FULL_TEXT,,NO,"Title/abstract screening alone does not establish effectiveness, causality, methodological quality, transferability to Brazilian public safety or an institutional recommendation."
EV-0562,37746605,BP7XZWBN,10.1097/as9.0000000000000308,Changes in Surgical Volume in Military Medical Treatment Facilities and Military Surgeon Clinical Combat Readiness During the COVID-19 Pandemic.,FULL_TEXT_QUEUE,P1,11,4,5,1,1,PMC_AVAILABLE,https://pmc.ncbi.nlm.nih.gov/articles/PMC10513262/,Journal Article,A,NO,NO,PENDING_FULL_TEXT,,NO,"Title/abstract screening alone does not establish effectiveness, causality, methodological quality, transferability to Brazilian public safety or an institutional recommendation."
EV-0560,37790762,AYYCR25S,10.1016/j.jaccas.2023.101990,Congenital Long QT Syndrome and Cardiac Arrest in a Military Tactical Athlete.,FULL_TEXT_QUEUE,P1,11,4,5,1,1,PMC_AVAILABLE,https://pmc.ncbi.nlm.nih.gov/articles/PMC10544298/,Case Reports | Journal Article,A,NO,NO,PENDING_FULL_TEXT,,NO,"Title/abstract screening alone does not establish effectiveness, causality, methodological quality, transferability to Brazilian public safety or an institutional recommendation."
EV-0557,37818180,JQTZNUER,10.1089/whr.2023.0012,"Frequency of Medical Claims for Diastasis Recti Abdominis Among U.S. Active Duty Service Women, 2016 to 2019.",FULL_TEXT_QUEUE,P1,11,4,5,1,1,PMC_AVAILABLE,https://pmc.ncbi.nlm.nih.gov/articles/PMC10561740/,Journal Article,A,NO,NO,PENDING_FULL_TEXT,,NO,"Title/abstract screening alone does not establish effectiveness, causality, methodological quality, transferability to Brazilian public safety or an institutional recommendation."
EV-0550,37868775,QTJJRPPH,10.3389/fcvm.2023.1239128,Assessment of the activities physiological cost of the defense forces officers in Ukraine using miniature ECG device.,FULL_TEXT_QUEUE,P1,11,4,5,1,1,PMC_AVAILABLE,https://pmc.ncbi.nlm.nih.gov/articles/PMC10587465/,Journal Article,A,NO,NO,PENDING_FULL_TEXT,,NO,"Title/abstract screening alone does not establish effectiveness, causality, methodological quality, transferability to Brazilian public safety or an institutional recommendation."
EV-0542,37948264,VW9M3RZA,10.1093/milmed/usad247,Neuropathological Examination of Mice Chronically Exposed to Secondhand Smoke.,FULL_TEXT_QUEUE,P1,11,4,5,1,1,PMC_AVAILABLE,https://pmc.ncbi.nlm.nih.gov/articles/PMC10637311/,"Journal Article | Research Support, N.I.H., Extramural | Research Support, Non-U.S. Gov't",A,NO,NO,PENDING_FULL_TEXT,,NO,"Title/abstract screening alone does not establish effectiveness, causality, methodological quality, transferability to Brazilian public safety or an institutional recommendation."
EV-0539,37956332,M8JII68Q,10.1093/milmed/usad277,Addressing Burnout in the Primary Care Setting: The Impact of an Evidence-Based Mindfulness Toolkit.,FULL_TEXT_QUEUE,P1,11,2,7,1,1,DISCOVERY_REQUIRED,https://doi.org/10.1093/milmed/usad277,"Journal Article | Research Support, Non-U.S. Gov't",C,NO,NO,PENDING_FULL_TEXT,,NO,"Title/abstract screening alone does not establish effectiveness, causality, methodological quality, transferability to Brazilian public safety or an institutional recommendation."
EV-0536,37987488,Y8MAG4RT,10.3390/jfmk8040152,"A Single, Multimodal Exercise Tolerance Test Can Assess Combat Readiness in Army-ROTC Cadets: A Brief Report.",FULL_TEXT_QUEUE,P1,11,4,5,1,1,PMC_AVAILABLE,https://pmc.ncbi.nlm.nih.gov/articles/PMC10660721/,Journal Article,A,NO,NO,PENDING_FULL_TEXT,,NO,"Title/abstract screening alone does not establish effectiveness, causality, methodological quality, transferability to Brazilian public safety or an institutional recommendation."
EV-0533,38013921,PDBJTBU5,10.5114/cipp.2021.108684,The model of psychological safety of a soldier's personality.,FULL_TEXT_QUEUE,P1,11,4,5,1,1,PMC_AVAILABLE,https://pmc.ncbi.nlm.nih.gov/articles/PMC10653560/,Journal Article,A,NO,NO,PENDING_FULL_TEXT,,NO,"Title/abstract screening alone does not establish effectiveness, causality, methodological quality, transferability to Brazilian public safety or an institutional recommendation."
EV-0517,38200988,AV7RS8ZS,10.3390/healthcare12010082,Psychophysiological Responses in Soldiers during Close Combat: Implications for Occupational Health and Fitness in Tactical Populations.,FULL_TEXT_QUEUE,P1,11,4,5,1,1,PMC_AVAILABLE,https://pmc.ncbi.nlm.nih.gov/articles/PMC10779181/,Journal Article,A,NO,NO,PENDING_FULL_TEXT,,NO,"Title/abstract screening alone does not establish effectiveness, causality, methodological quality, transferability to Brazilian public safety or an institutional recommendation."
EV-0505,38312730,RDUU5RDQ,10.1039/d3ra07471d,Effect of copper doping on the photocatalytic performance of Ni2O3@PC membrane composites in norfloxacin degradation.,FULL_TEXT_QUEUE,P1,11,4,6,1,0,PMC_AVAILABLE,https://pmc.ncbi.nlm.nih.gov/articles/PMC10835572/,Journal Article,B,NO,NO,PENDING_FULL_TEXT,,NO,"Title/abstract screening alone does not establish effectiveness, causality, methodological quality, transferability to Brazilian public safety or an institutional recommendation."
EV-0479,38665860,INCDSGJL,10.70252/rjam3514,Maximal Aerobic Capacity as a Predictor of Performance on ACFT Total Score of ROTC Cadets.,FULL_TEXT_QUEUE,P1,11,4,5,1,1,PMC_AVAILABLE,https://pmc.ncbi.nlm.nih.gov/articles/PMC11042848/,Journal Article,A,NO,NO,PENDING_FULL_TEXT,,NO,"Title/abstract screening alone does not establish effectiveness, causality, methodological quality, transferability to Brazilian public safety or an institutional recommendation."
EV-0477,38694549,R5H6PQHZ,10.1039/d4ra02117g,Preparation and application of stimuli-responsive PET TeMs: RAFT graft block copolymerisation of styrene and acrylic acid for the separation of water-oil emulsions.,FULL_TEXT_QUEUE,P1,11,4,6,1,0,PMC_AVAILABLE,https://pmc.ncbi.nlm.nih.gov/articles/PMC11061781/,Journal Article,B,NO,NO,PENDING_FULL_TEXT,,NO,"Title/abstract screening alone does not establish effectiveness, causality, methodological quality, transferability to Brazilian public safety or an institutional recommendation."
EV-0472,38766263,INF6CH48,10.1101/2024.05.07.593029,Single particle cryo-electron microscopy with an enhanced 200 kV cryo-TEM configuration achieves near-atomic resolution.,FULL_TEXT_QUEUE,P1,11,4,6,1,0,PMC_AVAILABLE,https://pmc.ncbi.nlm.nih.gov/articles/PMC11100677/,Journal Article | Preprint,B,NO,NO,PENDING_FULL_TEXT,,NO,"Title/abstract screening alone does not establish effectiveness, causality, methodological quality, transferability to Brazilian public safety or an institutional recommendation."
EV-0461,38921275,VFZXPXDD,10.3390/healthcare12121160,Optimising Combat Readiness: Practical Strategies for Integrating Physiological and Psychological Resilience in Soldier Training.,FULL_TEXT_QUEUE,P1,11,4,5,1,1,PMC_AVAILABLE,https://pmc.ncbi.nlm.nih.gov/articles/PMC11202720/,Journal Article,A,NO,NO,PENDING_FULL_TEXT,,NO,"Title/abstract screening alone does not establish effectiveness, causality, methodological quality, transferability to Brazilian public safety or an institutional recommendation."
EV-0455,38981065,ANGFV8RR,,"Hospitalizations among active component members of the U.S. Armed Forces, 2023.",FULL_TEXT_QUEUE,P1,11,4,5,1,1,PMC_AVAILABLE,https://pmc.ncbi.nlm.nih.gov/articles/PMC11259449/,Journal Article,A,NO,NO,PENDING_FULL_TEXT,,NO,"Title/abstract screening alone does not establish effectiveness, causality, methodological quality, transferability to Brazilian public safety or an institutional recommendation."
EV-0454,38981071,PLDGMEQJ,,"Ambulatory health care visits among active component members of the U.S. Armed Forces, 2023.",FULL_TEXT_QUEUE,P1,11,4,5,1,1,PMC_AVAILABLE,https://pmc.ncbi.nlm.nih.gov/articles/PMC11259448/,Journal Article,A,NO,NO,PENDING_FULL_TEXT,,NO,"Title/abstract screening alone does not establish effectiveness, causality, methodological quality, transferability to Brazilian public safety or an institutional recommendation."
EV-0444,39057653,W5EINM2U,10.3390/membranes14070145,"Surface Modification of Polyethylene Terephthalate Track-Etched Membranes by 2,2,3,3,4,4,5,5,6,6,7,7-Dodecafluoroheptyl Acrylate for Application in Water Desalination by Direct Contact Membrane Distillation.",FULL_TEXT_QUEUE,P1,11,4,6,1,0,PMC_AVAILABLE,https://pmc.ncbi.nlm.nih.gov/articles/PMC11278615/,Journal Article,B,NO,NO,PENDING_FULL_TEXT,,NO,"Title/abstract screening alone does not establish effectiveness, causality, methodological quality, transferability to Brazilian public safety or an institutional recommendation."
EV-0443,39058074,U2BGI7JC,10.3390/sports12070183,Detraining's Effects on Cardiorespiratory Fitness and Maximal and Explosive Strength in Army Soldiers: Does Age Matter?,FULL_TEXT_QUEUE,P1,11,4,5,1,1,PMC_AVAILABLE,https://pmc.ncbi.nlm.nih.gov/articles/PMC11280788/,Journal Article,A,NO,NO,PENDING_FULL_TEXT,,NO,"Title/abstract screening alone does not establish effectiveness, causality, methodological quality, transferability to Brazilian public safety or an institutional recommendation."
EV-0421,39253054,EXULQPUF,10.70252/cvkt2704,"The Impact of Load Mass and Distribution on Heart Rate, Perceived Exertion, and Accelerometer Measured Physical Activity During Running.",FULL_TEXT_QUEUE,P1,11,4,5,1,1,PMC_AVAILABLE,https://pmc.ncbi.nlm.nih.gov/articles/PMC11382777/,Journal Article,A,NO,NO,PENDING_FULL_TEXT,,NO,"Title/abstract screening alone does not establish effectiveness, causality, methodological quality, transferability to Brazilian public safety or an institutional recommendation."
EV-0418,39258122,57DDJ8BU,10.70252/sszu9761,The Cadet Athlete Physical Training Intervention (CAPTI): A 16-week Periodized Program to Remediate Underdeveloped Tactical Athletes at a Senior Military College.,FULL_TEXT_QUEUE,P1,11,4,5,1,1,PMC_AVAILABLE,https://pmc.ncbi.nlm.nih.gov/articles/PMC11385287/,Journal Article,A,NO,NO,PENDING_FULL_TEXT,,NO,"Title/abstract screening alone does not establish effectiveness, causality, methodological quality, transferability to Brazilian public safety or an institutional recommendation."
EV-0417,39280796,4GWHQL4G,10.1016/j.jacadv.2024.101236,Cardiovascular Care of Tactical Athletes: Have We Landed Yet?,FULL_TEXT_QUEUE,P1,11,4,5,1,1,PMC_AVAILABLE,https://pmc.ncbi.nlm.nih.gov/articles/PMC11402179/,Editorial,A,NO,NO,PENDING_FULL_TEXT,,NO,"Title/abstract screening alone does not establish effectiveness, causality, methodological quality, transferability to Brazilian public safety or an institutional recommendation."
EV-0416,39288031,WEEDW2HL,10.55460/tuhl-7z28,Self-Described Training Needs of Special Operations Forces Medics and the Birth of the TACMED Division.,FULL_TEXT_QUEUE,P1,11,2,7,1,1,DISCOVERY_REQUIRED,https://doi.org/10.55460/tuhl-7z28,Journal Article,B,NO,NO,PENDING_FULL_TEXT,,NO,"Title/abstract screening alone does not establish effectiveness, causality, methodological quality, transferability to Brazilian public safety or an institutional recommendation."
EV-0406,39422988,3DKPBS6H,10.2196/60925,"Intensive, Real-Time Data Collection of Psychological and Physiological Stress During a 96-Hour Field Training Exercise at a Senior Military College: Feasibility and Acceptability Cohort Study.",FULL_TEXT_QUEUE,P1,11,4,5,1,1,PMC_AVAILABLE,https://pmc.ncbi.nlm.nih.gov/articles/PMC11530722/,"Journal Article | Research Support, N.I.H., Extramural | Research Support, Non-U.S. Gov't",A,NO,NO,PENDING_FULL_TEXT,,NO,"Title/abstract screening alone does not establish effectiveness, causality, methodological quality, transferability to Brazilian public safety or an institutional recommendation."
EV-0403,39434185,LU2WQPGH,10.1186/s40359-024-02068-y,"Combat readiness, alcohol abuse, and posttraumatic stress disorder among Uganda peoples' defence forces soldiers.",FULL_TEXT_QUEUE,P1,11,4,5,1,1,PMC_AVAILABLE,https://pmc.ncbi.nlm.nih.gov/articles/PMC11495013/,Journal Article,A,NO,NO,PENDING_FULL_TEXT,,NO,"Title/abstract screening alone does not establish effectiveness, causality, methodological quality, transferability to Brazilian public safety or an institutional recommendation."
EV-0399,39471370,7N6ZYTRI,10.2196/64412,Short-Term Outcomes of a Healthy Relationship Intervention for the Prevention of Sexual Harassment and Sexual Assault in the US Military: Pilot Pretest-Postest Study.,FULL_TEXT_QUEUE,P1,11,4,5,1,1,PMC_AVAILABLE,https://pmc.ncbi.nlm.nih.gov/articles/PMC11558222/,"Journal Article | Research Support, U.S. Gov't, Non-P.H.S.",A,NO,NO,PENDING_FULL_TEXT,,NO,"Title/abstract screening alone does not establish effectiveness, causality, methodological quality, transferability to Brazilian public safety or an institutional recommendation."
EV-0398,39485936,LAL4LPYX,10.1097/corr.0000000000003290,Do Fellowship-educated Military Orthopaedic Oncologists Who Practice in Military Settings Treat a Sufficient Volume of Patients to Maintain Their Oncologic Expertise?,FULL_TEXT_QUEUE,P1,11,4,5,1,1,PMC_AVAILABLE,https://pmc.ncbi.nlm.nih.gov/articles/PMC11936659/,Journal Article,A,NO,NO,PENDING_FULL_TEXT,,NO,"Title/abstract screening alone does not establish effectiveness, causality, methodological quality, transferability to Brazilian public safety or an institutional recommendation."
EV-0396,39496781,6AC9MKCQ,10.1038/s41598-024-77925-2,Leveraging enhanced egret swarm optimization algorithm and artificial intelligence-driven prompt strategies for portfolio selection.,FULL_TEXT_QUEUE,P1,11,4,6,1,0,PMC_AVAILABLE,https://pmc.ncbi.nlm.nih.gov/articles/PMC11535209/,Journal Article,B,NO,NO,PENDING_FULL_TEXT,,NO,"Title/abstract screening alone does not establish effectiveness, causality, methodological quality, transferability to Brazilian public safety or an institutional recommendation."
EV-0395,39500054,S56LRNN5,10.1016/j.jtherbio.2024.103983,The repeatability of a cycling exercise-heat stress test in a male population.,FULL_TEXT_QUEUE,P1,11,2,8,1,0,DISCOVERY_REQUIRED,https://doi.org/10.1016/j.jtherbio.2024.103983,Journal Article,B,NO,NO,PENDING_FULL_TEXT,,NO,"Title/abstract screening alone does not establish effectiveness, causality, methodological quality, transferability to Brazilian public safety or an institutional recommendation."
EV-0391,39530798,AKYXPS5U,10.3201/eid3014.240308,"Etiology and Epidemiology of Travelers' Diarrhea among US Military and Adult Travelers, 2018-2023.",FULL_TEXT_QUEUE,P1,11,4,5,1,1,PMC_AVAILABLE,https://pmc.ncbi.nlm.nih.gov/articles/PMC11559568/,Journal Article,A,NO,NO,PENDING_FULL_TEXT,,NO,"Title/abstract screening alone does not establish effectiveness, causality, methodological quality, transferability to Brazilian public safety or an institutional recommendation."
EV-0390,39535672,E36N73VA,10.1007/s10339-024-01242-9,Decision-making during training of a Swedish navy command and control team: a quantitative study of workload effects.,FULL_TEXT_QUEUE,P1,11,4,5,1,1,PMC_AVAILABLE,https://pmc.ncbi.nlm.nih.gov/articles/PMC12055869/,Journal Article,A,NO,NO,PENDING_FULL_TEXT,,NO,"Title/abstract screening alone does not establish effectiveness, causality, methodological quality, transferability to Brazilian public safety or an institutional recommendation."
EV-0379,39680800,K9YLBQUW,10.1002/mp.17584,Three-dimensional dosimetry using multiple-energy delivery and a single-layer detector for quality assurance in proton pencil beam scanning.,FULL_TEXT_QUEUE,P1,11,2,8,1,0,DISCOVERY_REQUIRED,https://doi.org/10.1002/mp.17584,Journal Article,B,NO,NO,PENDING_FULL_TEXT,,NO,"Title/abstract screening alone does not establish effectiveness, causality, methodological quality, transferability to Brazilian public safety or an institutional recommendation."
EV-0372,39766802,23A5VKC5,10.3390/genes15121535,Genotypic Influences on Actuators of Aerobic Performance in Tactical Athletes.,FULL_TEXT_QUEUE,P1,11,4,5,1,1,PMC_AVAILABLE,https://pmc.ncbi.nlm.nih.gov/articles/PMC11675622/,Journal Article,A,NO,NO,PENDING_FULL_TEXT,,NO,"Title/abstract screening alone does not establish effectiveness, causality, methodological quality, transferability to Brazilian public safety or an institutional recommendation."
EV-0370,39796526,XEG9LSSK,10.3390/nu17010092,Dietary Nutrient Adequacy in Aeronautical Military Personnel in Spain: Strengths and Weaknesses.,FULL_TEXT_QUEUE,P1,11,4,5,1,1,PMC_AVAILABLE,https://pmc.ncbi.nlm.nih.gov/articles/PMC11722873/,Journal Article,A,NO,NO,PENDING_FULL_TEXT,,NO,"Title/abstract screening alone does not establish effectiveness, causality, methodological quality, transferability to Brazilian public safety or an institutional recommendation."
EV-0363,39851452,PBIXDHP6,10.3390/brainsci15010085,Assessment of Changes in Executive Functions and Attention of Cadets as a Result of Military Parachute Jumping.,FULL_TEXT_QUEUE,P1,11,4,5,1,1,PMC_AVAILABLE,https://pmc.ncbi.nlm.nih.gov/articles/PMC11763684/,Journal Article,A,NO,NO,PENDING_FULL_TEXT,,NO,"Title/abstract screening alone does not establish effectiveness, causality, methodological quality, transferability to Brazilian public safety or an institutional recommendation."
EV-0358,39919055,4AENNJF8,10.1371/journal.pone.0316127,A catechol-O-methyltransferase genetic variant impacts functional movement in tactical athletes.,FULL_TEXT_QUEUE,P1,11,4,5,1,1,PMC_AVAILABLE,https://pmc.ncbi.nlm.nih.gov/articles/PMC11805364/,Journal Article,A,NO,NO,PENDING_FULL_TEXT,,NO,"Title/abstract screening alone does not establish effectiveness, causality, methodological quality, transferability to Brazilian public safety or an institutional recommendation."
EV-0357,39923030,N29F8635,10.1186/s12903-025-05478-5,"Oral health status, behavior and impact profile among naval personnel in the Malaysian naval armed forces.",FULL_TEXT_QUEUE,P1,11,4,5,1,1,PMC_AVAILABLE,https://pmc.ncbi.nlm.nih.gov/articles/PMC11807301/,Journal Article,A,NO,NO,PENDING_FULL_TEXT,,NO,"Title/abstract screening alone does not establish effectiveness, causality, methodological quality, transferability to Brazilian public safety or an institutional recommendation."
EV-0351,39985005,LWP5ZVK9,10.1186/s12931-025-03142-8,Assessment of the prevalence of respiratory pathogens and the level of immunity to respiratory viruses in soldiers and civilian military employees in Poland.,FULL_TEXT_QUEUE,P1,11,4,5,1,1,PMC_AVAILABLE,https://pmc.ncbi.nlm.nih.gov/articles/PMC11846339/,Journal Article,A,NO,NO,PENDING_FULL_TEXT,,NO,"Title/abstract screening alone does not establish effectiveness, causality, methodological quality, transferability to Brazilian public safety or an institutional recommendation."
EV-0350,40008018,JVKMJA2R,10.1039/d4ra08055f,Development of the all-solid-state flexible supercapacitor membranes via RAFT-mediated grafting and electrospun nanofiber modification of track-etched membranes.,FULL_TEXT_QUEUE,P1,11,4,6,1,0,PMC_AVAILABLE,https://pmc.ncbi.nlm.nih.gov/articles/PMC11852266/,Journal Article,B,NO,NO,PENDING_FULL_TEXT,,NO,"Title/abstract screening alone does not establish effectiveness, causality, methodological quality, transferability to Brazilian public safety or an institutional recommendation."
EV-0348,40029342,BLHHN6TJ,10.3357/amhp.6560.2025,Occupational Physical Requirements for Astronauts.,FULL_TEXT_QUEUE,P1,11,2,5,3,1,DISCOVERY_REQUIRED,https://doi.org/10.3357/amhp.6560.2025,Journal Article | Systematic Review,A,NO,NO,PENDING_FULL_TEXT,,NO,"Title/abstract screening alone does not establish effectiveness, causality, methodological quality, transferability to Brazilian public safety or an institutional recommendation."
EV-0347,40038089,D8TXF48Y,10.1111/edt.13054,A Retrospective Study of Dental Trauma in Israel Military Personnel.,FULL_TEXT_QUEUE,P1,11,4,5,1,1,PMC_AVAILABLE,https://pmc.ncbi.nlm.nih.gov/articles/PMC12424112/,Journal Article | Observational Study,A,NO,NO,PENDING_FULL_TEXT,,NO,"Title/abstract screening alone does not establish effectiveness, causality, methodological quality, transferability to Brazilian public safety or an institutional recommendation."
EV-0340,40135290,F38SN2AG,10.1089/neu.2024.0127,Objective Turning Measures Improve Diagnostic Accuracy and Relate to Simulated Real-World Mobility/Combat Readiness in Chronic Mild Traumatic Brain Injury.,FULL_TEXT_QUEUE,P1,11,4,5,1,1,PMC_AVAILABLE,https://pmc.ncbi.nlm.nih.gov/articles/PMC12169904/,Journal Article,A,NO,NO,PENDING_FULL_TEXT,,NO,"Title/abstract screening alone does not establish effectiveness, causality, methodological quality, transferability to Brazilian public safety or an institutional recommendation."
EV-0339,40137800,ISUE8UNR,10.3390/sports13030076,Effects of a 30 K Military Loaded Carriage on the Neuromuscular System in Spanish Army Marines.,FULL_TEXT_QUEUE,P1,11,4,5,1,1,PMC_AVAILABLE,https://pmc.ncbi.nlm.nih.gov/articles/PMC11945795/,Journal Article,A,NO,NO,PENDING_FULL_TEXT,,NO,"Title/abstract screening alone does not establish effectiveness, causality, methodological quality, transferability to Brazilian public safety or an institutional recommendation."
EV-0337,40142938,D4TRYDC7,10.3390/jcm14062130,Assessing Cardiovascular Risk Among Polish Soldiers: Insights Using the POL SCORE Tool.,FULL_TEXT_QUEUE,P1,11,4,5,1,1,PMC_AVAILABLE,https://pmc.ncbi.nlm.nih.gov/articles/PMC11943057/,Journal Article,A,NO,NO,PENDING_FULL_TEXT,,NO,"Title/abstract screening alone does not establish effectiveness, causality, methodological quality, transferability to Brazilian public safety or an institutional recommendation."
EV-0333,40177116,V89R7Z3C,10.1021/acsaenm.4c00764,A Co-extrusion Additive Manufacturing Process with Mixer Nozzle to Dynamically Control Blowing Agent Content and Print Functionally Graded Foams.,FULL_TEXT_QUEUE,P1,11,4,6,1,0,PMC_AVAILABLE,https://pmc.ncbi.nlm.nih.gov/articles/PMC11959517/,Journal Article,B,NO,NO,PENDING_FULL_TEXT,,NO,"Title/abstract screening alone does not establish effectiveness, causality, methodological quality, transferability to Brazilian public safety or an institutional recommendation."
EV-0326,40278755,RBDR7TRY,10.3390/sports13040129,Neuromuscular Responses to 5 K Time Trial Load Carried by Spanish Army Marines.,FULL_TEXT_QUEUE,P1,11,4,5,1,1,PMC_AVAILABLE,https://pmc.ncbi.nlm.nih.gov/articles/PMC12031018/,Journal Article,A,NO,NO,PENDING_FULL_TEXT,,NO,"Title/abstract screening alone does not establish effectiveness, causality, methodological quality, transferability to Brazilian public safety or an institutional recommendation."
EV-0323,40308619,B823CLR6,10.4330/wjc.v17.i4.102133,Impact of night sentry duties on cardiometabolic health in military personnel.,FULL_TEXT_QUEUE,P1,11,4,5,1,1,PMC_AVAILABLE,https://pmc.ncbi.nlm.nih.gov/articles/PMC12038707/,Editorial,A,NO,NO,PENDING_FULL_TEXT,,NO,"Title/abstract screening alone does not establish effectiveness, causality, methodological quality, transferability to Brazilian public safety or an institutional recommendation."
EV-0322,40314558,N6KIMTPT,10.1080/15502783.2025.2492186,Toward promoting performance nutrition behaviors among tactical athletes: a mixed methods study.,FULL_TEXT_QUEUE,P1,11,4,5,1,1,PMC_AVAILABLE,https://pmc.ncbi.nlm.nih.gov/articles/PMC12051564/,Journal Article,A,NO,NO,PENDING_FULL_TEXT,,NO,"Title/abstract screening alone does not establish effectiveness, causality, methodological quality, transferability to Brazilian public safety or an institutional recommendation."
EV-0321,40323857,2993RDG7,10.1037/ser0000955,"The ask, care, escort suite of trainings: Initial evaluation of the Army's primary suicide prevention strategy.",FULL_TEXT_QUEUE,P1,11,2,7,1,1,DISCOVERY_REQUIRED,https://doi.org/10.1037/ser0000955,Journal Article,C,NO,NO,PENDING_FULL_TEXT,,NO,"Title/abstract screening alone does not establish effectiveness, causality, methodological quality, transferability to Brazilian public safety or an institutional recommendation."
EV-0311,40425246,SN8HBTA3,10.1136/bmjopen-2024-096643,Efficacy and acceptability of different blood flow restriction training interventions during the rehabilitation of military personnel with lower limb musculoskeletal injuries: protocol for a two-phase randomised controlled trial.,FULL_TEXT_QUEUE,P1,11,4,5,1,1,PMC_AVAILABLE,https://pmc.ncbi.nlm.nih.gov/articles/PMC12107567/,Clinical Trial Protocol | Journal Article,A,NO,NO,PENDING_FULL_TEXT,,NO,"Title/abstract screening alone does not establish effectiveness, causality, methodological quality, transferability to Brazilian public safety or an institutional recommendation."
EV-0308,40469387,LB3TQI7V,10.3389/fspor.2025.1594714,Fitness profile and training of Special Operation Forces: a comparison with sports athletes.,FULL_TEXT_QUEUE,P1,11,4,5,1,1,PMC_AVAILABLE,https://pmc.ncbi.nlm.nih.gov/articles/PMC12133949/,Journal Article,A,NO,NO,PENDING_FULL_TEXT,,NO,"Title/abstract screening alone does not establish effectiveness, causality, methodological quality, transferability to Brazilian public safety or an institutional recommendation."
EV-0306,40477147,BIVTB47L,10.1111/1468-5973.12328,Military crisis responses to COVID-19.,FULL_TEXT_QUEUE,P1,11,4,5,1,1,PMC_AVAILABLE,https://pmc.ncbi.nlm.nih.gov/articles/PMC7537208/,Journal Article,A,NO,NO,PENDING_FULL_TEXT,,NO,"Title/abstract screening alone does not establish effectiveness, causality, methodological quality, transferability to Brazilian public safety or an institutional recommendation."
EV-0303,40493544,9MQFG3QZ,10.1093/milmed/usaf282,Ultrasound-Guided Foreign Body Removal: Simulation Training and Clinical Implementation Outcomes.,FULL_TEXT_QUEUE,P1,11,2,7,1,1,DISCOVERY_REQUIRED,https://doi.org/10.1093/milmed/usaf282,"Journal Article | Research Support, Non-U.S. Gov't",C,NO,NO,PENDING_FULL_TEXT,,NO,"Title/abstract screening alone does not establish effectiveness, causality, methodological quality, transferability to Brazilian public safety or an institutional recommendation."
EV-0302,40496358,VNZY5ZZQ,10.3748/wjg.v31.i18.103754,Potential of traditional Chinese medicine in managing and preventing Helicobacter pylori infection in Chinese military.,FULL_TEXT_QUEUE,P1,11,4,5,1,1,PMC_AVAILABLE,https://pmc.ncbi.nlm.nih.gov/articles/PMC12146931/,Letter,A,NO,NO,PENDING_FULL_TEXT,,NO,"Title/abstract screening alone does not establish effectiveness, causality, methodological quality, transferability to Brazilian public safety or an institutional recommendation."
EV-0300,40536551,5FWM3RN5,10.1097/corr.0000000000003590,Return to Running After Achilles Tendon Repair: How Do US Navy Service Members' Physical Readiness Tests Change After Undergoing an Achilles Tendon Repair?,FULL_TEXT_QUEUE,P1,11,4,5,1,1,PMC_AVAILABLE,https://pmc.ncbi.nlm.nih.gov/articles/PMC12517951/,Journal Article,A,NO,NO,PENDING_FULL_TEXT,,NO,"Title/abstract screening alone does not establish effectiveness, causality, methodological quality, transferability to Brazilian public safety or an institutional recommendation."
EV-0298,40544140,IKS3THWC,10.28920/dhm55.2.126-135,Effects of hyperbaric oxygen therapy initiation latency on auditory outcomes following acute acoustic trauma.,FULL_TEXT_QUEUE,P1,11,4,5,1,1,PMC_AVAILABLE,https://pmc.ncbi.nlm.nih.gov/articles/PMC12520991/,Journal Article,A,NO,NO,PENDING_FULL_TEXT,,NO,"Title/abstract screening alone does not establish effectiveness, causality, methodological quality, transferability to Brazilian public safety or an institutional recommendation."
EV-0290,40613059,LGJJ6KUU,,An Analysis of the U.S. Department of Defense's Military Health Readiness Assessments.,FULL_TEXT_QUEUE,P1,11,4,5,1,1,PMC_AVAILABLE,https://pmc.ncbi.nlm.nih.gov/articles/PMC12218374/,Journal Article,A,NO,NO,PENDING_FULL_TEXT,,NO,"Title/abstract screening alone does not establish effectiveness, causality, methodological quality, transferability to Brazilian public safety or an institutional recommendation."
EV-0289,40613065,TLPFGA3P,,The Army Combat Fitness Test (ACFT) and the Health of the Active Component: Understanding the Link Between the ACFT and Personnel Health and Injuries.,FULL_TEXT_QUEUE,P1,11,4,5,1,1,PMC_AVAILABLE,https://pmc.ncbi.nlm.nih.gov/articles/PMC12218373/,Journal Article,A,NO,NO,PENDING_FULL_TEXT,,NO,"Title/abstract screening alone does not establish effectiveness, causality, methodological quality, transferability to Brazilian public safety or an institutional recommendation."
EV-0285,40648871,BLZ32DBH,10.3390/jcm14134497,Headache Management in Military Primary Care: Findings from a Nationwide Cross-Sectional Study.,FULL_TEXT_QUEUE,P1,11,4,5,1,1,PMC_AVAILABLE,https://pmc.ncbi.nlm.nih.gov/articles/PMC12249774/,Journal Article,A,NO,NO,PENDING_FULL_TEXT,,NO,"Title/abstract screening alone does not establish effectiveness, causality, methodological quality, transferability to Brazilian public safety or an institutional recommendation."
EV-0280,40727769,UEIJBMUW,10.1021/acsomega.5c01493,HKUST‑1 Synthesis in PET Track-Etched Membranes via Conversion of Deposited Cu for Carbon Dioxide Capture.,FULL_TEXT_QUEUE,P1,11,4,6,1,0,PMC_AVAILABLE,https://pmc.ncbi.nlm.nih.gov/articles/PMC12290653/,Journal Article,B,NO,NO,PENDING_FULL_TEXT,,NO,"Title/abstract screening alone does not establish effectiveness, causality, methodological quality, transferability to Brazilian public safety or an institutional recommendation."
EV-0279,40744008,KL99FJS3,10.1016/j.str.2025.07.007,Sub-3 Å resolution protein structure determination by single-particle cryo-EM at 100 keV.,FULL_TEXT_QUEUE,P1,11,4,6,1,0,PMC_AVAILABLE,https://pmc.ncbi.nlm.nih.gov/articles/PMC12372669/,Journal Article,B,NO,NO,PENDING_FULL_TEXT,,NO,"Title/abstract screening alone does not establish effectiveness, causality, methodological quality, transferability to Brazilian public safety or an institutional recommendation."
EV-0275,40793976,KJITMU6N,10.57264/cer-2024-0180,Identification of treatment effect modifiers and prognostic factors in newly diagnosed and relapsed or refractory multiple myeloma.,FULL_TEXT_QUEUE,P1,11,4,6,1,0,PMC_AVAILABLE,https://pmc.ncbi.nlm.nih.gov/articles/PMC12465902/,"Journal Article | Research Support, Non-U.S. Gov't",B,NO,NO,PENDING_FULL_TEXT,,NO,"Title/abstract screening alone does not establish effectiveness, causality, methodological quality, transferability to Brazilian public safety or an institutional recommendation."
EV-0270,40813778,T7DFMXDB,10.1038/s41597-025-05646-w,TEMSET-24K: Densely Annotated Dataset for Indexing Multipart Endoscopic Videos using Surgical Timeline Segmentation.,FULL_TEXT_QUEUE,P1,11,4,6,1,0,PMC_AVAILABLE,https://pmc.ncbi.nlm.nih.gov/articles/PMC12354921/,Dataset | Journal Article,B,NO,NO,PENDING_FULL_TEXT,,NO,"Title/abstract screening alone does not establish effectiveness, causality, methodological quality, transferability to Brazilian public safety or an institutional recommendation."
EV-0269,40822867,FQAPUN54,10.1136/bmjno-2025-001218,Incidence of backpack palsy and neuralgic amyotrophy in the Dutch military population.,FULL_TEXT_QUEUE,P1,11,4,5,1,1,PMC_AVAILABLE,https://pmc.ncbi.nlm.nih.gov/articles/PMC12352234/,Journal Article,A,NO,NO,PENDING_FULL_TEXT,,NO,"Title/abstract screening alone does not establish effectiveness, causality, methodological quality, transferability to Brazilian public safety or an institutional recommendation."
EV-0267,40851794,UWYBREAL,10.2147/jpr.s535852,Acupotomy for Military Training-Induced Lumbar Radiculopathy with Sciatica: Protocol of a Randomized Controlled Trial.,FULL_TEXT_QUEUE,P1,11,4,5,1,1,PMC_AVAILABLE,https://pmc.ncbi.nlm.nih.gov/articles/PMC12367925/,Journal Article,A,NO,NO,PENDING_FULL_TEXT,,NO,"Title/abstract screening alone does not establish effectiveness, causality, methodological quality, transferability to Brazilian public safety or an institutional recommendation."
EV-0260,40910097,X6SQE647,10.70252/wuph8495,Comprehensive Fitness Assessment in a Professional Military Education Cohort: A Cross-Sectional Study.,FULL_TEXT_QUEUE,P1,11,4,5,1,1,PMC_AVAILABLE,https://pmc.ncbi.nlm.nih.gov/articles/PMC12408081/,Journal Article,A,NO,NO,PENDING_FULL_TEXT,,NO,"Title/abstract screening alone does not establish effectiveness, causality, methodological quality, transferability to Brazilian public safety or an institutional recommendation."
EV-0236,41079001,I5KAIIPE,10.70252/vrdk5031,"Low Energy Availability Prevalence, Dietary Habits, and Sleep in Female Army ROTC Cadets.",FULL_TEXT_QUEUE,P1,11,4,5,1,1,PMC_AVAILABLE,https://pmc.ncbi.nlm.nih.gov/articles/PMC12510702/,Journal Article,A,NO,NO,PENDING_FULL_TEXT,,NO,"Title/abstract screening alone does not establish effectiveness, causality, methodological quality, transferability to Brazilian public safety or an institutional recommendation."
EV-0233,41120662,N3BS6MRW,10.1038/s41598-025-20705-3,Effect of plastic packaging on lyophilized goulash and eggbarley with different types of meat.,FULL_TEXT_QUEUE,P1,11,4,5,1,1,PMC_AVAILABLE,https://pmc.ncbi.nlm.nih.gov/articles/PMC12540976/,Journal Article,A,NO,NO,PENDING_FULL_TEXT,,NO,"Title/abstract screening alone does not establish effectiveness, causality, methodological quality, transferability to Brazilian public safety or an institutional recommendation."
EV-0230,41136962,FBNB6P78,10.1186/s12889-025-23924-5,Psychological stress and physiological outcomes: investigating the impact of attention biases and emotional regulation in Chinese military service members.,FULL_TEXT_QUEUE,P1,11,4,5,1,1,PMC_AVAILABLE,https://pmc.ncbi.nlm.nih.gov/articles/PMC12551312/,Journal Article,A,NO,NO,PENDING_FULL_TEXT,,NO,"Title/abstract screening alone does not establish effectiveness, causality, methodological quality, transferability to Brazilian public safety or an institutional recommendation."
EV-0229,41146147,JGD5GGUW,10.1186/s12903-025-07068-x,Occupational health in aviation: a cross-sectional study of barodontalgia among Malaysian air force pilots.,FULL_TEXT_QUEUE,P1,11,4,5,1,1,PMC_AVAILABLE,https://pmc.ncbi.nlm.nih.gov/articles/PMC12560363/,Journal Article,A,NO,NO,PENDING_FULL_TEXT,,NO,"Title/abstract screening alone does not establish effectiveness, causality, methodological quality, transferability to Brazilian public safety or an institutional recommendation."
EV-0228,41154333,J7RP8W6Z,10.3390/healthcare13202655,Tracing How the Emergence of Chronic Pain Affects Military Identity: A Narrative Inquiry of Pain Trajectories Among Canadian Veterans.,FULL_TEXT_QUEUE,P1,11,4,5,1,1,PMC_AVAILABLE,https://pmc.ncbi.nlm.nih.gov/articles/PMC12564806/,Journal Article,A,NO,NO,PENDING_FULL_TEXT,,NO,"Title/abstract screening alone does not establish effectiveness, causality, methodological quality, transferability to Brazilian public safety or an institutional recommendation."
EV-0216,41228103,RADME75Y,10.3390/healthcare13212736,"Incidental Findings on Abdominopelvic CT in Young Korean Soldiers: Prevalence, Clinical Relevance, and Healthcare System Implications.",FULL_TEXT_QUEUE,P1,11,4,5,1,1,PMC_AVAILABLE,https://pmc.ncbi.nlm.nih.gov/articles/PMC12609386/,Journal Article,A,NO,NO,PENDING_FULL_TEXT,,NO,"Title/abstract screening alone does not establish effectiveness, causality, methodological quality, transferability to Brazilian public safety or an institutional recommendation."
EV-0198,41346760,HCGKKRE9,10.3389/fpubh.2025.1676193,Development of a military mental health training program aiming to promote mental health and operational readiness in the Danish armed forces: an intervention mapping approach.,FULL_TEXT_QUEUE,P1,11,4,5,1,1,PMC_AVAILABLE,https://pmc.ncbi.nlm.nih.gov/articles/PMC12673934/,Journal Article,A,NO,NO,PENDING_FULL_TEXT,,NO,"Title/abstract screening alone does not establish effectiveness, causality, methodological quality, transferability to Brazilian public safety or an institutional recommendation."
EV-0197,41346888,GJ7FT99U,10.7759/cureus.95954,Anaphylaxis Secondary to Aeroallergen Immunotherapy in a Military Member.,FULL_TEXT_QUEUE,P1,11,4,5,1,1,PMC_AVAILABLE,https://pmc.ncbi.nlm.nih.gov/articles/PMC12672959/,Case Reports | Journal Article,A,NO,NO,PENDING_FULL_TEXT,,NO,"Title/abstract screening alone does not establish effectiveness, causality, methodological quality, transferability to Brazilian public safety or an institutional recommendation."
EV-0193,41367387,BC8L7IV2,10.3389/fphys.2025.1643371,Variations in mood states among Brazilian air force pilots: a crossover analysis between operational and aerobatic flight missions.,FULL_TEXT_QUEUE,P1,11,4,5,1,1,PMC_AVAILABLE,https://pmc.ncbi.nlm.nih.gov/articles/PMC12683274/,Journal Article,A,NO,NO,PENDING_FULL_TEXT,,NO,"Title/abstract screening alone does not establish effectiveness, causality, methodological quality, transferability to Brazilian public safety or an institutional recommendation."
EV-0189,41395379,YZPFTY5D,10.1063/4.0000782,Advancing ultrafast (S)TEM with the combination of an RF cavity and an electrostatic beam blanker.,FULL_TEXT_QUEUE,P1,11,4,6,1,0,PMC_AVAILABLE,https://pmc.ncbi.nlm.nih.gov/articles/PMC12700657/,Journal Article,B,NO,NO,PENDING_FULL_TEXT,,NO,"Title/abstract screening alone does not establish effectiveness, causality, methodological quality, transferability to Brazilian public safety or an institutional recommendation."
EV-0188,41398547,HVURCN4U,10.1007/s40279-025-02375-3,Establishing Suitable Bra Characteristics for Tactical Athletes: A Mixed-Method Multi-Study Approach.,FULL_TEXT_QUEUE,P1,11,4,5,1,1,PMC_AVAILABLE,https://pmc.ncbi.nlm.nih.gov/articles/PMC13198511/,"Journal Article | Research Support, Non-U.S. Gov't",A,NO,NO,PENDING_FULL_TEXT,,NO,"Title/abstract screening alone does not establish effectiveness, causality, methodological quality, transferability to Brazilian public safety or an institutional recommendation."
EV-0187,41398761,92USKF23,10.1097/md.0000000000046380,Dental health as a determinant of operational readiness in military populations: Evidence from Ceuta (Spain).,FULL_TEXT_QUEUE,P1,11,4,5,1,1,PMC_AVAILABLE,https://pmc.ncbi.nlm.nih.gov/articles/PMC12708087/,Journal Article | Observational Study,A,NO,NO,PENDING_FULL_TEXT,,NO,"Title/abstract screening alone does not establish effectiveness, causality, methodological quality, transferability to Brazilian public safety or an institutional recommendation."
EV-0186,41405224,FCPM342M,10.1128/spectrum.00474-25,Microbiome dynamics in the congregate environment of U.S. Army Infantry training.,FULL_TEXT_QUEUE,P1,11,4,5,1,1,PMC_AVAILABLE,https://pmc.ncbi.nlm.nih.gov/articles/PMC12889126/,Journal Article,A,NO,NO,PENDING_FULL_TEXT,,NO,"Title/abstract screening alone does not establish effectiveness, causality, methodological quality, transferability to Brazilian public safety or an institutional recommendation."
EV-0182,41441821,9LM3NAKG,10.1093/milmed/usaf600,Obesity and Health Risk Factors in Czech Artillery Soldiers.,FULL_TEXT_QUEUE,P1,11,4,5,1,1,PMC_AVAILABLE,https://pmc.ncbi.nlm.nih.gov/articles/PMC13331485/,"Journal Article | Research Support, Non-U.S. Gov't",A,NO,NO,PENDING_FULL_TEXT,,NO,"Title/abstract screening alone does not establish effectiveness, causality, methodological quality, transferability to Brazilian public safety or an institutional recommendation."
EV-0164,41576259,XBIVSVIR,10.1519/jsc.0000000000005275,The Effectiveness of a 10-Week Concurrent Strength and Endurance Training Program on the Physical Readiness of Trained British Army Soldiers.,FULL_TEXT_QUEUE,P1,11,2,5,3,1,DISCOVERY_REQUIRED,https://doi.org/10.1519/jsc.0000000000005275,Journal Article | Randomized Controlled Trial,A,NO,NO,PENDING_FULL_TEXT,,NO,"Title/abstract screening alone does not establish effectiveness, causality, methodological quality, transferability to Brazilian public safety or an institutional recommendation."
EV-0156,41683763,MUE68BHC,10.3390/ijms27031340,COMT and ACE (Epi)genetic Variation Is Associated with Cognitive and Metabolic Resilience in Swiss Tactical Athletes.,FULL_TEXT_QUEUE,P1,11,4,5,1,1,PMC_AVAILABLE,https://pmc.ncbi.nlm.nih.gov/articles/PMC12898589/,Journal Article,A,NO,NO,PENDING_FULL_TEXT,,NO,"Title/abstract screening alone does not establish effectiveness, causality, methodological quality, transferability to Brazilian public safety or an institutional recommendation."
EV-0153,41703548,AQA86FUR,10.1186/s12891-026-09638-8,Recovery outcomes for military personnel undergoing surgery for lumbar spinal stenosis induced by physical overload: a retrospective study.,FULL_TEXT_QUEUE,P1,11,4,5,1,1,PMC_AVAILABLE,https://pmc.ncbi.nlm.nih.gov/articles/PMC13020331/,Journal Article,A,NO,NO,PENDING_FULL_TEXT,,NO,"Title/abstract screening alone does not establish effectiveness, causality, methodological quality, transferability to Brazilian public safety or an institutional recommendation."
EV-0141,41839180,HI7H8R2B,10.1249/mss.0000000000003972,Effectiveness of Structured Breathwork Interventions on Heart Rate Variability and Heart Rate Recovery Following Maximal Exertion in Tactical Athletes.,FULL_TEXT_QUEUE,P1,11,2,5,3,1,DISCOVERY_REQUIRED,https://doi.org/10.1249/mss.0000000000003972,Journal Article | Randomized Controlled Trial,A,NO,NO,PENDING_FULL_TEXT,,NO,"Title/abstract screening alone does not establish effectiveness, causality, methodological quality, transferability to Brazilian public safety or an institutional recommendation."
EV-0131,41889792,IRYLTMH9,10.3389/fphys.2026.1766008,Combined inspiratory muscle and lower limb resistance training enhances cardiopulmonary function in military personnel.,FULL_TEXT_QUEUE,P1,11,4,5,1,1,PMC_AVAILABLE,https://pmc.ncbi.nlm.nih.gov/articles/PMC13012906/,Journal Article,A,NO,NO,PENDING_FULL_TEXT,,NO,"Title/abstract screening alone does not establish effectiveness, causality, methodological quality, transferability to Brazilian public safety or an institutional recommendation."
EV-0119,41985434,8JSQ285A,10.1016/j.hjdsi.2026.100780,Building a tactical medical chatbot for conflict and low-resource settings: A low-code platform approach.,FULL_TEXT_QUEUE,P1,11,2,7,1,1,DISCOVERY_REQUIRED,https://doi.org/10.1016/j.hjdsi.2026.100780,Journal Article,B,NO,NO,PENDING_FULL_TEXT,,NO,"Title/abstract screening alone does not establish effectiveness, causality, methodological quality, transferability to Brazilian public safety or an institutional recommendation."
EV-0110,42065716,HGDXRZQD,10.55460/j.spec.oper.med.2026.izss-ubun,"Evaluating Emissions Signatures of Handheld Ultrasound in Tactical Medicine: Operational Risk, Detection Threats, and Mitigation Strategies.",FULL_TEXT_QUEUE,P1,11,2,7,1,1,DISCOVERY_REQUIRED,https://doi.org/10.55460/j.spec.oper.med.2026.izss-ubun,Journal Article,B,NO,NO,PENDING_FULL_TEXT,,NO,"Title/abstract screening alone does not establish effectiveness, causality, methodological quality, transferability to Brazilian public safety or an institutional recommendation."
EV-0100,42111882,4S6CZXRC,10.1016/j.mjafi.2024.10.007,Endoscopic pilonidal sinus treatment (EPSiT): A modern answer to an age-old problem.,FULL_TEXT_QUEUE,P1,11,4,5,1,1,PMC_AVAILABLE,https://pmc.ncbi.nlm.nih.gov/articles/PMC13153830/,Journal Article,A,NO,NO,PENDING_FULL_TEXT,,NO,"Title/abstract screening alone does not establish effectiveness, causality, methodological quality, transferability to Brazilian public safety or an institutional recommendation."
EV-0081,42280200,4I8JVXWN,10.3390/molecules31111898,Preparation and Catalytic Performance Study of TiO2-Based Composite Photocatalysts Containing Natural Green CQDs.,FULL_TEXT_QUEUE,P1,11,4,6,1,0,PMC_AVAILABLE,https://pmc.ncbi.nlm.nih.gov/articles/PMC13257940/,Journal Article,B,NO,NO,PENDING_FULL_TEXT,,NO,"Title/abstract screening alone does not establish effectiveness, causality, methodological quality, transferability to Brazilian public safety or an institutional recommendation."
EV-0078,42299138,7SSBZ5B8,10.3346/jkms.2026.41.e163,Teleophthalmology in the Korean Military: An 8-Year Review of Patients Admitted to the Military Telemedicine Team.,FULL_TEXT_QUEUE,P1,11,4,5,1,1,PMC_AVAILABLE,https://pmc.ncbi.nlm.nih.gov/articles/PMC13269811/,Journal Article,A,NO,NO,PENDING_FULL_TEXT,,NO,"Title/abstract screening alone does not establish effectiveness, causality, methodological quality, transferability to Brazilian public safety or an institutional recommendation."
EV-0076,42312763,NSW44PR5,10.1016/j.jacadv.2026.102785,Sex-Specific Cardiovascular Strain During Heat Acclimation in Tactical Athletes.,FULL_TEXT_QUEUE,P1,11,4,5,1,1,PMC_AVAILABLE,https://pmc.ncbi.nlm.nih.gov/articles/PMC13309316/,Journal Article,A,NO,NO,PENDING_FULL_TEXT,,NO,"Title/abstract screening alone does not establish effectiveness, causality, methodological quality, transferability to Brazilian public safety or an institutional recommendation."
EV-0064,42391276,47FHHBY3,10.1371/journal.pntd.0014441,Prevalence and risk factors of asymptomatic Plasmodium spp. infection in the military population of the Colombian National Army.,FULL_TEXT_QUEUE,P1,11,4,5,1,1,PMC_AVAILABLE,https://pmc.ncbi.nlm.nih.gov/articles/PMC13349293/,Journal Article,A,NO,NO,PENDING_FULL_TEXT,,NO,"Title/abstract screening alone does not establish effectiveness, causality, methodological quality, transferability to Brazilian public safety or an institutional recommendation."
EV-0061,42404335,D9YBSUE4,10.3389/fspor.2026.1879693,Exploring the effects of holistic performance training in tactical athletes: a pilot longitudinal study of the game plan training programming.,FULL_TEXT_QUEUE,P1,11,4,5,1,1,PMC_AVAILABLE,https://pmc.ncbi.nlm.nih.gov/articles/PMC13333175/,Journal Article,A,NO,NO,PENDING_FULL_TEXT,,NO,"Title/abstract screening alone does not establish effectiveness, causality, methodological quality, transferability to Brazilian public safety or an institutional recommendation."
EV-0060,42404340,WWIHRICU,10.3389/fendo.2026.1844924,"Prevalence, patterns and motives for hormonal contraceptive use among German servicewomen: results from a nationwide survey.",FULL_TEXT_QUEUE,P1,11,4,5,1,1,PMC_AVAILABLE,https://pmc.ncbi.nlm.nih.gov/articles/PMC13327855/,Journal Article,A,NO,NO,PENDING_FULL_TEXT,,NO,"Title/abstract screening alone does not establish effectiveness, causality, methodological quality, transferability to Brazilian public safety or an institutional recommendation."
EV-0046,42513241,FEE8DAL8,10.3390/jcm15145327,From Cure to Combat: Deployment After Lymphoma.,FULL_TEXT_QUEUE,P1,11,4,5,1,1,PMC_AVAILABLE,https://pmc.ncbi.nlm.nih.gov/articles/PMC13410925/,Journal Article,A,NO,NO,PENDING_FULL_TEXT,,NO,"Title/abstract screening alone does not establish effectiveness, causality, methodological quality, transferability to Brazilian public safety or an institutional recommendation."
EV-0043,42524425,XH93SGZV,10.3389/fspor.2026.1861009,Physical and mental load of tactical athletes during Arctic military training.,FULL_TEXT_QUEUE,P1,11,4,5,1,1,PMC_AVAILABLE,https://pmc.ncbi.nlm.nih.gov/articles/PMC13410677/,Journal Article,A,NO,NO,PENDING_FULL_TEXT,,NO,"Title/abstract screening alone does not establish effectiveness, causality, methodological quality, transferability to Brazilian public safety or an institutional recommendation."
EV-0037,42536945,RFPB8MW4,10.36740/wlek/222578,Resilience and professional identity of medical students during wartime: The Ukrainian experience.,FULL_TEXT_QUEUE,P1,11,2,7,1,1,DISCOVERY_REQUIRED,https://doi.org/10.36740/wlek/222578,Journal Article,B,NO,NO,PENDING_FULL_TEXT,,NO,"Title/abstract screening alone does not establish effectiveness, causality, methodological quality, transferability to Brazilian public safety or an institutional recommendation."
EV-0030,42560205,VJ85HKPK,10.1093/milmed/usag272,On-Body Measure of Reaction Time Provides Real-time Triage of Impairment.,FULL_TEXT_QUEUE,P1,11,4,5,1,1,PMC_AVAILABLE,https://pmc.ncbi.nlm.nih.gov/articles/PMC13445611/,Journal Article,A,NO,NO,PENDING_FULL_TEXT,,NO,"Title/abstract screening alone does not establish effectiveness, causality, methodological quality, transferability to Brazilian public safety or an institutional recommendation."
EV-0029,42560206,2JCHS3NI,10.1093/milmed/usag193,Use of Peer-Based Motivational Interviewing to Reduce Alcohol Use and Sexual Violence Among U.S. Sailors: A Feasibility Study.,FULL_TEXT_QUEUE,P1,11,4,5,1,1,PMC_AVAILABLE,https://pmc.ncbi.nlm.nih.gov/articles/PMC13445626/,Journal Article,A,NO,NO,PENDING_FULL_TEXT,,NO,"Title/abstract screening alone does not establish effectiveness, causality, methodological quality, transferability to Brazilian public safety or an institutional recommendation."
EV-0027,42560220,L3NEIF3E,10.1093/milmed/usaf630,Effects of Neurostimulation With Blood Flow Restriction on Physical and Mental Health-Related Quality of Life in Military Personnel With Patellofemoral Pain Syndrome: Secondary Data Analysis.,FULL_TEXT_QUEUE,P1,11,2,5,3,1,DISCOVERY_REQUIRED,https://doi.org/10.1093/milmed/usaf630,Journal Article | Randomized Controlled Trial,A,NO,NO,PENDING_FULL_TEXT,,NO,"Title/abstract screening alone does not establish effectiveness, causality, methodological quality, transferability to Brazilian public safety or an institutional recommendation."
EV-0014,42583191,KZ8CDGSF,10.3389/fphys.2026.1904857,Phase angle identifies a muscle quality phenotype associated with physical performance in U.S. marines.,FULL_TEXT_QUEUE,P1,11,4,5,1,1,PMC_AVAILABLE,https://pmc.ncbi.nlm.nih.gov/articles/PMC13459097/,Journal Article,A,NO,NO,PENDING_FULL_TEXT,,NO,"Title/abstract screening alone does not establish effectiveness, causality, methodological quality, transferability to Brazilian public safety or an institutional recommendation."
EV-0013,42589357,XNBWQ4VP,10.3390/ijms27156700,Enhanced Oral Delivery of Turmeric Extract via Spray-Dried Microparticles: Biopharmaceutical Performance and In Vitro Microbiota Modulation.,FULL_TEXT_QUEUE,P1,11,4,6,1,0,PMC_AVAILABLE,https://pmc.ncbi.nlm.nih.gov/articles/PMC13467110/,Journal Article,B,NO,NO,PENDING_FULL_TEXT,,NO,"Title/abstract screening alone does not establish effectiveness, causality, methodological quality, transferability to Brazilian public safety or an institutional recommendation."
EV-0008,42614648,MXBJDKL4,10.1039/d6ra05068a,Electrochemical sensors based on track-etched membranes for rare earth and heavy metal ion detection.,FULL_TEXT_QUEUE,P1,11,4,6,1,0,PMC_AVAILABLE,https://pmc.ncbi.nlm.nih.gov/articles/PMC13482902/,Journal Article,B,NO,NO,PENDING_FULL_TEXT,,NO,"Title/abstract screening alone does not establish effectiveness, causality, methodological quality, transferability to Brazilian public safety or an institutional recommendation."
EV-1407,11012823,9MSSCPRK,10.1046/j.1365-2818.2000.00737.x,Digital imaging in transmission electron microscopy.,FULL_TEXT_QUEUE,P1,10,2,6,2,0,DISCOVERY_REQUIRED,https://doi.org/10.1046/j.1365-2818.2000.00737.x,"Journal Article | Research Support, U.S. Gov't, Non-P.H.S. | Research Support, U.S. Gov't, P.H.S. | Review",B,NO,NO,PENDING_FULL_TEXT,,NO,"Title/abstract screening alone does not establish effectiveness, causality, methodological quality, transferability to Brazilian public safety or an institutional recommendation."
EV-1381,15242293,J88KWJJW,,Separation and recovery of radioactive and non-radioactive toxic trace elements from aqueous industrial effluents.,FULL_TEXT_QUEUE,P1,10,0,8,2,0,DISCOVERY_REQUIRED,https://pubmed.ncbi.nlm.nih.gov/15242293/,Journal Article | Review,B,NO,NO,PENDING_FULL_TEXT,,NO,"Title/abstract screening alone does not establish effectiveness, causality, methodological quality, transferability to Brazilian public safety or an institutional recommendation."
EV-1361,17274258,JBE57LBG,10.7205/milmed.172.1.9,Women in war: operational issues of menstruation and unintended pregnancy.,FULL_TEXT_QUEUE,P1,10,2,5,2,1,DISCOVERY_REQUIRED,https://doi.org/10.7205/milmed.172.1.9,Journal Article | Review,A,NO,NO,PENDING_FULL_TEXT,,NO,"Title/abstract screening alone does not establish effectiveness, causality, methodological quality, transferability to Brazilian public safety or an institutional recommendation."
EV-1322,20222896,UYKNY6BX,10.1111/j.1469-0691.2009.03132.x,The past and present threat of vector-borne diseases in deployed troops.,FULL_TEXT_QUEUE,P1,10,2,5,2,1,DISCOVERY_REQUIRED,https://doi.org/10.1111/j.1469-0691.2009.03132.x,Journal Article | Review,A,NO,NO,PENDING_FULL_TEXT,,NO,"Title/abstract screening alone does not establish effectiveness, causality, methodological quality, transferability to Brazilian public safety or an institutional recommendation."
EV-1295,22071400,CSMLBSVE,10.1249/jsr.0b013e318237bf8a,Consortium for Health and Military Performance and American College of Sports Medicine consensus paper on extreme conditioning programs in military personnel.,FULL_TEXT_QUEUE,P1,10,2,5,2,1,DISCOVERY_REQUIRED,https://doi.org/10.1249/jsr.0b013e318237bf8a,Consensus Statement | Journal Article,A,NO,NO,PENDING_FULL_TEXT,,NO,"Title/abstract screening alone does not establish effectiveness, causality, methodological quality, transferability to Brazilian public safety or an institutional recommendation."
EV-1287,22643136,2QDAYNQY,10.1519/jsc.0b013e31825ced6c,Body composition and military performance--many things to many people.,FULL_TEXT_QUEUE,P1,10,2,5,2,1,DISCOVERY_REQUIRED,https://doi.org/10.1519/jsc.0b013e31825ced6c,Journal Article | Review,A,NO,NO,PENDING_FULL_TEXT,,NO,"Title/abstract screening alone does not establish effectiveness, causality, methodological quality, transferability to Brazilian public safety or an institutional recommendation."
EV-1276,22953438,4W2DXREA,10.7205/milmed-d-12-00139,Epidemiology and prevention of substance use disorders in the military.,FULL_TEXT_QUEUE,P1,10,2,5,2,1,DISCOVERY_REQUIRED,https://doi.org/10.7205/milmed-d-12-00139,Journal Article | Review,A,NO,NO,PENDING_FULL_TEXT,,NO,"Title/abstract screening alone does not establish effectiveness, causality, methodological quality, transferability to Brazilian public safety or an institutional recommendation."
EV-1200,25121201,MJ6LTKKU,10.17226/5257,The Program for Research in Military Nursing: Progress and Future Direction,FULL_TEXT_QUEUE,P1,10,2,5,2,1,DISCOVERY_REQUIRED,https://doi.org/10.17226/5257,Review | Book,A,NO,NO,PENDING_FULL_TEXT,,NO,"Title/abstract screening alone does not establish effectiveness, causality, methodological quality, transferability to Brazilian public safety or an institutional recommendation."
EV-1158,26506171,62QDPHRC,10.1519/jsc.0000000000001089,Physical Training Strategies for Military Women's Performance Optimization in Combat-Centric Occupations.,FULL_TEXT_QUEUE,P1,10,2,5,2,1,DISCOVERY_REQUIRED,https://doi.org/10.1519/jsc.0000000000001089,Journal Article | Review,A,NO,NO,PENDING_FULL_TEXT,,NO,"Title/abstract screening alone does not establish effectiveness, causality, methodological quality, transferability to Brazilian public safety or an institutional recommendation."
EV-1144,26903142,UUXKUFAL,10.1017/s1049023x16000157,"Disaster Preparedness among Active Duty Personnel, Retirees, Veterans, and Dependents.",FULL_TEXT_QUEUE,P1,10,4,5,1,0,PMC_AVAILABLE,https://pmc.ncbi.nlm.nih.gov/articles/PMC5069973/,"Journal Article | Research Support, N.I.H., Extramural",A,NO,NO,PENDING_FULL_TEXT,,NO,"Title/abstract screening alone does not establish effectiveness, causality, methodological quality, transferability to Brazilian public safety or an institutional recommendation."
EV-1128,27474034,WHKVUPPV,10.1186/s12891-016-1172-y,Risk factors for back pain in marines; a prospective cohort study.,FULL_TEXT_QUEUE,P1,10,4,5,1,0,PMC_AVAILABLE,https://pmc.ncbi.nlm.nih.gov/articles/PMC4966738/,"Journal Article | Research Support, Non-U.S. Gov't",A,NO,NO,PENDING_FULL_TEXT,,NO,"Title/abstract screening alone does not establish effectiveness, causality, methodological quality, transferability to Brazilian public safety or an institutional recommendation."
EV-1027,29555069,DVTEZAWC,10.1016/bs.afnr.2017.12.003,Effects of β-Alanine Supplementation on Carnosine Elevation and Physiological Performance.,FULL_TEXT_QUEUE,P1,10,2,5,2,1,DISCOVERY_REQUIRED,https://doi.org/10.1016/bs.afnr.2017.12.003,Journal Article | Review,A,NO,NO,PENDING_FULL_TEXT,,NO,"Title/abstract screening alone does not establish effectiveness, causality, methodological quality, transferability to Brazilian public safety or an institutional recommendation."
EV-0944,31361717,7LNMW8IU,10.1097/jsa.0000000000000253,Multiligamentous Knee Injuries in the Military Tactical Athlete.,FULL_TEXT_QUEUE,P1,10,2,5,2,1,DISCOVERY_REQUIRED,https://doi.org/10.1097/jsa.0000000000000253,Journal Article | Review,A,NO,NO,PENDING_FULL_TEXT,,NO,"Title/abstract screening alone does not establish effectiveness, causality, methodological quality, transferability to Brazilian public safety or an institutional recommendation."
EV-0942,31361719,4GXJU5FZ,10.1097/jsa.0000000000000248,The Warrior Model for Human Performance Optimization.,FULL_TEXT_QUEUE,P1,10,2,5,2,1,DISCOVERY_REQUIRED,https://doi.org/10.1097/jsa.0000000000000248,Journal Article | Review,A,NO,NO,PENDING_FULL_TEXT,,NO,"Title/abstract screening alone does not establish effectiveness, causality, methodological quality, transferability to Brazilian public safety or an institutional recommendation."
EV-0932,31555495,MIN5PI3I,10.7759/cureus.5209,Simulator Availability in Meeting the Requirements of United States Army Ophthalmology Individual Critical Task Lists.,FULL_TEXT_QUEUE,P1,10,4,5,1,0,PMC_AVAILABLE,https://pmc.ncbi.nlm.nih.gov/articles/PMC6759425/,Journal Article,A,NO,NO,PENDING_FULL_TEXT,,NO,"Title/abstract screening alone does not establish effectiveness, causality, methodological quality, transferability to Brazilian public safety or an institutional recommendation."
EV-0847,33118099,JTXEECZW,10.1007/s13668-020-00336-y,Comparison of Energy and Nutrient Intake vs. Estimated Needs in Warfighters: an Update.,FULL_TEXT_QUEUE,P1,10,2,5,2,1,DISCOVERY_REQUIRED,https://doi.org/10.1007/s13668-020-00336-y,Journal Article | Review,A,NO,NO,PENDING_FULL_TEXT,,NO,"Title/abstract screening alone does not establish effectiveness, causality, methodological quality, transferability to Brazilian public safety or an institutional recommendation."
EV-0807,33651863,72WJ33XY,10.12788/cutis.0153,Skin cancer in the US Military.,FULL_TEXT_QUEUE,P1,10,2,5,2,1,DISCOVERY_REQUIRED,https://doi.org/10.12788/cutis.0153,Journal Article | Review,A,NO,NO,PENDING_FULL_TEXT,,NO,"Title/abstract screening alone does not establish effectiveness, causality, methodological quality, transferability to Brazilian public safety or an institutional recommendation."
EV-0759,34593729,9G67D4B4,10.1519/jsc.0000000000004142,Military Body Composition Standards and Physical Performance: Historical Perspectives and Future Directions.,FULL_TEXT_QUEUE,P1,10,2,5,2,1,DISCOVERY_REQUIRED,https://doi.org/10.1519/jsc.0000000000004142,Journal Article | Review,A,NO,NO,PENDING_FULL_TEXT,,NO,"Title/abstract screening alone does not establish effectiveness, causality, methodological quality, transferability to Brazilian public safety or an institutional recommendation."
EV-0713,35262313,B9NDCU8R,10.24095/hpcdp.42.3.05,Well-being of Canadian Armed Forces members during the COVID-19 pandemic: the influence of positive health behaviours.,FULL_TEXT_QUEUE,P1,10,4,5,1,0,PMC_AVAILABLE,https://pmc.ncbi.nlm.nih.gov/articles/PMC9022951/,Journal Article,A,NO,NO,PENDING_FULL_TEXT,,NO,"Title/abstract screening alone does not establish effectiveness, causality, methodological quality, transferability to Brazilian public safety or an institutional recommendation."
EV-0654,36350626,AUP676R7,10.1093/milmed/usac333,COVID-19 Vaccination in a Military Population: Evaluation of a Quality Improvement Initiative to Increase Vaccine Confidence and Reduce Hesitancy.,FULL_TEXT_QUEUE,P1,10,2,5,2,1,DISCOVERY_REQUIRED,https://doi.org/10.1093/milmed/usac333,Journal Article | Review,A,NO,NO,PENDING_FULL_TEXT,,NO,"Title/abstract screening alone does not establish effectiveness, causality, methodological quality, transferability to Brazilian public safety or an institutional recommendation."
EV-0635,36623995,JC2V8AQC,10.1016/j.jsams.2022.12.006,Biomarkers for warfighter safety and performance in hot and cold environments.,FULL_TEXT_QUEUE,P1,10,2,5,2,1,DISCOVERY_REQUIRED,https://doi.org/10.1016/j.jsams.2022.12.006,Journal Article | Review,A,NO,NO,PENDING_FULL_TEXT,,NO,"Title/abstract screening alone does not establish effectiveness, causality, methodological quality, transferability to Brazilian public safety or an institutional recommendation."
EV-0617,36889820,UNHJH9KM,10.1136/military-2022-002326,Victorian Institute of Sport Assessment-Achilles thresholds for minimal important change and return to presymptom activity level in active soldiers with mid-portion Achilles tendinopathy.,FULL_TEXT_QUEUE,P1,10,4,5,1,0,PMC_AVAILABLE,https://pmc.ncbi.nlm.nih.gov/articles/PMC11672044/,Journal Article,A,NO,NO,PENDING_FULL_TEXT,,NO,"Title/abstract screening alone does not establish effectiveness, causality, methodological quality, transferability to Brazilian public safety or an institutional recommendation."
EV-0591,37333673,MVK9DL4N,,Alternative Approaches for Expanding the Air Force's Task Force True North Program.,FULL_TEXT_QUEUE,P1,10,4,5,1,0,PMC_AVAILABLE,https://pmc.ncbi.nlm.nih.gov/articles/PMC10273886/,Journal Article,A,NO,NO,PENDING_FULL_TEXT,,NO,"Title/abstract screening alone does not establish effectiveness, causality, methodological quality, transferability to Brazilian public safety or an institutional recommendation."
EV-0480,38661470,MXMDNZVL,10.1080/08995605.2023.2177470,A social-ecological examination of sleep among Airmen in technical training.,FULL_TEXT_QUEUE,P1,10,4,5,1,0,PMC_AVAILABLE,https://pmc.ncbi.nlm.nih.gov/articles/PMC11057661/,Journal Article,A,NO,NO,PENDING_FULL_TEXT,,NO,"Title/abstract screening alone does not establish effectiveness, causality, methodological quality, transferability to Brazilian public safety or an institutional recommendation."
EV-0476,38700415,MZFTKXFB,10.1039/d3mh02181e,High-entropy materials for thermoelectric applications: towards performance and reliability.,FULL_TEXT_QUEUE,P1,10,2,6,2,0,DISCOVERY_REQUIRED,https://doi.org/10.1039/d3mh02181e,Journal Article | Review,B,NO,NO,PENDING_FULL_TEXT,,NO,"Title/abstract screening alone does not establish effectiveness, causality, methodological quality, transferability to Brazilian public safety or an institutional recommendation."
EV-0466,38865657,ZNWU8DP6,10.55460/7xcz-3wir,Maritime Applications of Prolonged Casualty Care Sepsis on a Destroyer During Distributed Maritime Operations.,FULL_TEXT_QUEUE,P1,10,2,7,1,0,DISCOVERY_REQUIRED,https://doi.org/10.55460/7xcz-3wir,Journal Article,B,NO,NO,PENDING_FULL_TEXT,,NO,"Title/abstract screening alone does not establish effectiveness, causality, methodological quality, transferability to Brazilian public safety or an institutional recommendation."
EV-0442,39074192,Y9T39Q3Q,10.1519/jsc.0000000000004840,What About Water? Implications for Body Composition Assessment in Military Personnel.,FULL_TEXT_QUEUE,P1,10,2,5,2,1,DISCOVERY_REQUIRED,https://doi.org/10.1519/jsc.0000000000004840,Journal Article | Review,A,NO,NO,PENDING_FULL_TEXT,,NO,"Title/abstract screening alone does not establish effectiveness, causality, methodological quality, transferability to Brazilian public safety or an institutional recommendation."
EV-0440,39115006,YG4XJ4RW,,[PREVENTING SECONDARY TRAUMATIZATION IN MAGEN DAVID ADOM FIRST RESPONDERS DURING THE IRON SWORDS WAR: AN INTERIM REPORT].,FULL_TEXT_QUEUE,P1,10,0,5,1,4,DISCOVERY_REQUIRED,https://pubmed.ncbi.nlm.nih.gov/39115006/,Journal Article,A,NO,NO,PENDING_FULL_TEXT,,NO,"Title/abstract screening alone does not establish effectiveness, causality, methodological quality, transferability to Brazilian public safety or an institutional recommendation."
EV-0419,39255240,Z8SVXJBI,10.1093/milmed/usae415,A Review of Force Health Protection Aspects of Lyme Disease in the U.S. Military.,FULL_TEXT_QUEUE,P1,10,2,5,2,1,DISCOVERY_REQUIRED,https://doi.org/10.1093/milmed/usae415,Journal Article | Review,A,NO,NO,PENDING_FULL_TEXT,,NO,"Title/abstract screening alone does not establish effectiveness, causality, methodological quality, transferability to Brazilian public safety or an institutional recommendation."
EV-0345,40086099,7K6NVI3M,10.1016/j.ajp.2025.104442,"Enhancing psychological training in military personnel: Modern approaches, systemic assessments and hands-on recommendations.",FULL_TEXT_QUEUE,P1,10,2,5,2,1,DISCOVERY_REQUIRED,https://doi.org/10.1016/j.ajp.2025.104442,Journal Article | Review,A,NO,NO,PENDING_FULL_TEXT,,NO,"Title/abstract screening alone does not establish effectiveness, causality, methodological quality, transferability to Brazilian public safety or an institutional recommendation."
EV-0312,40416902,BUKD73KS,10.3389/fnhum.2025.1542422,SMART accelerates rate of cognitive gains in service members with mTBI and PTSD.,FULL_TEXT_QUEUE,P1,10,4,5,1,0,PMC_AVAILABLE,https://pmc.ncbi.nlm.nih.gov/articles/PMC12098106/,Journal Article,A,NO,NO,PENDING_FULL_TEXT,,NO,"Title/abstract screening alone does not establish effectiveness, causality, methodological quality, transferability to Brazilian public safety or an institutional recommendation."
EV-0310,40442982,ZLIR6VF8,10.1093/bmb/ldaf005,Loaded marches: the military safe and effective tool to combat readiness.,FULL_TEXT_QUEUE,P1,10,2,5,2,1,DISCOVERY_REQUIRED,https://doi.org/10.1093/bmb/ldaf005,Journal Article | Review,A,NO,NO,PENDING_FULL_TEXT,,NO,"Title/abstract screening alone does not establish effectiveness, causality, methodological quality, transferability to Brazilian public safety or an institutional recommendation."
EV-0297,40552987,R788P8BV,10.55460/rng3-bmbc,Maritime Applications of Prolonged Casualty Care: Drowning and Hypothermia on an Amphibious Warship.,FULL_TEXT_QUEUE,P1,10,2,7,1,0,DISCOVERY_REQUIRED,https://doi.org/10.55460/rng3-bmbc,Journal Article,B,NO,NO,PENDING_FULL_TEXT,,NO,"Title/abstract screening alone does not establish effectiveness, causality, methodological quality, transferability to Brazilian public safety or an institutional recommendation."
EV-0296,40560781,H5AIC5CA,10.1080/21507740.2025.2519454,The Unfinished War: Ethical Challenges in Enhanced Warfighter Reintegration and Long-Term Care.,FULL_TEXT_QUEUE,P1,10,2,5,2,1,DISCOVERY_REQUIRED,https://doi.org/10.1080/21507740.2025.2519454,Journal Article | Review,A,NO,NO,PENDING_FULL_TEXT,,NO,"Title/abstract screening alone does not establish effectiveness, causality, methodological quality, transferability to Brazilian public safety or an institutional recommendation."
EV-0292,40581606,Q4QYZYQU,10.1093/milmed/usaf260,An Analysis of Research Trends on Sleep Hygiene in Soldiers Using a Scoping Review.,FULL_TEXT_QUEUE,P1,10,2,5,2,1,DISCOVERY_REQUIRED,https://doi.org/10.1093/milmed/usaf260,"Journal Article | Research Support, Non-U.S. Gov't | Scoping Review",A,NO,NO,PENDING_FULL_TEXT,,NO,"Title/abstract screening alone does not establish effectiveness, causality, methodological quality, transferability to Brazilian public safety or an institutional recommendation."
EV-0287,40637756,YSDNQLFR,10.1007/s00132-025-04672-1,[Implementing quality management successfully : Experiences from the Bundeswehr Medical Service].,FULL_TEXT_QUEUE,P1,10,2,5,2,1,DISCOVERY_REQUIRED,https://doi.org/10.1007/s00132-025-04672-1,English Abstract | Journal Article | Review,A,NO,NO,PENDING_FULL_TEXT,,NO,"Title/abstract screening alone does not establish effectiveness, causality, methodological quality, transferability to Brazilian public safety or an institutional recommendation."
EV-0284,40664844,TUT3632J,10.1007/s00132-025-04680-1,[Return to work-return to duty : The importance of rehabilitation in peace and armed conflict].,FULL_TEXT_QUEUE,P1,10,2,5,2,1,DISCOVERY_REQUIRED,https://doi.org/10.1007/s00132-025-04680-1,English Abstract | Journal Article | Review,A,NO,NO,PENDING_FULL_TEXT,,NO,"Title/abstract screening alone does not establish effectiveness, causality, methodological quality, transferability to Brazilian public safety or an institutional recommendation."
EV-0259,40914885,IAA33TNK,10.1093/milmed/usaf415,Physical Activity and Exercise Patterns of Submariners in Land and Sea Environments.,FULL_TEXT_QUEUE,P1,10,4,5,1,0,PMC_AVAILABLE,https://pmc.ncbi.nlm.nih.gov/articles/PMC13016685/,Journal Article,A,NO,NO,PENDING_FULL_TEXT,,NO,"Title/abstract screening alone does not establish effectiveness, causality, methodological quality, transferability to Brazilian public safety or an institutional recommendation."
EV-0253,40973023,62ZRHQDG,10.1093/milmed/usaf455,A Synthesis of Recommendations to Strengthen the Department of Defense Pharmaceutical Supply Chain.,FULL_TEXT_QUEUE,P1,10,2,5,2,1,DISCOVERY_REQUIRED,https://doi.org/10.1093/milmed/usaf455,Journal Article | Review,A,NO,NO,PENDING_FULL_TEXT,,NO,"Title/abstract screening alone does not establish effectiveness, causality, methodological quality, transferability to Brazilian public safety or an institutional recommendation."
EV-0134,41876296,LZ9CFUTV,10.1016/j.sempedsurg.2026.151628,From battlefield to bedside: How military surgeons advanced pediatric critical care transport and ECMO.,FULL_TEXT_QUEUE,P1,10,2,5,2,1,DISCOVERY_REQUIRED,https://doi.org/10.1016/j.sempedsurg.2026.151628,Historical Article | Journal Article | Review,A,NO,NO,PENDING_FULL_TEXT,,NO,"Title/abstract screening alone does not establish effectiveness, causality, methodological quality, transferability to Brazilian public safety or an institutional recommendation."
EV-0127,41927727,ZB6PCMLQ,10.1038/s41598-026-44274-1,HEAL: health-enhanced adaptive LoRaWAN for AI-based real-time soldier monitoring and status prediction.,FULL_TEXT_QUEUE,P1,10,4,5,1,0,PMC_AVAILABLE,https://pmc.ncbi.nlm.nih.gov/articles/PMC13179317/,Journal Article,A,NO,NO,PENDING_FULL_TEXT,,NO,"Title/abstract screening alone does not establish effectiveness, causality, methodological quality, transferability to Brazilian public safety or an institutional recommendation."
EV-0101,42111186,7T4QT9CZ,10.1016/j.isci.2026.115710,Does body composition influence air force pilots' resistance to high-G acceleration? A systematic review meta-analysis.,FULL_TEXT_QUEUE,P1,10,4,5,1,0,PMC_AVAILABLE,https://pmc.ncbi.nlm.nih.gov/articles/PMC13156597/,Journal Article,A,NO,NO,PENDING_FULL_TEXT,,NO,"Title/abstract screening alone does not establish effectiveness, causality, methodological quality, transferability to Brazilian public safety or an institutional recommendation."
EV-0090,42201815,K8YUL986,10.55460/j.spec.oper.med.2026.rx1f-mek5,"Reframing the ""Tactical Athlete"": Implications for Operational Readiness and Support A Narrative Review.",FULL_TEXT_QUEUE,P1,10,2,5,2,1,DISCOVERY_REQUIRED,https://doi.org/10.55460/j.spec.oper.med.2026.rx1f-mek5,Journal Article | Review,A,NO,NO,PENDING_FULL_TEXT,,NO,"Title/abstract screening alone does not establish effectiveness, causality, methodological quality, transferability to Brazilian public safety or an institutional recommendation."
EV-0066,42390623,A74JVCPZ,10.1007/s11130-026-01540-x,Duckweed Proteins in Neuro-Nutrition: Mechanistic Insights and Translational Relevance for Military and Extreme Environments.,FULL_TEXT_QUEUE,P1,10,2,5,2,1,DISCOVERY_REQUIRED,https://doi.org/10.1007/s11130-026-01540-x,Journal Article | Review,A,NO,NO,PENDING_FULL_TEXT,,NO,"Title/abstract screening alone does not establish effectiveness, causality, methodological quality, transferability to Brazilian public safety or an institutional recommendation."
EV-0058,42422937,5UVNWDIT,10.1161/circoutcomes.126.013583,Sports and Exercise Cardiology: A New Frontier in Cardiovascular Disease Management.,FULL_TEXT_QUEUE,P1,10,2,5,2,1,DISCOVERY_REQUIRED,https://doi.org/10.1161/circoutcomes.126.013583,Journal Article | Review,A,NO,NO,PENDING_FULL_TEXT,,NO,"Title/abstract screening alone does not establish effectiveness, causality, methodological quality, transferability to Brazilian public safety or an institutional recommendation."
EV-0005,42635296,S7QIB5YW,10.1002/pmrj.70203,Clinical interpretation of cardiac troponin in athletes: From endurance exercise to exertional injury.,FULL_TEXT_QUEUE,P1,10,2,5,2,1,DISCOVERY_REQUIRED,https://doi.org/10.1002/pmrj.70203,Journal Article | Review,A,NO,NO,PENDING_FULL_TEXT,,NO,"Title/abstract screening alone does not establish effectiveness, causality, methodological quality, transferability to Brazilian public safety or an institutional recommendation."
EV-1408,10736540,J4R5SMQC,10.1016/s0749-3797(99)00171-3,Hospitalization due to injuries in the military. Evaluation of current data and recommendations on their use for injury prevention.,FULL_TEXT_QUEUE,P2,9,2,5,1,1,DISCOVERY_REQUIRED,https://doi.org/10.1016/s0749-3797(99)00171-3,"Journal Article | Research Support, Non-U.S. Gov't | Research Support, U.S. Gov't, Non-P.H.S. | Research Support, U.S. Gov't, P.H.S.",A,NO,NO,PENDING_FULL_TEXT,,NO,"Title/abstract screening alone does not establish effectiveness, causality, methodological quality, transferability to Brazilian public safety or an institutional recommendation."
EV-1387,12868050,QBUKQ7WZ,10.1055/s-2003-40710,Injury and fitness outcomes during implementation of physical readiness training.,FULL_TEXT_QUEUE,P2,9,2,5,1,1,DISCOVERY_REQUIRED,https://doi.org/10.1055/s-2003-40710,Comparative Study | Journal Article,A,NO,NO,PENDING_FULL_TEXT,,NO,"Title/abstract screening alone does not establish effectiveness, causality, methodological quality, transferability to Brazilian public safety or an institutional recommendation."
EV-1386,12895489,KTMJKAUN,10.1016/s0968-4328(03)00029-5,Optimization of EDX performance in Tecnai TEMs.,FULL_TEXT_QUEUE,P2,9,2,6,1,0,DISCOVERY_REQUIRED,https://doi.org/10.1016/s0968-4328(03)00029-5,Journal Article,B,NO,NO,PENDING_FULL_TEXT,,NO,"Title/abstract screening alone does not establish effectiveness, causality, methodological quality, transferability to Brazilian public safety or an institutional recommendation."
EV-1383,14964500,HG7UTQTF,10.7205/milmed.169.1.38,Changes in dental classification during the first 4 years of military service.,FULL_TEXT_QUEUE,P2,9,2,5,1,1,DISCOVERY_REQUIRED,https://doi.org/10.7205/milmed.169.1.38,Journal Article,A,NO,NO,PENDING_FULL_TEXT,,NO,"Title/abstract screening alone does not establish effectiveness, causality, methodological quality, transferability to Brazilian public safety or an institutional recommendation."
EV-1376,15856579,9D6FZL7K,10.2143/ep.11.2.504947,Mediums and messages: an argument against biotechnical enhancement of soldiers in the armies of liberal democracies.,FULL_TEXT_QUEUE,P2,9,2,5,1,1,DISCOVERY_REQUIRED,https://doi.org/10.2143/ep.11.2.504947,Journal Article,A,NO,NO,PENDING_FULL_TEXT,,NO,"Title/abstract screening alone does not establish effectiveness, causality, methodological quality, transferability to Brazilian public safety or an institutional recommendation."
EV-1374,15974200,TYL6YUDT,10.7205/milmed.170.5.362,Developing military nursing research priorities.,FULL_TEXT_QUEUE,P2,9,2,5,1,1,DISCOVERY_REQUIRED,https://doi.org/10.7205/milmed.170.5.362,Journal Article,A,NO,NO,PENDING_FULL_TEXT,,NO,"Title/abstract screening alone does not establish effectiveness, causality, methodological quality, transferability to Brazilian public safety or an institutional recommendation."
EV-1373,16001589,C8RYJLLA,10.7205/milmed.170.6.443,Medical and physical readiness of the U.S. Army Reserve for Noble Eagle/Enduring Freedom/Iraqi Freedom: recommendations for future mobilizations.,FULL_TEXT_QUEUE,P2,9,2,5,1,1,DISCOVERY_REQUIRED,https://doi.org/10.7205/milmed.170.6.443,Journal Article,A,NO,NO,PENDING_FULL_TEXT,,NO,"Title/abstract screening alone does not establish effectiveness, causality, methodological quality, transferability to Brazilian public safety or an institutional recommendation."
EV-1370,16368487,3RP86MIU,10.1016/j.gassur.2005.08.030,Mapping the rectum: spatial analysis of transanal endoscopic microsurgical outcomes using GIS technology.,FULL_TEXT_QUEUE,P2,9,2,6,1,0,DISCOVERY_REQUIRED,https://doi.org/10.1016/j.gassur.2005.08.030,Journal Article,B,NO,NO,PENDING_FULL_TEXT,,NO,"Title/abstract screening alone does not establish effectiveness, causality, methodological quality, transferability to Brazilian public safety or an institutional recommendation."
EV-1366,16872747,HNLAGIBA,10.1016/j.ultramic.2006.06.002,Direct imaging of local atomic ordering in a Pd-Ni-P bulk metallic glass using Cs-corrected transmission electron microscopy.,FULL_TEXT_QUEUE,P2,9,2,6,1,0,DISCOVERY_REQUIRED,https://doi.org/10.1016/j.ultramic.2006.06.002,Journal Article,B,NO,NO,PENDING_FULL_TEXT,,NO,"Title/abstract screening alone does not establish effectiveness, causality, methodological quality, transferability to Brazilian public safety or an institutional recommendation."
EV-1363,17076455,MXRN9YX4,10.7205/milmed.171.10.1006,Influence of oral hygiene on oral health of recruits and professionals in the Croatian Army.,FULL_TEXT_QUEUE,P2,9,2,5,1,1,DISCOVERY_REQUIRED,https://doi.org/10.7205/milmed.171.10.1006,Journal Article,A,NO,NO,PENDING_FULL_TEXT,,NO,"Title/abstract screening alone does not establish effectiveness, causality, methodological quality, transferability to Brazilian public safety or an institutional recommendation."
EV-1357,17656761,GFP8QI2L,10.1007/978-1-59745-294-6_19,Whole-mount immunoelectron tomography of chromosomes and cells.,FULL_TEXT_QUEUE,P2,9,2,6,1,0,DISCOVERY_REQUIRED,https://doi.org/10.1007/978-1-59745-294-6_19,"Journal Article | Research Support, Non-U.S. Gov't",B,NO,NO,PENDING_FULL_TEXT,,NO,"Title/abstract screening alone does not establish effectiveness, causality, methodological quality, transferability to Brazilian public safety or an institutional recommendation."
EV-1356,17762372,WTT8TEJP,10.1249/mss.0b013e318067e2f7,Physiological consequences of U.S. Army Ranger training.,FULL_TEXT_QUEUE,P2,9,2,5,1,1,DISCOVERY_REQUIRED,https://doi.org/10.1249/mss.0b013e318067e2f7,Journal Article,A,NO,NO,PENDING_FULL_TEXT,,NO,"Title/abstract screening alone does not establish effectiveness, causality, methodological quality, transferability to Brazilian public safety or an institutional recommendation."
EV-1355,17803074,W5ID6BUV,10.7205/milmed.172.8.829,The lessons learned from the canadian forces physiotherapy experience during the peacekeeping operations in Bosnia.,FULL_TEXT_QUEUE,P2,9,2,5,1,1,DISCOVERY_REQUIRED,https://doi.org/10.7205/milmed.172.8.829,Journal Article,A,NO,NO,PENDING_FULL_TEXT,,NO,"Title/abstract screening alone does not establish effectiveness, causality, methodological quality, transferability to Brazilian public safety or an institutional recommendation."
EV-1353,17995535,AZ5MD4GI,10.1111/j.1708-8305.2007.00159.x,"Acute gastrointestinal infection, respiratory illness, and noncombat injury among US military personnel during Operation Bright Star 2005, in Northern Egypt.",FULL_TEXT_QUEUE,P2,9,2,5,1,1,DISCOVERY_REQUIRED,https://doi.org/10.1111/j.1708-8305.2007.00159.x,"Journal Article | Research Support, Non-U.S. Gov't",A,NO,NO,PENDING_FULL_TEXT,,NO,"Title/abstract screening alone does not establish effectiveness, causality, methodological quality, transferability to Brazilian public safety or an institutional recommendation."
EV-1351,18062385,SE3ZX6X7,10.7205/milmed.172.11.1138,Fleet leaders' attitudes about subordinates' use of mental health services.,FULL_TEXT_QUEUE,P2,9,2,5,1,1,DISCOVERY_REQUIRED,https://doi.org/10.7205/milmed.172.11.1138,"Journal Article | Research Support, Non-U.S. Gov't",A,NO,NO,PENDING_FULL_TEXT,,NO,"Title/abstract screening alone does not establish effectiveness, causality, methodological quality, transferability to Brazilian public safety or an institutional recommendation."
EV-1349,18173736,V6VC9ESK,10.1111/j.1365-2648.2007.04468.x,Evaluation of a pregnancy prevention programme using the Contraceptive Behavior Change model.,FULL_TEXT_QUEUE,P2,9,2,5,1,1,DISCOVERY_REQUIRED,https://doi.org/10.1111/j.1365-2648.2007.04468.x,"Evaluation Study | Journal Article | Research Support, U.S. Gov't, Non-P.H.S.",A,NO,NO,PENDING_FULL_TEXT,,NO,"Title/abstract screening alone does not establish effectiveness, causality, methodological quality, transferability to Brazilian public safety or an institutional recommendation."
EV-1348,18274020,3GIAHRGE,10.7205/milmed.172.12.1234,Systematic review of physical fitness testing to evaluate the physical combat readiness of Royal Thai Armed Forces.,FULL_TEXT_QUEUE,P2,9,2,5,1,1,DISCOVERY_REQUIRED,https://doi.org/10.7205/milmed.172.12.1234,Evaluation Study | Journal Article,A,NO,NO,PENDING_FULL_TEXT,,NO,"Title/abstract screening alone does not establish effectiveness, causality, methodological quality, transferability to Brazilian public safety or an institutional recommendation."
EV-1347,18277721,WT8KHLWG,10.7205/milmed.173.supplement_1.38,A longitudinal study of dental experience during the first four years of military experience.,FULL_TEXT_QUEUE,P2,9,2,5,1,1,DISCOVERY_REQUIRED,https://doi.org/10.7205/milmed.173.supplement_1.38,Journal Article,A,NO,NO,PENDING_FULL_TEXT,,NO,"Title/abstract screening alone does not establish effectiveness, causality, methodological quality, transferability to Brazilian public safety or an institutional recommendation."
EV-1345,18376162,GQ5FYSK2,10.1097/ta.0b013e318160773e,Tympanic membrane perforation and hearing loss from blast overpressure in Operation Enduring Freedom and Operation Iraqi Freedom wounded.,FULL_TEXT_QUEUE,P2,9,2,5,1,1,DISCOVERY_REQUIRED,https://doi.org/10.1097/ta.0b013e318160773e,Journal Article,A,NO,NO,PENDING_FULL_TEXT,,NO,"Title/abstract screening alone does not establish effectiveness, causality, methodological quality, transferability to Brazilian public safety or an institutional recommendation."
EV-1343,18472622,GQN6TECY,10.7205/milmed.173.4.339,Collaborative intervention: a model for coordinated treatment of mental health issues within a ground combat unit.,FULL_TEXT_QUEUE,P2,9,2,5,1,1,DISCOVERY_REQUIRED,https://doi.org/10.7205/milmed.173.4.339,Journal Article,A,NO,NO,PENDING_FULL_TEXT,,NO,"Title/abstract screening alone does not establish effectiveness, causality, methodological quality, transferability to Brazilian public safety or an institutional recommendation."
EV-1341,18543563,CT6AACY9,10.7205/milmed.173.5.434,Analysis of weight and associated health consequences of the active duty staff at a major Naval medical center.,FULL_TEXT_QUEUE,P2,9,2,5,1,1,DISCOVERY_REQUIRED,https://doi.org/10.7205/milmed.173.5.434,Journal Article,A,NO,NO,PENDING_FULL_TEXT,,NO,"Title/abstract screening alone does not establish effectiveness, causality, methodological quality, transferability to Brazilian public safety or an institutional recommendation."
EV-1340,18751589,ITBMSUW6,10.7205/milmed.173.8.738,Physical fitness influences stress reactions to extreme military training.,FULL_TEXT_QUEUE,P2,9,2,5,1,1,DISCOVERY_REQUIRED,https://doi.org/10.7205/milmed.173.8.738,"Journal Article | Research Support, U.S. Gov't, Non-P.H.S.",A,NO,NO,PENDING_FULL_TEXT,,NO,"Title/abstract screening alone does not establish effectiveness, causality, methodological quality, transferability to Brazilian public safety or an institutional recommendation."
EV-1338,18849873,8HLULKU9,10.1249/mss.0b013e3181892dc2,How stress fracture incidence was lowered in the Israeli army: a 25-yr struggle.,FULL_TEXT_QUEUE,P2,9,2,5,1,1,DISCOVERY_REQUIRED,https://doi.org/10.1249/mss.0b013e3181892dc2,Historical Article | Journal Article,A,NO,NO,PENDING_FULL_TEXT,,NO,"Title/abstract screening alone does not establish effectiveness, causality, methodological quality, transferability to Brazilian public safety or an institutional recommendation."
EV-1335,19528858,H9MF6IVL,10.1519/jsc.0b013e318194df72,United States Army physical readiness training: rationale and evaluation of the physical training doctrine.,FULL_TEXT_QUEUE,P2,9,2,5,1,1,DISCOVERY_REQUIRED,https://doi.org/10.1519/jsc.0b013e318194df72,Journal Article,A,NO,NO,PENDING_FULL_TEXT,,NO,"Title/abstract screening alone does not establish effectiveness, causality, methodological quality, transferability to Brazilian public safety or an institutional recommendation."
EV-1333,19637048,AKX3PY56,10.1080/07420520903044331,Timing light treatment for eastward and westward travel preparation.,FULL_TEXT_QUEUE,P2,9,2,5,1,1,DISCOVERY_REQUIRED,https://doi.org/10.1080/07420520903044331,"Journal Article | Research Support, Non-U.S. Gov't",A,NO,NO,PENDING_FULL_TEXT,,NO,"Title/abstract screening alone does not establish effectiveness, causality, methodological quality, transferability to Brazilian public safety or an institutional recommendation."
EV-1326,20010281,I99EGBSR,10.1097/nnr.0b013e3181c3be98,The evidence-based practice concept: engaging interest and participation.,FULL_TEXT_QUEUE,P2,9,2,5,1,1,DISCOVERY_REQUIRED,https://doi.org/10.1097/nnr.0b013e3181c3be98,"Journal Article | Research Support, U.S. Gov't, Non-P.H.S.",A,NO,NO,PENDING_FULL_TEXT,,NO,"Title/abstract screening alone does not establish effectiveness, causality, methodological quality, transferability to Brazilian public safety or an institutional recommendation."
EV-1324,20086933,M3MJ9LEU,10.3810/psm.1997.08.1548,ECG Quiz: A Murmur in an Asymptomatic Athlete.,FULL_TEXT_QUEUE,P2,9,2,5,1,1,DISCOVERY_REQUIRED,https://doi.org/10.3810/psm.1997.08.1548,Journal Article,A,NO,NO,PENDING_FULL_TEXT,,NO,"Title/abstract screening alone does not establish effectiveness, causality, methodological quality, transferability to Brazilian public safety or an institutional recommendation."
EV-1317,20664336,IVTJM3W8,10.1097/ajp.0b013e3181e724e8,Catastrophic appraisal of acute and chronic pain in a population sample of new jersey national guard troops.,FULL_TEXT_QUEUE,P2,9,2,5,1,1,DISCOVERY_REQUIRED,https://doi.org/10.1097/ajp.0b013e3181e724e8,"Journal Article | Research Support, Non-U.S. Gov't",A,NO,NO,PENDING_FULL_TEXT,,NO,"Title/abstract screening alone does not establish effectiveness, causality, methodological quality, transferability to Brazilian public safety or an institutional recommendation."
EV-1316,20731279,MRT5PM2A,10.7205/milmed-d-02-6808,Heart rate variability to assess combat readiness.,FULL_TEXT_QUEUE,P2,9,2,5,1,1,DISCOVERY_REQUIRED,https://doi.org/10.7205/milmed-d-02-6808,"Journal Article | Research Support, U.S. Gov't, Non-P.H.S.",A,NO,NO,PENDING_FULL_TEXT,,NO,"Title/abstract screening alone does not establish effectiveness, causality, methodological quality, transferability to Brazilian public safety or an institutional recommendation."
EV-1311,21218294,PDKC3I2A,10.1080/15402002.2011.533994,Sleep and fatigue issues in continuous operations: a survey of U.S. Army officers.,FULL_TEXT_QUEUE,P2,9,2,5,1,1,DISCOVERY_REQUIRED,https://doi.org/10.1080/15402002.2011.533994,Journal Article,A,NO,NO,PENDING_FULL_TEXT,,NO,"Title/abstract screening alone does not establish effectiveness, causality, methodological quality, transferability to Brazilian public safety or an institutional recommendation."
EV-1305,21491297,KKATUQHH,10.1080/10550887.2011.554783,The effect of tobacco use on oral health and dental readiness in the Croatian Army.,FULL_TEXT_QUEUE,P2,9,2,5,1,1,DISCOVERY_REQUIRED,https://doi.org/10.1080/10550887.2011.554783,"Journal Article | Research Support, Non-U.S. Gov't",A,NO,NO,PENDING_FULL_TEXT,,NO,"Title/abstract screening alone does not establish effectiveness, causality, methodological quality, transferability to Brazilian public safety or an institutional recommendation."
EV-1302,21634293,LQGCLRIP,10.7205/milmed-d-10-00364,Weight changes among male Navy personnel deployed to Iraq or Kuwait in 2005-2008.,FULL_TEXT_QUEUE,P2,9,2,5,1,1,DISCOVERY_REQUIRED,https://doi.org/10.7205/milmed-d-10-00364,"Journal Article | Research Support, U.S. Gov't, Non-P.H.S.",A,NO,NO,PENDING_FULL_TEXT,,NO,"Title/abstract screening alone does not establish effectiveness, causality, methodological quality, transferability to Brazilian public safety or an institutional recommendation."
EV-1297,21882782,VVDBVF8V,10.7205/milmed-d-10-00366,Assessment of changes in mental health conditions among sailors and marines during postdeployment phase.,FULL_TEXT_QUEUE,P2,9,2,5,1,1,DISCOVERY_REQUIRED,https://doi.org/10.7205/milmed-d-10-00366,"Journal Article | Research Support, U.S. Gov't, Non-P.H.S.",A,NO,NO,PENDING_FULL_TEXT,,NO,"Title/abstract screening alone does not establish effectiveness, causality, methodological quality, transferability to Brazilian public safety or an institutional recommendation."
EV-1296,21987960,E94X9M2S,10.7205/milmed-d-10-00482,"Motor vehicle crashes among active duty U.S. Army personnel, 1999 to 2006.",FULL_TEXT_QUEUE,P2,9,2,5,1,1,DISCOVERY_REQUIRED,https://doi.org/10.7205/milmed-d-10-00482,"Journal Article | Research Support, U.S. Gov't, Non-P.H.S.",A,NO,NO,PENDING_FULL_TEXT,,NO,"Title/abstract screening alone does not establish effectiveness, causality, methodological quality, transferability to Brazilian public safety or an institutional recommendation."
EV-1291,22305118,NTB44UG4,10.1016/j.jpsychires.2012.01.017,Risk propensity and health risk behaviors in U.S. army soldiers with and without psychological disturbances across the deployment cycle.,FULL_TEXT_QUEUE,P2,9,2,5,1,1,DISCOVERY_REQUIRED,https://doi.org/10.1016/j.jpsychires.2012.01.017,"Journal Article | Research Support, Non-U.S. Gov't",A,NO,NO,PENDING_FULL_TEXT,,NO,"Title/abstract screening alone does not establish effectiveness, causality, methodological quality, transferability to Brazilian public safety or an institutional recommendation."
EV-1290,22397951,3FTNTY5R,10.1016/j.neunet.2012.02.007,Massively parallel neural encoding and decoding of visual stimuli.,FULL_TEXT_QUEUE,P2,9,2,6,1,0,DISCOVERY_REQUIRED,https://doi.org/10.1016/j.neunet.2012.02.007,"Journal Article | Research Support, U.S. Gov't, Non-P.H.S.",B,NO,NO,PENDING_FULL_TEXT,,NO,"Title/abstract screening alone does not establish effectiveness, causality, methodological quality, transferability to Brazilian public safety or an institutional recommendation."
EV-1286,22645882,KRT2J8AM,10.7205/milmed-d-11-00329,Physical training injuries and interventions for military recruits.,FULL_TEXT_QUEUE,P2,9,2,5,1,1,DISCOVERY_REQUIRED,https://doi.org/10.7205/milmed-d-11-00329,Journal Article,A,NO,NO,PENDING_FULL_TEXT,,NO,"Title/abstract screening alone does not establish effectiveness, causality, methodological quality, transferability to Brazilian public safety or an institutional recommendation."
EV-1285,22730849,ZHSPPW2S,10.7205/milmed-d-11-00402,Lifting tasks are associated with injuries during the early portion of a deployment to Afghanistan.,FULL_TEXT_QUEUE,P2,9,2,5,1,1,DISCOVERY_REQUIRED,https://doi.org/10.7205/milmed-d-11-00402,"Journal Article | Research Support, U.S. Gov't, Non-P.H.S.",A,NO,NO,PENDING_FULL_TEXT,,NO,"Title/abstract screening alone does not establish effectiveness, causality, methodological quality, transferability to Brazilian public safety or an institutional recommendation."
EV-1283,22808883,PJIA7RPU,10.7205/milmed-d-11-00131,"Tobacco use at Fort Riley: a study of the prevalence of tobacco use among active duty soldiers assigned to Fort Riley, Kansas.",FULL_TEXT_QUEUE,P2,9,2,5,1,1,DISCOVERY_REQUIRED,https://doi.org/10.7205/milmed-d-11-00131,Journal Article,A,NO,NO,PENDING_FULL_TEXT,,NO,"Title/abstract screening alone does not establish effectiveness, causality, methodological quality, transferability to Brazilian public safety or an institutional recommendation."
EV-1280,22847097,Z93I8K9T,10.1097/ta.0b013e3182625ebb,Combat readiness for the modern military surgeon: data from a decade of combat operations.,FULL_TEXT_QUEUE,P2,9,2,5,1,1,DISCOVERY_REQUIRED,https://doi.org/10.1097/ta.0b013e3182625ebb,"Journal Article | Research Support, U.S. Gov't, Non-P.H.S.",A,NO,NO,PENDING_FULL_TEXT,,NO,"Title/abstract screening alone does not establish effectiveness, causality, methodological quality, transferability to Brazilian public safety or an institutional recommendation."
EV-1278,22872986,AUC4A7DE,10.3357/asem.3196.2012,Ten years of spatial disorientation in U.S. Army rotary-wing operations.,FULL_TEXT_QUEUE,P2,9,2,5,1,1,DISCOVERY_REQUIRED,https://doi.org/10.3357/asem.3196.2012,Journal Article,A,NO,NO,PENDING_FULL_TEXT,,NO,"Title/abstract screening alone does not establish effectiveness, causality, methodological quality, transferability to Brazilian public safety or an institutional recommendation."
EV-1277,22934378,KC36235M,10.7205/milmed-d-11-00462,"Injuries to deployed U.S. Army soldiers involved in HMMWV crashes, 2002-2006.",FULL_TEXT_QUEUE,P2,9,2,5,1,1,DISCOVERY_REQUIRED,https://doi.org/10.7205/milmed-d-11-00462,"Journal Article | Research Support, Non-U.S. Gov't | Research Support, U.S. Gov't, P.H.S.",A,NO,NO,PENDING_FULL_TEXT,,NO,"Title/abstract screening alone does not establish effectiveness, causality, methodological quality, transferability to Brazilian public safety or an institutional recommendation."
EV-1273,23025142,GSCUAD59,10.7205/milmed-d-12-00113,Use of the dental disease nonbattle injury encounter module to assess the emergency rate on an Army military installation within the United States.,FULL_TEXT_QUEUE,P2,9,2,5,1,1,DISCOVERY_REQUIRED,https://doi.org/10.7205/milmed-d-12-00113,"Journal Article | Research Support, U.S. Gov't, Non-P.H.S.",A,NO,NO,PENDING_FULL_TEXT,,NO,"Title/abstract screening alone does not establish effectiveness, causality, methodological quality, transferability to Brazilian public safety or an institutional recommendation."
EV-1272,23032319,4HQP9KPK,10.55460/wt1f-608j,Tactical physical preparation: the case for a movement-based approach.,FULL_TEXT_QUEUE,P2,9,2,5,1,1,DISCOVERY_REQUIRED,https://doi.org/10.55460/wt1f-608j,Journal Article,A,NO,NO,PENDING_FULL_TEXT,,NO,"Title/abstract screening alone does not establish effectiveness, causality, methodological quality, transferability to Brazilian public safety or an institutional recommendation."
EV-1265,23198505,QSQA5QMK,10.7205/milmed-d-12-00016,Physical readiness and obesity among male U.S. Navy personnel with limited exercise availability while at sea.,FULL_TEXT_QUEUE,P2,9,2,5,1,1,DISCOVERY_REQUIRED,https://doi.org/10.7205/milmed-d-12-00016,Comparative Study | Journal Article,A,NO,NO,PENDING_FULL_TEXT,,NO,"Title/abstract screening alone does not establish effectiveness, causality, methodological quality, transferability to Brazilian public safety or an institutional recommendation."
EV-1261,23299184,AXSB79B2,10.1093/ntr/nts267,Tobacco use during military deployment.,FULL_TEXT_QUEUE,P2,9,2,5,1,1,DISCOVERY_REQUIRED,https://doi.org/10.1093/ntr/nts267,"Journal Article | Research Support, Non-U.S. Gov't",A,NO,NO,PENDING_FULL_TEXT,,NO,"Title/abstract screening alone does not establish effectiveness, causality, methodological quality, transferability to Brazilian public safety or an institutional recommendation."
EV-1260,23398704,ZTTFSWH4,10.1016/j.jsr.2012.10.013,Narrative text analysis to identify technologies to prevent motor vehicle crashes: examples from military vehicles.,FULL_TEXT_QUEUE,P2,9,2,5,1,1,DISCOVERY_REQUIRED,https://doi.org/10.1016/j.jsr.2012.10.013,"Journal Article | Research Support, Non-U.S. Gov't | Research Support, U.S. Gov't, P.H.S.",A,NO,NO,PENDING_FULL_TEXT,,NO,"Title/abstract screening alone does not establish effectiveness, causality, methodological quality, transferability to Brazilian public safety or an institutional recommendation."
EV-1259,23411441,V2BNFKDM,10.1016/j.micron.2013.01.004,Chemical 3D tomography of 28nm high K metal gate transistor: STEM XEDS experimental method and results.,FULL_TEXT_QUEUE,P2,9,2,6,1,0,DISCOVERY_REQUIRED,https://doi.org/10.1016/j.micron.2013.01.004,Journal Article,B,NO,NO,PENDING_FULL_TEXT,,NO,"Title/abstract screening alone does not establish effectiveness, causality, methodological quality, transferability to Brazilian public safety or an institutional recommendation."
EV-1253,23673008,ZXIPRYA7,10.1016/j.jcis.2013.04.013,Facile synthesis of Bi2S3 hierarchical nanostructure with enhanced photocatalytic activity.,FULL_TEXT_QUEUE,P2,9,2,6,1,0,DISCOVERY_REQUIRED,https://doi.org/10.1016/j.jcis.2013.04.013,"Journal Article | Research Support, Non-U.S. Gov't",B,NO,NO,PENDING_FULL_TEXT,,NO,"Title/abstract screening alone does not establish effectiveness, causality, methodological quality, transferability to Brazilian public safety or an institutional recommendation."
EV-1241,24030196,J22DTQLN,10.1682/jrrd.2012.02.0024,Blast-related ear injuries among U.S. military personnel.,FULL_TEXT_QUEUE,P2,9,2,5,1,1,DISCOVERY_REQUIRED,https://doi.org/10.1682/jrrd.2012.02.0024,"Journal Article | Research Support, U.S. Gov't, Non-P.H.S.",A,NO,NO,PENDING_FULL_TEXT,,NO,"Title/abstract screening alone does not establish effectiveness, causality, methodological quality, transferability to Brazilian public safety or an institutional recommendation."
EV-1229,24263325,QFQUL4JB,10.1097/sla.0000000000000305,Towards the next frontier for simulation-based training: full-hospital simulation across the entire patient pathway.,FULL_TEXT_QUEUE,P2,9,2,5,1,1,DISCOVERY_REQUIRED,https://doi.org/10.1097/sla.0000000000000305,"Journal Article | Research Support, Non-U.S. Gov't",A,NO,NO,PENDING_FULL_TEXT,,NO,"Title/abstract screening alone does not establish effectiveness, causality, methodological quality, transferability to Brazilian public safety or an institutional recommendation."
EV-1228,24289427,C5GPN3PF,10.1063/1.4828339,A method for testing the integrated thermal resistance of thermoelectric modules.,FULL_TEXT_QUEUE,P2,9,2,6,1,0,DISCOVERY_REQUIRED,https://doi.org/10.1063/1.4828339,Journal Article,B,NO,NO,PENDING_FULL_TEXT,,NO,"Title/abstract screening alone does not establish effectiveness, causality, methodological quality, transferability to Brazilian public safety or an institutional recommendation."
EV-1226,24306020,N6RJCJ4I,10.7205/milmed-d-13-00186,"Association among functional-movement ability, fatigue, sedentary time, and fitness in 40 years and older active duty military personnel.",FULL_TEXT_QUEUE,P2,9,2,5,1,1,DISCOVERY_REQUIRED,https://doi.org/10.7205/milmed-d-13-00186,"Journal Article | Research Support, Non-U.S. Gov't",A,NO,NO,PENDING_FULL_TEXT,,NO,"Title/abstract screening alone does not establish effectiveness, causality, methodological quality, transferability to Brazilian public safety or an institutional recommendation."
EV-1219,24592726,B2Z7XKC7,10.21101/cejph.a3862,Health-related quality of life in soldiers in Croatia: relationship with combat readiness and psychological dimensions.,FULL_TEXT_QUEUE,P2,9,2,5,1,1,DISCOVERY_REQUIRED,https://doi.org/10.21101/cejph.a3862,Journal Article,A,NO,NO,PENDING_FULL_TEXT,,NO,"Title/abstract screening alone does not establish effectiveness, causality, methodological quality, transferability to Brazilian public safety or an institutional recommendation."
EV-1213,24834562,9UIS3G8T,10.3357/asem.3882.2014,Attention and visual tracking degradation during acute sleep deprivation in a military sample.,FULL_TEXT_QUEUE,P2,9,2,5,1,1,DISCOVERY_REQUIRED,https://doi.org/10.3357/asem.3882.2014,"Journal Article | Research Support, Non-U.S. Gov't | Research Support, U.S. Gov't, Non-P.H.S.",A,NO,NO,PENDING_FULL_TEXT,,NO,"Title/abstract screening alone does not establish effectiveness, causality, methodological quality, transferability to Brazilian public safety or an institutional recommendation."
EV-1210,24854779,WRXIJKS7,10.1016/j.amepre.2014.03.001,Reporting sexual assault in the military: who reports and why most servicewomen don't.,FULL_TEXT_QUEUE,P2,9,2,5,1,1,DISCOVERY_REQUIRED,https://doi.org/10.1016/j.amepre.2014.03.001,"Journal Article | Research Support, U.S. Gov't, Non-P.H.S.",A,NO,NO,PENDING_FULL_TEXT,,NO,"Title/abstract screening alone does not establish effectiveness, causality, methodological quality, transferability to Brazilian public safety or an institutional recommendation."
EV-1198,25269128,3RMGL6BD,10.7205/milmed-d-14-00078,Injury epidemiology of U.S. Army Special Operations forces.,FULL_TEXT_QUEUE,P2,9,2,5,1,1,DISCOVERY_REQUIRED,https://doi.org/10.7205/milmed-d-14-00078,"Journal Article | Research Support, U.S. Gov't, Non-P.H.S.",A,NO,NO,PENDING_FULL_TEXT,,NO,"Title/abstract screening alone does not establish effectiveness, causality, methodological quality, transferability to Brazilian public safety or an institutional recommendation."
EV-1193,25373061,RFAZFBHQ,10.7205/milmed-d-14-00191,Utility of a sports medicine model in military combat concussion and musculoskeletal restoration care.,FULL_TEXT_QUEUE,P2,9,2,5,1,1,DISCOVERY_REQUIRED,https://doi.org/10.7205/milmed-d-14-00191,Journal Article,A,NO,NO,PENDING_FULL_TEXT,,NO,"Title/abstract screening alone does not establish effectiveness, causality, methodological quality, transferability to Brazilian public safety or an institutional recommendation."
EV-1192,25373073,FRUQ7ZQ6,10.7205/milmed-d-13-00579,Surgical dental treatment for military personnel: where and when?--a case report.,FULL_TEXT_QUEUE,P2,9,2,5,1,1,DISCOVERY_REQUIRED,https://doi.org/10.7205/milmed-d-13-00579,Case Reports | Journal Article,A,NO,NO,PENDING_FULL_TEXT,,NO,"Title/abstract screening alone does not establish effectiveness, causality, methodological quality, transferability to Brazilian public safety or an institutional recommendation."
EV-1191,25382667,3JEI2U7M,10.1017/s143192761401349x,In situ transmission electron microscopy of ionic conductivity and reaction mechanisms in ultrathin solid oxide fuel cells.,FULL_TEXT_QUEUE,P2,9,2,6,1,0,DISCOVERY_REQUIRED,https://doi.org/10.1017/s143192761401349x,Journal Article,B,NO,NO,PENDING_FULL_TEXT,,NO,"Title/abstract screening alone does not establish effectiveness, causality, methodological quality, transferability to Brazilian public safety or an institutional recommendation."
EV-1189,25518693,HRZRP2FM,10.1353/foc.2013.0013,Child care and other support programs.,FULL_TEXT_QUEUE,P2,9,2,5,1,1,DISCOVERY_REQUIRED,https://doi.org/10.1353/foc.2013.0013,Journal Article,A,NO,NO,PENDING_FULL_TEXT,,NO,"Title/abstract screening alone does not establish effectiveness, causality, methodological quality, transferability to Brazilian public safety or an institutional recommendation."
EV-1185,25643380,RIW9ZPZJ,10.7205/milmed-d-14-00231,Body composition assessment failure rates and obesity in the United States Navy.,FULL_TEXT_QUEUE,P2,9,2,5,1,1,DISCOVERY_REQUIRED,https://doi.org/10.7205/milmed-d-14-00231,Journal Article,A,NO,NO,PENDING_FULL_TEXT,,NO,"Title/abstract screening alone does not establish effectiveness, causality, methodological quality, transferability to Brazilian public safety or an institutional recommendation."
EV-1183,25686100,BLKXQUY8,10.4102/curationis.v37i1.75,Pre-deployment preparation of military nurses of the South African National Defence Force for participation in peace support operations.,FULL_TEXT_QUEUE,P2,9,2,5,1,1,DISCOVERY_REQUIRED,https://doi.org/10.4102/curationis.v37i1.75,Journal Article,A,NO,NO,PENDING_FULL_TEXT,,NO,"Title/abstract screening alone does not establish effectiveness, causality, methodological quality, transferability to Brazilian public safety or an institutional recommendation."
EV-1179,25826344,DX5XZP5C,10.7205/milmed-d-14-00334,"Nutritional and sports supplement use among deployed U.S. Army soldiers in a remote, austere combat outpost in eastern Afghanistan.",FULL_TEXT_QUEUE,P2,9,2,5,1,1,DISCOVERY_REQUIRED,https://doi.org/10.7205/milmed-d-14-00334,Journal Article,A,NO,NO,PENDING_FULL_TEXT,,NO,"Title/abstract screening alone does not establish effectiveness, causality, methodological quality, transferability to Brazilian public safety or an institutional recommendation."
EV-1172,26154155,F4C3PN6R,10.1519/jsc.0000000000001082,Block-Periodized Training Improves Physiological and Tactically Relevant Performance in Naval Special Warfare Operators.,FULL_TEXT_QUEUE,P2,9,2,5,1,1,DISCOVERY_REQUIRED,https://doi.org/10.1519/jsc.0000000000001082,"Journal Article | Research Support, U.S. Gov't, Non-P.H.S.",A,NO,NO,PENDING_FULL_TEXT,,NO,"Title/abstract screening alone does not establish effectiveness, causality, methodological quality, transferability to Brazilian public safety or an institutional recommendation."
EV-1163,26384465,3KF9ZQH2,10.1016/j.jand.2015.08.014,Evaluation of General Nutrition Knowledge in Australian Military Personnel.,FULL_TEXT_QUEUE,P2,9,2,5,1,1,DISCOVERY_REQUIRED,https://doi.org/10.1016/j.jand.2015.08.014,"Comparative Study | Journal Article | Research Support, Non-U.S. Gov't",A,NO,NO,PENDING_FULL_TEXT,,NO,"Title/abstract screening alone does not establish effectiveness, causality, methodological quality, transferability to Brazilian public safety or an institutional recommendation."
EV-1162,26422613,83LZ2FJ3,10.1519/jsc.0000000000001209,Influence of Load Carriage on High-Intensity Running Performance Estimation.,FULL_TEXT_QUEUE,P2,9,2,5,1,1,DISCOVERY_REQUIRED,https://doi.org/10.1519/jsc.0000000000001209,Journal Article,A,NO,NO,PENDING_FULL_TEXT,,NO,"Title/abstract screening alone does not establish effectiveness, causality, methodological quality, transferability to Brazilian public safety or an institutional recommendation."
EV-1160,26506169,L69IESRB,10.1519/jsc.0000000000001157,Third International Congress on Soldiers' Physical Performance: Translating State-of-the-Science Soldier Research for Operational Utility.,FULL_TEXT_QUEUE,P2,9,2,5,1,1,DISCOVERY_REQUIRED,https://doi.org/10.1519/jsc.0000000000001157,Editorial | Introductory Journal Article,A,NO,NO,PENDING_FULL_TEXT,,NO,"Title/abstract screening alone does not establish effectiveness, causality, methodological quality, transferability to Brazilian public safety or an institutional recommendation."
EV-1159,26506170,WIFSJWDM,10.1519/jsc.0000000000001025,Perspectives on Aerobic and Strength Influences on Military Physical Readiness: Report of an International Military Physiology Roundtable.,FULL_TEXT_QUEUE,P2,9,2,5,1,1,DISCOVERY_REQUIRED,https://doi.org/10.1519/jsc.0000000000001025,Journal Article,A,NO,NO,PENDING_FULL_TEXT,,NO,"Title/abstract screening alone does not establish effectiveness, causality, methodological quality, transferability to Brazilian public safety or an institutional recommendation."
EV-1156,26506191,RAR9KTKE,10.1519/jsc.0000000000001037,Executive Summary From the National Strength and Conditioning Association's Second Blue Ribbon Panel on Military Physical Readiness: Military Physical Performance Testing.,FULL_TEXT_QUEUE,P2,9,2,5,1,1,DISCOVERY_REQUIRED,https://doi.org/10.1519/jsc.0000000000001037,Editorial,A,NO,NO,PENDING_FULL_TEXT,,NO,"Title/abstract screening alone does not establish effectiveness, causality, methodological quality, transferability to Brazilian public safety or an institutional recommendation."
EV-1155,26506195,LBKLEN5R,10.1519/jsc.0000000000001073,Physiological Readiness and Resilience: Pillars of Military Preparedness.,FULL_TEXT_QUEUE,P2,9,2,5,1,1,DISCOVERY_REQUIRED,https://doi.org/10.1519/jsc.0000000000001073,Journal Article,A,NO,NO,PENDING_FULL_TEXT,,NO,"Title/abstract screening alone does not establish effectiveness, causality, methodological quality, transferability to Brazilian public safety or an institutional recommendation."
EV-1154,26524090,IBF9RCZJ,10.1055/s-0035-1564725,Revision Anterior Cruciate Ligament Reconstruction in Military Personnel.,FULL_TEXT_QUEUE,P2,9,2,5,1,1,DISCOVERY_REQUIRED,https://doi.org/10.1055/s-0035-1564725,Journal Article,A,NO,NO,PENDING_FULL_TEXT,,NO,"Title/abstract screening alone does not establish effectiveness, causality, methodological quality, transferability to Brazilian public safety or an institutional recommendation."
EV-1151,26605806,RLLYMA3Q,10.1519/jsc.0000000000001269,Preparing for Combat Readiness for the Fight: Physical Performance Profile of Female U.S. Marines.,FULL_TEXT_QUEUE,P2,9,2,5,1,1,DISCOVERY_REQUIRED,https://doi.org/10.1519/jsc.0000000000001269,"Journal Article | Research Support, U.S. Gov't, Non-P.H.S.",A,NO,NO,PENDING_FULL_TEXT,,NO,"Title/abstract screening alone does not establish effectiveness, causality, methodological quality, transferability to Brazilian public safety or an institutional recommendation."
EV-1149,26731968,55LQHMHB,10.2298/vsp140812105k,Assessment of the periodontal health and community periodontal index in the Army of Serbia.,FULL_TEXT_QUEUE,P2,9,2,5,1,1,DISCOVERY_REQUIRED,https://doi.org/10.2298/vsp140812105k,"Journal Article | Research Support, Non-U.S. Gov't",A,NO,NO,PENDING_FULL_TEXT,,NO,"Title/abstract screening alone does not establish effectiveness, causality, methodological quality, transferability to Brazilian public safety or an institutional recommendation."
EV-1148,26741902,DIX7J5EE,10.7205/milmed-d-15-00382,"Operational Physical Performance and Fitness in Military Women: Physiological, Musculoskeletal Injury, and Optimized Physical Training Considerations for Successfully Integrating Women Into Combat-Centric Military Occupations.",FULL_TEXT_QUEUE,P2,9,2,5,1,1,DISCOVERY_REQUIRED,https://doi.org/10.7205/milmed-d-15-00382,Journal Article,A,NO,NO,PENDING_FULL_TEXT,,NO,"Title/abstract screening alone does not establish effectiveness, causality, methodological quality, transferability to Brazilian public safety or an institutional recommendation."
EV-1147,26837087,7TUQ4N9Q,10.7205/milmed-d-15-00036,Effects of Age and Military Service on Strength and Physiological Characteristics of U.S. Army Soldiers.,FULL_TEXT_QUEUE,P2,9,2,5,1,1,DISCOVERY_REQUIRED,https://doi.org/10.7205/milmed-d-15-00036,"Journal Article | Research Support, U.S. Gov't, Non-P.H.S.",A,NO,NO,PENDING_FULL_TEXT,,NO,"Title/abstract screening alone does not establish effectiveness, causality, methodological quality, transferability to Brazilian public safety or an institutional recommendation."
EV-1142,26931550,56PKXLES,10.1017/s0007114516000532,Relationship between general nutrition knowledge and diet quality in Australian military personnel.,FULL_TEXT_QUEUE,P2,9,2,5,1,1,DISCOVERY_REQUIRED,https://doi.org/10.1017/s0007114516000532,"Journal Article | Research Support, Non-U.S. Gov't",A,NO,NO,PENDING_FULL_TEXT,,NO,"Title/abstract screening alone does not establish effectiveness, causality, methodological quality, transferability to Brazilian public safety or an institutional recommendation."
EV-1126,27584052,JSYXNX93,10.1016/j.ultramic.2016.08.014,Electron beam dynamics in an ultrafast transmission electron microscope with Wehnelt electrode.,FULL_TEXT_QUEUE,P2,9,2,6,1,0,DISCOVERY_REQUIRED,https://doi.org/10.1016/j.ultramic.2016.08.014,"Journal Article | Research Support, Non-U.S. Gov't",B,NO,NO,PENDING_FULL_TEXT,,NO,"Title/abstract screening alone does not establish effectiveness, causality, methodological quality, transferability to Brazilian public safety or an institutional recommendation."
EV-1124,27612352,MDAX7ZXF,10.7205/milmed-d-15-00370,Effects of Deployment on Musculoskeletal and Physiological Characteristics and Balance.,FULL_TEXT_QUEUE,P2,9,2,5,1,1,DISCOVERY_REQUIRED,https://doi.org/10.7205/milmed-d-15-00370,"Journal Article | Research Support, U.S. Gov't, Non-P.H.S.",A,NO,NO,PENDING_FULL_TEXT,,NO,"Title/abstract screening alone does not establish effectiveness, causality, methodological quality, transferability to Brazilian public safety or an institutional recommendation."
EV-1121,27644961,P8NB8HC6,10.1080/01459740.2016.1235571,"Fog of War: Psychopharmaceutical ""Side Effects"" and the United States Military.",FULL_TEXT_QUEUE,P2,9,2,5,1,1,DISCOVERY_REQUIRED,https://doi.org/10.1080/01459740.2016.1235571,"Journal Article | Research Support, Non-U.S. Gov't",A,NO,NO,PENDING_FULL_TEXT,,NO,"Title/abstract screening alone does not establish effectiveness, causality, methodological quality, transferability to Brazilian public safety or an institutional recommendation."
EV-1118,27786152,26ELJXE2,10.1017/s1431927616011806,Why Do We Need to Use Three-Dimensional (3D) Fourier Transform (FT) Analysis to Evaluate a High-Performance Transmission Electron Microscope (TEM)?,FULL_TEXT_QUEUE,P2,9,2,6,1,0,DISCOVERY_REQUIRED,https://doi.org/10.1017/s1431927616011806,"Journal Article | Research Support, Non-U.S. Gov't",B,NO,NO,PENDING_FULL_TEXT,,NO,"Title/abstract screening alone does not establish effectiveness, causality, methodological quality, transferability to Brazilian public safety or an institutional recommendation."
EV-1109,28088815,3IVMRYZA,10.55460/9s1k-pqvg,Trigger-Point Dry Needling for the SOF Medic.,FULL_TEXT_QUEUE,P2,9,2,5,1,1,DISCOVERY_REQUIRED,https://doi.org/10.55460/9s1k-pqvg,Case Reports | Journal Article,A,NO,NO,PENDING_FULL_TEXT,,NO,"Title/abstract screening alone does not establish effectiveness, causality, methodological quality, transferability to Brazilian public safety or an institutional recommendation."
EV-1108,28088835,L2SD9CI2,10.55460/sfgn-jx7c,National TEMS Initiative and Council NTIC Competency Domains/The TACMED Challenge!,FULL_TEXT_QUEUE,P2,9,2,6,1,0,DISCOVERY_REQUIRED,https://doi.org/10.55460/sfgn-jx7c,Journal Article,B,NO,NO,PENDING_FULL_TEXT,,NO,"Title/abstract screening alone does not establish effectiveness, causality, methodological quality, transferability to Brazilian public safety or an institutional recommendation."
EV-1107,28095953,24ZQLKG8,10.3357/amhp.4740.2017,"Reported Back Pain in Army Aircrew in Relation to Airframe, Gender, Age, and Experience.",FULL_TEXT_QUEUE,P2,9,2,5,1,1,DISCOVERY_REQUIRED,https://doi.org/10.3357/amhp.4740.2017,Journal Article,A,NO,NO,PENDING_FULL_TEXT,,NO,"Title/abstract screening alone does not establish effectiveness, causality, methodological quality, transferability to Brazilian public safety or an institutional recommendation."
EV-1092,28448689,G376N23N,10.1111/jsr.12543,Trends and factors associated with insomnia and sleep apnea in all United States military service members from 2005 to 2014.,FULL_TEXT_QUEUE,P2,9,2,5,1,1,DISCOVERY_REQUIRED,https://doi.org/10.1111/jsr.12543,Journal Article,A,NO,NO,PENDING_FULL_TEXT,,NO,"Title/abstract screening alone does not establish effectiveness, causality, methodological quality, transferability to Brazilian public safety or an institutional recommendation."
EV-1076,28810976,7MI7XCAI,10.7205/milmed-d-16-00352,Women's Health Knowledge and Skills Among Transitional Year Internship-Trained Military Medical Officers Serving as Independent Health Care Providers.,FULL_TEXT_QUEUE,P2,9,2,5,1,1,DISCOVERY_REQUIRED,https://doi.org/10.7205/milmed-d-16-00352,Journal Article,A,NO,NO,PENDING_FULL_TEXT,,NO,"Title/abstract screening alone does not establish effectiveness, causality, methodological quality, transferability to Brazilian public safety or an institutional recommendation."
EV-1073,28885918,39VQP4LU,10.7205/milmed-d-17-00064,"Travelers' Diarrhea: An Update on the Incidence, Etiology, and Risk in Military Deployments and Similar Travel Populations.",FULL_TEXT_QUEUE,P2,9,2,5,1,1,DISCOVERY_REQUIRED,https://doi.org/10.7205/milmed-d-17-00064,Journal Article,A,NO,NO,PENDING_FULL_TEXT,,NO,"Title/abstract screening alone does not establish effectiveness, causality, methodological quality, transferability to Brazilian public safety or an institutional recommendation."
EV-1071,28885949,G7NMKWY3,10.7205/milmed-d-17-00016,"Assessing Military Community Support: Relations Among Perceived Military Community Support, Child Psychosocial Adjustment, and Parent Psychosocial Adjustment.",FULL_TEXT_QUEUE,P2,9,2,5,1,1,DISCOVERY_REQUIRED,https://doi.org/10.7205/milmed-d-17-00016,"Journal Article | Research Support, U.S. Gov't, Non-P.H.S.",A,NO,NO,PENDING_FULL_TEXT,,NO,"Title/abstract screening alone does not establish effectiveness, causality, methodological quality, transferability to Brazilian public safety or an institutional recommendation."
EV-1066,28919497,LIS2569V,10.1016/j.jsams.2017.08.021,Body mass index predicts selected physical fitness attributes but is not associated with performance on military relevant tasks in U.S. Army Soldiers.,FULL_TEXT_QUEUE,P2,9,2,5,1,1,DISCOVERY_REQUIRED,https://doi.org/10.1016/j.jsams.2017.08.021,Journal Article | Observational Study,A,NO,NO,PENDING_FULL_TEXT,,NO,"Title/abstract screening alone does not establish effectiveness, causality, methodological quality, transferability to Brazilian public safety or an institutional recommendation."
EV-1059,29035132,BF8NB25R,10.1089/jamp.2017.1364,Hybrid Lipid/Polymer Nanoparticles for Pulmonary Delivery of siRNA: Development and Fate Upon In Vitro Deposition on the Human Epithelial Airway Barrier.,FULL_TEXT_QUEUE,P2,9,2,6,1,0,DISCOVERY_REQUIRED,https://doi.org/10.1089/jamp.2017.1364,"Journal Article | Research Support, Non-U.S. Gov't",B,NO,NO,PENDING_FULL_TEXT,,NO,"Title/abstract screening alone does not establish effectiveness, causality, methodological quality, transferability to Brazilian public safety or an institutional recommendation."
EV-1057,29087847,FLZYV6UL,10.7205/milmed-d-17-00051,A New Approach to Organization and Implementation of Military Medical Treatment in Response to Military Reform and Modern Warfare in the Chinese Army.,FULL_TEXT_QUEUE,P2,9,2,5,1,1,DISCOVERY_REQUIRED,https://doi.org/10.7205/milmed-d-17-00051,Journal Article,A,NO,NO,PENDING_FULL_TEXT,,NO,"Title/abstract screening alone does not establish effectiveness, causality, methodological quality, transferability to Brazilian public safety or an institutional recommendation."
EV-1056,29087853,B7KXHNRA,10.7205/milmed-d-17-00093,Effect of Pregnancy on Performance of a Standardized Physical Fitness Test.,FULL_TEXT_QUEUE,P2,9,2,5,1,1,DISCOVERY_REQUIRED,https://doi.org/10.7205/milmed-d-17-00093,Journal Article,A,NO,NO,PENDING_FULL_TEXT,,NO,"Title/abstract screening alone does not establish effectiveness, causality, methodological quality, transferability to Brazilian public safety or an institutional recommendation."
EV-1053,29087897,6G25QPEB,10.7205/milmed-d-17-00002,Identifying Policy Implications and Future Research Directions Regarding Military Community Support and Child Psychosocial Adjustment.,FULL_TEXT_QUEUE,P2,9,2,5,1,1,DISCOVERY_REQUIRED,https://doi.org/10.7205/milmed-d-17-00002,Journal Article,A,NO,NO,PENDING_FULL_TEXT,,NO,"Title/abstract screening alone does not establish effectiveness, causality, methodological quality, transferability to Brazilian public safety or an institutional recommendation."
EV-1052,29087925,TCDP6FEP,10.7205/milmed-d-16-00318,"High-Mobility Multipurpose Wheeled Vehicle Rollover Accidents and Injuries to U.S. Army Soldiers by Reported Occupant Restraint Use, 1992-2013.",FULL_TEXT_QUEUE,P2,9,2,5,1,1,DISCOVERY_REQUIRED,https://doi.org/10.7205/milmed-d-16-00318,Journal Article,A,NO,NO,PENDING_FULL_TEXT,,NO,"Title/abstract screening alone does not establish effectiveness, causality, methodological quality, transferability to Brazilian public safety or an institutional recommendation."
EV-1051,29097231,RPCB3YQD,10.1016/j.jsams.2017.10.023,Poor anaerobic power/capability and static balance predicted prospective musculoskeletal injuries among Soldiers of the 101st Airborne (Air Assault) Division.,FULL_TEXT_QUEUE,P2,9,2,5,1,1,DISCOVERY_REQUIRED,https://doi.org/10.1016/j.jsams.2017.10.023,Journal Article,A,NO,NO,PENDING_FULL_TEXT,,NO,"Title/abstract screening alone does not establish effectiveness, causality, methodological quality, transferability to Brazilian public safety or an institutional recommendation."
EV-1050,29100826,AVY55H2L,10.1016/j.jsams.2017.10.002,Sex and age differences in physical performance: A comparison of Army basic training and operational populations.,FULL_TEXT_QUEUE,P2,9,2,5,1,1,DISCOVERY_REQUIRED,https://doi.org/10.1016/j.jsams.2017.10.002,Journal Article,A,NO,NO,PENDING_FULL_TEXT,,NO,"Title/abstract screening alone does not establish effectiveness, causality, methodological quality, transferability to Brazilian public safety or an institutional recommendation."
EV-1049,29189586,4VCJREG5,10.1519/jsc.0000000000002217,Potential Utility of a Loaded Treadmill Protocol for Tactical Athletes.,FULL_TEXT_QUEUE,P2,9,2,5,1,1,DISCOVERY_REQUIRED,https://doi.org/10.1519/jsc.0000000000002217,Journal Article,A,NO,NO,PENDING_FULL_TEXT,,NO,"Title/abstract screening alone does not establish effectiveness, causality, methodological quality, transferability to Brazilian public safety or an institutional recommendation."
EV-1046,29233238,GHURZDEA,10.3357/amhp.4955.2018,Neck Kinematics and Electromyography While Wearing Head Supported Mass During Running.,FULL_TEXT_QUEUE,P2,9,2,5,1,1,DISCOVERY_REQUIRED,https://doi.org/10.3357/amhp.4955.2018,Journal Article,A,NO,NO,PENDING_FULL_TEXT,,NO,"Title/abstract screening alone does not establish effectiveness, causality, methodological quality, transferability to Brazilian public safety or an institutional recommendation."
EV-1036,29420780,QLZUP7MN,10.1093/milmed/usx049,Changes in Physical Performance During 21 d of Military Field Training in Warfighters.,FULL_TEXT_QUEUE,P2,9,2,5,1,1,DISCOVERY_REQUIRED,https://doi.org/10.1093/milmed/usx049,"Journal Article | Research Support, Non-U.S. Gov't",A,NO,NO,PENDING_FULL_TEXT,,NO,"Title/abstract screening alone does not establish effectiveness, causality, methodological quality, transferability to Brazilian public safety or an institutional recommendation."
EV-1034,29425366,KBWF3KNW,10.1093/milmed/usx121,U.S. Marines' Perceptions of Environmental Factors Associated With Alcohol Binge Drinking.,FULL_TEXT_QUEUE,P2,9,2,5,1,1,DISCOVERY_REQUIRED,https://doi.org/10.1093/milmed/usx121,"Journal Article | Research Support, U.S. Gov't, Non-P.H.S.",A,NO,NO,PENDING_FULL_TEXT,,NO,"Title/abstract screening alone does not establish effectiveness, causality, methodological quality, transferability to Brazilian public safety or an institutional recommendation."
EV-1028,29547984,VFMYPGSS,10.1093/milmed/usx123,Are Navy Weight Management Programs Ensuring Sailor Physical Readiness? An Analysis at Naval Medical Center San Diego.,FULL_TEXT_QUEUE,P2,9,2,5,1,1,DISCOVERY_REQUIRED,https://doi.org/10.1093/milmed/usx123,Journal Article,A,NO,NO,PENDING_FULL_TEXT,,NO,"Title/abstract screening alone does not establish effectiveness, causality, methodological quality, transferability to Brazilian public safety or an institutional recommendation."
EV-1023,29697831,LJ3794XK,10.1093/milmed/usy070,Physical Therapists Forward Deployed on Aircraft Carriers: A Retrospective Look at a Decade of Service.,FULL_TEXT_QUEUE,P2,9,2,5,1,1,DISCOVERY_REQUIRED,https://doi.org/10.1093/milmed/usy070,Journal Article,A,NO,NO,PENDING_FULL_TEXT,,NO,"Title/abstract screening alone does not establish effectiveness, causality, methodological quality, transferability to Brazilian public safety or an institutional recommendation."
EV-1020,29739302,A3LY9W49,10.2519/jospt.2018.8053,Risk for Lower Extremity Injury After Concussion: A Matched Cohort Study in Soldiers.,FULL_TEXT_QUEUE,P2,9,2,5,1,1,DISCOVERY_REQUIRED,https://doi.org/10.2519/jospt.2018.8053,Journal Article,A,NO,NO,PENDING_FULL_TEXT,,NO,"Title/abstract screening alone does not establish effectiveness, causality, methodological quality, transferability to Brazilian public safety or an institutional recommendation."
EV-1016,29897473,WMC5REHX,10.1093/milmed/usy103,Return to Duty Practices of Army Behavioral Health Providers in Garrison.,FULL_TEXT_QUEUE,P2,9,2,5,1,1,DISCOVERY_REQUIRED,https://doi.org/10.1093/milmed/usy103,Journal Article,A,NO,NO,PENDING_FULL_TEXT,,NO,"Title/abstract screening alone does not establish effectiveness, causality, methodological quality, transferability to Brazilian public safety or an institutional recommendation."
EV-1015,29982689,2XWV3LCY,10.1093/milmed/usy088,"Patterns and Associations of Shoulder Motion, Strength, and Function in MARSOC Personnel Without History of Shoulder Injury.",FULL_TEXT_QUEUE,P2,9,2,5,1,1,DISCOVERY_REQUIRED,https://doi.org/10.1093/milmed/usy088,"Journal Article | Research Support, U.S. Gov't, Non-P.H.S.",A,NO,NO,PENDING_FULL_TEXT,,NO,"Title/abstract screening alone does not establish effectiveness, causality, methodological quality, transferability to Brazilian public safety or an institutional recommendation."
EV-1014,30053107,GGW7BF3W,10.1093/milmed/usy176,Neuromuscular Performance and Hormonal Profile During Military Training and Subsequent Recovery Period.,FULL_TEXT_QUEUE,P2,9,2,5,1,1,DISCOVERY_REQUIRED,https://doi.org/10.1093/milmed/usy176,Journal Article,A,NO,NO,PENDING_FULL_TEXT,,NO,"Title/abstract screening alone does not establish effectiveness, causality, methodological quality, transferability to Brazilian public safety or an institutional recommendation."
EV-1012,30085226,7Y2K5SWT,10.1093/milmed/usy181,"Combat Readiness, Harm Aversion, and Promotion Eligibility: A Qualitative Study of U.S. Servicemembers Views on Tobacco Use and Control in the Military.",FULL_TEXT_QUEUE,P2,9,2,5,1,1,DISCOVERY_REQUIRED,https://doi.org/10.1093/milmed/usy181,Journal Article,A,NO,NO,PENDING_FULL_TEXT,,NO,"Title/abstract screening alone does not establish effectiveness, causality, methodological quality, transferability to Brazilian public safety or an institutional recommendation."
EV-1003,30371810,VQC4VKL3,10.1093/milmed/usy260,Longitudinal Analysis of CAD/CAM Restoration Incorporation Rates into Navy Dentistry.,FULL_TEXT_QUEUE,P2,9,2,5,1,1,DISCOVERY_REQUIRED,https://doi.org/10.1093/milmed/usy260,"Journal Article | Research Support, Non-U.S. Gov't",A,NO,NO,PENDING_FULL_TEXT,,NO,"Title/abstract screening alone does not establish effectiveness, causality, methodological quality, transferability to Brazilian public safety or an institutional recommendation."
EV-1000,30399921,QKR86CSD,10.1063/1.5038406,Contributed Review: Instruments for measuring Seebeck coefficient of thin film thermoelectric materials: A mini-review.,FULL_TEXT_QUEUE,P2,9,2,6,1,0,DISCOVERY_REQUIRED,https://doi.org/10.1063/1.5038406,Journal Article,B,NO,NO,PENDING_FULL_TEXT,,NO,"Title/abstract screening alone does not establish effectiveness, causality, methodological quality, transferability to Brazilian public safety or an institutional recommendation."
EV-0998,30448087,BTVFX4AY,10.1016/j.jsams.2018.10.014,Fight load index and body composition are most associated with combat fitness in female Marines.,FULL_TEXT_QUEUE,P2,9,2,5,1,1,DISCOVERY_REQUIRED,https://doi.org/10.1016/j.jsams.2018.10.014,Journal Article,A,NO,NO,PENDING_FULL_TEXT,,NO,"Title/abstract screening alone does not establish effectiveness, causality, methodological quality, transferability to Brazilian public safety or an institutional recommendation."
EV-0997,30462275,9BD7QINC,10.1093/milmed/usy319,Exploring Chiropractic Services in the Canadian Forces Health Services - Perceptions of Facilitators and Barriers Among Key Informants.,FULL_TEXT_QUEUE,P2,9,2,5,1,1,DISCOVERY_REQUIRED,https://doi.org/10.1093/milmed/usy319,"Journal Article | Research Support, Non-U.S. Gov't",A,NO,NO,PENDING_FULL_TEXT,,NO,"Title/abstract screening alone does not establish effectiveness, causality, methodological quality, transferability to Brazilian public safety or an institutional recommendation."
EV-0994,30527387,EJTRPSUU,10.1016/j.jbiomech.2018.11.036,Lower-limb joint work and power are modulated during load carriage based on load configuration and walking speed.,FULL_TEXT_QUEUE,P2,9,2,5,1,1,DISCOVERY_REQUIRED,https://doi.org/10.1016/j.jbiomech.2018.11.036,Journal Article,A,NO,NO,PENDING_FULL_TEXT,,NO,"Title/abstract screening alone does not establish effectiveness, causality, methodological quality, transferability to Brazilian public safety or an institutional recommendation."
EV-0989,30715475,DRTCQVFI,10.1093/milmed/usy423,Military Physicians Are Not Just Physicians in the Military: Using Leadership Training in Military Graduate Medical Education to Assure Mission Success.,FULL_TEXT_QUEUE,P2,9,2,5,1,1,DISCOVERY_REQUIRED,https://doi.org/10.1093/milmed/usy423,Journal Article,A,NO,NO,PENDING_FULL_TEXT,,NO,"Title/abstract screening alone does not establish effectiveness, causality, methodological quality, transferability to Brazilian public safety or an institutional recommendation."
EV-0987,30789582,8DTMBQWT,10.1519/jsc.0000000000003044,Relationship of Strength and Conditioning Metrics to Success on the Army Ranger Physical Assessment Test.,FULL_TEXT_QUEUE,P2,9,2,5,1,1,DISCOVERY_REQUIRED,https://doi.org/10.1519/jsc.0000000000003044,Comparative Study | Journal Article,A,NO,NO,PENDING_FULL_TEXT,,NO,"Title/abstract screening alone does not establish effectiveness, causality, methodological quality, transferability to Brazilian public safety or an institutional recommendation."
EV-0983,30829983,7VGC285F,10.1519/jsc.0000000000002885,"Effects of 6-Month Military Deployment on Physical Fitness, Body Composition, and Selected Health-Related Biomarkers.",FULL_TEXT_QUEUE,P2,9,2,5,1,1,DISCOVERY_REQUIRED,https://doi.org/10.1519/jsc.0000000000002885,Journal Article,A,NO,NO,PENDING_FULL_TEXT,,NO,"Title/abstract screening alone does not establish effectiveness, causality, methodological quality, transferability to Brazilian public safety or an institutional recommendation."
EV-0980,30877806,2YW4A557,10.1093/milmed/usz046,Extended Ketogenic Diet and Physical Training Intervention in Military Personnel.,FULL_TEXT_QUEUE,P2,9,2,5,1,1,DISCOVERY_REQUIRED,https://doi.org/10.1093/milmed/usz046,"Journal Article | Research Support, Non-U.S. Gov't",A,NO,NO,PENDING_FULL_TEXT,,NO,"Title/abstract screening alone does not establish effectiveness, causality, methodological quality, transferability to Brazilian public safety or an institutional recommendation."
EV-0970,30922430,3ZAWD675,10.3357/amhp.5229.2019,New ACC/AHA Blood Pressure Guidelines and the Operational Readiness of Naval Aviators and Aircrew.,FULL_TEXT_QUEUE,P2,9,2,5,1,1,DISCOVERY_REQUIRED,https://doi.org/10.3357/amhp.5229.2019,Journal Article,A,NO,NO,PENDING_FULL_TEXT,,NO,"Title/abstract screening alone does not establish effectiveness, causality, methodological quality, transferability to Brazilian public safety or an institutional recommendation."
EV-0964,31004160,QYWCURC6,10.1093/milmed/usz068,Outcomes of Pectoralis Major Tears in Active Duty US Military Personnel: A Comparison of Surgical Repairs Performed in the Forward Deployed Setting to Those Performed in the Continental United States.,FULL_TEXT_QUEUE,P2,9,2,5,1,1,DISCOVERY_REQUIRED,https://doi.org/10.1093/milmed/usz068,Journal Article,A,NO,NO,PENDING_FULL_TEXT,,NO,"Title/abstract screening alone does not establish effectiveness, causality, methodological quality, transferability to Brazilian public safety or an institutional recommendation."
EV-0961,31038172,VRZR2UBQ,10.1093/milmed/usz092,Elevated Environmental Carbon Dioxide Exposure Confounding Physiologic Events in Aviators?,FULL_TEXT_QUEUE,P2,9,2,5,1,1,DISCOVERY_REQUIRED,https://doi.org/10.1093/milmed/usz092,Journal Article,A,NO,NO,PENDING_FULL_TEXT,,NO,"Title/abstract screening alone does not establish effectiveness, causality, methodological quality, transferability to Brazilian public safety or an institutional recommendation."
EV-0955,31201760,MWCVF2DM,10.55460/8kwd-fdsp,Optimizing Warfighter Lethality Through Human Performance Education.,FULL_TEXT_QUEUE,P2,9,2,5,1,1,DISCOVERY_REQUIRED,https://doi.org/10.55460/8kwd-fdsp,Journal Article,A,NO,NO,PENDING_FULL_TEXT,,NO,"Title/abstract screening alone does not establish effectiveness, causality, methodological quality, transferability to Brazilian public safety or an institutional recommendation."
EV-0951,31208712,2S8MF2BQ,10.1016/j.sleh.2019.01.004,Sleep health and its association with performance and motivation in tactical athletes enrolled in the Reserve Officers' Training Corps.,FULL_TEXT_QUEUE,P2,9,2,5,1,1,DISCOVERY_REQUIRED,https://doi.org/10.1016/j.sleh.2019.01.004,"Journal Article | Observational Study | Research Support, Non-U.S. Gov't",A,NO,NO,PENDING_FULL_TEXT,,NO,"Title/abstract screening alone does not establish effectiveness, causality, methodological quality, transferability to Brazilian public safety or an institutional recommendation."
EV-0950,31227038,EYUFMHIW,10.3357/amhp.5329.2019,U.S. Army Parachute Mishap Fatalities: 2010-2015.,FULL_TEXT_QUEUE,P2,9,2,5,1,1,DISCOVERY_REQUIRED,https://doi.org/10.3357/amhp.5329.2019,Journal Article,A,NO,NO,PENDING_FULL_TEXT,,NO,"Title/abstract screening alone does not establish effectiveness, causality, methodological quality, transferability to Brazilian public safety or an institutional recommendation."
EV-0948,31247103,R86WQGNX,10.1093/milmed/usz133,Soldier Attitudes Toward Behavioral Health Profiles in the US Army.,FULL_TEXT_QUEUE,P2,9,2,5,1,1,DISCOVERY_REQUIRED,https://doi.org/10.1093/milmed/usz133,"Journal Article | Research Support, U.S. Gov't, Non-P.H.S.",A,NO,NO,PENDING_FULL_TEXT,,NO,"Title/abstract screening alone does not establish effectiveness, causality, methodological quality, transferability to Brazilian public safety or an institutional recommendation."
EV-0947,31269002,YS6FPZH5,10.1519/jsc.0000000000003243,Load-Carriage Conditioning Elicits Task-Specific Physical and Psychophysical Improvements in Males.,FULL_TEXT_QUEUE,P2,9,2,5,1,1,DISCOVERY_REQUIRED,https://doi.org/10.1519/jsc.0000000000003243,Journal Article,A,NO,NO,PENDING_FULL_TEXT,,NO,"Title/abstract screening alone does not establish effectiveness, causality, methodological quality, transferability to Brazilian public safety or an institutional recommendation."
EV-0943,31361718,6VJ2M5M4,10.1097/jsa.0000000000000237,The Warrior Athlete Part 2-Return to Duty in the US Military: Advancing ACL Rehabilitation in the Tactical Athlete.,FULL_TEXT_QUEUE,P2,9,2,5,1,1,DISCOVERY_REQUIRED,https://doi.org/10.1097/jsa.0000000000000237,Journal Article,A,NO,NO,PENDING_FULL_TEXT,,NO,"Title/abstract screening alone does not establish effectiveness, causality, methodological quality, transferability to Brazilian public safety or an institutional recommendation."
EV-0940,31381387,FA8P3IIJ,10.1377/hlthaff.2019.00298,Utilization Variation In Military Versus Civilian Care: Evidence From TRICARE.,FULL_TEXT_QUEUE,P2,9,2,5,1,1,DISCOVERY_REQUIRED,https://doi.org/10.1377/hlthaff.2019.00298,"Comparative Study | Journal Article | Research Support, Non-U.S. Gov't | Research Support, U.S. Gov't, Non-P.H.S.",A,NO,NO,PENDING_FULL_TEXT,,NO,"Title/abstract screening alone does not establish effectiveness, causality, methodological quality, transferability to Brazilian public safety or an institutional recommendation."
EV-0931,31567565,HTI3EAWK,10.1097/aud.0000000000000783,Neural Modulation Transmission Is a Marker for Speech Perception in Noise in Cochlear Implant Users.,FULL_TEXT_QUEUE,P2,9,2,6,1,0,DISCOVERY_REQUIRED,https://doi.org/10.1097/aud.0000000000000783,"Journal Article | Research Support, Non-U.S. Gov't",B,NO,NO,PENDING_FULL_TEXT,,NO,"Title/abstract screening alone does not establish effectiveness, causality, methodological quality, transferability to Brazilian public safety or an institutional recommendation."
EV-0930,31586604,N9YZ43DS,10.1016/j.steroids.2019.108504,Hormonal balance and nutritional intake in elite tactical athletes.,FULL_TEXT_QUEUE,P2,9,2,5,1,1,DISCOVERY_REQUIRED,https://doi.org/10.1016/j.steroids.2019.108504,"Journal Article | Research Support, U.S. Gov't, Non-P.H.S.",A,NO,NO,PENDING_FULL_TEXT,,NO,"Title/abstract screening alone does not establish effectiveness, causality, methodological quality, transferability to Brazilian public safety or an institutional recommendation."
EV-0925,31674678,HY2V6SDN,10.1111/iej.13243,Targeted endodontic microsurgery and endodontic microsurgery: a surgical simulation comparison.,FULL_TEXT_QUEUE,P2,9,2,6,1,0,DISCOVERY_REQUIRED,https://doi.org/10.1111/iej.13243,Journal Article,B,NO,NO,PENDING_FULL_TEXT,,NO,"Title/abstract screening alone does not establish effectiveness, causality, methodological quality, transferability to Brazilian public safety or an institutional recommendation."
EV-0920,31808933,KUC76A6G,10.1093/milmed/usz395,Diplopia and Strabismus After Corneal Refractive Surgery.,FULL_TEXT_QUEUE,P2,9,2,5,1,1,DISCOVERY_REQUIRED,https://doi.org/10.1093/milmed/usz395,Journal Article,A,NO,NO,PENDING_FULL_TEXT,,NO,"Title/abstract screening alone does not establish effectiveness, causality, methodological quality, transferability to Brazilian public safety or an institutional recommendation."
EV-1441,3188280,EFS2TWZ8,10.1016/0304-3991(88)90004-6,Microtomography from limited projections in conventional TEM for 3D reconstruction of an intact cell.,FULL_TEXT_QUEUE,P2,9,2,6,1,0,DISCOVERY_REQUIRED,https://doi.org/10.1016/0304-3991(88)90004-6,"Journal Article | Research Support, Non-U.S. Gov't",B,NO,NO,PENDING_FULL_TEXT,,NO,"Title/abstract screening alone does not establish effectiveness, causality, methodological quality, transferability to Brazilian public safety or an institutional recommendation."
EV-0900,32077952,V9KVAYMI,10.1093/milmed/usz483,Identifying Risk and Resilience Factors Associated With the Likelihood of Seeking Mental Health Care Among U.S. Army Soldiers-in-Training.,FULL_TEXT_QUEUE,P2,9,2,5,1,1,DISCOVERY_REQUIRED,https://doi.org/10.1093/milmed/usz483,Journal Article,A,NO,NO,PENDING_FULL_TEXT,,NO,"Title/abstract screening alone does not establish effectiveness, causality, methodological quality, transferability to Brazilian public safety or an institutional recommendation."
EV-0879,32511050,GKBLX5NJ,10.1080/00913847.2020.1780098,Factors associated with musculoskeletal injuries in an infantry commanders course.,FULL_TEXT_QUEUE,P2,9,2,5,1,1,DISCOVERY_REQUIRED,https://doi.org/10.1080/00913847.2020.1780098,Journal Article,A,NO,NO,PENDING_FULL_TEXT,,NO,"Title/abstract screening alone does not establish effectiveness, causality, methodological quality, transferability to Brazilian public safety or an institutional recommendation."
EV-0872,32601703,MPKP7YLA,10.1093/milmed/usaa079,"Biomarkers, Creatine Kinase, and Kidney Function of Special Operation Candidates During Intense Physiological Training.",FULL_TEXT_QUEUE,P2,9,2,5,1,1,DISCOVERY_REQUIRED,https://doi.org/10.1093/milmed/usaa079,"Journal Article | Research Support, U.S. Gov't, Non-P.H.S.",A,NO,NO,PENDING_FULL_TEXT,,NO,"Title/abstract screening alone does not establish effectiveness, causality, methodological quality, transferability to Brazilian public safety or an institutional recommendation."
EV-0871,32617562,675YY92I,10.1093/milmed/usaa132,Urology Individual Critical Task List: Creation and Validation of a Simulation Curriculum.,FULL_TEXT_QUEUE,P2,9,2,5,1,1,DISCOVERY_REQUIRED,https://doi.org/10.1093/milmed/usaa132,Journal Article,A,NO,NO,PENDING_FULL_TEXT,,NO,"Title/abstract screening alone does not establish effectiveness, causality, methodological quality, transferability to Brazilian public safety or an institutional recommendation."
EV-0863,32852304,BAUHCDZE,10.1097/jsm.0000000000000797,Arthroscopic Primary Repair for Partial Proximal Anterior Cruciate Ligament Tear in Military Personnel.,FULL_TEXT_QUEUE,P2,9,2,5,1,1,DISCOVERY_REQUIRED,https://doi.org/10.1097/jsm.0000000000000797,Journal Article,A,NO,NO,PENDING_FULL_TEXT,,NO,"Title/abstract screening alone does not establish effectiveness, causality, methodological quality, transferability to Brazilian public safety or an institutional recommendation."
EV-0851,33007069,WS6Q3X7F,10.1093/milmed/usaa362,A Survey of Energy Drink Consumption and Associated Adverse Effects in Air Force Personnel.,FULL_TEXT_QUEUE,P2,9,2,5,1,1,DISCOVERY_REQUIRED,https://doi.org/10.1093/milmed/usaa362,Journal Article,A,NO,NO,PENDING_FULL_TEXT,,NO,"Title/abstract screening alone does not establish effectiveness, causality, methodological quality, transferability to Brazilian public safety or an institutional recommendation."
EV-0845,33136775,CRRSVWX7,10.1519/jsc.0000000000003846,Comparison of Military Recruit and Incumbent Physical Characteristics and Performance: Potential Implications for Through-Career Individual Readiness and Occupational Performance.,FULL_TEXT_QUEUE,P2,9,2,5,1,1,DISCOVERY_REQUIRED,https://doi.org/10.1519/jsc.0000000000003846,Comparative Study | Journal Article,A,NO,NO,PENDING_FULL_TEXT,,NO,"Title/abstract screening alone does not establish effectiveness, causality, methodological quality, transferability to Brazilian public safety or an institutional recommendation."
EV-0839,33202275,TF4KIVYM,10.1016/j.ijbiomac.2020.11.093,"Enzymatic characterization, molecular dynamics simulation, and application of a novel Bacillus licheniformis laccase.",FULL_TEXT_QUEUE,P2,9,2,6,1,0,DISCOVERY_REQUIRED,https://doi.org/10.1016/j.ijbiomac.2020.11.093,Journal Article,B,NO,NO,PENDING_FULL_TEXT,,NO,"Title/abstract screening alone does not establish effectiveness, causality, methodological quality, transferability to Brazilian public safety or an institutional recommendation."
EV-0826,33394041,4NZ8DE9Z,10.1093/milmed/usaa565,The Key to Combat Readiness Is a Strong Military-Civilian Partnership.,FULL_TEXT_QUEUE,P2,9,2,5,1,1,DISCOVERY_REQUIRED,https://doi.org/10.1093/milmed/usaa565,Journal Article,A,NO,NO,PENDING_FULL_TEXT,,NO,"Title/abstract screening alone does not establish effectiveness, causality, methodological quality, transferability to Brazilian public safety or an institutional recommendation."
EV-0821,33496548,ZYDNS77V,10.1097/ta.0000000000003095,Clinical utilization of deployed military surgeons.,FULL_TEXT_QUEUE,P2,9,2,5,1,1,DISCOVERY_REQUIRED,https://doi.org/10.1097/ta.0000000000003095,Journal Article,A,NO,NO,PENDING_FULL_TEXT,,NO,"Title/abstract screening alone does not establish effectiveness, causality, methodological quality, transferability to Brazilian public safety or an institutional recommendation."
EV-0820,33499477,53D7NUVZ,10.1093/milmed/usaa377,"PV[O]H: Noninvasive Enabling Technology, New Physiological Monitoring, and Big Data.",FULL_TEXT_QUEUE,P2,9,2,5,1,1,DISCOVERY_REQUIRED,https://doi.org/10.1093/milmed/usaa377,"Journal Article | Research Support, U.S. Gov't, Non-P.H.S.",A,NO,NO,PENDING_FULL_TEXT,,NO,"Title/abstract screening alone does not establish effectiveness, causality, methodological quality, transferability to Brazilian public safety or an institutional recommendation."
EV-0808,33647130,PHPFVHG4,10.2987/20-6928.1,Mosquito Community and West Nile Virus Risk on a National Guard Training Base in Oklahoma.,FULL_TEXT_QUEUE,P2,9,2,5,1,1,DISCOVERY_REQUIRED,https://doi.org/10.2987/20-6928.1,"Comparative Study | Journal Article | Research Support, Non-U.S. Gov't",A,NO,NO,PENDING_FULL_TEXT,,NO,"Title/abstract screening alone does not establish effectiveness, causality, methodological quality, transferability to Brazilian public safety or an institutional recommendation."
EV-0805,33664088,STGU2D76,10.1136/bmjmilitary-2020-001700,Correlates of e-cigarette use among active duty US military personnel: implications for cessation policy.,FULL_TEXT_QUEUE,P2,9,2,5,1,1,DISCOVERY_REQUIRED,https://doi.org/10.1136/bmjmilitary-2020-001700,Journal Article,A,NO,NO,PENDING_FULL_TEXT,,NO,"Title/abstract screening alone does not establish effectiveness, causality, methodological quality, transferability to Brazilian public safety or an institutional recommendation."
EV-0800,33779201,U9BNM236,10.1037/ser0000528,Brief behavioral treatment for insomnia: Treatment schedule and training feasibility in the military.,FULL_TEXT_QUEUE,P2,9,2,5,1,1,DISCOVERY_REQUIRED,https://doi.org/10.1037/ser0000528,Journal Article,A,NO,NO,PENDING_FULL_TEXT,,NO,"Title/abstract screening alone does not establish effectiveness, causality, methodological quality, transferability to Brazilian public safety or an institutional recommendation."
EV-0798,33789974,Q2BMC8M3,10.1136/bmjmilitary-2021-001776,Utility of preinduction tests as predictors of attrition in infantry recruits: a prospective study.,FULL_TEXT_QUEUE,P2,9,2,5,1,1,DISCOVERY_REQUIRED,https://doi.org/10.1136/bmjmilitary-2021-001776,Journal Article,A,NO,NO,PENDING_FULL_TEXT,,NO,"Title/abstract screening alone does not establish effectiveness, causality, methodological quality, transferability to Brazilian public safety or an institutional recommendation."
EV-0795,33829468,367Y4W9A,10.5603/imh.2021.0002,Physical fitness in Spanish naval cadets. A four-year study.,FULL_TEXT_QUEUE,P2,9,2,5,1,1,DISCOVERY_REQUIRED,https://doi.org/10.5603/imh.2021.0002,Journal Article,A,NO,NO,PENDING_FULL_TEXT,,NO,"Title/abstract screening alone does not establish effectiveness, causality, methodological quality, transferability to Brazilian public safety or an institutional recommendation."
EV-0790,33914895,SHL2WFVF,10.1093/milmed/usab162,"Combating the ""Peacetime Effect"" in Military Plastic Surgery: Implications for Mission Readiness.",FULL_TEXT_QUEUE,P2,9,2,5,1,1,DISCOVERY_REQUIRED,https://doi.org/10.1093/milmed/usab162,Journal Article,A,NO,NO,PENDING_FULL_TEXT,,NO,"Title/abstract screening alone does not establish effectiveness, causality, methodological quality, transferability to Brazilian public safety or an institutional recommendation."
EV-0785,34008030,CSQISJNS,10.1093/milmed/usab191,Respiratory Viral Pathogens Among U.S. Military Personnel at a Medical Treatment Facility in Hawaii From 2014 to 2019.,FULL_TEXT_QUEUE,P2,9,2,5,1,1,DISCOVERY_REQUIRED,https://doi.org/10.1093/milmed/usab191,Journal Article,A,NO,NO,PENDING_FULL_TEXT,,NO,"Title/abstract screening alone does not establish effectiveness, causality, methodological quality, transferability to Brazilian public safety or an institutional recommendation."
EV-0782,34117489,KLVPNNJV,10.1093/milmed/usab222,Dietary Intakes From Ad Libitum Consumption of Canadian Armed Forces Field Rations Compared With Usual Home Dietary Intakes and Military Dietary Reference Intakes.,FULL_TEXT_QUEUE,P2,9,2,5,1,1,DISCOVERY_REQUIRED,https://doi.org/10.1093/milmed/usab222,"Journal Article | Research Support, Non-U.S. Gov't",A,NO,NO,PENDING_FULL_TEXT,,NO,"Title/abstract screening alone does not establish effectiveness, causality, methodological quality, transferability to Brazilian public safety or an institutional recommendation."
EV-0774,34265060,VEFGYWDX,10.1093/jmicro/dfab026,Evolution in X-ray analysis from micro to atomic scales in aberration-corrected scanning transmission electron microscopes.,FULL_TEXT_QUEUE,P2,9,2,6,1,0,DISCOVERY_REQUIRED,https://doi.org/10.1093/jmicro/dfab026,Journal Article,B,NO,NO,PENDING_FULL_TEXT,,NO,"Title/abstract screening alone does not establish effectiveness, causality, methodological quality, transferability to Brazilian public safety or an institutional recommendation."
EV-0772,34318327,LURVNPJJ,10.1093/milmed/usab320,Visuomotor Synchronization: Military Normative Performance.,FULL_TEXT_QUEUE,P2,9,2,5,1,1,DISCOVERY_REQUIRED,https://doi.org/10.1093/milmed/usab320,"Journal Article | Research Support, U.S. Gov't, Non-P.H.S.",A,NO,NO,PENDING_FULL_TEXT,,NO,"Title/abstract screening alone does not establish effectiveness, causality, methodological quality, transferability to Brazilian public safety or an institutional recommendation."
EV-0771,34411520,7MNV3CGX,10.1016/j.amjmed.2021.07.026,A Threat to Military Combat Power: Dietary Supplements.,FULL_TEXT_QUEUE,P2,9,2,5,1,1,DISCOVERY_REQUIRED,https://doi.org/10.1016/j.amjmed.2021.07.026,Journal Article,A,NO,NO,PENDING_FULL_TEXT,,NO,"Title/abstract screening alone does not establish effectiveness, causality, methodological quality, transferability to Brazilian public safety or an institutional recommendation."
EV-0754,34648611,3L5HR7G3,10.1039/d1cp03518e,Toward Å-fs-meV resolution in electron microscopy: systematic simulation of the temporal spread of single-electron packets.,FULL_TEXT_QUEUE,P2,9,2,6,1,0,DISCOVERY_REQUIRED,https://doi.org/10.1039/d1cp03518e,Journal Article,B,NO,NO,PENDING_FULL_TEXT,,NO,"Title/abstract screening alone does not establish effectiveness, causality, methodological quality, transferability to Brazilian public safety or an institutional recommendation."
EV-0746,34863680,Y3QYD8D3,10.1016/j.expneurol.2021.113938,Animal model of repeated low-level blast traumatic brain injury displays acute and chronic neurobehavioral and neuropathological changes.,FULL_TEXT_QUEUE,P2,9,2,5,1,1,DISCOVERY_REQUIRED,https://doi.org/10.1016/j.expneurol.2021.113938,"Journal Article | Research Support, U.S. Gov't, Non-P.H.S.",A,NO,NO,PENDING_FULL_TEXT,,NO,"Title/abstract screening alone does not establish effectiveness, causality, methodological quality, transferability to Brazilian public safety or an institutional recommendation."
EV-0743,34908149,7NSGT9AM,10.1093/milmed/usab498,An Alternate Approach to Military Rations for Optimal Health and Performance.,FULL_TEXT_QUEUE,P2,9,2,5,1,1,DISCOVERY_REQUIRED,https://doi.org/10.1093/milmed/usab498,"Journal Article | Research Support, Non-U.S. Gov't",A,NO,NO,PENDING_FULL_TEXT,,NO,"Title/abstract screening alone does not establish effectiveness, causality, methodological quality, transferability to Brazilian public safety or an institutional recommendation."
EV-0739,34935987,YXJBVQMH,10.1093/milmed/usab507,"The Air Force Visiting Surgeon Program: Development, Outcomes, and Future Application.",FULL_TEXT_QUEUE,P2,9,2,5,1,1,DISCOVERY_REQUIRED,https://doi.org/10.1093/milmed/usab507,Journal Article,A,NO,NO,PENDING_FULL_TEXT,,NO,"Title/abstract screening alone does not establish effectiveness, causality, methodological quality, transferability to Brazilian public safety or an institutional recommendation."
EV-0733,35043185,YQGXG527,10.1093/milmed/usab569,Oral Health Disparities in the Royal Netherlands Armed Forces.,FULL_TEXT_QUEUE,P2,9,2,5,1,1,DISCOVERY_REQUIRED,https://doi.org/10.1093/milmed/usab569,Journal Article,A,NO,NO,PENDING_FULL_TEXT,,NO,"Title/abstract screening alone does not establish effectiveness, causality, methodological quality, transferability to Brazilian public safety or an institutional recommendation."
EV-0731,35050374,9Q9K2RIL,10.1093/milmed/usab464,Relational Coordination as a Predictor of Job Satisfaction and Intent to Stay Among Nurses and Physicians in the Military Health System.,FULL_TEXT_QUEUE,P2,9,2,5,1,1,DISCOVERY_REQUIRED,https://doi.org/10.1093/milmed/usab464,"Journal Article | Research Support, U.S. Gov't, Non-P.H.S.",A,NO,NO,PENDING_FULL_TEXT,,NO,"Title/abstract screening alone does not establish effectiveness, causality, methodological quality, transferability to Brazilian public safety or an institutional recommendation."
EV-0729,35064262,QQRDM2NM,10.1093/milmed/usac015,Evaluation of Two Training Programs Designed to Enhance Performance on the Army Combat Fitness Test Among ROTC Cadets.,FULL_TEXT_QUEUE,P2,9,2,5,1,1,DISCOVERY_REQUIRED,https://doi.org/10.1093/milmed/usac015,"Journal Article | Research Support, Non-U.S. Gov't | Research Support, U.S. Gov't, Non-P.H.S.",A,NO,NO,PENDING_FULL_TEXT,,NO,"Title/abstract screening alone does not establish effectiveness, causality, methodological quality, transferability to Brazilian public safety or an institutional recommendation."
EV-0728,35072728,6T7GBFSV,10.1093/milmed/usab399,"Moderate and Severe Acute Normobaric Hypoxia and the 3-Repetition Deadlift, Hand-Release Push-Up, and Leg Tuck Events From the Army Combat Fitness Test.",FULL_TEXT_QUEUE,P2,9,2,5,1,1,DISCOVERY_REQUIRED,https://doi.org/10.1093/milmed/usab399,Journal Article,A,NO,NO,PENDING_FULL_TEXT,,NO,"Title/abstract screening alone does not establish effectiveness, causality, methodological quality, transferability to Brazilian public safety or an institutional recommendation."
EV-0718,35188508,QBLJKTYC,10.1039/d1cp05796k,"Superior thermoelectric properties of ternary chalcogenides CsAg5Q3 (Q = Te, Se) predicted using first-principles calculations.",FULL_TEXT_QUEUE,P2,9,2,6,1,0,DISCOVERY_REQUIRED,https://doi.org/10.1039/d1cp05796k,Journal Article,B,NO,NO,PENDING_FULL_TEXT,,NO,"Title/abstract screening alone does not establish effectiveness, causality, methodological quality, transferability to Brazilian public safety or an institutional recommendation."
EV-0711,35278327,NLZ9P3XT,10.55460/18db-itve,Advancing the Practice of Contemporary Military Performance Psychology:A Full-Spectrum Approach to Psychological Health and Readiness.,FULL_TEXT_QUEUE,P2,9,2,5,1,1,DISCOVERY_REQUIRED,https://doi.org/10.55460/18db-itve,Journal Article,A,NO,NO,PENDING_FULL_TEXT,,NO,"Title/abstract screening alone does not establish effectiveness, causality, methodological quality, transferability to Brazilian public safety or an institutional recommendation."
EV-0702,35384740,XVYVGAQE,10.1177/03635465221083672,The Use of Force Plate Vertical Jump Scans to Identify Special Warfare Trainees at Risk for Musculoskeletal Injury: A Large Cohort Study.,FULL_TEXT_QUEUE,P2,9,2,5,1,1,DISCOVERY_REQUIRED,https://doi.org/10.1177/03635465221083672,Journal Article,A,NO,NO,PENDING_FULL_TEXT,,NO,"Title/abstract screening alone does not establish effectiveness, causality, methodological quality, transferability to Brazilian public safety or an institutional recommendation."
EV-0700,35439215,UKQMQS6Q,10.1097/jxx.0000000000000711,Examining the effects of chronic pain on work performance in the military.,FULL_TEXT_QUEUE,P2,9,2,5,1,1,DISCOVERY_REQUIRED,https://doi.org/10.1097/jxx.0000000000000711,Journal Article | Observational Study,A,NO,NO,PENDING_FULL_TEXT,,NO,"Title/abstract screening alone does not establish effectiveness, causality, methodological quality, transferability to Brazilian public safety or an institutional recommendation."
EV-0699,35446417,4VBEXZ2X,10.1093/milmed/usac111,Physical Tests to Predict Combat Task Performance Among Brazilian Air Force Infantry Cadets.,FULL_TEXT_QUEUE,P2,9,2,5,1,1,DISCOVERY_REQUIRED,https://doi.org/10.1093/milmed/usac111,Journal Article,A,NO,NO,PENDING_FULL_TEXT,,NO,"Title/abstract screening alone does not establish effectiveness, causality, methodological quality, transferability to Brazilian public safety or an institutional recommendation."
EV-0695,35549578,IXVXN3TK,10.1177/00187208221086686,Recovery of Cognitive Performance Following Multi-Stressor Military Training.,FULL_TEXT_QUEUE,P2,9,2,5,1,1,DISCOVERY_REQUIRED,https://doi.org/10.1177/00187208221086686,"Journal Article | Research Support, Non-U.S. Gov't | Research Support, U.S. Gov't, Non-P.H.S.",A,NO,NO,PENDING_FULL_TEXT,,NO,"Title/abstract screening alone does not establish effectiveness, causality, methodological quality, transferability to Brazilian public safety or an institutional recommendation."
EV-0688,35661527,7QQIMQBT,10.1016/j.bioorg.2022.105887,Insights into the mechanism for the high-alkaline activity of a novel GH43 β-xylosidase from Bacillus clausii with a promising application to produce xylose.,FULL_TEXT_QUEUE,P2,9,2,6,1,0,DISCOVERY_REQUIRED,https://doi.org/10.1016/j.bioorg.2022.105887,"Journal Article | Research Support, Non-U.S. Gov't",B,NO,NO,PENDING_FULL_TEXT,,NO,"Title/abstract screening alone does not establish effectiveness, causality, methodological quality, transferability to Brazilian public safety or an institutional recommendation."
EV-0687,35667127,5K78YC99,10.1016/j.apergo.2022.103809,"A data-driven framework for assessing soldier performance, health, and survivability.",FULL_TEXT_QUEUE,P2,9,2,5,1,1,DISCOVERY_REQUIRED,https://doi.org/10.1016/j.apergo.2022.103809,Journal Article,A,NO,NO,PENDING_FULL_TEXT,,NO,"Title/abstract screening alone does not establish effectiveness, causality, methodological quality, transferability to Brazilian public safety or an institutional recommendation."
EV-0685,35695302,VWKLSHGG,10.1080/09593985.2022.2082346,"No pain, no gain: The military overtraining hypothesis of musculoskeletal stress and injury.",FULL_TEXT_QUEUE,P2,9,2,5,1,1,DISCOVERY_REQUIRED,https://doi.org/10.1080/09593985.2022.2082346,Journal Article,A,NO,NO,PENDING_FULL_TEXT,,NO,"Title/abstract screening alone does not establish effectiveness, causality, methodological quality, transferability to Brazilian public safety or an institutional recommendation."
EV-0679,35862848,ZY5KEX3Q,10.55460/z785-2pxq,Whole Blood Storage Temperature Investigation in Austere Environments.,FULL_TEXT_QUEUE,P2,9,2,5,1,1,DISCOVERY_REQUIRED,https://doi.org/10.55460/z785-2pxq,Journal Article,A,NO,NO,PENDING_FULL_TEXT,,NO,"Title/abstract screening alone does not establish effectiveness, causality, methodological quality, transferability to Brazilian public safety or an institutional recommendation."
EV-0672,36026495,RBZNRU6U,10.1519/jsc.0000000000004335,Decreased Percent Body Fat but Not Body Mass is Associated with Better Performance on Combat Fitness Test in Male and Female Marines.,FULL_TEXT_QUEUE,P2,9,2,5,1,1,DISCOVERY_REQUIRED,https://doi.org/10.1519/jsc.0000000000004335,Journal Article,A,NO,NO,PENDING_FULL_TEXT,,NO,"Title/abstract screening alone does not establish effectiveness, causality, methodological quality, transferability to Brazilian public safety or an institutional recommendation."
EV-0671,36029531,X2MQ6HT7,10.1016/j.janxdis.2022.102608,Incidences of anxiety disorders among active duty service members between 1999 and 2018.,FULL_TEXT_QUEUE,P2,9,2,5,1,1,DISCOVERY_REQUIRED,https://doi.org/10.1016/j.janxdis.2022.102608,Journal Article,A,NO,NO,PENDING_FULL_TEXT,,NO,"Title/abstract screening alone does not establish effectiveness, causality, methodological quality, transferability to Brazilian public safety or an institutional recommendation."
EV-0649,36436505,37PQGW2M,10.1111/jsr.13788,"Sleep deficiency, operational fatigue and the interplay of compromising factors: Analysis to aid in fatigue management.",FULL_TEXT_QUEUE,P2,9,2,5,1,1,DISCOVERY_REQUIRED,https://doi.org/10.1111/jsr.13788,"Journal Article | Research Support, Non-U.S. Gov't",A,NO,NO,PENDING_FULL_TEXT,,NO,"Title/abstract screening alone does not establish effectiveness, causality, methodological quality, transferability to Brazilian public safety or an institutional recommendation."
EV-0646,36503874,L9UGI5DM,10.1016/j.sleh.2022.10.013,Less daytime sleepiness and slow wave activity during sleep predict better physical readiness in military personnel.,FULL_TEXT_QUEUE,P2,9,2,5,1,1,DISCOVERY_REQUIRED,https://doi.org/10.1016/j.sleh.2022.10.013,"Journal Article | Research Support, U.S. Gov't, Non-P.H.S.",A,NO,NO,PENDING_FULL_TEXT,,NO,"Title/abstract screening alone does not establish effectiveness, causality, methodological quality, transferability to Brazilian public safety or an institutional recommendation."
EV-0642,36562213,UIQ2WDHV,10.1002/adhm.202202531,Thermal-Sinterable EGaIn Nanoparticle Inks for Highly Deformable Bioelectrode Arrays.,FULL_TEXT_QUEUE,P2,9,2,6,1,0,DISCOVERY_REQUIRED,https://doi.org/10.1002/adhm.202202531,"Journal Article | Research Support, Non-U.S. Gov't",B,NO,NO,PENDING_FULL_TEXT,,NO,"Title/abstract screening alone does not establish effectiveness, causality, methodological quality, transferability to Brazilian public safety or an institutional recommendation."
EV-0631,36719256,V39YJ86N,10.1002/asia.202201233,Modification of Hollow Expanded Microspheres with Superior Thermal Insulation Properties and Their Applications.,FULL_TEXT_QUEUE,P2,9,2,6,1,0,DISCOVERY_REQUIRED,https://doi.org/10.1002/asia.202201233,Journal Article,B,NO,NO,PENDING_FULL_TEXT,,NO,"Title/abstract screening alone does not establish effectiveness, causality, methodological quality, transferability to Brazilian public safety or an institutional recommendation."
EV-0630,36722162,ILQPE9IV,10.1093/milmed/usad003,Cognitive Load Influences Drop Jump Landing Mechanics During Cognitive-Motor-Simulated Shooting.,FULL_TEXT_QUEUE,P2,9,2,5,1,1,DISCOVERY_REQUIRED,https://doi.org/10.1093/milmed/usad003,"Journal Article | Research Support, U.S. Gov't, Non-P.H.S.",A,NO,NO,PENDING_FULL_TEXT,,NO,"Title/abstract screening alone does not establish effectiveness, causality, methodological quality, transferability to Brazilian public safety or an institutional recommendation."
EV-0621,36840451,4NTYKSRA,10.1093/milmed/usad043,Impacts of Austerity on Urogenital Infection Rates in Active Duty Servicewomen.,FULL_TEXT_QUEUE,P2,9,2,5,1,1,DISCOVERY_REQUIRED,https://doi.org/10.1093/milmed/usad043,Journal Article,A,NO,NO,PENDING_FULL_TEXT,,NO,"Title/abstract screening alone does not establish effectiveness, causality, methodological quality, transferability to Brazilian public safety or an institutional recommendation."
EV-0611,36939035,YRXTU9TP,10.1080/00140139.2023.2193869,Performance changes during repeated military occupational test and its associations to physical performance.,FULL_TEXT_QUEUE,P2,9,2,5,1,1,DISCOVERY_REQUIRED,https://doi.org/10.1080/00140139.2023.2193869,Journal Article,A,NO,NO,PENDING_FULL_TEXT,,NO,"Title/abstract screening alone does not establish effectiveness, causality, methodological quality, transferability to Brazilian public safety or an institutional recommendation."
EV-0594,37285305,HFLT99PM,10.1093/milmed/usad203,The Effect of Body Armor on Pulmonary Function Using Plethysmography.,FULL_TEXT_QUEUE,P2,9,2,5,1,1,DISCOVERY_REQUIRED,https://doi.org/10.1093/milmed/usad203,Journal Article,A,NO,NO,PENDING_FULL_TEXT,,NO,"Title/abstract screening alone does not establish effectiveness, causality, methodological quality, transferability to Brazilian public safety or an institutional recommendation."
EV-0590,37336580,GAT5XPQT,10.1136/military-2023-002392,Sex differences in musculoskeletal injury epidemiology and subsequent loss of tactical readiness during Marine Corps Officer Candidates School.,FULL_TEXT_QUEUE,P2,9,2,5,1,1,DISCOVERY_REQUIRED,https://doi.org/10.1136/military-2023-002392,Journal Article,A,NO,NO,PENDING_FULL_TEXT,,NO,"Title/abstract screening alone does not establish effectiveness, causality, methodological quality, transferability to Brazilian public safety or an institutional recommendation."
EV-0582,37463381,Y5NL5334,10.36740/wlek202306118,PECULIARITIES OF FORMATION OF CADETS' PSYCHOLOGICAL RESILIENCE AND PHYSICAL READINESS FOR COMBAT STRESS.,FULL_TEXT_QUEUE,P2,9,2,5,1,1,DISCOVERY_REQUIRED,https://doi.org/10.36740/wlek202306118,Journal Article,A,NO,NO,PENDING_FULL_TEXT,,NO,"Title/abstract screening alone does not establish effectiveness, causality, methodological quality, transferability to Brazilian public safety or an institutional recommendation."
EV-0579,37486770,DPIXWTF5,10.1249/mss.0000000000003257,Predicting Subsequent Injury after Being Cleared to Return to Work from Initial Lumbar or Lower Extremity Injury.,FULL_TEXT_QUEUE,P2,9,2,5,1,1,DISCOVERY_REQUIRED,https://doi.org/10.1249/mss.0000000000003257,"Journal Article | Research Support, U.S. Gov't, Non-P.H.S.",A,NO,NO,PENDING_FULL_TEXT,,NO,"Title/abstract screening alone does not establish effectiveness, causality, methodological quality, transferability to Brazilian public safety or an institutional recommendation."
EV-0577,37490790,TFVYJ6QE,10.1016/j.apergo.2023.104096,Estimating marksmanship performance during walking while maintaining weapon aim.,FULL_TEXT_QUEUE,P2,9,2,5,1,1,DISCOVERY_REQUIRED,https://doi.org/10.1016/j.apergo.2023.104096,Journal Article,A,NO,NO,PENDING_FULL_TEXT,,NO,"Title/abstract screening alone does not establish effectiveness, causality, methodological quality, transferability to Brazilian public safety or an institutional recommendation."
EV-0564,37715687,J8NG4UGK,10.1093/milmed/usad350,"COVID-19 Concerns, Information Needs, and Adverse Mental Health Outcomes among U.S. Soldiers.",FULL_TEXT_QUEUE,P2,9,2,5,1,1,DISCOVERY_REQUIRED,https://doi.org/10.1093/milmed/usad350,"Journal Article | Research Support, U.S. Gov't, Non-P.H.S.",A,NO,NO,PENDING_FULL_TEXT,,NO,"Title/abstract screening alone does not establish effectiveness, causality, methodological quality, transferability to Brazilian public safety or an institutional recommendation."
EV-0558,37794214,C6RW6V3G,10.1007/s00394-023-03254-1,Validity of combined hydration self-assessment measurements to estimate a low vs. high urine concentration in a small sample of (tactical) athletes.,FULL_TEXT_QUEUE,P2,9,2,5,1,1,DISCOVERY_REQUIRED,https://doi.org/10.1007/s00394-023-03254-1,Journal Article,A,NO,NO,PENDING_FULL_TEXT,,NO,"Title/abstract screening alone does not establish effectiveness, causality, methodological quality, transferability to Brazilian public safety or an institutional recommendation."
EV-0554,37832144,ZYG29V9Z,10.1093/micmic/ozad108,Evaluating Stage Motion for Automated Electron Microscopy.,FULL_TEXT_QUEUE,P2,9,2,6,1,0,DISCOVERY_REQUIRED,https://doi.org/10.1093/micmic/ozad108,Journal Article,B,NO,NO,PENDING_FULL_TEXT,,NO,"Title/abstract screening alone does not establish effectiveness, causality, methodological quality, transferability to Brazilian public safety or an institutional recommendation."
EV-0552,37851859,6DIZX862,10.55460/99qw-k0hg,Optimizing Brain Health of United States Special Operations Forces.,FULL_TEXT_QUEUE,P2,9,2,5,1,1,DISCOVERY_REQUIRED,https://doi.org/10.55460/99qw-k0hg,Journal Article,A,NO,NO,PENDING_FULL_TEXT,,NO,"Title/abstract screening alone does not establish effectiveness, causality, methodological quality, transferability to Brazilian public safety or an institutional recommendation."
EV-0535,37987715,TUSTH7GU,10.1093/milmed/usad449,The Hidden Enemy: Mal de Débarquement Syndrome and Its Impact on Military Operations.,FULL_TEXT_QUEUE,P2,9,2,5,1,1,DISCOVERY_REQUIRED,https://doi.org/10.1093/milmed/usad449,"Journal Article | Research Support, Non-U.S. Gov't",A,NO,NO,PENDING_FULL_TEXT,,NO,"Title/abstract screening alone does not establish effectiveness, causality, methodological quality, transferability to Brazilian public safety or an institutional recommendation."
EV-0532,38015734,BMSIYEIH,10.1519/jsc.0000000000004580,"Psychophysiology, Cognitive Function, and Musculoskeletal Status Holistically Explain Tactical Performance Readiness and Resilience.",FULL_TEXT_QUEUE,P2,9,2,5,1,1,DISCOVERY_REQUIRED,https://doi.org/10.1519/jsc.0000000000004580,Journal Article,A,NO,NO,PENDING_FULL_TEXT,,NO,"Title/abstract screening alone does not establish effectiveness, causality, methodological quality, transferability to Brazilian public safety or an institutional recommendation."
EV-0528,38053265,JZ35N8Z3,10.1136/military-2023-002541,Accuracy of heart rate measured by military-grade wearable ECG monitor compared with reference and commercial monitors.,FULL_TEXT_QUEUE,P2,9,2,5,1,1,DISCOVERY_REQUIRED,https://doi.org/10.1136/military-2023-002541,Journal Article,A,NO,NO,PENDING_FULL_TEXT,,NO,"Title/abstract screening alone does not establish effectiveness, causality, methodological quality, transferability to Brazilian public safety or an institutional recommendation."
EV-0525,38079464,7F5RPJ66,10.1093/milmed/usad456,Extending Air Force Physical Fitness Postpartum Dwell Time Improves Maternal Physical Readiness.,FULL_TEXT_QUEUE,P2,9,2,5,1,1,DISCOVERY_REQUIRED,https://doi.org/10.1093/milmed/usad456,Journal Article,A,NO,NO,PENDING_FULL_TEXT,,NO,"Title/abstract screening alone does not establish effectiveness, causality, methodological quality, transferability to Brazilian public safety or an institutional recommendation."
EV-0520,38158571,JN7HB73L,10.3357/amhp.6277.2024,Sugar-Sweetened Beverage Consumption and Implications for Aviation Preflight Indoctrination Students.,FULL_TEXT_QUEUE,P2,9,2,5,1,1,DISCOVERY_REQUIRED,https://doi.org/10.3357/amhp.6277.2024,Journal Article,A,NO,NO,PENDING_FULL_TEXT,,NO,"Title/abstract screening alone does not establish effectiveness, causality, methodological quality, transferability to Brazilian public safety or an institutional recommendation."
EV-0518,38175726,6GHDSV2R,10.7547/22-114,Macrotraumatic Fractures of the Multisegmented Ankle-Foot Complex in Military Tactical Athletes: A Cohort Study.,FULL_TEXT_QUEUE,P2,9,2,5,1,1,DISCOVERY_REQUIRED,https://doi.org/10.7547/22-114,Journal Article,A,NO,NO,PENDING_FULL_TEXT,,NO,"Title/abstract screening alone does not establish effectiveness, causality, methodological quality, transferability to Brazilian public safety or an institutional recommendation."
EV-0507,38302089,MJ5TWXA7,10.1093/milmed/usae006,Feeling the Strain: Understanding the Relationship between Stress and Physical Activity in Members of the Royal Canadian Navy.,FULL_TEXT_QUEUE,P2,9,2,5,1,1,DISCOVERY_REQUIRED,https://doi.org/10.1093/milmed/usae006,Journal Article,A,NO,NO,PENDING_FULL_TEXT,,NO,"Title/abstract screening alone does not establish effectiveness, causality, methodological quality, transferability to Brazilian public safety or an institutional recommendation."
EV-0501,38330154,MJE286UY,10.1093/milmed/usae015,The Value of Strength as a Predictor of Musculoskeletal Injury in Canadian Armed Forces Basic Infantry Candidates.,FULL_TEXT_QUEUE,P2,9,2,5,1,1,DISCOVERY_REQUIRED,https://doi.org/10.1093/milmed/usae015,"Journal Article | Research Support, U.S. Gov't, Non-P.H.S.",A,NO,NO,PENDING_FULL_TEXT,,NO,"Title/abstract screening alone does not establish effectiveness, causality, methodological quality, transferability to Brazilian public safety or an institutional recommendation."
EV-0500,38345018,QC9VWMPV,10.1080/02699052.2024.2310786,Academic adjustments and concussion recoveries in NCAA student-athletes: a LIMBIC MATARS investigation.,FULL_TEXT_QUEUE,P2,9,2,5,1,1,DISCOVERY_REQUIRED,https://doi.org/10.1080/02699052.2024.2310786,"Journal Article | Research Support, U.S. Gov't, Non-P.H.S.",A,NO,NO,PENDING_FULL_TEXT,,NO,"Title/abstract screening alone does not establish effectiveness, causality, methodological quality, transferability to Brazilian public safety or an institutional recommendation."
EV-0486,38536039,IIJJUGYI,10.1097/nmd.0000000000001768,The Nature of Combat Stress Development During Military Operations and Psychotherapy in Extreme Situations.,FULL_TEXT_QUEUE,P2,9,2,5,1,1,DISCOVERY_REQUIRED,https://doi.org/10.1097/nmd.0000000000001768,Journal Article,A,NO,NO,PENDING_FULL_TEXT,,NO,"Title/abstract screening alone does not establish effectiveness, causality, methodological quality, transferability to Brazilian public safety or an institutional recommendation."
EV-0482,38602455,KIUBPKP8,10.1093/milmed/usad494,Impact of a Special Operations Forces Basic Training on Body Composition and Energy Expenditure.,FULL_TEXT_QUEUE,P2,9,2,5,1,1,DISCOVERY_REQUIRED,https://doi.org/10.1093/milmed/usad494,Journal Article,A,NO,NO,PENDING_FULL_TEXT,,NO,"Title/abstract screening alone does not establish effectiveness, causality, methodological quality, transferability to Brazilian public safety or an institutional recommendation."
EV-0475,38739492,34HQ3AHU,10.1093/milmed/usae227,"The Association Between Grip Strength, Upper Body Power, and Limb Dominance in a Military Population.",FULL_TEXT_QUEUE,P2,9,2,5,1,1,DISCOVERY_REQUIRED,https://doi.org/10.1093/milmed/usae227,"Journal Article | Research Support, U.S. Gov't, Non-P.H.S.",A,NO,NO,PENDING_FULL_TEXT,,NO,"Title/abstract screening alone does not establish effectiveness, causality, methodological quality, transferability to Brazilian public safety or an institutional recommendation."
EV-0473,38763574,6YI8S79N,10.1016/j.jbmt.2024.01.021,Comparison of different periodization models on isotonic and isokinetic muscle strength and lean mass in tactical athletes.,FULL_TEXT_QUEUE,P2,9,2,5,1,1,DISCOVERY_REQUIRED,https://doi.org/10.1016/j.jbmt.2024.01.021,Journal Article,A,NO,NO,PENDING_FULL_TEXT,,NO,"Title/abstract screening alone does not establish effectiveness, causality, methodological quality, transferability to Brazilian public safety or an institutional recommendation."
EV-0468,38862245,7WXY7PJK,10.1136/military-2024-002719,Management and prevention strategies for osteoarthritis in tactical athletes.,FULL_TEXT_QUEUE,P2,9,2,5,1,1,DISCOVERY_REQUIRED,https://doi.org/10.1136/military-2024-002719,Editorial,A,NO,NO,PENDING_FULL_TEXT,,NO,"Title/abstract screening alone does not establish effectiveness, causality, methodological quality, transferability to Brazilian public safety or an institutional recommendation."
EV-0467,38865655,P78KW2C2,10.55460/vg7d-h3wa,The Effect of Critical Task Auto-failure Criteria on Medical Evaluation Methods in the Pararescue Schoolhouse.,FULL_TEXT_QUEUE,P2,9,2,5,1,1,DISCOVERY_REQUIRED,https://doi.org/10.55460/vg7d-h3wa,Journal Article,A,NO,NO,PENDING_FULL_TEXT,,NO,"Title/abstract screening alone does not establish effectiveness, causality, methodological quality, transferability to Brazilian public safety or an institutional recommendation."
EV-0463,38894664,84IYLIMZ,10.1093/milmed/usae315,Assessing the Use of Radiographs Alone to Determine Air Force Dental Readiness Classification.,FULL_TEXT_QUEUE,P2,9,2,5,1,1,DISCOVERY_REQUIRED,https://doi.org/10.1093/milmed/usae315,Journal Article,A,NO,NO,PENDING_FULL_TEXT,,NO,"Title/abstract screening alone does not establish effectiveness, causality, methodological quality, transferability to Brazilian public safety or an institutional recommendation."
EV-0457,38944798,VGV32HAA,10.1016/j.jneb.2024.05.232,US Navy Sailors Modify Their Eating Behaviors to Pass Cyclic Physical Readiness Tests.,FULL_TEXT_QUEUE,P2,9,2,5,1,1,DISCOVERY_REQUIRED,https://doi.org/10.1016/j.jneb.2024.05.232,"Journal Article | Research Support, Non-U.S. Gov't",A,NO,NO,PENDING_FULL_TEXT,,NO,"Title/abstract screening alone does not establish effectiveness, causality, methodological quality, transferability to Brazilian public safety or an institutional recommendation."
EV-0451,38997903,TRQBX9K8,10.1016/j.jsams.2024.06.009,Beetroot in deep waters: Navigating the risks of supplement-induced blackouts in aquatic training.,FULL_TEXT_QUEUE,P2,9,2,5,1,1,DISCOVERY_REQUIRED,https://doi.org/10.1016/j.jsams.2024.06.009,Case Reports | Journal Article,A,NO,NO,PENDING_FULL_TEXT,,NO,"Title/abstract screening alone does not establish effectiveness, causality, methodological quality, transferability to Brazilian public safety or an institutional recommendation."
EV-0450,39004445,XEFRMWNF,10.1136/military-2024-002678,Determining cut-off scores for simulated tasks in Brazilian Air Force military personnel.,FULL_TEXT_QUEUE,P2,9,2,5,1,1,DISCOVERY_REQUIRED,https://doi.org/10.1136/military-2024-002678,Journal Article,A,NO,NO,PENDING_FULL_TEXT,,NO,"Title/abstract screening alone does not establish effectiveness, causality, methodological quality, transferability to Brazilian public safety or an institutional recommendation."
EV-0449,39008980,YQ23MXIR,10.1088/1361-6560/ad6371,TEMPy: a toolkit for the modeling of weighted tissue equivalent material in diagnostic imaging.,FULL_TEXT_QUEUE,P2,9,2,6,1,0,DISCOVERY_REQUIRED,https://doi.org/10.1088/1361-6560/ad6371,"Journal Article | Research Support, Non-U.S. Gov't",B,NO,NO,PENDING_FULL_TEXT,,NO,"Title/abstract screening alone does not establish effectiveness, causality, methodological quality, transferability to Brazilian public safety or an institutional recommendation."
EV-0448,39028176,8JAK3MMX,10.1093/milmed/usae359,Artificial Intelligence in Military Medicine.,FULL_TEXT_QUEUE,P2,9,2,5,1,1,DISCOVERY_REQUIRED,https://doi.org/10.1093/milmed/usae359,Journal Article,A,NO,NO,PENDING_FULL_TEXT,,NO,"Title/abstract screening alone does not establish effectiveness, causality, methodological quality, transferability to Brazilian public safety or an institutional recommendation."
EV-0434,39160826,CT7QNQJL,10.1093/milmed/usae062,Identifying Predictors of Positive and Negative Affect at Mid-Deployment Among Military Medical Personnel.,FULL_TEXT_QUEUE,P2,9,2,5,1,1,DISCOVERY_REQUIRED,https://doi.org/10.1093/milmed/usae062,"Journal Article | Research Support, U.S. Gov't, Non-P.H.S.",A,NO,NO,PENDING_FULL_TEXT,,NO,"Title/abstract screening alone does not establish effectiveness, causality, methodological quality, transferability to Brazilian public safety or an institutional recommendation."
EV-0431,39160850,3N2LN5E9,10.1093/milmed/usae141,Enhancing the Management of Deployment-Limiting Medical Conditions in the U.S. Department of Navy Leveraging Electronic Health Records and Predictive Analytics Methods.,FULL_TEXT_QUEUE,P2,9,2,5,1,1,DISCOVERY_REQUIRED,https://doi.org/10.1093/milmed/usae141,"Journal Article | Research Support, U.S. Gov't, Non-P.H.S.",A,NO,NO,PENDING_FULL_TEXT,,NO,"Title/abstract screening alone does not establish effectiveness, causality, methodological quality, transferability to Brazilian public safety or an institutional recommendation."
EV-0428,39177465,K583TX7U,10.1080/02699052.2024.2392251,LIMBIC military and tactical athlete research study: making lemonade 101.,FULL_TEXT_QUEUE,P2,9,2,5,1,1,DISCOVERY_REQUIRED,https://doi.org/10.1080/02699052.2024.2392251,Journal Article,A,NO,NO,PENDING_FULL_TEXT,,NO,"Title/abstract screening alone does not establish effectiveness, causality, methodological quality, transferability to Brazilian public safety or an institutional recommendation."
EV-0424,39235768,VSS633TV,10.1093/milmed/usae412,Characterizing Symptom Profiles in a Military Outpatient Cohort With COVID-19 in the Île-de-France Region.,FULL_TEXT_QUEUE,P2,9,2,5,1,1,DISCOVERY_REQUIRED,https://doi.org/10.1093/milmed/usae412,Journal Article | Observational Study,A,NO,NO,PENDING_FULL_TEXT,,NO,"Title/abstract screening alone does not establish effectiveness, causality, methodological quality, transferability to Brazilian public safety or an institutional recommendation."
EV-0420,39255238,5YUCFG8B,10.1093/milmed/usae423,Burden and Risk Factors of Cervical Spine Conditions in Military Aircrew From 1997 to 2015: A Retrospective Cohort Study.,FULL_TEXT_QUEUE,P2,9,2,5,1,1,DISCOVERY_REQUIRED,https://doi.org/10.1093/milmed/usae423,"Journal Article | Research Support, Non-U.S. Gov't",A,NO,NO,PENDING_FULL_TEXT,,NO,"Title/abstract screening alone does not establish effectiveness, causality, methodological quality, transferability to Brazilian public safety or an institutional recommendation."
EV-0415,39311041,YKVQL9BY,10.1177/1357633x241279494,Development and validation of the Telehealth Etiquette Competency Checklist: A Delphi study.,FULL_TEXT_QUEUE,P2,9,2,6,1,0,DISCOVERY_REQUIRED,https://doi.org/10.1177/1357633x241279494,Journal Article | Validation Study,B,NO,NO,PENDING_FULL_TEXT,,NO,"Title/abstract screening alone does not establish effectiveness, causality, methodological quality, transferability to Brazilian public safety or an institutional recommendation."
EV-0397,39487967,QXYIINZ3,10.1093/milmed/usae514,STEMI in an Adolescent: A Critical Case of Kawasaki Disease.,FULL_TEXT_QUEUE,P2,9,2,5,1,1,DISCOVERY_REQUIRED,https://doi.org/10.1093/milmed/usae514,"Case Reports | Journal Article | Research Support, U.S. Gov't, Non-P.H.S.",A,NO,NO,PENDING_FULL_TEXT,,NO,"Title/abstract screening alone does not establish effectiveness, causality, methodological quality, transferability to Brazilian public safety or an institutional recommendation."
EV-0378,39707752,URVJWJ3W,10.1093/milmed/usae560,Physical Demands of Brazilian Air Force Critical Combat Tasks.,FULL_TEXT_QUEUE,P2,9,2,5,1,1,DISCOVERY_REQUIRED,https://doi.org/10.1093/milmed/usae560,"Journal Article | Research Support, Non-U.S. Gov't",A,NO,NO,PENDING_FULL_TEXT,,NO,"Title/abstract screening alone does not establish effectiveness, causality, methodological quality, transferability to Brazilian public safety or an institutional recommendation."
EV-0365,39841580,VVGIGZ3A,10.1093/milmed/usaf006,Insights Into the Health of Postpartum Airmen From the U.S. Air Force Fitness Database.,FULL_TEXT_QUEUE,P2,9,2,5,1,1,DISCOVERY_REQUIRED,https://doi.org/10.1093/milmed/usaf006,Journal Article,A,NO,NO,PENDING_FULL_TEXT,,NO,"Title/abstract screening alone does not establish effectiveness, causality, methodological quality, transferability to Brazilian public safety or an institutional recommendation."
EV-0355,39932858,UH62Y9X7,10.1093/milmed/usaf039,Patient Characteristics and Procedural Volume at an Overseas Military Treatment Facility Emergency Department: Effects of the COVID-19 Pandemic and Implications on Clinical Skill Sustainment.,FULL_TEXT_QUEUE,P2,9,2,5,1,1,DISCOVERY_REQUIRED,https://doi.org/10.1093/milmed/usaf039,Journal Article,A,NO,NO,PENDING_FULL_TEXT,,NO,"Title/abstract screening alone does not establish effectiveness, causality, methodological quality, transferability to Brazilian public safety or an institutional recommendation."
EV-0329,40261279,AVRVY25M,10.1093/milmed/usaf134,Who Takes Care of Doc: Care-Seeking Challenges of US Navy Enlisted Support Staff-Corpsmen.,FULL_TEXT_QUEUE,P2,9,2,5,1,1,DISCOVERY_REQUIRED,https://doi.org/10.1093/milmed/usaf134,Journal Article,A,NO,NO,PENDING_FULL_TEXT,,NO,"Title/abstract screening alone does not establish effectiveness, causality, methodological quality, transferability to Brazilian public safety or an institutional recommendation."
EV-0324,40302686,H26JE6MW,10.1080/03630242.2025.2489519,Pelvic health in female military personnel: Broadening the conversation.,FULL_TEXT_QUEUE,P2,9,2,5,1,1,DISCOVERY_REQUIRED,https://doi.org/10.1080/03630242.2025.2489519,"Journal Article | Research Support, Non-U.S. Gov't",A,NO,NO,PENDING_FULL_TEXT,,NO,"Title/abstract screening alone does not establish effectiveness, causality, methodological quality, transferability to Brazilian public safety or an institutional recommendation."
EV-0320,40341206,STB76G76,10.1136/military-2024-002944,Diagnostic accuracy and reliability of equations for the calculation of body fat mass percentage in the Colombian military population: a diagnostic test study.,FULL_TEXT_QUEUE,P2,9,2,5,1,1,DISCOVERY_REQUIRED,https://doi.org/10.1136/military-2024-002944,Journal Article,A,NO,NO,PENDING_FULL_TEXT,,NO,"Title/abstract screening alone does not establish effectiveness, causality, methodological quality, transferability to Brazilian public safety or an institutional recommendation."
EV-0319,40358611,J8SBRAFH,10.1093/milmed/usaf167,Innovating Healthcare Management Education With Artificial Intelligence: A Case Study From the Army-Baylor University Graduate Program in Health and Business Administration.,FULL_TEXT_QUEUE,P2,9,2,5,1,1,DISCOVERY_REQUIRED,https://doi.org/10.1093/milmed/usaf167,Journal Article,A,NO,NO,PENDING_FULL_TEXT,,NO,"Title/abstract screening alone does not establish effectiveness, causality, methodological quality, transferability to Brazilian public safety or an institutional recommendation."
EV-0318,40402561,HHSKP42L,10.1093/milmed/usaf202,The Benefits of Peer-led Experiential Learning in Military Medical Education: Reflections From Peer Educators.,FULL_TEXT_QUEUE,P2,9,2,5,1,1,DISCOVERY_REQUIRED,https://doi.org/10.1093/milmed/usaf202,Journal Article,A,NO,NO,PENDING_FULL_TEXT,,NO,"Title/abstract screening alone does not establish effectiveness, causality, methodological quality, transferability to Brazilian public safety or an institutional recommendation."
EV-0317,40403188,SNCMDYFS,10.1519/jsc.0000000000005119,Leg Tuck or Plank? Critical Decisions to Optimize Physical Fitness Assessment in Army Personnel.,FULL_TEXT_QUEUE,P2,9,2,5,1,1,DISCOVERY_REQUIRED,https://doi.org/10.1519/jsc.0000000000005119,Journal Article,A,NO,NO,PENDING_FULL_TEXT,,NO,"Title/abstract screening alone does not establish effectiveness, causality, methodological quality, transferability to Brazilian public safety or an institutional recommendation."
EV-0293,40577103,ZSWCFDN6,10.1093/milmed/usaf224,Response Inhibition and Working Memory in Virtual Reality: Behavioral and Event-Related Potential Effects of Stress in a Military Sample.,FULL_TEXT_QUEUE,P2,9,2,5,1,1,DISCOVERY_REQUIRED,https://doi.org/10.1093/milmed/usaf224,"Journal Article | Research Support, U.S. Gov't, Non-P.H.S.",A,NO,NO,PENDING_FULL_TEXT,,NO,"Title/abstract screening alone does not establish effectiveness, causality, methodological quality, transferability to Brazilian public safety or an institutional recommendation."
EV-0272,40798251,6CVHIQ3D,10.1364/oe.565468,Topological edge modes enable plasmon-induced transparency in isotropic and anisotropic 2D materials.,FULL_TEXT_QUEUE,P2,9,2,6,1,0,DISCOVERY_REQUIRED,https://doi.org/10.1364/oe.565468,Journal Article,B,NO,NO,PENDING_FULL_TEXT,,NO,"Title/abstract screening alone does not establish effectiveness, causality, methodological quality, transferability to Brazilian public safety or an institutional recommendation."
EV-0257,40934897,IU7G6T7W,10.1021/acsami.5c12734,Annealing Temperature Tuning of Thermoelectric Properties in Conductive Polymers: Transition from Ionic to Electronic Thermoelectrics.,FULL_TEXT_QUEUE,P2,9,2,6,1,0,DISCOVERY_REQUIRED,https://doi.org/10.1021/acsami.5c12734,Journal Article,B,NO,NO,PENDING_FULL_TEXT,,NO,"Title/abstract screening alone does not establish effectiveness, causality, methodological quality, transferability to Brazilian public safety or an institutional recommendation."
EV-0254,40965955,D6RR56U9,10.1177/03331024251374310,Impact and care gaps of headache disorders in active-duty military personnel: A cross-sectional study from a European armed forces population.,FULL_TEXT_QUEUE,P2,9,2,5,1,1,DISCOVERY_REQUIRED,https://doi.org/10.1177/03331024251374310,Journal Article | Multicenter Study,A,NO,NO,PENDING_FULL_TEXT,,NO,"Title/abstract screening alone does not establish effectiveness, causality, methodological quality, transferability to Brazilian public safety or an institutional recommendation."
EV-0250,40984067,CP3ZYPFD,10.1093/milmed/usaf267,Laboratory-Based Wearable Heart Rate Data Efficacies for Informing Real-world Department of Defense Wearables Decisions.,FULL_TEXT_QUEUE,P2,9,2,5,1,1,DISCOVERY_REQUIRED,https://doi.org/10.1093/milmed/usaf267,Journal Article,A,NO,NO,PENDING_FULL_TEXT,,NO,"Title/abstract screening alone does not establish effectiveness, causality, methodological quality, transferability to Brazilian public safety or an institutional recommendation."
EV-0249,40984069,QZGM7WZM,10.1093/milmed/usaf264,Army and Marine Aviation Corps Exposome Signatures From the Pharmaceutical Impacts on Tinnitus and Hearing Loss.,FULL_TEXT_QUEUE,P2,9,2,5,1,1,DISCOVERY_REQUIRED,https://doi.org/10.1093/milmed/usaf264,Journal Article,A,NO,NO,PENDING_FULL_TEXT,,NO,"Title/abstract screening alone does not establish effectiveness, causality, methodological quality, transferability to Brazilian public safety or an institutional recommendation."
EV-0248,40984107,GHJATS7M,10.1093/milmed/usaf177,A Novel Approach to Build Virtual Communities of Practice for Health Care Capacity Building in Military Health Systems Globally.,FULL_TEXT_QUEUE,P2,9,2,5,1,1,DISCOVERY_REQUIRED,https://doi.org/10.1093/milmed/usaf177,Journal Article,A,NO,NO,PENDING_FULL_TEXT,,NO,"Title/abstract screening alone does not establish effectiveness, causality, methodological quality, transferability to Brazilian public safety or an institutional recommendation."
EV-0246,40990074,9WHID33K,10.1093/milmed/usaf437,Low-Carbohydrate High-Fat Diets for Military Performance: A Strategy for Realizing Performance Advantage on the Battlefield?,FULL_TEXT_QUEUE,P2,9,2,5,1,1,DISCOVERY_REQUIRED,https://doi.org/10.1093/milmed/usaf437,Journal Article,A,NO,NO,PENDING_FULL_TEXT,,NO,"Title/abstract screening alone does not establish effectiveness, causality, methodological quality, transferability to Brazilian public safety or an institutional recommendation."
EV-0244,40997140,D8LCR93L,10.1093/milmed/usaf453,Comparison of Self-Reported Intake Versus Military Dietary Reference Intakes in Deployed Special Operations Forces Soldiers.,FULL_TEXT_QUEUE,P2,9,2,5,1,1,DISCOVERY_REQUIRED,https://doi.org/10.1093/milmed/usaf453,Journal Article,A,NO,NO,PENDING_FULL_TEXT,,NO,"Title/abstract screening alone does not establish effectiveness, causality, methodological quality, transferability to Brazilian public safety or an institutional recommendation."
EV-0243,41003652,5V2Q925Z,10.1093/milmed/usaf460,Readying Military Medicine for AI-Enabled Warfare.,FULL_TEXT_QUEUE,P2,9,2,5,1,1,DISCOVERY_REQUIRED,https://doi.org/10.1093/milmed/usaf460,Journal Article,A,NO,NO,PENDING_FULL_TEXT,,NO,"Title/abstract screening alone does not establish effectiveness, causality, methodological quality, transferability to Brazilian public safety or an institutional recommendation."
EV-0235,41093298,XDPRGZXU,10.1093/milmed/usaf500,How Can French Special Operations Surgical Teams Adapt to the Looming Warfare Challenges?,FULL_TEXT_QUEUE,P2,9,2,5,1,1,DISCOVERY_REQUIRED,https://doi.org/10.1093/milmed/usaf500,Journal Article,A,NO,NO,PENDING_FULL_TEXT,,NO,"Title/abstract screening alone does not establish effectiveness, causality, methodological quality, transferability to Brazilian public safety or an institutional recommendation."
EV-0218,41217234,FLMEAM9Z,10.1093/milmed/usaf554,Applying the Delphi Method to Develop a NATO Pharmaceutical Stockpile in Support of the Center of Excellence for Military Medicine.,FULL_TEXT_QUEUE,P2,9,2,5,1,1,DISCOVERY_REQUIRED,https://doi.org/10.1093/milmed/usaf554,"Journal Article | Research Support, Non-U.S. Gov't",A,NO,NO,PENDING_FULL_TEXT,,NO,"Title/abstract screening alone does not establish effectiveness, causality, methodological quality, transferability to Brazilian public safety or an institutional recommendation."
EV-0214,41231683,UALDFQZP,10.1093/milmed/usaf512,Glucose Homeostasis Remains Normal in a Physically Active Military Population.,FULL_TEXT_QUEUE,P2,9,2,5,1,1,DISCOVERY_REQUIRED,https://doi.org/10.1093/milmed/usaf512,"Journal Article | Research Support, Non-U.S. Gov't",A,NO,NO,PENDING_FULL_TEXT,,NO,"Title/abstract screening alone does not establish effectiveness, causality, methodological quality, transferability to Brazilian public safety or an institutional recommendation."
EV-0211,41259130,F7YSBXV8,10.1093/milmed/usaf467,Military Families: Resilience Through Strength.,FULL_TEXT_QUEUE,P2,9,2,5,1,1,DISCOVERY_REQUIRED,https://doi.org/10.1093/milmed/usaf467,"Introductory Journal Article | Research Support, U.S. Gov't, Non-P.H.S.",A,NO,NO,PENDING_FULL_TEXT,,NO,"Title/abstract screening alone does not establish effectiveness, causality, methodological quality, transferability to Brazilian public safety or an institutional recommendation."
EV-0208,41273153,UMBEXV9N,10.1093/milmed/usaf542,Bridging the Deployment Readiness Gap: A Narrative Review of Train-the-Trainer Best Practices to Inform a Critical Care Air Transport Skills Sustainment Program.,FULL_TEXT_QUEUE,P2,9,2,5,2,0,DISCOVERY_REQUIRED,https://doi.org/10.1093/milmed/usaf542,"Journal Article | Research Support, U.S. Gov't, Non-P.H.S. | Review",A,NO,NO,PENDING_FULL_TEXT,,NO,"Title/abstract screening alone does not establish effectiveness, causality, methodological quality, transferability to Brazilian public safety or an institutional recommendation."
EV-0174,41503938,LNT2SWXN,10.1093/milmed/usaf621,Trends in Upper Extremity Injuries in Female Marines following the Addition of the Pull-up as a Physical Fitness Test Event.,FULL_TEXT_QUEUE,P2,9,2,5,1,1,DISCOVERY_REQUIRED,https://doi.org/10.1093/milmed/usaf621,Journal Article,A,NO,NO,PENDING_FULL_TEXT,,NO,"Title/abstract screening alone does not establish effectiveness, causality, methodological quality, transferability to Brazilian public safety or an institutional recommendation."
EV-0172,41514505,MUYC4K2I,10.1111/edt.70055,A Retrospective Study of Dental Trauma in Israeli Military Personnelin the Swords of Iron War.,FULL_TEXT_QUEUE,P2,9,2,5,1,1,DISCOVERY_REQUIRED,https://doi.org/10.1111/edt.70055,Journal Article,A,NO,NO,PENDING_FULL_TEXT,,NO,"Title/abstract screening alone does not establish effectiveness, causality, methodological quality, transferability to Brazilian public safety or an institutional recommendation."
EV-0163,41591872,WLUCN9BB,10.1093/milmed/usaf608,The Effect of Simulated Altitude on Vision in Military Personnel Following Small-Incision Lenticule Extraction.,FULL_TEXT_QUEUE,P2,9,2,5,1,1,DISCOVERY_REQUIRED,https://doi.org/10.1093/milmed/usaf608,"Journal Article | Research Support, Non-U.S. Gov't",A,NO,NO,PENDING_FULL_TEXT,,NO,"Title/abstract screening alone does not establish effectiveness, causality, methodological quality, transferability to Brazilian public safety or an institutional recommendation."
EV-0162,41604693,22BXARL7,10.1021/acs.langmuir.5c05805,Silanized Reduced Graphene Oxide as an Effective Modified Electrode to Minimize Fouling during Uric Acid Detection.,FULL_TEXT_QUEUE,P2,9,2,6,1,0,DISCOVERY_REQUIRED,https://doi.org/10.1021/acs.langmuir.5c05805,"Journal Article | Research Support, Non-U.S. Gov't",B,NO,NO,PENDING_FULL_TEXT,,NO,"Title/abstract screening alone does not establish effectiveness, causality, methodological quality, transferability to Brazilian public safety or an institutional recommendation."
EV-0159,41636586,LVXNLRYM,10.1063/5.0304183,Rapid and precise temperature control of samples flowing through a capillary from -20 to 130 °C.,FULL_TEXT_QUEUE,P2,9,2,6,1,0,DISCOVERY_REQUIRED,https://doi.org/10.1063/5.0304183,Journal Article,B,NO,NO,PENDING_FULL_TEXT,,NO,"Title/abstract screening alone does not establish effectiveness, causality, methodological quality, transferability to Brazilian public safety or an institutional recommendation."
EV-0155,41689549,EVGLLDHR,10.1093/milmed/usaf652,Evaluating Pharmacogenomic Prescription Data in the Military Health System.,FULL_TEXT_QUEUE,P2,9,2,5,1,1,DISCOVERY_REQUIRED,https://doi.org/10.1093/milmed/usaf652,Journal Article,A,NO,NO,PENDING_FULL_TEXT,,NO,"Title/abstract screening alone does not establish effectiveness, causality, methodological quality, transferability to Brazilian public safety or an institutional recommendation."
EV-0150,41719170,79R3EWFP,10.1177/10519815261423134,Factors predicting physical readiness towards basic military training.,FULL_TEXT_QUEUE,P2,9,2,5,1,1,DISCOVERY_REQUIRED,https://doi.org/10.1177/10519815261423134,Journal Article,A,NO,NO,PENDING_FULL_TEXT,,NO,"Title/abstract screening alone does not establish effectiveness, causality, methodological quality, transferability to Brazilian public safety or an institutional recommendation."
EV-0149,41734198,J4UBTLC7,10.1093/milmed/usag006,Enhancing Military Musculoskeletal Readiness: A Proposal for Collaboration.,FULL_TEXT_QUEUE,P2,9,2,5,1,1,DISCOVERY_REQUIRED,https://doi.org/10.1093/milmed/usag006,Journal Article,A,NO,NO,PENDING_FULL_TEXT,,NO,"Title/abstract screening alone does not establish effectiveness, causality, methodological quality, transferability to Brazilian public safety or an institutional recommendation."
EV-0148,41758017,K9UPZKA2,10.1093/milmed/usag068,Embedding Artificial Intelligence Competencies in Military Medical Education: A Longitudinal Framework.,FULL_TEXT_QUEUE,P2,9,2,5,1,1,DISCOVERY_REQUIRED,https://doi.org/10.1093/milmed/usag068,Journal Article,A,NO,NO,PENDING_FULL_TEXT,,NO,"Title/abstract screening alone does not establish effectiveness, causality, methodological quality, transferability to Brazilian public safety or an institutional recommendation."
EV-0136,41865313,V2LEMFM2,10.55460/j.spec.oper.med.2026.tai8-kekx,The STEP Method: A Structured Approach to Optimize Team Performance of Army Forward Resuscitative Surgical Detachments (FRSDs).,FULL_TEXT_QUEUE,P2,9,2,5,1,1,DISCOVERY_REQUIRED,https://doi.org/10.55460/j.spec.oper.med.2026.tai8-kekx,Journal Article,A,NO,NO,PENDING_FULL_TEXT,,NO,"Title/abstract screening alone does not establish effectiveness, causality, methodological quality, transferability to Brazilian public safety or an institutional recommendation."
EV-0133,41880868,5GEUUBBX,10.1016/j.ejmp.2026.105789,Towards novel methods of dosimetry in pediatric and neonatal head computed tomography: Comparative study using two novel and cost effective fabricated in-house phantoms.,FULL_TEXT_QUEUE,P2,9,2,6,1,0,DISCOVERY_REQUIRED,https://doi.org/10.1016/j.ejmp.2026.105789,Comparative Study | Journal Article,B,NO,NO,PENDING_FULL_TEXT,,NO,"Title/abstract screening alone does not establish effectiveness, causality, methodological quality, transferability to Brazilian public safety or an institutional recommendation."
EV-0132,41886907,SM5DN55W,10.1016/j.apergo.2026.104777,Heart rate-based metabolic rate estimation for military-relevant exercises.,FULL_TEXT_QUEUE,P2,9,2,5,1,1,DISCOVERY_REQUIRED,https://doi.org/10.1016/j.apergo.2026.104777,Journal Article | Validation Study,A,NO,NO,PENDING_FULL_TEXT,,NO,"Title/abstract screening alone does not establish effectiveness, causality, methodological quality, transferability to Brazilian public safety or an institutional recommendation."
EV-0126,41931113,3C2SI2VU,10.1080/08995605.2026.2652729,Navy warfighter perspectives on mindfulness practices for combat readiness.,FULL_TEXT_QUEUE,P2,9,2,5,1,1,DISCOVERY_REQUIRED,https://doi.org/10.1080/08995605.2026.2652729,Journal Article,A,NO,NO,PENDING_FULL_TEXT,,NO,"Title/abstract screening alone does not establish effectiveness, causality, methodological quality, transferability to Brazilian public safety or an institutional recommendation."
EV-0125,41934316,92V5A2V7,10.1093/milmed/usag107,Cross-Sectional and Longitudinal Validity of Automated Body Composition Methods in U.S. Air Force Reserve Officers' Training Corps Cadets Throughout a 12-Week Physical Training Program: The Supporting Tactical Athlete Readiness Program.,FULL_TEXT_QUEUE,P2,9,2,5,1,1,DISCOVERY_REQUIRED,https://doi.org/10.1093/milmed/usag107,Journal Article,A,NO,NO,PENDING_FULL_TEXT,,NO,"Title/abstract screening alone does not establish effectiveness, causality, methodological quality, transferability to Brazilian public safety or an institutional recommendation."
EV-0102,42096853,LZVMMZD4,10.1016/j.nut.2026.113227,"Self-reported nutritional intake is associated with physical performance, but not musculoskeletal injury incidence in a cohort of United States Army Reserve Component Soldiers.",FULL_TEXT_QUEUE,P2,9,2,5,1,1,DISCOVERY_REQUIRED,https://doi.org/10.1016/j.nut.2026.113227,"Journal Article | Research Support, Non-U.S. Gov't",A,NO,NO,PENDING_FULL_TEXT,,NO,"Title/abstract screening alone does not establish effectiveness, causality, methodological quality, transferability to Brazilian public safety or an institutional recommendation."
EV-0098,42124344,UEU5ERLK,10.1093/milmed/usag178,"Crawl, Walk Fast, Run Hard: Military-Civilian Partnership Training at the Army Trauma Training Course Improves Perceived Deployment Readiness.",FULL_TEXT_QUEUE,P2,9,2,5,1,1,DISCOVERY_REQUIRED,https://doi.org/10.1093/milmed/usag178,Journal Article,A,NO,NO,PENDING_FULL_TEXT,,NO,"Title/abstract screening alone does not establish effectiveness, causality, methodological quality, transferability to Brazilian public safety or an institutional recommendation."
EV-0088,42212717,8BPIVEQZ,10.1080/08995605.2026.2681306,A systematic review of the impact of adverse childhood experiences on U.S. Service Members and military readiness.,FULL_TEXT_QUEUE,P2,9,2,5,1,1,DISCOVERY_REQUIRED,https://doi.org/10.1080/08995605.2026.2681306,Journal Article,A,NO,NO,PENDING_FULL_TEXT,,NO,"Title/abstract screening alone does not establish effectiveness, causality, methodological quality, transferability to Brazilian public safety or an institutional recommendation."
EV-0087,42223144,Y76X7DAZ,10.1519/jsc.0000000000005485,Isometric Strength Adaptations After Two Consecutive 12-week Strength and Conditioning Programs in U.S. Air Force ROTC Cadets: The STAR Program.,FULL_TEXT_QUEUE,P2,9,2,5,1,1,DISCOVERY_REQUIRED,https://doi.org/10.1519/jsc.0000000000005485,Journal Article,A,NO,NO,PENDING_FULL_TEXT,,NO,"Title/abstract screening alone does not establish effectiveness, causality, methodological quality, transferability to Brazilian public safety or an institutional recommendation."
EV-0082,42268904,6S686U2D,10.1093/occmed/kqag049,Leader trust behaviours as predictors of functional outcomes in infantry soldiers.,FULL_TEXT_QUEUE,P2,9,2,5,1,1,DISCOVERY_REQUIRED,https://doi.org/10.1093/occmed/kqag049,Journal Article,A,NO,NO,PENDING_FULL_TEXT,,NO,"Title/abstract screening alone does not establish effectiveness, causality, methodological quality, transferability to Brazilian public safety or an institutional recommendation."
EV-0075,42316751,P9ZYG6KD,10.1103/fdn9-xlnx,Impact of fast ions on turbulent transport in high-β HL-2A tokomak scenarios.,FULL_TEXT_QUEUE,P2,9,2,6,1,0,DISCOVERY_REQUIRED,https://doi.org/10.1103/fdn9-xlnx,Journal Article,B,NO,NO,PENDING_FULL_TEXT,,NO,"Title/abstract screening alone does not establish effectiveness, causality, methodological quality, transferability to Brazilian public safety or an institutional recommendation."
EV-0072,42335273,P279MFFU,10.1093/milmed/usag289,Training the Military Surgical Resident for Tomorrow's War: A Military-Unique Curriculum at the Uniformed Services University and Walter Reed National Military Medical Center.,FULL_TEXT_QUEUE,P2,9,2,5,1,1,DISCOVERY_REQUIRED,https://doi.org/10.1093/milmed/usag289,Journal Article,A,NO,NO,PENDING_FULL_TEXT,,NO,"Title/abstract screening alone does not establish effectiveness, causality, methodological quality, transferability to Brazilian public safety or an institutional recommendation."
EV-0071,42336376,Q7X7AIYS,10.1098/rspb.2026.0532,A method for detecting transmission-enhancing mutations in viral genomes.,FULL_TEXT_QUEUE,P2,9,2,6,1,0,DISCOVERY_REQUIRED,https://doi.org/10.1098/rspb.2026.0532,Journal Article,B,NO,NO,PENDING_FULL_TEXT,,NO,"Title/abstract screening alone does not establish effectiveness, causality, methodological quality, transferability to Brazilian public safety or an institutional recommendation."
EV-0065,42391107,4HIFMWZS,10.1093/milmed/usag303,"Human Performance Optimization in Special Operations Forces: Structure, Outcomes, and Readiness Implications.",FULL_TEXT_QUEUE,P2,9,2,5,1,1,DISCOVERY_REQUIRED,https://doi.org/10.1093/milmed/usag303,Journal Article,A,NO,NO,PENDING_FULL_TEXT,,NO,"Title/abstract screening alone does not establish effectiveness, causality, methodological quality, transferability to Brazilian public safety or an institutional recommendation."
EV-0056,42436168,WLMCG5G4,10.1038/s41598-026-57039-7,A 3-D whole-body human thermoregulatory model to simulate extreme cold stress.,FULL_TEXT_QUEUE,P2,9,2,5,1,1,DISCOVERY_REQUIRED,https://doi.org/10.1038/s41598-026-57039-7,Journal Article,A,NO,NO,PENDING_FULL_TEXT,,NO,"Title/abstract screening alone does not establish effectiveness, causality, methodological quality, transferability to Brazilian public safety or an institutional recommendation."
EV-0050,42498016,F532KLXG,10.1016/j.biortech.2026.135474,Structure-informed engineering of a laccase with enhanced catalytic activity and thermostability for facilitating lignocellulosic biomass saccharification.,FULL_TEXT_QUEUE,P2,9,2,6,1,0,DISCOVERY_REQUIRED,https://doi.org/10.1016/j.biortech.2026.135474,Journal Article,B,NO,NO,PENDING_FULL_TEXT,,NO,"Title/abstract screening alone does not establish effectiveness, causality, methodological quality, transferability to Brazilian public safety or an institutional recommendation."
EV-0042,42533083,QVMZZUC2,10.1038/s41430-026-01798-z,A waist-to-height ratio of 0.50 marks declining physical performance in active adults.,FULL_TEXT_QUEUE,P2,9,2,5,1,1,DISCOVERY_REQUIRED,https://doi.org/10.1038/s41430-026-01798-z,Journal Article,A,NO,NO,PENDING_FULL_TEXT,,NO,"Title/abstract screening alone does not establish effectiveness, causality, methodological quality, transferability to Brazilian public safety or an institutional recommendation."
EV-0023,42560239,M6HTHMWU,10.1093/milmed/usag011,Return to Push-ups After Distal Radius Fractures Among Active Duty Service Members in the United States Military: A 13-Year Population-Based Study.,FULL_TEXT_QUEUE,P2,9,2,5,1,1,DISCOVERY_REQUIRED,https://doi.org/10.1093/milmed/usag011,Journal Article,A,NO,NO,PENDING_FULL_TEXT,,NO,"Title/abstract screening alone does not establish effectiveness, causality, methodological quality, transferability to Brazilian public safety or an institutional recommendation."
EV-0016,42580324,6YINE2ZT,10.1093/milmed/usag353,Body Composition and Physical Performance in Military Personnel: A Systematic Review of Anthropometric Predictors and Operational Implications.,FULL_TEXT_QUEUE,P2,9,2,5,1,1,DISCOVERY_REQUIRED,https://doi.org/10.1093/milmed/usag353,Journal Article,A,NO,NO,PENDING_FULL_TEXT,,NO,"Title/abstract screening alone does not establish effectiveness, causality, methodological quality, transferability to Brazilian public safety or an institutional recommendation."
EV-0015,42580328,3I2HPGTL,10.1093/milmed/usag379,Association Between Ankle Sprains and Functional Performance During Infantry Training: A Prospective Cohort Study.,FULL_TEXT_QUEUE,P2,9,2,5,1,1,DISCOVERY_REQUIRED,https://doi.org/10.1093/milmed/usag379,Journal Article,A,NO,NO,PENDING_FULL_TEXT,,NO,"Title/abstract screening alone does not establish effectiveness, causality, methodological quality, transferability to Brazilian public safety or an institutional recommendation."
EV-0012,42600053,UDYFBWEI,10.1093/milmed/usag387,"Soldiers' Dietary Intake in 3 Settings: In the Field, on Base and at Home.",FULL_TEXT_QUEUE,P2,9,2,5,1,1,DISCOVERY_REQUIRED,https://doi.org/10.1093/milmed/usag387,Journal Article,A,NO,NO,PENDING_FULL_TEXT,,NO,"Title/abstract screening alone does not establish effectiveness, causality, methodological quality, transferability to Brazilian public safety or an institutional recommendation."
EV-0010,42603443,KCNR2CJT,10.1016/j.outlook.2026.102882,At the intersection of care and command: A thematic analysis of military nurses' experiences in a compact national defense structure.,FULL_TEXT_QUEUE,P2,9,2,5,1,1,DISCOVERY_REQUIRED,https://doi.org/10.1016/j.outlook.2026.102882,Journal Article,A,NO,NO,PENDING_FULL_TEXT,,NO,"Title/abstract screening alone does not establish effectiveness, causality, methodological quality, transferability to Brazilian public safety or an institutional recommendation."
EV-0009,42611729,JIQ79LKJ,10.1093/milmed/usag382,Thinking Outside the Blood Box: Reimagining the Military Treatment Facility as a Power Projection Platform for Blood Logistics.,FULL_TEXT_QUEUE,P2,9,2,5,1,1,DISCOVERY_REQUIRED,https://doi.org/10.1093/milmed/usag382,Journal Article,A,NO,NO,PENDING_FULL_TEXT,,NO,"Title/abstract screening alone does not establish effectiveness, causality, methodological quality, transferability to Brazilian public safety or an institutional recommendation."
EV-0003,42653059,24PZ6F9R,10.3390/life16081370,Clinical Application of Transcutaneous Microcurrent Therapy for an Acute Traumatic Contusion in a Special Operations Military Officer: A Case Report.,FULL_TEXT_QUEUE,P2,9,2,5,1,1,DISCOVERY_REQUIRED,https://doi.org/10.3390/life16081370,Case Reports | Journal Article,A,NO,NO,PENDING_FULL_TEXT,,NO,"Title/abstract screening alone does not establish effectiveness, causality, methodological quality, transferability to Brazilian public safety or an institutional recommendation."
EV-1439,5874215,ZLAHTBYN,,[Organization and methods of tactical medical training in an aviation garrison].,FULL_TEXT_QUEUE,P2,9,0,7,1,1,DISCOVERY_REQUIRED,https://pubmed.ncbi.nlm.nih.gov/5874215/,Journal Article,B,NO,NO,PENDING_FULL_TEXT,,NO,"Title/abstract screening alone does not establish effectiveness, causality, methodological quality, transferability to Brazilian public safety or an institutional recommendation."
EV-1435,7269349,FSTFNDFU,,[Method of training and of performing special tactical medical instruction with a medical battalion].,FULL_TEXT_QUEUE,P2,9,0,7,1,1,DISCOVERY_REQUIRED,https://pubmed.ncbi.nlm.nih.gov/7269349/,Journal Article,B,NO,NO,PENDING_FULL_TEXT,,NO,"Title/abstract screening alone does not establish effectiveness, causality, methodological quality, transferability to Brazilian public safety or an institutional recommendation."
EV-1430,8355968,B4R33TV5,10.1097/00006324-199307000-00007,Subjective assessment of contact lens wear by army aircrew.,FULL_TEXT_QUEUE,P2,9,2,5,1,1,DISCOVERY_REQUIRED,https://doi.org/10.1097/00006324-199307000-00007,"Journal Article | Research Support, U.S. Gov't, Non-P.H.S.",A,NO,NO,PENDING_FULL_TEXT,,NO,"Title/abstract screening alone does not establish effectiveness, causality, methodological quality, transferability to Brazilian public safety or an institutional recommendation."
EV-1409,10674667,IVDTJ5GN,10.4269/ajtmh.1999.61.898,Shipboard impact of a probable Norwalk virus outbreak from coastal Japan.,FULL_TEXT_QUEUE,P2,8,2,5,1,0,DISCOVERY_REQUIRED,https://doi.org/10.4269/ajtmh.1999.61.898,"Journal Article | Research Support, U.S. Gov't, Non-P.H.S.",A,NO,NO,PENDING_FULL_TEXT,,NO,"Title/abstract screening alone does not establish effectiveness, causality, methodological quality, transferability to Brazilian public safety or an institutional recommendation."
EV-1455,1438118,M2HIMUNH,10.1016/0091-7435(92)90079-w,"Smoking, exercise, and physical fitness.",FULL_TEXT_QUEUE,P2,8,2,5,1,0,DISCOVERY_REQUIRED,https://doi.org/10.1016/0091-7435(92)90079-w,"Journal Article | Research Support, U.S. Gov't, Non-P.H.S.",A,NO,NO,PENDING_FULL_TEXT,,NO,"Title/abstract screening alone does not establish effectiveness, causality, methodological quality, transferability to Brazilian public safety or an institutional recommendation."
EV-1452,1616436,VKB8KUWJ,,"Cervical injuries during high G maneuvers: a review of Naval Safety Center data, 1980-1990.",FULL_TEXT_QUEUE,P2,8,0,5,2,1,DISCOVERY_REQUIRED,https://pubmed.ncbi.nlm.nih.gov/1616436/,Journal Article | Review,A,NO,NO,PENDING_FULL_TEXT,,NO,"Title/abstract screening alone does not establish effectiveness, causality, methodological quality, transferability to Brazilian public safety or an institutional recommendation."
EV-1369,16435757,7Y33NDD5,10.7205/milmed.170.10.851,Navy physical readiness test scores and body mass index (Spring 2002 cycle).,FULL_TEXT_QUEUE,P2,8,2,5,1,0,DISCOVERY_REQUIRED,https://doi.org/10.7205/milmed.170.10.851,Journal Article,A,NO,NO,PENDING_FULL_TEXT,,NO,"Title/abstract screening alone does not establish effectiveness, causality, methodological quality, transferability to Brazilian public safety or an institutional recommendation."
EV-1360,17274263,S5ZPLCWV,10.7205/milmed.172.1.36,Readiness estimate and deployability index for Air Force nurse anesthetists.,FULL_TEXT_QUEUE,P2,8,2,5,1,0,DISCOVERY_REQUIRED,https://doi.org/10.7205/milmed.172.1.36,Journal Article | Validation Study,A,NO,NO,PENDING_FULL_TEXT,,NO,"Title/abstract screening alone does not establish effectiveness, causality, methodological quality, transferability to Brazilian public safety or an institutional recommendation."
EV-1334,19545043,SKNYTBYU,,[Vector control for armed forces: a historical requirement requiring continual adaptation].,FULL_TEXT_QUEUE,P2,8,0,5,2,1,DISCOVERY_REQUIRED,https://pubmed.ncbi.nlm.nih.gov/19545043/,English Abstract | Journal Article | Review,A,NO,NO,PENDING_FULL_TEXT,,NO,"Title/abstract screening alone does not establish effectiveness, causality, methodological quality, transferability to Brazilian public safety or an institutional recommendation."
EV-1329,19813346,65632K2M,10.55460/666c-zni0,The Special Operations Resuscitation Team: robust Role II medical support for today's SOF environment.,FULL_TEXT_QUEUE,P2,8,2,5,1,0,DISCOVERY_REQUIRED,https://doi.org/10.55460/666c-zni0,Journal Article,A,NO,NO,PENDING_FULL_TEXT,,NO,"Title/abstract screening alone does not establish effectiveness, causality, methodological quality, transferability to Brazilian public safety or an institutional recommendation."
EV-1327,19960836,T2JMVIQR,10.7205/milmed-d-00-6309,Chest pain in a young soldier.,FULL_TEXT_QUEUE,P2,8,2,5,1,0,DISCOVERY_REQUIRED,https://doi.org/10.7205/milmed-d-00-6309,Case Reports | Journal Article,A,NO,NO,PENDING_FULL_TEXT,,NO,"Title/abstract screening alone does not establish effectiveness, causality, methodological quality, transferability to Brazilian public safety or an institutional recommendation."
EV-1264,23198525,AK9M5XB8,10.7205/milmed-d-12-00127,Possible new modalities for the Navy physical readiness test.,FULL_TEXT_QUEUE,P2,8,2,5,1,0,DISCOVERY_REQUIRED,https://doi.org/10.7205/milmed-d-12-00127,"Comparative Study | Journal Article | Research Support, Non-U.S. Gov't | Research Support, U.S. Gov't, Non-P.H.S.",A,NO,NO,PENDING_FULL_TEXT,,NO,"Title/abstract screening alone does not establish effectiveness, causality, methodological quality, transferability to Brazilian public safety or an institutional recommendation."
EV-1227,24306017,STDP37ID,10.7205/milmed-d-13-00320,Impact of illness per ICD-9 classification on progression to physical evaluation board for U.S. marines placed on limited duty status 2006-2010.,FULL_TEXT_QUEUE,P2,8,2,5,1,0,DISCOVERY_REQUIRED,https://doi.org/10.7205/milmed-d-13-00320,Journal Article,A,NO,NO,PENDING_FULL_TEXT,,NO,"Title/abstract screening alone does not establish effectiveness, causality, methodological quality, transferability to Brazilian public safety or an institutional recommendation."
EV-1221,24491621,W59JUNDJ,10.7205/milmed-d-13-00384,The effect of exercise on D-dimer levels.,FULL_TEXT_QUEUE,P2,8,2,5,1,0,DISCOVERY_REQUIRED,https://doi.org/10.7205/milmed-d-13-00384,"Journal Article | Research Support, U.S. Gov't, Non-P.H.S.",A,NO,NO,PENDING_FULL_TEXT,,NO,"Title/abstract screening alone does not establish effectiveness, causality, methodological quality, transferability to Brazilian public safety or an institutional recommendation."
EV-1212,24834573,RYGDAITD,10.3357/asem.3867.2014,Neurology cases evaluated by the U.S. Air Force School of Aerospace Medicine 2000-2012.,FULL_TEXT_QUEUE,P2,8,2,5,1,0,DISCOVERY_REQUIRED,https://doi.org/10.3357/asem.3867.2014,Journal Article,A,NO,NO,PENDING_FULL_TEXT,,NO,"Title/abstract screening alone does not establish effectiveness, causality, methodological quality, transferability to Brazilian public safety or an institutional recommendation."
EV-1205,25003862,M3IJZZ6B,10.7205/milmed-d-13-00437,Training for the Air Force fitness assessment: the experience of postpartum women.,FULL_TEXT_QUEUE,P2,8,2,5,1,0,DISCOVERY_REQUIRED,https://doi.org/10.7205/milmed-d-13-00437,"Journal Article | Research Support, U.S. Gov't, Non-P.H.S.",A,NO,NO,PENDING_FULL_TEXT,,NO,"Title/abstract screening alone does not establish effectiveness, causality, methodological quality, transferability to Brazilian public safety or an institutional recommendation."
EV-1137,27136658,PV6NX4BT,10.7205/milmed-d-15-00174,"Malaria Trends in the Navy and Marine Corps, 2005-2013.",FULL_TEXT_QUEUE,P2,8,2,5,1,0,DISCOVERY_REQUIRED,https://doi.org/10.7205/milmed-d-15-00174,Journal Article,A,NO,NO,PENDING_FULL_TEXT,,NO,"Title/abstract screening alone does not establish effectiveness, causality, methodological quality, transferability to Brazilian public safety or an institutional recommendation."
EV-1133,27215880,Z5NQNV33,,Military Sleep Management: An Operational Imperative.,FULL_TEXT_QUEUE,P2,8,0,5,2,1,DISCOVERY_REQUIRED,https://pubmed.ncbi.nlm.nih.gov/27215880/,Journal Article | Review,A,NO,NO,PENDING_FULL_TEXT,,NO,"Title/abstract screening alone does not establish effectiveness, causality, methodological quality, transferability to Brazilian public safety or an institutional recommendation."
EV-1055,29087868,SGDMRH5X,10.7205/milmed-d-17-00079,The Effect of Physical Readiness Training on Reserve Officers' Training Corps Freshmen Cadets.,FULL_TEXT_QUEUE,P2,8,2,5,1,0,DISCOVERY_REQUIRED,https://doi.org/10.7205/milmed-d-17-00079,Journal Article,A,NO,NO,PENDING_FULL_TEXT,,NO,"Title/abstract screening alone does not establish effectiveness, causality, methodological quality, transferability to Brazilian public safety or an institutional recommendation."
EV-1010,30165726,NLTCHKHC,,Hydration Strategies for the Female Tactical Athlete.,FULL_TEXT_QUEUE,P2,8,0,5,2,1,DISCOVERY_REQUIRED,https://pubmed.ncbi.nlm.nih.gov/30165726/,Journal Article | Review,A,NO,NO,PENDING_FULL_TEXT,,NO,"Title/abstract screening alone does not establish effectiveness, causality, methodological quality, transferability to Brazilian public safety or an institutional recommendation."
EV-0990,30699471,RGPLLJK3,,[Dental health and the combat readiness].,FULL_TEXT_QUEUE,P2,8,0,5,2,1,DISCOVERY_REQUIRED,https://pubmed.ncbi.nlm.nih.gov/30699471/,Journal Article | Review,A,NO,NO,PENDING_FULL_TEXT,,NO,"Title/abstract screening alone does not establish effectiveness, causality, methodological quality, transferability to Brazilian public safety or an institutional recommendation."
EV-0981,30868988,J2BTG45K,10.1017/s0950268818003187,"Magnitude, distribution, risk factors and care-seeking behaviour of acute, self-reported gastrointestinal illness among US Army Soldiers: 2015.",FULL_TEXT_QUEUE,P2,8,2,5,1,0,DISCOVERY_REQUIRED,https://doi.org/10.1017/s0950268818003187,"Journal Article | Research Support, Non-U.S. Gov't",A,NO,NO,PENDING_FULL_TEXT,,NO,"Title/abstract screening alone does not establish effectiveness, causality, methodological quality, transferability to Brazilian public safety or an institutional recommendation."
EV-0974,30901464,SPN549HW,10.1093/milmed/usy377,Identifying Predictors of Pressurized Submarine Escape Training (PSET) Attrition.,FULL_TEXT_QUEUE,P2,8,2,5,1,0,DISCOVERY_REQUIRED,https://doi.org/10.1093/milmed/usy377,"Journal Article | Research Support, U.S. Gov't, Non-P.H.S.",A,NO,NO,PENDING_FULL_TEXT,,NO,"Title/abstract screening alone does not establish effectiveness, causality, methodological quality, transferability to Brazilian public safety or an institutional recommendation."
EV-0919,31822912,DYH996QK,10.1093/milmed/usz423,A Cross-Sectional Examination of the Association Between Social Media Use and Sleep Among a Sample of U.S. Army Soldiers.,FULL_TEXT_QUEUE,P2,8,2,5,1,0,DISCOVERY_REQUIRED,https://doi.org/10.1093/milmed/usz423,"Journal Article | Research Support, U.S. Gov't, Non-P.H.S.",A,NO,NO,PENDING_FULL_TEXT,,NO,"Title/abstract screening alone does not establish effectiveness, causality, methodological quality, transferability to Brazilian public safety or an institutional recommendation."
EV-0913,31910481,GBIQVW9L,10.55460/mpak-rb6q,Measuring Special Operations Forces Readiness.,FULL_TEXT_QUEUE,P2,8,2,5,1,0,DISCOVERY_REQUIRED,https://doi.org/10.55460/mpak-rb6q,Journal Article,A,NO,NO,PENDING_FULL_TEXT,,NO,"Title/abstract screening alone does not establish effectiveness, causality, methodological quality, transferability to Brazilian public safety or an institutional recommendation."
EV-0784,34035160,5M5LDLWE,10.1136/bmjmilitary-2021-001839,Longitudinal study of medical downgrades in the Royal Air Force.,FULL_TEXT_QUEUE,P2,8,2,5,1,0,DISCOVERY_REQUIRED,https://doi.org/10.1136/bmjmilitary-2021-001839,Journal Article,A,NO,NO,PENDING_FULL_TEXT,,NO,"Title/abstract screening alone does not establish effectiveness, causality, methodological quality, transferability to Brazilian public safety or an institutional recommendation."
EV-0491,38457166,7R658FHA,10.3233/wor-230274,Characterising the physical demands of critical tasks across the Royal Australian Air Force.,FULL_TEXT_QUEUE,P2,8,2,5,1,0,DISCOVERY_REQUIRED,https://doi.org/10.3233/wor-230274,Journal Article,A,NO,NO,PENDING_FULL_TEXT,,NO,"Title/abstract screening alone does not establish effectiveness, causality, methodological quality, transferability to Brazilian public safety or an institutional recommendation."
EV-0488,38531071,W8Y3PEES,10.1093/milmed/usae048,Prevalence of Pain With Movement in Active Duty US Army Soldiers.,FULL_TEXT_QUEUE,P2,8,2,5,1,0,DISCOVERY_REQUIRED,https://doi.org/10.1093/milmed/usae048,"Journal Article | Research Support, U.S. Gov't, Non-P.H.S.",A,NO,NO,PENDING_FULL_TEXT,,NO,"Title/abstract screening alone does not establish effectiveness, causality, methodological quality, transferability to Brazilian public safety or an institutional recommendation."
EV-0446,39029445,VJH8RYP9,10.1016/j.outlook.2024.102232,Deployed at sea amidst the pandemic: Insights from 30 United States Navy nurses.,FULL_TEXT_QUEUE,P2,8,2,5,1,0,DISCOVERY_REQUIRED,https://doi.org/10.1016/j.outlook.2024.102232,Journal Article,A,NO,NO,PENDING_FULL_TEXT,,NO,"Title/abstract screening alone does not establish effectiveness, causality, methodological quality, transferability to Brazilian public safety or an institutional recommendation."
EV-0436,39151720,UE5K2NU7,10.1016/j.yrtph.2024.105686,Toxicity reference values for force health protection: Provisional occupational exposure guidelines.,FULL_TEXT_QUEUE,P2,8,2,5,1,0,DISCOVERY_REQUIRED,https://doi.org/10.1016/j.yrtph.2024.105686,Journal Article,A,NO,NO,PENDING_FULL_TEXT,,NO,"Title/abstract screening alone does not establish effectiveness, causality, methodological quality, transferability to Brazilian public safety or an institutional recommendation."
EV-0411,39395158,ADEC2GPK,10.1093/milmed/usae482,The Impact of Anterior Pelvic Tilt on Return to Duty/Return to Run in Active Duty Personnel After Hip Arthroscopy for Femoroacetabular Impingement.,FULL_TEXT_QUEUE,P2,8,2,5,1,0,DISCOVERY_REQUIRED,https://doi.org/10.1093/milmed/usae482,Journal Article,A,NO,NO,PENDING_FULL_TEXT,,NO,"Title/abstract screening alone does not establish effectiveness, causality, methodological quality, transferability to Brazilian public safety or an institutional recommendation."
EV-0389,39537367,YVQ4KLQA,10.1136/military-2024-002763,Likelihood of fitness improvements during a standardised physical fitness programme in US Army trainees of different fitness levels.,FULL_TEXT_QUEUE,P2,8,2,5,1,0,DISCOVERY_REQUIRED,https://doi.org/10.1136/military-2024-002763,Journal Article,A,NO,NO,PENDING_FULL_TEXT,,NO,"Title/abstract screening alone does not establish effectiveness, causality, methodological quality, transferability to Brazilian public safety or an institutional recommendation."
EV-0221,41206912,ZL3MCZKK,10.1093/milmed/usaf545,A Comparative Analysis of the US Coast Guard Dental Emergency Visits.,FULL_TEXT_QUEUE,P2,8,2,5,1,0,DISCOVERY_REQUIRED,https://doi.org/10.1093/milmed/usaf545,Journal Article,A,NO,NO,PENDING_FULL_TEXT,,NO,"Title/abstract screening alone does not establish effectiveness, causality, methodological quality, transferability to Brazilian public safety or an institutional recommendation."
EV-0145,41790570,9ZK35F4P,10.1093/milmed/usag093,Comparing Army Dental Specialists Knowledge of Treating Dental Avulsion Before and After Receiving Educational Material.,FULL_TEXT_QUEUE,P2,8,2,5,1,0,DISCOVERY_REQUIRED,https://doi.org/10.1093/milmed/usag093,Journal Article,A,NO,NO,PENDING_FULL_TEXT,,NO,"Title/abstract screening alone does not establish effectiveness, causality, methodological quality, transferability to Brazilian public safety or an institutional recommendation."
EV-0052,42489479,3P7JQVMJ,10.1519/jsc.0000000000005436,Psychological Self-Report Questionnaires Are Not Associated With Decrements in Physical Performance Following Special Operations Forces Unit Training.,FULL_TEXT_QUEUE,P2,8,2,5,1,0,DISCOVERY_REQUIRED,https://doi.org/10.1519/jsc.0000000000005436,Journal Article,A,NO,NO,PENDING_FULL_TEXT,,NO,"Title/abstract screening alone does not establish effectiveness, causality, methodological quality, transferability to Brazilian public safety or an institutional recommendation."
EV-0033,42550646,NSDTRWZB,,Advancing Military Nursing Science for the Future Battlefield: A Review of TSNRP's Strategic Evolution and Recent Contributions.,FULL_TEXT_QUEUE,P2,8,0,5,2,1,DISCOVERY_REQUIRED,https://pubmed.ncbi.nlm.nih.gov/42550646/,Journal Article | Review,A,NO,NO,PENDING_FULL_TEXT,,NO,"Title/abstract screening alone does not establish effectiveness, causality, methodological quality, transferability to Brazilian public safety or an institutional recommendation."
EV-0025,42560229,TS669K8S,10.1093/milmed/usag084,Perceived Barriers to PT Care for Musculoskeletal Injury in Active-Duty Service Members at a Navy Shore-Based Medical Clinic.,FULL_TEXT_QUEUE,P2,8,2,5,1,0,DISCOVERY_REQUIRED,https://doi.org/10.1093/milmed/usag084,Journal Article,A,NO,NO,PENDING_FULL_TEXT,,NO,"Title/abstract screening alone does not establish effectiveness, causality, methodological quality, transferability to Brazilian public safety or an institutional recommendation."
EV-0022,42560254,A742KZS4,10.1093/milmed/usag054,"Shifting From Morning to Afternoon Physical Training Is Associated With Improved Sleep Health, Morale, and Operational Readiness in Soldiers.",FULL_TEXT_QUEUE,P2,8,2,5,1,0,DISCOVERY_REQUIRED,https://doi.org/10.1093/milmed/usag054,Journal Article,A,NO,NO,PENDING_FULL_TEXT,,NO,"Title/abstract screening alone does not establish effectiveness, causality, methodological quality, transferability to Brazilian public safety or an institutional recommendation."
EV-0021,42560255,X54NDJU9,10.1093/milmed/usag051,Effectiveness of Standardized Training in the Special Warfare Rural Engagement and Mapping Course: Bridging the Agriculture and Rural Operations Knowledge Gap.,FULL_TEXT_QUEUE,P2,8,2,5,1,0,DISCOVERY_REQUIRED,https://doi.org/10.1093/milmed/usag051,Journal Article,A,NO,NO,PENDING_FULL_TEXT,,NO,"Title/abstract screening alone does not establish effectiveness, causality, methodological quality, transferability to Brazilian public safety or an institutional recommendation."
EV-1431,8236896,EUJU39LN,,[The outlook for the development of drugs for preserving the combat readiness of those with minor injuries from ionizing radiation (a review of the literature)].,FULL_TEXT_QUEUE,P2,8,0,5,2,1,DISCOVERY_REQUIRED,https://pubmed.ncbi.nlm.nih.gov/8236896/,Journal Article | Review,A,NO,NO,PENDING_FULL_TEXT,,NO,"Title/abstract screening alone does not establish effectiveness, causality, methodological quality, transferability to Brazilian public safety or an institutional recommendation."
EV-1416,9597842,PWIEB2AA,,The health and physical readiness of Army reservists: a current review of the literature and significant research questions.,FULL_TEXT_QUEUE,P2,8,0,5,2,1,DISCOVERY_REQUIRED,https://pubmed.ncbi.nlm.nih.gov/9597842/,Journal Article | Review,A,NO,NO,PENDING_FULL_TEXT,,NO,"Title/abstract screening alone does not establish effectiveness, causality, methodological quality, transferability to Brazilian public safety or an institutional recommendation."
EV-1404,11315464,V3ZTMEFY,,Federal Nursing Service Award. Impact of TriCare/managed care on total force readiness.,FULL_TEXT_QUEUE,P2,7,0,5,1,1,DISCOVERY_REQUIRED,https://pubmed.ncbi.nlm.nih.gov/11315464/,"Journal Article | Research Support, U.S. Gov't, Non-P.H.S.",A,NO,NO,PENDING_FULL_TEXT,,NO,"Title/abstract screening alone does not establish effectiveness, causality, methodological quality, transferability to Brazilian public safety or an institutional recommendation."
EV-1401,11388148,NCKT7VXP,,[Medication error rate in the hospital setting: a pilot study at the Jury-lès-Metz Hospital Center].,FULL_TEXT_QUEUE,P2,7,0,6,1,0,DISCOVERY_REQUIRED,https://pubmed.ncbi.nlm.nih.gov/11388148/,Comparative Study | English Abstract | Journal Article,B,NO,NO,PENDING_FULL_TEXT,,NO,"Title/abstract screening alone does not establish effectiveness, causality, methodological quality, transferability to Brazilian public safety or an institutional recommendation."
EV-1398,11725313,U9XVHYAH,,Back and upper extremity disorders among enlisted U.S. Marines: burden and individual risk factors.,FULL_TEXT_QUEUE,P2,7,0,5,1,1,DISCOVERY_REQUIRED,https://pubmed.ncbi.nlm.nih.gov/11725313/,"Journal Article | Research Support, U.S. Gov't, Non-P.H.S.",A,NO,NO,PENDING_FULL_TEXT,,NO,"Title/abstract screening alone does not establish effectiveness, causality, methodological quality, transferability to Brazilian public safety or an institutional recommendation."
EV-1395,12317821,5ILHJTTY,,Ghana's army goes into combat readiness against HIV.,FULL_TEXT_QUEUE,P2,7,0,5,1,1,DISCOVERY_REQUIRED,https://pubmed.ncbi.nlm.nih.gov/12317821/,Journal Article,A,NO,NO,PENDING_FULL_TEXT,,NO,"Title/abstract screening alone does not establish effectiveness, causality, methodological quality, transferability to Brazilian public safety or an institutional recommendation."
EV-1393,12402401,S44BDZAL,,Epidemiologic characteristics and military implications of hemorrhagic fever with renal syndrome in croatia.,FULL_TEXT_QUEUE,P2,7,0,5,1,1,DISCOVERY_REQUIRED,https://pubmed.ncbi.nlm.nih.gov/12402401/,Journal Article,A,NO,NO,PENDING_FULL_TEXT,,NO,"Title/abstract screening alone does not establish effectiveness, causality, methodological quality, transferability to Brazilian public safety or an institutional recommendation."
EV-1392,12502174,8K9X4K63,,"Body fat standards and individual physical readiness in a randomized Army sample: screening weights, methods of fat assessment, and linkage to physical fitness.",FULL_TEXT_QUEUE,P2,7,0,5,1,1,DISCOVERY_REQUIRED,https://pubmed.ncbi.nlm.nih.gov/12502174/,Journal Article | Multicenter Study,A,NO,NO,PENDING_FULL_TEXT,,NO,"Title/abstract screening alone does not establish effectiveness, causality, methodological quality, transferability to Brazilian public safety or an institutional recommendation."
EV-1391,12502177,T7T85QZI,,Influence of oral health on combat readiness in the Croatian army.,FULL_TEXT_QUEUE,P2,7,0,5,1,1,DISCOVERY_REQUIRED,https://pubmed.ncbi.nlm.nih.gov/12502177/,Journal Article,A,NO,NO,PENDING_FULL_TEXT,,NO,"Title/abstract screening alone does not establish effectiveness, causality, methodological quality, transferability to Brazilian public safety or an institutional recommendation."
EV-1390,12502180,NVKQQA94,,Musculoskeletal injuries in an Army airborne population.,FULL_TEXT_QUEUE,P2,7,0,5,1,1,DISCOVERY_REQUIRED,https://pubmed.ncbi.nlm.nih.gov/12502180/,"Journal Article | Research Support, U.S. Gov't, Non-P.H.S.",A,NO,NO,PENDING_FULL_TEXT,,NO,"Title/abstract screening alone does not establish effectiveness, causality, methodological quality, transferability to Brazilian public safety or an institutional recommendation."
EV-1456,1258408,8VWFIE85,,[Contribution of military field surgeons to the increased combat readiness of military medical service].,FULL_TEXT_QUEUE,P2,7,0,5,1,1,DISCOVERY_REQUIRED,https://pubmed.ncbi.nlm.nih.gov/1258408/,Journal Article,A,NO,NO,PENDING_FULL_TEXT,,NO,"Title/abstract screening alone does not establish effectiveness, causality, methodological quality, transferability to Brazilian public safety or an institutional recommendation."
EV-1389,12636142,UBRW9LA2,,Sentinel cases of community-acquired methicillin-resistant Staphylococcus aureus onboard a naval ship.,FULL_TEXT_QUEUE,P2,7,0,5,1,1,DISCOVERY_REQUIRED,https://pubmed.ncbi.nlm.nih.gov/12636142/,Case Reports | Journal Article,A,NO,NO,PENDING_FULL_TEXT,,NO,"Title/abstract screening alone does not establish effectiveness, causality, methodological quality, transferability to Brazilian public safety or an institutional recommendation."
EV-1385,12910659,CFGXIAMQ,,"[""Epidemic"" of plantar dermatitis during military maneuvers in the rain forest of Guyana].",FULL_TEXT_QUEUE,P2,7,0,5,1,1,DISCOVERY_REQUIRED,https://pubmed.ncbi.nlm.nih.gov/12910659/,English Abstract | Journal Article,A,NO,NO,PENDING_FULL_TEXT,,NO,"Title/abstract screening alone does not establish effectiveness, causality, methodological quality, transferability to Brazilian public safety or an institutional recommendation."
EV-1454,1523814,KLVDQRDD,,[The experience of medical support for the Soviet troops in Afghanistan and the problems of the further development of military medicine].,FULL_TEXT_QUEUE,P2,7,0,5,1,1,DISCOVERY_REQUIRED,https://pubmed.ncbi.nlm.nih.gov/1523814/,Comparative Study | English Abstract | Historical Article | Journal Article,A,NO,NO,PENDING_FULL_TEXT,,NO,"Title/abstract screening alone does not establish effectiveness, causality, methodological quality, transferability to Brazilian public safety or an institutional recommendation."
EV-1375,15915214,3Z5II4BG,,An innovative tobacco use cessation program for military dental clinics.,FULL_TEXT_QUEUE,P2,7,0,5,1,1,DISCOVERY_REQUIRED,https://pubmed.ncbi.nlm.nih.gov/15915214/,Evaluation Study | Journal Article,A,NO,NO,PENDING_FULL_TEXT,,NO,"Title/abstract screening alone does not establish effectiveness, causality, methodological quality, transferability to Brazilian public safety or an institutional recommendation."
EV-1371,16358837,JTG72T4L,,[Noise in military service--the current problem].,FULL_TEXT_QUEUE,P2,7,0,5,1,1,DISCOVERY_REQUIRED,https://pubmed.ncbi.nlm.nih.gov/16358837/,Comparative Study | Editorial | English Abstract,A,NO,NO,PENDING_FULL_TEXT,,NO,"Title/abstract screening alone does not establish effectiveness, causality, methodological quality, transferability to Brazilian public safety or an institutional recommendation."
EV-1368,16532595,2PWAJPPG,,Occupational health practice in the Singapore Navy.,FULL_TEXT_QUEUE,P2,7,0,5,1,1,DISCOVERY_REQUIRED,https://pubmed.ncbi.nlm.nih.gov/16532595/,Journal Article,A,NO,NO,PENDING_FULL_TEXT,,NO,"Title/abstract screening alone does not establish effectiveness, causality, methodological quality, transferability to Brazilian public safety or an institutional recommendation."
EV-1364,17048788,3Q4X2HHI,,[Impact of dental emergencies on combat readiness in Croatian Army].,FULL_TEXT_QUEUE,P2,7,0,5,1,1,DISCOVERY_REQUIRED,https://pubmed.ncbi.nlm.nih.gov/17048788/,English Abstract | Journal Article,A,NO,NO,PENDING_FULL_TEXT,,NO,"Title/abstract screening alone does not establish effectiveness, causality, methodological quality, transferability to Brazilian public safety or an institutional recommendation."
EV-1342,18524317,A73FNRD2,,[Standardization and reliability of anthropometric measurements for population surveys].,FULL_TEXT_QUEUE,P2,7,0,6,1,0,DISCOVERY_REQUIRED,https://pubmed.ncbi.nlm.nih.gov/18524317/,"English Abstract | Journal Article | Research Support, Non-U.S. Gov't",B,NO,NO,PENDING_FULL_TEXT,,NO,"Title/abstract screening alone does not establish effectiveness, causality, methodological quality, transferability to Brazilian public safety or an institutional recommendation."
EV-1450,1853597,THNIIPL5,,[The professional health of personnel as a category of troop combat readiness and combat capability].,FULL_TEXT_QUEUE,P2,7,0,5,1,1,DISCOVERY_REQUIRED,https://pubmed.ncbi.nlm.nih.gov/1853597/,Journal Article,A,NO,NO,PENDING_FULL_TEXT,,NO,"Title/abstract screening alone does not establish effectiveness, causality, methodological quality, transferability to Brazilian public safety or an institutional recommendation."
EV-1448,1900595,86CIZ7ZT,,Unplanned pregnancy among active-duty Army females as a readiness issue.,FULL_TEXT_QUEUE,P2,7,0,5,1,1,DISCOVERY_REQUIRED,https://pubmed.ncbi.nlm.nih.gov/1900595/,Comparative Study | Journal Article,A,NO,NO,PENDING_FULL_TEXT,,NO,"Title/abstract screening alone does not establish effectiveness, causality, methodological quality, transferability to Brazilian public safety or an institutional recommendation."
EV-1447,1957510,LMMIQL5T,,[The human factor and the combat readiness of the troops].,FULL_TEXT_QUEUE,P2,7,0,5,1,1,DISCOVERY_REQUIRED,https://pubmed.ncbi.nlm.nih.gov/1957510/,Journal Article,A,NO,NO,PENDING_FULL_TEXT,,NO,"Title/abstract screening alone does not establish effectiveness, causality, methodological quality, transferability to Brazilian public safety or an institutional recommendation."
EV-1325,20084692,JUQNZHGC,,How to stop fighting ourselves: removing the stigma of mental health treatment for soldiers.,FULL_TEXT_QUEUE,P2,7,0,5,1,1,DISCOVERY_REQUIRED,https://pubmed.ncbi.nlm.nih.gov/20084692/,Journal Article,A,NO,NO,PENDING_FULL_TEXT,,NO,"Title/abstract screening alone does not establish effectiveness, causality, methodological quality, transferability to Brazilian public safety or an institutional recommendation."
EV-1300,21770344,KG6SBHCD,,[Techniques of preservation and promotion of psychological health in personnel of training center].,FULL_TEXT_QUEUE,P2,7,0,5,1,1,DISCOVERY_REQUIRED,https://pubmed.ncbi.nlm.nih.gov/21770344/,English Abstract | Journal Article,A,NO,NO,PENDING_FULL_TEXT,,NO,"Title/abstract screening alone does not establish effectiveness, causality, methodological quality, transferability to Brazilian public safety or an institutional recommendation."
EV-1289,22550760,SIUUC9KA,,Force health protection: essential element of combat readiness.,FULL_TEXT_QUEUE,P2,7,0,5,1,1,DISCOVERY_REQUIRED,https://pubmed.ncbi.nlm.nih.gov/22550760/,Introductory Journal Article,A,NO,NO,PENDING_FULL_TEXT,,NO,"Title/abstract screening alone does not establish effectiveness, causality, methodological quality, transferability to Brazilian public safety or an institutional recommendation."
EV-1288,22606907,M8WVCBDH,,[Modern peculiarities of dynamics and structure of servicemen of Armed Forces of Ukraine retiring in transitional period towards professional Army].,FULL_TEXT_QUEUE,P2,7,0,5,1,1,DISCOVERY_REQUIRED,https://pubmed.ncbi.nlm.nih.gov/22606907/,English Abstract | Journal Article,A,NO,NO,PENDING_FULL_TEXT,,NO,"Title/abstract screening alone does not establish effectiveness, causality, methodological quality, transferability to Brazilian public safety or an institutional recommendation."
EV-1279,22856049,9HUPFIIY,,Readiness requires a team.,FULL_TEXT_QUEUE,P2,7,0,5,1,1,DISCOVERY_REQUIRED,https://pubmed.ncbi.nlm.nih.gov/22856049/,Journal Article,A,NO,NO,PENDING_FULL_TEXT,,NO,"Title/abstract screening alone does not establish effectiveness, causality, methodological quality, transferability to Brazilian public safety or an institutional recommendation."
EV-1269,23148000,K3DL9FT9,,Physical fitness during medical school: a 4-year study at the Uniformed Services University.,FULL_TEXT_QUEUE,P2,7,0,5,1,1,DISCOVERY_REQUIRED,https://pubmed.ncbi.nlm.nih.gov/23148000/,Journal Article,A,NO,NO,PENDING_FULL_TEXT,,NO,"Title/abstract screening alone does not establish effectiveness, causality, methodological quality, transferability to Brazilian public safety or an institutional recommendation."
EV-1263,23213778,IW6HRE2P,,[Formation and development of flight-surgeon examination in the Branch No. 1 of Main Military Clinical Hospital n. a. N.N.Burdenko].,FULL_TEXT_QUEUE,P2,7,0,5,1,1,DISCOVERY_REQUIRED,https://pubmed.ncbi.nlm.nih.gov/23213778/,Historical Article | Journal Article,A,NO,NO,PENDING_FULL_TEXT,,NO,"Title/abstract screening alone does not establish effectiveness, causality, methodological quality, transferability to Brazilian public safety or an institutional recommendation."
EV-1262,23277450,3YG4LYLW,,US veterinary support to standardization of food and water safety and animal care and use within NATO.,FULL_TEXT_QUEUE,P2,7,0,5,1,1,DISCOVERY_REQUIRED,https://pubmed.ncbi.nlm.nih.gov/23277450/,Journal Article,A,NO,NO,PENDING_FULL_TEXT,,NO,"Title/abstract screening alone does not establish effectiveness, causality, methodological quality, transferability to Brazilian public safety or an institutional recommendation."
EV-1235,24146241,83CILHLV,,Extreme conditioning programs and injury risk in a US Army Brigade Combat Team.,FULL_TEXT_QUEUE,P2,7,0,5,1,1,DISCOVERY_REQUIRED,https://pubmed.ncbi.nlm.nih.gov/24146241/,Journal Article,A,NO,NO,PENDING_FULL_TEXT,,NO,"Title/abstract screening alone does not establish effectiveness, causality, methodological quality, transferability to Brazilian public safety or an institutional recommendation."
EV-1234,24146243,36H5ZAEH,,Quantification of physical activity performed during US Army Basic Combat Training.,FULL_TEXT_QUEUE,P2,7,0,5,1,1,DISCOVERY_REQUIRED,https://pubmed.ncbi.nlm.nih.gov/24146243/,"Journal Article | Research Support, Non-U.S. Gov't",A,NO,NO,PENDING_FULL_TEXT,,NO,"Title/abstract screening alone does not establish effectiveness, causality, methodological quality, transferability to Brazilian public safety or an institutional recommendation."
EV-1225,24341006,J5545SQI,,[Improvement of the system of medical equipmet rationing for military units during the wartime].,FULL_TEXT_QUEUE,P2,7,0,5,1,1,DISCOVERY_REQUIRED,https://pubmed.ncbi.nlm.nih.gov/24341006/,English Abstract | Journal Article,A,NO,NO,PENDING_FULL_TEXT,,NO,"Title/abstract screening alone does not establish effectiveness, causality, methodological quality, transferability to Brazilian public safety or an institutional recommendation."
EV-1224,24341196,WSJ4D9UV,,[Methods of substance abuse prevention in the Armed Forces].,FULL_TEXT_QUEUE,P2,7,0,5,1,1,DISCOVERY_REQUIRED,https://pubmed.ncbi.nlm.nih.gov/24341196/,English Abstract | Journal Article,A,NO,NO,PENDING_FULL_TEXT,,NO,"Title/abstract screening alone does not establish effectiveness, causality, methodological quality, transferability to Brazilian public safety or an institutional recommendation."
EV-1217,24706237,77EHWB8R,,History of United States Army physical fitness and physical readiness training.,FULL_TEXT_QUEUE,P2,7,0,5,1,1,DISCOVERY_REQUIRED,https://pubmed.ncbi.nlm.nih.gov/24706237/,Historical Article | Journal Article,A,NO,NO,PENDING_FULL_TEXT,,NO,"Title/abstract screening alone does not establish effectiveness, causality, methodological quality, transferability to Brazilian public safety or an institutional recommendation."
EV-1216,24706238,PKXGG6JW,,Relationships of physical performance tests to military-relevant tasks in women.,FULL_TEXT_QUEUE,P2,7,0,5,1,1,DISCOVERY_REQUIRED,https://pubmed.ncbi.nlm.nih.gov/24706238/,Journal Article,A,NO,NO,PENDING_FULL_TEXT,,NO,"Title/abstract screening alone does not establish effectiveness, causality, methodological quality, transferability to Brazilian public safety or an institutional recommendation."
EV-1215,24706247,IGYHB9DG,,Risk factors associated with higher body fat in US Army female soldiers.,FULL_TEXT_QUEUE,P2,7,0,5,1,1,DISCOVERY_REQUIRED,https://pubmed.ncbi.nlm.nih.gov/24706247/,Journal Article,A,NO,NO,PENDING_FULL_TEXT,,NO,"Title/abstract screening alone does not establish effectiveness, causality, methodological quality, transferability to Brazilian public safety or an institutional recommendation."
EV-1446,2499839,MFLEQRF5,,Efficacy of a suicide detection scale in determining lethality of ideation among hospitalized veterans: a case study.,FULL_TEXT_QUEUE,P2,7,0,5,1,1,DISCOVERY_REQUIRED,https://pubmed.ncbi.nlm.nih.gov/2499839/,Journal Article,A,NO,NO,PENDING_FULL_TEXT,,NO,"Title/abstract screening alone does not establish effectiveness, causality, methodological quality, transferability to Brazilian public safety or an institutional recommendation."
EV-1202,25046926,UQMNXIZX,,[Improvement of the system of medical equipment rationing for military units in peacetime].,FULL_TEXT_QUEUE,P2,7,0,5,1,1,DISCOVERY_REQUIRED,https://pubmed.ncbi.nlm.nih.gov/25046926/,English Abstract | Journal Article,A,NO,NO,PENDING_FULL_TEXT,,NO,"Title/abstract screening alone does not establish effectiveness, causality, methodological quality, transferability to Brazilian public safety or an institutional recommendation."
EV-1201,25074596,95G9MVZ6,,The growing challenges of vector-borne diseases to regionally-aligned forces.,FULL_TEXT_QUEUE,P2,7,0,5,1,1,DISCOVERY_REQUIRED,https://pubmed.ncbi.nlm.nih.gov/25074596/,Journal Article,A,NO,NO,PENDING_FULL_TEXT,,NO,"Title/abstract screening alone does not establish effectiveness, causality, methodological quality, transferability to Brazilian public safety or an institutional recommendation."
EV-1176,26101903,NAHT345J,,"Musculoskeletal, biomechanical, and physiological gender differences in the US military.",FULL_TEXT_QUEUE,P2,7,0,5,1,1,DISCOVERY_REQUIRED,https://pubmed.ncbi.nlm.nih.gov/26101903/,"Journal Article | Research Support, U.S. Gov't, Non-P.H.S.",A,NO,NO,PENDING_FULL_TEXT,,NO,"Title/abstract screening alone does not establish effectiveness, causality, methodological quality, transferability to Brazilian public safety or an institutional recommendation."
EV-1175,26101904,IW567FMU,,The effects of cross-training on fitness and injury in women.,FULL_TEXT_QUEUE,P2,7,0,5,1,1,DISCOVERY_REQUIRED,https://pubmed.ncbi.nlm.nih.gov/26101904/,Journal Article,A,NO,NO,PENDING_FULL_TEXT,,NO,"Title/abstract screening alone does not establish effectiveness, causality, methodological quality, transferability to Brazilian public safety or an institutional recommendation."
EV-1173,26115171,GETXG4A9,,Diarrheal and Respiratory Illness Surveillance During US-RP Balikatan 2014.,FULL_TEXT_QUEUE,P2,7,0,5,1,1,DISCOVERY_REQUIRED,https://pubmed.ncbi.nlm.nih.gov/26115171/,Journal Article,A,NO,NO,PENDING_FULL_TEXT,,NO,"Title/abstract screening alone does not establish effectiveness, causality, methodological quality, transferability to Brazilian public safety or an institutional recommendation."
EV-1145,26874090,IGRAQKJB,,Observed Rates of Lower Extremity Stress Fractures After Implementation of the Army Physical Readiness Training Program at JBSA Fort Sam Houston.,FULL_TEXT_QUEUE,P2,7,0,5,1,1,DISCOVERY_REQUIRED,https://pubmed.ncbi.nlm.nih.gov/26874090/,Journal Article,A,NO,NO,PENDING_FULL_TEXT,,NO,"Title/abstract screening alone does not establish effectiveness, causality, methodological quality, transferability to Brazilian public safety or an institutional recommendation."
EV-1132,27215886,CBNZ5NXK,,Select Public Health and Communicable Disease Lessons Learned During Operations Iraqi Freedom and Enduring Freedom.,FULL_TEXT_QUEUE,P2,7,0,5,1,1,DISCOVERY_REQUIRED,https://pubmed.ncbi.nlm.nih.gov/27215886/,Journal Article,A,NO,NO,PENDING_FULL_TEXT,,NO,"Title/abstract screening alone does not establish effectiveness, causality, methodological quality, transferability to Brazilian public safety or an institutional recommendation."
EV-1075,28853119,ISGJ7C55,,Martial arts-based high intensity interval training as a component of warfighter rehabilitation and tactical athlete fitness.,FULL_TEXT_QUEUE,P2,7,0,5,1,1,DISCOVERY_REQUIRED,https://pubmed.ncbi.nlm.nih.gov/28853119/,Journal Article,A,NO,NO,PENDING_FULL_TEXT,,NO,"Title/abstract screening alone does not establish effectiveness, causality, methodological quality, transferability to Brazilian public safety or an institutional recommendation."
EV-1040,29328682,PZKY4MR8,,"Brief report: Prevalence of hepatitis B and C virus infections in U.S. Air Force basic military trainees who donated blood, 2013-2016.",FULL_TEXT_QUEUE,P2,7,0,5,1,1,DISCOVERY_REQUIRED,https://pubmed.ncbi.nlm.nih.gov/29328682/,Journal Article,A,NO,NO,PENDING_FULL_TEXT,,NO,"Title/abstract screening alone does not establish effectiveness, causality, methodological quality, transferability to Brazilian public safety or an institutional recommendation."
EV-1033,29461201,PL4LU4R7,,Return to Duty Following a Tibial Tubercle Osteotomy.,FULL_TEXT_QUEUE,P2,7,0,5,1,1,DISCOVERY_REQUIRED,https://pubmed.ncbi.nlm.nih.gov/29461201/,Journal Article,A,NO,NO,PENDING_FULL_TEXT,,NO,"Title/abstract screening alone does not establish effectiveness, causality, methodological quality, transferability to Brazilian public safety or an institutional recommendation."
EV-1442,3108716,KSBUGAMJ,,Impact of troop dental health on combat readiness.,FULL_TEXT_QUEUE,P2,7,0,5,1,1,DISCOVERY_REQUIRED,https://pubmed.ncbi.nlm.nih.gov/3108716/,Journal Article,A,NO,NO,PENDING_FULL_TEXT,,NO,"Title/abstract screening alone does not establish effectiveness, causality, methodological quality, transferability to Brazilian public safety or an institutional recommendation."
EV-0924,31675295,FYZQD9W5,,Outcomes of Revision Arthroscopic Anterior Shoulder Stabilization in a Military Population: A Prospective Cohort Study.,FULL_TEXT_QUEUE,P2,7,0,5,1,1,DISCOVERY_REQUIRED,https://pubmed.ncbi.nlm.nih.gov/31675295/,Journal Article,A,NO,NO,PENDING_FULL_TEXT,,NO,"Title/abstract screening alone does not establish effectiveness, causality, methodological quality, transferability to Brazilian public safety or an institutional recommendation."
EV-0775,34251667,VD4QH5YH,,Army Emergency Medicine: Advancing the Vison for Army Medicine.,FULL_TEXT_QUEUE,P2,7,0,5,1,1,DISCOVERY_REQUIRED,https://pubmed.ncbi.nlm.nih.gov/34251667/,Journal Article,A,NO,NO,PENDING_FULL_TEXT,,NO,"Title/abstract screening alone does not establish effectiveness, causality, methodological quality, transferability to Brazilian public safety or an institutional recommendation."
EV-0766,34449861,8PYGMTDP,,Sports Injuries among Deployed US Service Members between October 2001 and December 2018.,FULL_TEXT_QUEUE,P2,7,0,5,1,1,DISCOVERY_REQUIRED,https://pubmed.ncbi.nlm.nih.gov/34449861/,Journal Article,A,NO,NO,PENDING_FULL_TEXT,,NO,"Title/abstract screening alone does not establish effectiveness, causality, methodological quality, transferability to Brazilian public safety or an institutional recommendation."
EV-0710,35307691,PQXRKQQJ,,ON THE NEED TO IMPROVE THE SYSTEM OF PREVENTION OF ALCOHOL AND DRUG ADDICTION AMONG SERVICEMEN OF THE DEFENSE FORCES.,FULL_TEXT_QUEUE,P2,7,0,5,1,1,DISCOVERY_REQUIRED,https://pubmed.ncbi.nlm.nih.gov/35307691/,Journal Article,A,NO,NO,PENDING_FULL_TEXT,,NO,"Title/abstract screening alone does not establish effectiveness, causality, methodological quality, transferability to Brazilian public safety or an institutional recommendation."
EV-0704,35373315,PZWM54U7,,Preparing Emergency Physicians for the Next War: Residency Capstone Training in Prolonged Casualty Care.,FULL_TEXT_QUEUE,P2,7,0,5,1,1,DISCOVERY_REQUIRED,https://pubmed.ncbi.nlm.nih.gov/35373315/,Journal Article,A,NO,NO,PENDING_FULL_TEXT,,NO,"Title/abstract screening alone does not establish effectiveness, causality, methodological quality, transferability to Brazilian public safety or an institutional recommendation."
EV-0666,36168173,D8EGQAUP,,Lessons from outbreaks of COVID-19 at Israeli military bases.,FULL_TEXT_QUEUE,P2,7,0,5,1,1,DISCOVERY_REQUIRED,https://pubmed.ncbi.nlm.nih.gov/36168173/,Journal Article,A,NO,NO,PENDING_FULL_TEXT,,NO,"Title/abstract screening alone does not establish effectiveness, causality, methodological quality, transferability to Brazilian public safety or an institutional recommendation."
EV-0057,42425810,FMZEJDSB,10.1016/j.medine.2026.502564,Management of trauma in remote and austere settings: civilian implications of military-derived prolonged field care principles - A narrative review.,FULL_TEXT_QUEUE,P2,7,2,2,2,1,DISCOVERY_REQUIRED,https://doi.org/10.1016/j.medine.2026.502564,Journal Article | Review,B,NO,NO,PENDING_FULL_TEXT,,NO,"Title/abstract screening alone does not establish effectiveness, causality, methodological quality, transferability to Brazilian public safety or an institutional recommendation."
EV-0036,42550626,FTZTJ5WX,,"66E U.S. Army Perioperative Nursing: Foundation, Function, and Future in Military Healthcare.",FULL_TEXT_QUEUE,P2,7,0,5,1,1,DISCOVERY_REQUIRED,https://pubmed.ncbi.nlm.nih.gov/42550626/,Journal Article,A,NO,NO,PENDING_FULL_TEXT,,NO,"Title/abstract screening alone does not establish effectiveness, causality, methodological quality, transferability to Brazilian public safety or an institutional recommendation."
EV-0035,42550628,PG6A6WYP,,66G Obstetric and Gynecological Nursing: Expertise in Women's Health.,FULL_TEXT_QUEUE,P2,7,0,5,1,1,DISCOVERY_REQUIRED,https://pubmed.ncbi.nlm.nih.gov/42550628/,Journal Article,A,NO,NO,PENDING_FULL_TEXT,,NO,"Title/abstract screening alone does not establish effectiveness, causality, methodological quality, transferability to Brazilian public safety or an institutional recommendation."
EV-0034,42550637,EQZQ4YQF,,8S From Efficiency To Innovation: The Evolution And Future Of The Nurse Methods Analyst In Army Medicine.,FULL_TEXT_QUEUE,P2,7,0,5,1,1,DISCOVERY_REQUIRED,https://pubmed.ncbi.nlm.nih.gov/42550637/,Historical Article | Journal Article,A,NO,NO,PENDING_FULL_TEXT,,NO,"Title/abstract screening alone does not establish effectiveness, causality, methodological quality, transferability to Brazilian public safety or an institutional recommendation."
EV-0032,42550655,6KACFSNJ,,From Bedside to Blueprint: The Role of the Public Health Nurse in Strategic Military Health Facility Planning.,FULL_TEXT_QUEUE,P2,7,0,5,1,1,DISCOVERY_REQUIRED,https://pubmed.ncbi.nlm.nih.gov/42550655/,Journal Article,A,NO,NO,PENDING_FULL_TEXT,,NO,"Title/abstract screening alone does not establish effectiveness, causality, methodological quality, transferability to Brazilian public safety or an institutional recommendation."
EV-1437,6702113,4H2F5C5Y,,[Problems in the further improvement of medical services in the Army and Navy and the combat readiness of military medicine].,FULL_TEXT_QUEUE,P2,7,0,5,1,1,DISCOVERY_REQUIRED,https://pubmed.ncbi.nlm.nih.gov/6702113/,Journal Article,A,NO,NO,PENDING_FULL_TEXT,,NO,"Title/abstract screening alone does not establish effectiveness, causality, methodological quality, transferability to Brazilian public safety or an institutional recommendation."
EV-1434,7645294,FEVCB95V,,[Epidemic-control support for the combat operations of the Soviet troops in Afghanistan in light of the experience of World War II].,FULL_TEXT_QUEUE,P2,7,0,5,1,1,DISCOVERY_REQUIRED,https://pubmed.ncbi.nlm.nih.gov/7645294/,English Abstract | Historical Article | Journal Article,A,NO,NO,PENDING_FULL_TEXT,,NO,"Title/abstract screening alone does not establish effectiveness, causality, methodological quality, transferability to Brazilian public safety or an institutional recommendation."
EV-1433,7847745,9GI2D3WJ,,Effects of sleep deprivation on performance of Naval seamen: I. Total sleep deprivation on performance.,FULL_TEXT_QUEUE,P2,7,0,5,1,1,DISCOVERY_REQUIRED,https://pubmed.ncbi.nlm.nih.gov/7847745/,"Journal Article | Research Support, Non-U.S. Gov't",A,NO,NO,PENDING_FULL_TEXT,,NO,"Title/abstract screening alone does not establish effectiveness, causality, methodological quality, transferability to Brazilian public safety or an institutional recommendation."
EV-1432,8165798,3H5TW44V,,[Trends in the improvement of drug agents intended for preserving and restoring the combat readiness of servicemen].,FULL_TEXT_QUEUE,P2,7,0,5,1,1,DISCOVERY_REQUIRED,https://pubmed.ncbi.nlm.nih.gov/8165798/,Journal Article,A,NO,NO,PENDING_FULL_TEXT,,NO,"Title/abstract screening alone does not establish effectiveness, causality, methodological quality, transferability to Brazilian public safety or an institutional recommendation."
EV-1428,8502390,PB6JLHUP,,The effect of command emphasis and monthly physical training on Army physical fitness scores in a National Guard Unit.,FULL_TEXT_QUEUE,P2,7,0,5,1,1,DISCOVERY_REQUIRED,https://pubmed.ncbi.nlm.nih.gov/8502390/,Journal Article,A,NO,NO,PENDING_FULL_TEXT,,NO,"Title/abstract screening alone does not establish effectiveness, causality, methodological quality, transferability to Brazilian public safety or an institutional recommendation."
EV-1427,8772302,AGTLDPA8,,Epidemiology of enterotoxigenic Escherichia coli-associated diarrheal disease occurring on board U.S. Navy ships visiting Asian ports.,FULL_TEXT_QUEUE,P2,7,0,5,1,1,DISCOVERY_REQUIRED,https://pubmed.ncbi.nlm.nih.gov/8772302/,"Journal Article | Research Support, U.S. Gov't, Non-P.H.S.",A,NO,NO,PENDING_FULL_TEXT,,NO,"Title/abstract screening alone does not establish effectiveness, causality, methodological quality, transferability to Brazilian public safety or an institutional recommendation."
EV-1425,9038021,9BVL44D3,,Are we dancing alone? Matching medical operational readiness training with potential future conflict.,FULL_TEXT_QUEUE,P2,7,0,5,1,1,DISCOVERY_REQUIRED,https://pubmed.ncbi.nlm.nih.gov/9038021/,Journal Article,A,NO,NO,PENDING_FULL_TEXT,,NO,"Title/abstract screening alone does not establish effectiveness, causality, methodological quality, transferability to Brazilian public safety or an institutional recommendation."
EV-1423,9157742,PHIHYBI5,,"[The army medical service: past, present, and future].",FULL_TEXT_QUEUE,P2,7,0,5,1,1,DISCOVERY_REQUIRED,https://pubmed.ncbi.nlm.nih.gov/9157742/,Historical Article | Journal Article,A,NO,NO,PENDING_FULL_TEXT,,NO,"Title/abstract screening alone does not establish effectiveness, causality, methodological quality, transferability to Brazilian public safety or an institutional recommendation."
EV-1421,9271905,7RRMVRZC,,Identifying the physical demands of Army Reserve personnel during deployable medical systems training.,FULL_TEXT_QUEUE,P2,7,0,5,1,1,DISCOVERY_REQUIRED,https://pubmed.ncbi.nlm.nih.gov/9271905/,Journal Article,A,NO,NO,PENDING_FULL_TEXT,,NO,"Title/abstract screening alone does not establish effectiveness, causality, methodological quality, transferability to Brazilian public safety or an institutional recommendation."
EV-1419,9503896,5R3VIQG3,,A moral analysis of military medicine.,FULL_TEXT_QUEUE,P2,7,0,5,1,1,DISCOVERY_REQUIRED,https://pubmed.ncbi.nlm.nih.gov/9503896/,Journal Article,A,NO,NO,PENDING_FULL_TEXT,,NO,"Title/abstract screening alone does not establish effectiveness, causality, methodological quality, transferability to Brazilian public safety or an institutional recommendation."
EV-1406,11050877,SIW6DLJW,,Effectiveness of a Navy remedial exercise intervention.,FULL_TEXT_QUEUE,P3,6,0,5,1,0,DISCOVERY_REQUIRED,https://pubmed.ncbi.nlm.nih.gov/11050877/,Journal Article,A,NO,NO,PENDING_FULL_TEXT,,NO,"Title/abstract screening alone does not establish effectiveness, causality, methodological quality, transferability to Brazilian public safety or an institutional recommendation."
EV-1405,11197088,PXVUJXML,,"Obesity-related hospitalization costs to the U.S. Navy, 1993 to 1998.",FULL_TEXT_QUEUE,P3,6,0,5,1,0,DISCOVERY_REQUIRED,https://pubmed.ncbi.nlm.nih.gov/11197088/,"Journal Article | Research Support, Non-U.S. Gov't | Research Support, U.S. Gov't, Non-P.H.S.",A,NO,NO,PENDING_FULL_TEXT,,NO,"Title/abstract screening alone does not establish effectiveness, causality, methodological quality, transferability to Brazilian public safety or an institutional recommendation."
EV-1402,11370197,BNZZVLWY,,Psychiatric treatment and operational readiness: clinical guidelines for Air Force practice.,FULL_TEXT_QUEUE,P3,6,0,5,1,0,DISCOVERY_REQUIRED,https://pubmed.ncbi.nlm.nih.gov/11370197/,Journal Article,A,NO,NO,PENDING_FULL_TEXT,,NO,"Title/abstract screening alone does not establish effectiveness, causality, methodological quality, transferability to Brazilian public safety or an institutional recommendation."
EV-1400,11413730,5EXBIBLQ,,Correlates of physical fitness improvement among a Navy remedial exercise sample.,FULL_TEXT_QUEUE,P3,6,0,5,1,0,DISCOVERY_REQUIRED,https://pubmed.ncbi.nlm.nih.gov/11413730/,Journal Article,A,NO,NO,PENDING_FULL_TEXT,,NO,"Title/abstract screening alone does not establish effectiveness, causality, methodological quality, transferability to Brazilian public safety or an institutional recommendation."
EV-1451,1790036,9MMZLCBD,,Physical fitness gains following simple environmental change.,FULL_TEXT_QUEUE,P3,6,0,5,1,0,DISCOVERY_REQUIRED,https://pubmed.ncbi.nlm.nih.gov/1790036/,Journal Article,A,NO,NO,PENDING_FULL_TEXT,,NO,"Title/abstract screening alone does not establish effectiveness, causality, methodological quality, transferability to Brazilian public safety or an institutional recommendation."
EV-1449,1900594,JWZFN7NC,,Profiling overweight patients in the U.S. Navy: health conditions and costs.,FULL_TEXT_QUEUE,P3,6,0,5,1,0,DISCOVERY_REQUIRED,https://pubmed.ncbi.nlm.nih.gov/1900594/,"Journal Article | Research Support, U.S. Gov't, Non-P.H.S.",A,NO,NO,PENDING_FULL_TEXT,,NO,"Title/abstract screening alone does not establish effectiveness, causality, methodological quality, transferability to Brazilian public safety or an institutional recommendation."
EV-1445,2583916,NIQHRGCU,,Weight change underway and in port in the American Navy.,FULL_TEXT_QUEUE,P3,6,0,5,1,0,DISCOVERY_REQUIRED,https://pubmed.ncbi.nlm.nih.gov/2583916/,Journal Article,A,NO,NO,PENDING_FULL_TEXT,,NO,"Title/abstract screening alone does not establish effectiveness, causality, methodological quality, transferability to Brazilian public safety or an institutional recommendation."
EV-1444,2775118,9PMA4NKB,,"An evaluation of proposed causal mechanisms for ""ejection associated"" neck injuries.",FULL_TEXT_QUEUE,P3,6,0,5,1,0,DISCOVERY_REQUIRED,https://pubmed.ncbi.nlm.nih.gov/2775118/,Journal Article,A,NO,NO,PENDING_FULL_TEXT,,NO,"Title/abstract screening alone does not establish effectiveness, causality, methodological quality, transferability to Brazilian public safety or an institutional recommendation."
EV-1048,29214624,UXLCCUKC,,Effects of technique-focused training in conjunction with physical readiness training on Army physical fitness test performance.,FULL_TEXT_QUEUE,P3,6,0,5,1,0,DISCOVERY_REQUIRED,https://pubmed.ncbi.nlm.nih.gov/29214624/,Journal Article,A,NO,NO,PENDING_FULL_TEXT,,NO,"Title/abstract screening alone does not establish effectiveness, causality, methodological quality, transferability to Brazilian public safety or an institutional recommendation."
EV-1443,3083298,5GTTSPH8,,The effect of cigarette smoking on Army Physical Readiness Test performance of enlisted Army medical department personnel.,FULL_TEXT_QUEUE,P3,6,0,5,1,0,DISCOVERY_REQUIRED,https://pubmed.ncbi.nlm.nih.gov/3083298/,Comparative Study | Journal Article,A,NO,NO,PENDING_FULL_TEXT,,NO,"Title/abstract screening alone does not establish effectiveness, causality, methodological quality, transferability to Brazilian public safety or an institutional recommendation."
EV-0937,31442064,4D2VITJ4,,"Epidemiology of impulse control disorders and association with dopamine agonist exposure, active component, U.S. Armed Forces, 2014-2018.",FULL_TEXT_QUEUE,P3,6,0,5,1,0,DISCOVERY_REQUIRED,https://pubmed.ncbi.nlm.nih.gov/31442064/,Journal Article,A,NO,NO,PENDING_FULL_TEXT,,NO,"Title/abstract screening alone does not establish effectiveness, causality, methodological quality, transferability to Brazilian public safety or an institutional recommendation."
EV-1440,3593147,CRWC7A56,,Physical fitness in a submarine community as determined by the U.S. Navy Health and Physical Readiness Test.,FULL_TEXT_QUEUE,P3,6,0,5,1,0,DISCOVERY_REQUIRED,https://pubmed.ncbi.nlm.nih.gov/3593147/,"Journal Article | Research Support, U.S. Gov't, Non-P.H.S.",A,NO,NO,PENDING_FULL_TEXT,,NO,"Title/abstract screening alone does not establish effectiveness, causality, methodological quality, transferability to Brazilian public safety or an institutional recommendation."
EV-1429,8479631,DD7ZBGUT,,A multifocal comparison of health status and physical readiness test results of Navy personnel.,FULL_TEXT_QUEUE,P3,6,0,5,1,0,DISCOVERY_REQUIRED,https://pubmed.ncbi.nlm.nih.gov/8479631/,Comparative Study | Journal Article,A,NO,NO,PENDING_FULL_TEXT,,NO,"Title/abstract screening alone does not establish effectiveness, causality, methodological quality, transferability to Brazilian public safety or an institutional recommendation."
EV-1426,9006883,MP552KPQ,,At work and play in a hazardous environment: injuries aboard a deployed U.S. Navy aircraft carrier.,FULL_TEXT_QUEUE,P3,6,0,5,1,0,DISCOVERY_REQUIRED,https://pubmed.ncbi.nlm.nih.gov/9006883/,"Journal Article | Research Support, U.S. Gov't, P.H.S.",A,NO,NO,PENDING_FULL_TEXT,,NO,"Title/abstract screening alone does not establish effectiveness, causality, methodological quality, transferability to Brazilian public safety or an institutional recommendation."
EV-1415,9640037,PKIQAG4K,,Longitudinal trends and gender differences in physical fitness and lifestyle factors in career U.S. Navy personnel (1983-1994).,FULL_TEXT_QUEUE,P3,6,0,5,1,0,DISCOVERY_REQUIRED,https://pubmed.ncbi.nlm.nih.gov/9640037/,"Journal Article | Research Support, U.S. Gov't, Non-P.H.S.",A,NO,NO,PENDING_FULL_TEXT,,NO,"Title/abstract screening alone does not establish effectiveness, causality, methodological quality, transferability to Brazilian public safety or an institutional recommendation."
EV-0063,42400068,MRP2ZHSP,10.1186/s13011-026-00746-1,Perspectives on harm reduction kit implementation in heterogeneous outpatient clinics.,REVIEW_REQUIRED,HOLD_EDITORIAL,18,2,9,1,6,DISCOVERY_REQUIRED,https://doi.org/10.1186/s13011-026-00746-1,Journal Article,C,NO,NO,NO,,NO,"Title/abstract screening alone does not establish effectiveness, causality, methodological quality, transferability to Brazilian public safety or an institutional recommendation."
EV-1117,27825363,SU7REG6T,10.1186/s13054-016-1543-7,Pre-hospital management of mass casualty civilian shootings: a systematic literature review.,REVIEW_REQUIRED,HOLD_EDITORIAL,17,4,9,3,1,PMC_AVAILABLE,https://pmc.ncbi.nlm.nih.gov/articles/PMC5101656/,Journal Article | Systematic Review,B,NO,NO,NO,,NO,"Title/abstract screening alone does not establish effectiveness, causality, methodological quality, transferability to Brazilian public safety or an institutional recommendation."
EV-1266,23192066,8P9QAB82,10.1097/ta.0b013e3182755dcc,Death on the battlefield (2001-2011): implications for the future of combat casualty care.,REVIEW_REQUIRED,HOLD_EDITORIAL,15,2,11,1,1,DISCOVERY_REQUIRED,https://doi.org/10.1097/ta.0b013e3182755dcc,Comparative Study | Journal Article,B,NO,NO,NO,,NO,"Title/abstract screening alone does not establish effectiveness, causality, methodological quality, transferability to Brazilian public safety or an institutional recommendation."
EV-0603,37046894,YTP3YID4,10.3390/healthcare11070967,Physical Training Programs for Tactical Populations: Brief Systematic Review.,REVIEW_REQUIRED,HOLD_EDITORIAL,15,4,5,2,4,PMC_AVAILABLE,https://pmc.ncbi.nlm.nih.gov/articles/PMC10094380/,Journal Article | Review,A,NO,NO,NO,,NO,"Title/abstract screening alone does not establish effectiveness, causality, methodological quality, transferability to Brazilian public safety or an institutional recommendation."
EV-0220,41208212,4QWKTX4Z,10.1093/tbm/ibaf054,"Using the Consolidated Framework for Implementation Research (CFIR) to understand student perceptions of reach, relevance, and fit of opioid overdose education and naloxone distribution programs on university campuses.",REVIEW_REQUIRED,HOLD_EDITORIAL,15,4,8,1,2,PMC_AVAILABLE,https://pmc.ncbi.nlm.nih.gov/articles/PMC12597890/,Journal Article,C,NO,NO,NO,,NO,"Title/abstract screening alone does not establish effectiveness, causality, methodological quality, transferability to Brazilian public safety or an institutional recommendation."
EV-0202,41317041,SEC3AQXF,10.1093/milmed/usaf585,Wilderness Medicine Training Effect on Perceived Confidence Practicing in Deployed Environments.,REVIEW_REQUIRED,HOLD_EDITORIAL,15,2,11,1,1,DISCOVERY_REQUIRED,https://doi.org/10.1093/milmed/usaf585,Journal Article,B,NO,NO,NO,,NO,"Title/abstract screening alone does not establish effectiveness, causality, methodological quality, transferability to Brazilian public safety or an institutional recommendation."
EV-1001,30393251,2BGUD3R5,10.2486/indhealth.2018-0086,The effectiveness of the functional movement screen in determining injury risk in tactical occupations.,REVIEW_REQUIRED,HOLD_EDITORIAL,13,4,5,3,1,PMC_AVAILABLE,https://pmc.ncbi.nlm.nih.gov/articles/PMC6685800/,Journal Article | Meta-Analysis,A,NO,NO,NO,,NO,"Title/abstract screening alone does not establish effectiveness, causality, methodological quality, transferability to Brazilian public safety or an institutional recommendation."
EV-0540,37952191,KXHMGT9N,10.1093/milmed/usad431,"Nasal Decolonization in Congregant Settings: Reducing Infection Spread, Cutting Costs, and Improving Operational Readiness.",REVIEW_REQUIRED,HOLD_EDITORIAL,13,2,9,1,1,DISCOVERY_REQUIRED,https://doi.org/10.1093/milmed/usad431,Journal Article,A,NO,NO,NO,,NO,"Title/abstract screening alone does not establish effectiveness, causality, methodological quality, transferability to Brazilian public safety or an institutional recommendation."
EV-0325,40299918,HNGGU78Y,10.1371/journal.pone.0321223,Salivary biomarkers of tactical athlete readiness: A systematic review.,REVIEW_REQUIRED,HOLD_EDITORIAL,13,4,5,3,1,PMC_AVAILABLE,https://pmc.ncbi.nlm.nih.gov/articles/PMC12040155/,Journal Article | Systematic Review,A,NO,NO,NO,,NO,"Title/abstract screening alone does not establish effectiveness, causality, methodological quality, transferability to Brazilian public safety or an institutional recommendation."
EV-0128,41908109,BNNMXLW6,10.3389/fpsyt.2026.1757232,Innovating military suicide prevention: learnings from the Australian Defence SafeSide Project.,REVIEW_REQUIRED,HOLD_EDITORIAL,13,4,7,1,1,PMC_AVAILABLE,https://pmc.ncbi.nlm.nih.gov/articles/PMC13021891/,Journal Article,C,NO,NO,NO,,NO,"Title/abstract screening alone does not establish effectiveness, causality, methodological quality, transferability to Brazilian public safety or an institutional recommendation."
EV-0860,32908996,XHQD4258,10.1101/2020.08.31.20185140,COVID-19 Myocardial Pathology Evaluated Through scrEening Cardiac Magnetic Resonance (COMPETE CMR).,REVIEW_REQUIRED,HOLD_EDITORIAL,11,4,5,1,1,PMC_AVAILABLE,https://pmc.ncbi.nlm.nih.gov/articles/PMC7480048/,Journal Article | Preprint,A,NO,NO,NO,,NO,"Title/abstract screening alone does not establish effectiveness, causality, methodological quality, transferability to Brazilian public safety or an institutional recommendation."
EV-0240,41040412,GT2QB4J2,10.3389/fbioe.2025.1642787,Biomechanically optimized 3D-Printed titanium prostheses with stiffener arrangement for critical femoral diaphyseal defects: early weight-bearing capacity and combat readiness validated through integrated biomechanical-FEA approach.,REVIEW_REQUIRED,HOLD_EDITORIAL,11,4,5,1,1,PMC_AVAILABLE,https://pmc.ncbi.nlm.nih.gov/articles/PMC12484202/,Journal Article,A,NO,NO,NO,,NO,"Title/abstract screening alone does not establish effectiveness, causality, methodological quality, transferability to Brazilian public safety or an institutional recommendation."
EV-0217,41220806,EUEEG7IZ,10.3389/fbioe.2025.1709142,Correction: Biomechanically optimized 3D-printed titanium prostheses with stiffener arrangement for critical femoral diaphyseal defects: early weight-bearing capacity and combat readiness validated through integrated biomechanical-FEA approach.,REVIEW_REQUIRED,HOLD_EDITORIAL,11,4,5,1,1,PMC_AVAILABLE,https://pmc.ncbi.nlm.nih.gov/articles/PMC12598967/,Published Erratum,A,NO,NO,NO,,NO,"Title/abstract screening alone does not establish effectiveness, causality, methodological quality, transferability to Brazilian public safety or an institutional recommendation."
EV-0059,42412865,UR4UXGB5,10.1371/journal.pone.0353341,Correction: Salivary biomarkers of tactical athlete readiness: A systematic review.,REVIEW_REQUIRED,HOLD_EDITORIAL,11,4,5,1,1,PMC_AVAILABLE,https://pmc.ncbi.nlm.nih.gov/articles/PMC13340793/,Published Erratum,A,NO,NO,NO,,NO,"Title/abstract screening alone does not establish effectiveness, causality, methodological quality, transferability to Brazilian public safety or an institutional recommendation."
EV-1379,15460628,Q3MG2N6N,,Caffeine restores engagement speed but not shooting precision following 22 h of active wakefulness.,REVIEW_REQUIRED,HOLD_EDITORIAL,7,0,5,1,1,DISCOVERY_REQUIRED,https://pubmed.ncbi.nlm.nih.gov/15460628/,Clinical Trial | Controlled Clinical Trial | Journal Article,A,NO,NO,NO,,NO,"Title/abstract screening alone does not establish effectiveness, causality, methodological quality, transferability to Brazilian public safety or an institutional recommendation."
