evidence_id,pmid,zotero_key,doi,title,batch,workflow_status,ai_decision_provisional,criterion,confidence,source,integrity_status,human_reviewer,human_date,human_decision,human_justification,claim_ready,what_not_allowed
EV-1397,12099092,T2WQFWIH,,A mysterious blood pressure increase in a drilling Naval reservist.,ADJ-01,PENDING_ADJUDICATION,PENDING_ADJUDICATION,"A potentially relevant concept is present, but direct applicability is ambiguous at title/abstract level.",MODERATE,https://pubmed.ncbi.nlm.nih.gov/12099092/,Verified — clear,,,,,NO,"Title/abstract information is insufficient for a substantive scientific, causal, transferability or institutional claim."
EV-1394,12319966,7QU6UJPX,,"By virtue of their occupation, soldiers and sailors are at greater risk. Special report: the military.",ADJ-01,PENDING_ADJUDICATION,PENDING_ADJUDICATION,No abstract is available in the current PubMed record; title alone is insufficient for exclusion.,LOW,https://pubmed.ncbi.nlm.nih.gov/12319966/,Verified — clear,,,,,NO,"Title/abstract information is insufficient for a substantive scientific, causal, transferability or institutional claim."
EV-1388,12775176,QMXRVI5G,,Predictors of successful physical readiness testing under the new standard: OPNAV Instruction 6110.1F.,ADJ-01,PENDING_ADJUDICATION,PENDING_ADJUDICATION,"A potentially relevant concept is present, but direct applicability is ambiguous at title/abstract level.",MODERATE,https://pubmed.ncbi.nlm.nih.gov/12775176/,Verified — clear,,,,,NO,"Title/abstract information is insufficient for a substantive scientific, causal, transferability or institutional claim."
EV-1384,14692469,4PJ3Y2Q9,,"Impact of melatonin, zaleplon, zopiclone, and temazepam on psychomotor performance.",ADJ-01,PENDING_ADJUDICATION,PENDING_ADJUDICATION,"A potentially relevant concept is present, but direct applicability is ambiguous at title/abstract level.",MODERATE,https://pubmed.ncbi.nlm.nih.gov/14692469/,Verified — clear,,,,,NO,"Title/abstract information is insufficient for a substantive scientific, causal, transferability or institutional claim."
EV-1382,15198277,E7YGM33M,,"Sleep-inducing pharmaceuticals: a comparison of melatonin, zaleplon, zopiclone, and temazepam.",ADJ-01,PENDING_ADJUDICATION,PENDING_ADJUDICATION,"A potentially relevant concept is present, but direct applicability is ambiguous at title/abstract level.",MODERATE,https://pubmed.ncbi.nlm.nih.gov/15198277/,Verified — clear,,,,,NO,"Title/abstract information is insufficient for a substantive scientific, causal, transferability or institutional claim."
EV-1453,1603373,EYDVQXT3,,An assessment of pre- and post-fitness measures in two remedial conditioning programs.,ADJ-01,PENDING_ADJUDICATION,PENDING_ADJUDICATION,"A potentially relevant concept is present, but direct applicability is ambiguous at title/abstract level.",MODERATE,https://pubmed.ncbi.nlm.nih.gov/1603373/,Verified — clear,,,,,NO,"Title/abstract information is insufficient for a substantive scientific, causal, transferability or institutional claim."
EV-1359,17517914,Q2ZR64E2,10.1177/0748730407301376,"Developing mathematical models of neurobehavioral performance for the ""real world"".",ADJ-01,PENDING_ADJUDICATION,PENDING_ADJUDICATION,"A potentially relevant concept is present, but direct applicability is ambiguous at title/abstract level.",MODERATE,https://pubmed.ncbi.nlm.nih.gov/17517914/,Verified — clear,,,,,NO,"Title/abstract information is insufficient for a substantive scientific, causal, transferability or institutional claim."
EV-1354,17901393,9WQESI5C,10.1161/strokeaha.107.186094,Implementation strategies for emergency medical services within stroke systems of care: a policy statement from the American Heart Association/American Stroke Association Expert Panel on Emergency Medical Services Systems and the Stroke Council.,ADJ-01,PENDING_ADJUDICATION,PENDING_ADJUDICATION,No abstract is available in the current PubMed record; title alone is insufficient for exclusion.,LOW,https://pubmed.ncbi.nlm.nih.gov/17901393/,Verified — clear,,,,,NO,"Title/abstract information is insufficient for a substantive scientific, causal, transferability or institutional claim."
EV-1346,18333501,5BHEXXFU,10.7205/milmed.173.2.217,Successful treatment of disabling cholinergic urticaria.,ADJ-01,PENDING_ADJUDICATION,PENDING_ADJUDICATION,"A potentially relevant concept is present, but direct applicability is ambiguous at title/abstract level.",MODERATE,https://pubmed.ncbi.nlm.nih.gov/18333501/,Verified — clear,,,,,NO,"Title/abstract information is insufficient for a substantive scientific, causal, transferability or institutional claim."
EV-1339,18816926,3ENDFC7F,10.7205/milmed.173.9.871,Referrals for alcohol use problems in an overseas military environment: description of the client population and reasons for referral.,ADJ-01,PENDING_ADJUDICATION,PENDING_ADJUDICATION,"A potentially relevant concept is present, but direct applicability is ambiguous at title/abstract level.",MODERATE,https://pubmed.ncbi.nlm.nih.gov/18816926/,Verified — clear,,,,,NO,"Title/abstract information is insufficient for a substantive scientific, causal, transferability or institutional claim."
EV-1323,20117593,ESB35NYC,10.1016/j.amepre.2009.10.004,A process to identify military injury prevention priorities based on injury type and limited duty days.,ADJ-02,PENDING_ADJUDICATION,PENDING_ADJUDICATION,"A potentially relevant concept is present, but direct applicability is ambiguous at title/abstract level.",MODERATE,https://pubmed.ncbi.nlm.nih.gov/20117593/,Verified — clear,,,,,NO,"Title/abstract information is insufficient for a substantive scientific, causal, transferability or institutional claim."
EV-1320,20389198,YPG68DJ9,10.1017/s1935789300002445,"Involvement of the US Department of Defense in Civilian Assistance, Part I: a quantitative description of the projects funded by the Overseas Humanitarian, Disaster, and Civic Aid Program.",ADJ-02,PENDING_ADJUDICATION,PENDING_ADJUDICATION,"A potentially relevant concept is present, but direct applicability is ambiguous at title/abstract level.",MODERATE,https://pubmed.ncbi.nlm.nih.gov/20389198/,Verified — clear,,,,,NO,"Title/abstract information is insufficient for a substantive scientific, causal, transferability or institutional claim."
EV-1304,21521406,G8Z4HWCH,10.1111/j.1460-9592.2011.03590.x,Lessons for pediatric anesthesia from audit and incident reporting.,ADJ-02,PENDING_ADJUDICATION,PENDING_ADJUDICATION,"A potentially relevant concept is present, but direct applicability is ambiguous at title/abstract level.",MODERATE,https://pubmed.ncbi.nlm.nih.gov/21521406/,Verified — clear,,,,,NO,"Title/abstract information is insufficient for a substantive scientific, causal, transferability or institutional claim."
EV-1293,22128653,NBPUCD4T,10.7205/milmed-d-10-00221,Recognizing asthma mimics and asthma complications.,ADJ-02,PENDING_ADJUDICATION,PENDING_ADJUDICATION,"A potentially relevant concept is present, but direct applicability is ambiguous at title/abstract level.",MODERATE,https://pubmed.ncbi.nlm.nih.gov/22128653/,Verified — clear,,,,,NO,"Title/abstract information is insufficient for a substantive scientific, causal, transferability or institutional claim."
EV-1271,23113435,NP5NFAE3,10.7205/milmed-d-12-00119,Medical stability operations--one approach to transforming the Department of Defense Military Health System.,ADJ-02,PENDING_ADJUDICATION,PENDING_ADJUDICATION,"A potentially relevant concept is present, but direct applicability is ambiguous at title/abstract level.",MODERATE,https://pubmed.ncbi.nlm.nih.gov/23113435/,Verified — clear,,,,,NO,"Title/abstract information is insufficient for a substantive scientific, causal, transferability or institutional claim."
EV-1257,23449049,V7IKEY2V,10.3113/jsoa.2013.0010,Outcomes following cervical disc arthroplasty in an active duty military population.,ADJ-02,PENDING_ADJUDICATION,PENDING_ADJUDICATION,"A potentially relevant concept is present, but direct applicability is ambiguous at title/abstract level.",MODERATE,https://pubmed.ncbi.nlm.nih.gov/23449049/,Verified — clear,,,,,NO,"Title/abstract information is insufficient for a substantive scientific, causal, transferability or institutional claim."
EV-1237,24139220,WYGUQKGJ,10.1016/j.jamcollsurg.2013.07.002,"The Hartford Consensus: THREAT, a medical disaster preparedness concept.",ADJ-02,PENDING_ADJUDICATION,PENDING_ADJUDICATION,No abstract is available in the current PubMed record; title alone is insufficient for exclusion.,LOW,https://pubmed.ncbi.nlm.nih.gov/24139220/,Verified — clear,,,,,NO,"Title/abstract information is insufficient for a substantive scientific, causal, transferability or institutional claim."
EV-1218,24631229,D3WYS6MT,10.1016/j.wem.2013.12.026,Evaluation of fluid bolus administration rates using ruggedized field intravenous systems.,ADJ-02,PENDING_ADJUDICATION,PENDING_ADJUDICATION,"A potentially relevant concept is present, but direct applicability is ambiguous at title/abstract level.",MODERATE,https://pubmed.ncbi.nlm.nih.gov/24631229/,Verified — clear,,,,,NO,"Title/abstract information is insufficient for a substantive scientific, causal, transferability or institutional claim."
EV-1214,24741471,FCLFE4JN,10.1186/2193-1801-3-126,Cultural heritage training in the US military.,ADJ-02,PENDING_ADJUDICATION,PENDING_ADJUDICATION,"A potentially relevant concept is present, but direct applicability is ambiguous at title/abstract level.",MODERATE,https://pubmed.ncbi.nlm.nih.gov/24741471/,Verified — clear,,,,,NO,"Title/abstract information is insufficient for a substantive scientific, causal, transferability or institutional claim."
EV-1206,24996853,URXUP96V,10.1016/j.jocn.2014.05.008,Outcomes following cervical disc arthroplasty: a retrospective review.,ADJ-02,PENDING_ADJUDICATION,PENDING_ADJUDICATION,"A potentially relevant concept is present, but direct applicability is ambiguous at title/abstract level.",MODERATE,https://pubmed.ncbi.nlm.nih.gov/24996853/,Verified — clear,,,,,NO,"Title/abstract information is insufficient for a substantive scientific, causal, transferability or institutional claim."
EV-1203,25029010,9B529SAF,10.1519/jsc.0000000000000628,Salivary hormone response to 12-week block-periodized training in naval special warfare operators.,ADJ-03,PENDING_ADJUDICATION,PENDING_ADJUDICATION,"A potentially relevant concept is present, but direct applicability is ambiguous at title/abstract level.",MODERATE,https://pubmed.ncbi.nlm.nih.gov/25029010/,Verified — clear,,,,,NO,"Title/abstract information is insufficient for a substantive scientific, causal, transferability or institutional claim."
EV-1197,25333679,I47E3QZP,10.1080/02640414.2014.969295,"Are the Yo-Yo intermittent recovery test levels 1 and 2 both useful? Reliability, responsiveness and interchangeability in young soccer players.",ADJ-03,PENDING_ADJUDICATION,PENDING_ADJUDICATION,"A potentially relevant concept is present, but direct applicability is ambiguous at title/abstract level.",MODERATE,https://pubmed.ncbi.nlm.nih.gov/25333679/,Verified — clear,,,,,NO,"Title/abstract information is insufficient for a substantive scientific, causal, transferability or institutional claim."
EV-1184,25643544,Q9TILZBM,,Effects of two different 5 weeks training programs on the physical fitness of military recruits.,ADJ-03,PENDING_ADJUDICATION,PENDING_ADJUDICATION,"A potentially relevant concept is present, but direct applicability is ambiguous at title/abstract level.",MODERATE,https://pubmed.ncbi.nlm.nih.gov/25643544/,Verified — clear,,,,,NO,"Title/abstract information is insufficient for a substantive scientific, causal, transferability or institutional claim."
EV-1182,25745376,UMCQTYKA,,"Toward innovative, cost-effective, and systemic solutions to improve outcomes and well-being of military families affected by autism spectrum disorder.",ADJ-03,PENDING_ADJUDICATION,PENDING_ADJUDICATION,"A potentially relevant concept is present, but direct applicability is ambiguous at title/abstract level.",MODERATE,https://pubmed.ncbi.nlm.nih.gov/25745376/,Verified — clear,,,,,NO,"Title/abstract information is insufficient for a substantive scientific, causal, transferability or institutional claim."
EV-1177,26085551,GWWDE6XL,10.1128/cmr.00039-14,Respiratory Infections in the U.S. Military: Recent Experience and Control.,ADJ-03,PENDING_ADJUDICATION,PENDING_ADJUDICATION,"A potentially relevant concept is present, but direct applicability is ambiguous at title/abstract level.",MODERATE,https://pubmed.ncbi.nlm.nih.gov/26085551/,Verified — clear,,,,,NO,"Title/abstract information is insufficient for a substantive scientific, causal, transferability or institutional claim."
EV-1170,26201507,VJAHJPIL,10.1002/jts.22028,Recent Sexual Trauma and Adverse Health and Occupational Outcomes Among U.S. Service Women.,ADJ-03,PENDING_ADJUDICATION,PENDING_ADJUDICATION,"A potentially relevant concept is present, but direct applicability is ambiguous at title/abstract level.",MODERATE,https://pubmed.ncbi.nlm.nih.gov/26201507/,Verified — clear,,,,,NO,"Title/abstract information is insufficient for a substantive scientific, causal, transferability or institutional claim."
EV-1167,26246348,U39H9QF4,10.1136/jramc-2015-000502,Deep vein thrombosis and pulmonary embolism in the military patient.,ADJ-03,PENDING_ADJUDICATION,PENDING_ADJUDICATION,"A potentially relevant concept is present, but direct applicability is ambiguous at title/abstract level.",MODERATE,https://pubmed.ncbi.nlm.nih.gov/26246348/,Verified — clear,,,,,NO,"Title/abstract information is insufficient for a substantive scientific, causal, transferability or institutional claim."
EV-1157,26506186,LTAECMC3,10.1519/jsc.0000000000001117,"Examining the Relationship Between Mental, Physical, and Organizational Factors Associated With Attrition During Maritime Forces Training.",ADJ-03,PENDING_ADJUDICATION,PENDING_ADJUDICATION,"A potentially relevant concept is present, but direct applicability is ambiguous at title/abstract level.",MODERATE,https://pubmed.ncbi.nlm.nih.gov/26506186/,Verified — clear,,,,,NO,"Title/abstract information is insufficient for a substantive scientific, causal, transferability or institutional claim."
EV-1152,26540713,T2CXHZSZ,10.7205/milmed-d-14-00702,The Occupational Impact of Single-Level Cervical Disc Arthroplasty in an Active Duty Military Population.,ADJ-03,PENDING_ADJUDICATION,PENDING_ADJUDICATION,"A potentially relevant concept is present, but direct applicability is ambiguous at title/abstract level.",MODERATE,https://pubmed.ncbi.nlm.nih.gov/26540713/,Verified — clear,,,,,NO,"Title/abstract information is insufficient for a substantive scientific, causal, transferability or institutional claim."
EV-1150,26633667,G5JBP8SU,10.7205/milmed-d-14-00467,"Relationships Between Physical Fitness, Demands of Flight Duty, and Musculoskeletal Symptoms Among Military Pilots.",ADJ-03,PENDING_ADJUDICATION,PENDING_ADJUDICATION,"A potentially relevant concept is present, but direct applicability is ambiguous at title/abstract level.",MODERATE,https://pubmed.ncbi.nlm.nih.gov/26633667/,Verified — clear,,,,,NO,"Title/abstract information is insufficient for a substantive scientific, causal, transferability or institutional claim."
EV-1139,27115044,3ZALLD99,10.4085/1062-6050-51.5.03,Osteoarthritis and the Tactical Athlete: A Systematic Review.,ADJ-04,PENDING_ADJUDICATION,PENDING_ADJUDICATION,"A potentially relevant concept is present, but direct applicability is ambiguous at title/abstract level.",MODERATE,https://pubmed.ncbi.nlm.nih.gov/27115044/,Verified — clear,,,,,NO,"Title/abstract information is insufficient for a substantive scientific, causal, transferability or institutional claim."
EV-1138,27127415,A64QBSE8,10.4137/becb.s36277,Prediction of Peaks of Seasonal Influenza in Military Health-Care Data.,ADJ-04,PENDING_ADJUDICATION,PENDING_ADJUDICATION,"A potentially relevant concept is present, but direct applicability is ambiguous at title/abstract level.",MODERATE,https://pubmed.ncbi.nlm.nih.gov/27127415/,Verified — clear,,,,,NO,"Title/abstract information is insufficient for a substantive scientific, causal, transferability or institutional claim."
EV-1123,27612377,HKSHBYHY,10.7205/milmed-d-15-00502,Mission Compromised? Drug-Induced Liver Injury From Prohormone Supplements Containing Anabolic-Androgenic Steroids in Two Deployed U.S. Service Members.,ADJ-04,PENDING_ADJUDICATION,PENDING_ADJUDICATION,"A potentially relevant concept is present, but direct applicability is ambiguous at title/abstract level.",MODERATE,https://pubmed.ncbi.nlm.nih.gov/27612377/,Verified — clear,,,,,NO,"Title/abstract information is insufficient for a substantive scientific, causal, transferability or institutional claim."
EV-1111,28068161,63AGN3QV,10.4085/1062-6050-51.12.16,Introduction to the Tactical Athlete Special Issue.,ADJ-04,PENDING_ADJUDICATION,PENDING_ADJUDICATION,No abstract is available in the current PubMed record; title alone is insufficient for exclusion.,LOW,https://pubmed.ncbi.nlm.nih.gov/28068161/,Verified — clear,,,,,NO,"Title/abstract information is insufficient for a substantive scientific, causal, transferability or institutional claim."
EV-1106,28116111,4LB9R6X8,10.1186/s40779-016-0112-3,A review of the physiological and psychological health and wellbeing of naval service personnel and the modalities used for monitoring.,ADJ-04,PENDING_ADJUDICATION,PENDING_ADJUDICATION,"A potentially relevant concept is present, but direct applicability is ambiguous at title/abstract level.",MODERATE,https://pubmed.ncbi.nlm.nih.gov/28116111/,Verified — clear,,,,,NO,"Title/abstract information is insufficient for a substantive scientific, causal, transferability or institutional claim."
EV-1104,28264792,YVAQRXR7,10.2196/resprot.6993,Enhancing mHealth Technology in the Patient-Centered Medical Home Environment to Activate Patients With Type 2 Diabetes: A Multisite Feasibility Study Protocol.,ADJ-04,PENDING_ADJUDICATION,PENDING_ADJUDICATION,"A potentially relevant concept is present, but direct applicability is ambiguous at title/abstract level.",MODERATE,https://pubmed.ncbi.nlm.nih.gov/28264792/,Verified — clear,,,,,NO,"Title/abstract information is insufficient for a substantive scientific, causal, transferability or institutional claim."
EV-1099,28290956,9ZIXW2CX,10.7205/milmed-d-16-00030,Multidisciplinary In Situ Simulation-Based Training as a Postpartum Hemorrhage Quality Improvement Project.,ADJ-04,PENDING_ADJUDICATION,PENDING_ADJUDICATION,"A potentially relevant concept is present, but direct applicability is ambiguous at title/abstract level.",MODERATE,https://pubmed.ncbi.nlm.nih.gov/28290956/,Verified — clear,,,,,NO,"Title/abstract information is insufficient for a substantive scientific, causal, transferability or institutional claim."
EV-1098,28290960,QKW7UIEF,10.7205/milmed-d-16-00085,Outcomes Following Multilevel Cervical Disc Arthroplasty in the Young Active Population.,ADJ-04,PENDING_ADJUDICATION,PENDING_ADJUDICATION,"A potentially relevant concept is present, but direct applicability is ambiguous at title/abstract level.",MODERATE,https://pubmed.ncbi.nlm.nih.gov/28290960/,Verified — clear,,,,,NO,"Title/abstract information is insufficient for a substantive scientific, causal, transferability or institutional claim."
EV-1095,28388218,SRYDPNEQ,10.1089/hs.2017.0008,The Department of Defense Chemical and Biological Defense Program: An Enabler of the Third Offset Strategy.,ADJ-04,PENDING_ADJUDICATION,PENDING_ADJUDICATION,"A potentially relevant concept is present, but direct applicability is ambiguous at title/abstract level.",MODERATE,https://pubmed.ncbi.nlm.nih.gov/28388218/,Verified — clear,,,,,NO,"Title/abstract information is insufficient for a substantive scientific, causal, transferability or institutional claim."
EV-1064,28969341,TMJQM3HZ,10.1093/nutrit/nux007,Caffeine to optimize cognitive function for military mission-readiness: a systematic review and recommendations for the field.,ADJ-04,PENDING_ADJUDICATION,PENDING_ADJUDICATION,"A potentially relevant concept is present, but direct applicability is ambiguous at title/abstract level.",MODERATE,https://pubmed.ncbi.nlm.nih.gov/28969341/,Verified — clear,,,,,NO,"Title/abstract information is insufficient for a substantive scientific, causal, transferability or institutional claim."
EV-1063,28969342,NC376JLC,10.1093/nutrit/nux008,Omega-3 polyunsaturated fatty acids to optimize cognitive function for military mission-readiness: a systematic review and recommendations for the field.,ADJ-05,PENDING_ADJUDICATION,PENDING_ADJUDICATION,"A potentially relevant concept is present, but direct applicability is ambiguous at title/abstract level.",MODERATE,https://pubmed.ncbi.nlm.nih.gov/28969342/,Verified — clear,,,,,NO,"Title/abstract information is insufficient for a substantive scientific, causal, transferability or institutional claim."
EV-1060,28969346,ZQKGU5I8,10.1093/nutrit/nux019,Priorities for implementing nutritional science into practice to optimize military performance.,ADJ-05,PENDING_ADJUDICATION,PENDING_ADJUDICATION,"A potentially relevant concept is present, but direct applicability is ambiguous at title/abstract level.",MODERATE,https://pubmed.ncbi.nlm.nih.gov/28969346/,Verified — clear,,,,,NO,"Title/abstract information is insufficient for a substantive scientific, causal, transferability or institutional claim."
EV-1054,29087880,BD8P48UZ,10.7205/milmed-d-17-00107,Perioperative Gabapentin Improves Patient-Centered Outcomes After Inguinal Hernia Repair.,ADJ-05,PENDING_ADJUDICATION,PENDING_ADJUDICATION,"A potentially relevant concept is present, but direct applicability is ambiguous at title/abstract level.",MODERATE,https://pubmed.ncbi.nlm.nih.gov/29087880/,Verified — clear,,,,,NO,"Title/abstract information is insufficient for a substantive scientific, causal, transferability or institutional claim."
EV-1025,29635539,UIVSG4B5,10.1093/milmed/usy051,The Initial Impact of Tele-Critical Care on the Surgical Services of a Community Military Hospital.,ADJ-05,PENDING_ADJUDICATION,PENDING_ADJUDICATION,"A potentially relevant concept is present, but direct applicability is ambiguous at title/abstract level.",MODERATE,https://pubmed.ncbi.nlm.nih.gov/29635539/,Verified — clear,,,,,NO,"Title/abstract information is insufficient for a substantive scientific, causal, transferability or institutional claim."
EV-1021,29704778,HLW85WWN,10.1016/j.evalprogplan.2018.03.008,Lessons learned: Evaluating the program fidelity of UNWomen Partnership for Peace domestic violence diversion program in the Eastern Caribbean.,ADJ-05,PENDING_ADJUDICATION,PENDING_ADJUDICATION,"A potentially relevant concept is present, but direct applicability is ambiguous at title/abstract level.",MODERATE,https://pubmed.ncbi.nlm.nih.gov/29704778/,Verified — clear,,,,,NO,"Title/abstract information is insufficient for a substantive scientific, causal, transferability or institutional claim."
EV-1017,29889960,XS8U4T9B,10.55460/vz0q-y41s,Optimizing Tactical Medical Performance: The Effect of Light Hue on Vision Testing.,ADJ-05,PENDING_ADJUDICATION,PENDING_ADJUDICATION,"A potentially relevant concept is present, but direct applicability is ambiguous at title/abstract level.",MODERATE,https://pubmed.ncbi.nlm.nih.gov/29889960/,Verified — clear,,,,,NO,"Title/abstract information is insufficient for a substantive scientific, causal, transferability or institutional claim."
EV-1007,30281097,ZZIFKD37,10.1093/fampra/cmy078,Caring for veterans in US civilian primary care: qualitative interviews with primary care providers.,ADJ-05,PENDING_ADJUDICATION,PENDING_ADJUDICATION,"A potentially relevant concept is present, but direct applicability is ambiguous at title/abstract level.",MODERATE,https://pubmed.ncbi.nlm.nih.gov/30281097/,Verified — clear,,,,,NO,"Title/abstract information is insufficient for a substantive scientific, causal, transferability or institutional claim."
EV-1002,30371877,3PYTBTMY,10.1093/milmed/usy269,Operational Readiness: Redesigning Advanced Practice Registered Nurse (APRN) Curriculum for an Evolving Battlefield.,ADJ-05,PENDING_ADJUDICATION,PENDING_ADJUDICATION,"A potentially relevant concept is present, but direct applicability is ambiguous at title/abstract level.",MODERATE,https://pubmed.ncbi.nlm.nih.gov/30371877/,Verified — clear,,,,,NO,"Title/abstract information is insufficient for a substantive scientific, causal, transferability or institutional claim."
EV-0995,30516340,S2TUKHZ6,10.1111/wvn.12336,Confronting Challenges in Reducing Heart Failure 30-Day Readmissions: Lessons Learned With Implications for Evidence-Based Practice.,ADJ-05,PENDING_ADJUDICATION,PENDING_ADJUDICATION,"A potentially relevant concept is present, but direct applicability is ambiguous at title/abstract level.",MODERATE,https://pubmed.ncbi.nlm.nih.gov/30516340/,Verified — clear,,,,,NO,"Title/abstract information is insufficient for a substantive scientific, causal, transferability or institutional claim."
EV-0992,30594314,66ZEHYUD,10.1016/j.injury.2018.12.012,Specific stretchers enhance rapid extraction by tactical medical support teams in mass casualty incidents.,ADJ-05,PENDING_ADJUDICATION,PENDING_ADJUDICATION,"A potentially relevant concept is present, but direct applicability is ambiguous at title/abstract level.",MODERATE,https://pubmed.ncbi.nlm.nih.gov/30594314/,Verified — clear,,,,,NO,"Title/abstract information is insufficient for a substantive scientific, causal, transferability or institutional claim."
EV-0991,30609244,S2WLG7N2,10.1002/msc.1378,Risk of post-traumatic knee osteoarthritis after knee injury in military service members.,ADJ-06,PENDING_ADJUDICATION,PENDING_ADJUDICATION,"A potentially relevant concept is present, but direct applicability is ambiguous at title/abstract level.",MODERATE,https://pubmed.ncbi.nlm.nih.gov/30609244/,Verified — clear,,,,,NO,"Title/abstract information is insufficient for a substantive scientific, causal, transferability or institutional claim."
EV-0985,30811361,ZGMRT6M8,10.1097/corr.0000000000000487,Do Spatiotemporal Gait Parameters Improve After Pilon Fracture in Patients Who Use the Intrepid Dynamic Exoskeletal Orthosis?,ADJ-06,PENDING_ADJUDICATION,PENDING_ADJUDICATION,"A potentially relevant concept is present, but direct applicability is ambiguous at title/abstract level.",MODERATE,https://pubmed.ncbi.nlm.nih.gov/30811361/,Verified — clear,,,,,NO,"Title/abstract information is insufficient for a substantive scientific, causal, transferability or institutional claim."
EV-0963,31004169,6HRHWREF,10.1093/milmed/usz073,An Editorial Review of Mobile Health: Implications for the US Military Health System.,ADJ-06,PENDING_ADJUDICATION,PENDING_ADJUDICATION,"A potentially relevant concept is present, but direct applicability is ambiguous at title/abstract level.",MODERATE,https://pubmed.ncbi.nlm.nih.gov/31004169/,Verified — clear,,,,,NO,"Title/abstract information is insufficient for a substantive scientific, causal, transferability or institutional claim."
EV-0958,31125075,LJ7UCN4B,10.1093/milmed/usz124,Not Just Hocus POCUS: Implementation of a Point of Care Ultrasound Curriculum for Internal Medicine Trainees at a Large Residency Program.,ADJ-06,PENDING_ADJUDICATION,PENDING_ADJUDICATION,"A potentially relevant concept is present, but direct applicability is ambiguous at title/abstract level.",MODERATE,https://pubmed.ncbi.nlm.nih.gov/31125075/,Verified — clear,,,,,NO,"Title/abstract information is insufficient for a substantive scientific, causal, transferability or institutional claim."
EV-0957,31132108,7D3W5SWB,10.1093/milmed/usz079,Survey of Sexual Function and Pornography.,ADJ-06,PENDING_ADJUDICATION,PENDING_ADJUDICATION,"A potentially relevant concept is present, but direct applicability is ambiguous at title/abstract level.",MODERATE,https://pubmed.ncbi.nlm.nih.gov/31132108/,Verified — clear,,,,,NO,"Title/abstract information is insufficient for a substantive scientific, causal, transferability or institutional claim."
EV-0929,31592871,AIWG9M8K,10.1097/jxx.0000000000000285,"Finding the evidence: Screening of Military Family Research, 2014-2017.",ADJ-06,PENDING_ADJUDICATION,PENDING_ADJUDICATION,"A potentially relevant concept is present, but direct applicability is ambiguous at title/abstract level.",MODERATE,https://pubmed.ncbi.nlm.nih.gov/31592871/,Verified — clear,,,,,NO,"Title/abstract information is insufficient for a substantive scientific, causal, transferability or institutional claim."
EV-0918,31863095,TSUVFEWZ,10.1093/milmed/usz382,Analysis of Factors and Conditions Influencing Military Neurosurgery Recruitment and Retention.,ADJ-06,PENDING_ADJUDICATION,PENDING_ADJUDICATION,"A potentially relevant concept is present, but direct applicability is ambiguous at title/abstract level.",MODERATE,https://pubmed.ncbi.nlm.nih.gov/31863095/,Verified — clear,,,,,NO,"Title/abstract information is insufficient for a substantive scientific, causal, transferability or institutional claim."
EV-0910,31961334,NGZTFZR4,10.2196/14996,Videoconferencing Psychotherapy in the Public Sector: Synthesis and Model for Implementation.,ADJ-06,PENDING_ADJUDICATION,PENDING_ADJUDICATION,"A potentially relevant concept is present, but direct applicability is ambiguous at title/abstract level.",MODERATE,https://pubmed.ncbi.nlm.nih.gov/31961334/,Verified — clear,,,,,NO,"Title/abstract information is insufficient for a substantive scientific, causal, transferability or institutional claim."
EV-0905,32074300,N5KVRFZM,10.1093/milmed/usz209,The Joint Emergency Medicine Exercise: A Capstone Training Evolution of a Military Unique Curriculum for Emergency Medicine Residents.,ADJ-06,PENDING_ADJUDICATION,PENDING_ADJUDICATION,"A potentially relevant concept is present, but direct applicability is ambiguous at title/abstract level.",MODERATE,https://pubmed.ncbi.nlm.nih.gov/32074300/,Verified — clear,,,,,NO,"Title/abstract information is insufficient for a substantive scientific, causal, transferability or institutional claim."
EV-0903,32074307,TKNPHTYU,10.1093/milmed/usz318,Considerations for Development of Exposure Limits for Chemicals Encountered During Aircraft Operation.,ADJ-06,PENDING_ADJUDICATION,PENDING_ADJUDICATION,"A potentially relevant concept is present, but direct applicability is ambiguous at title/abstract level.",MODERATE,https://pubmed.ncbi.nlm.nih.gov/32074307/,Verified — clear,,,,,NO,"Title/abstract information is insufficient for a substantive scientific, causal, transferability or institutional claim."
EV-0891,32206880,9CAJV87H,10.1007/s00068-020-01347-8,Emergency response to terrorist attacks: results of the federal-conducted evaluation process in Germany.,ADJ-07,PENDING_ADJUDICATION,PENDING_ADJUDICATION,"A potentially relevant concept is present, but direct applicability is ambiguous at title/abstract level.",MODERATE,https://pubmed.ncbi.nlm.nih.gov/32206880/,Verified — clear,,,,,NO,"Title/abstract information is insufficient for a substantive scientific, causal, transferability or institutional claim."
EV-0887,32314646,KL6VLJGY,10.1177/2325958220919276,"Perceived Need and Acceptability of a Community-Based Peer Navigator Model to Engage Key Populations in HIV Care in Tijuana, Mexico.",ADJ-07,PENDING_ADJUDICATION,PENDING_ADJUDICATION,"A potentially relevant concept is present, but direct applicability is ambiguous at title/abstract level.",MODERATE,https://pubmed.ncbi.nlm.nih.gov/32314646/,Verified — clear,,,,,NO,"Title/abstract information is insufficient for a substantive scientific, causal, transferability or institutional claim."
EV-0885,32330670,X2UUKUML,10.1016/j.cct.2020.106008,Targeted Assessment and Context-Tailored Implementation of Change Strategies (TACTICS) to increase evidence based psychotherapy in military behavioral health clinics: Design of a cluster-randomized stepped-wedge implementation study.,ADJ-07,PENDING_ADJUDICATION,PENDING_ADJUDICATION,"A potentially relevant concept is present, but direct applicability is ambiguous at title/abstract level.",MODERATE,https://pubmed.ncbi.nlm.nih.gov/32330670/,Verified — clear,,,,,NO,"Title/abstract information is insufficient for a substantive scientific, causal, transferability or institutional claim."
EV-0883,32373933,ELULCBIG,10.1093/milmed/usaa012,Correct Diabetes Diagnosis and Treatment Allows Sailor to Remain on Active Duty.,ADJ-07,PENDING_ADJUDICATION,PENDING_ADJUDICATION,"A potentially relevant concept is present, but direct applicability is ambiguous at title/abstract level.",MODERATE,https://pubmed.ncbi.nlm.nih.gov/32373933/,Verified — clear,,,,,NO,"Title/abstract information is insufficient for a substantive scientific, causal, transferability or institutional claim."
EV-0874,32585995,N44XG434,10.3390/nu12061876,Evaluating Nutrient Intake of Career Firefighters Compared to Military Dietary Reference Intakes.,ADJ-07,PENDING_ADJUDICATION,PENDING_ADJUDICATION,"A potentially relevant concept is present, but direct applicability is ambiguous at title/abstract level.",MODERATE,https://pubmed.ncbi.nlm.nih.gov/32585995/,Verified — clear,,,,,NO,"Title/abstract information is insufficient for a substantive scientific, causal, transferability or institutional claim."
EV-0873,32588761,R6CQJPGK,10.1080/00140139.2020.1778096,Minimalist style boot improves running but not walking economy in trained men.,ADJ-07,PENDING_ADJUDICATION,PENDING_ADJUDICATION,"A potentially relevant concept is present, but direct applicability is ambiguous at title/abstract level.",MODERATE,https://pubmed.ncbi.nlm.nih.gov/32588761/,Verified — clear,,,,,NO,"Title/abstract information is insufficient for a substantive scientific, causal, transferability or institutional claim."
EV-0868,32699887,D5F6SGAD,10.1093/milmed/usaa184,MHS Genesis Implementation: Strategies in Support of Successful EHR Conversion.,ADJ-07,PENDING_ADJUDICATION,PENDING_ADJUDICATION,"A potentially relevant concept is present, but direct applicability is ambiguous at title/abstract level.",MODERATE,https://pubmed.ncbi.nlm.nih.gov/32699887/,Verified — clear,,,,,NO,"Title/abstract information is insufficient for a substantive scientific, causal, transferability or institutional claim."
EV-0866,32754007,CRV83QII,10.1016/j.jveb.2020.05.011,Qualitative and quantitative computed tomographic characteristics of the lumbosacral spine in German Shepherd military working dogs with versus without lumbosacral pain.,ADJ-07,PENDING_ADJUDICATION,PENDING_ADJUDICATION,"A potentially relevant concept is present, but direct applicability is ambiguous at title/abstract level.",MODERATE,https://pubmed.ncbi.nlm.nih.gov/32754007/,Verified — clear,,,,,NO,"Title/abstract information is insufficient for a substantive scientific, causal, transferability or institutional claim."
EV-0864,32851193,2EX3LEPT,10.1177/2382120520948878,A Faculty Development Model for Academic Leadership Education Across A Health Care Organization.,ADJ-07,PENDING_ADJUDICATION,PENDING_ADJUDICATION,"A potentially relevant concept is present, but direct applicability is ambiguous at title/abstract level.",MODERATE,https://pubmed.ncbi.nlm.nih.gov/32851193/,Verified — clear,,,,,NO,"Title/abstract information is insufficient for a substantive scientific, causal, transferability or institutional claim."
EV-0861,32897320,CYB48M7C,10.1093/milmed/usaa207,Standardizing Postoperative Rehabilitation Protocols for the Tri-Service: A Consensus Meeting Hosted by the Musculoskeletal Injury Rehabilitation Research for Operational Readiness Organization.,ADJ-07,PENDING_ADJUDICATION,PENDING_ADJUDICATION,No abstract is available in the current PubMed record; title alone is insufficient for exclusion.,LOW,https://pubmed.ncbi.nlm.nih.gov/32897320/,Verified — clear,,,,,NO,"Title/abstract information is insufficient for a substantive scientific, causal, transferability or institutional claim."
EV-0858,32956724,86HGY3TE,10.1016/j.resuscitation.2020.09.023,First responder cardiac health amid the COVID-19 pandemic.,ADJ-08,PENDING_ADJUDICATION,PENDING_ADJUDICATION,No abstract is available in the current PubMed record; title alone is insufficient for exclusion.,LOW,https://pubmed.ncbi.nlm.nih.gov/32956724/,Verified — clear,,,,,NO,"Title/abstract information is insufficient for a substantive scientific, causal, transferability or institutional claim."
EV-0844,33138683,HZ2A3WQT,10.1089/neu.2020.7405,Development of a Blast Exposure Estimator from a Department of Defense-Wide Survey Study on Military Service Members.,ADJ-08,PENDING_ADJUDICATION,PENDING_ADJUDICATION,"A potentially relevant concept is present, but direct applicability is ambiguous at title/abstract level.",MODERATE,https://pubmed.ncbi.nlm.nih.gov/33138683/,Verified — clear,,,,,NO,"Title/abstract information is insufficient for a substantive scientific, causal, transferability or institutional claim."
EV-0843,33138938,VBYXABIZ,10.1016/j.jamda.2020.09.003,Pandemic Care Through Collaboration: Lessons From a COVID-19 Field Hospital.,ADJ-08,PENDING_ADJUDICATION,PENDING_ADJUDICATION,"A potentially relevant concept is present, but direct applicability is ambiguous at title/abstract level.",MODERATE,https://pubmed.ncbi.nlm.nih.gov/33138938/,Verified — clear,,,,,NO,"Title/abstract information is insufficient for a substantive scientific, causal, transferability or institutional claim."
EV-0842,33145681,P9R5MGVU,10.1007/s11606-020-06260-9,A Research Agenda for Advancing Strategies to Improve Opioid Safety: Findings from a VHA State of the Art Conference.,ADJ-08,PENDING_ADJUDICATION,PENDING_ADJUDICATION,"A potentially relevant concept is present, but direct applicability is ambiguous at title/abstract level.",MODERATE,https://pubmed.ncbi.nlm.nih.gov/33145681/,Verified — clear,,,,,NO,"Title/abstract information is insufficient for a substantive scientific, causal, transferability or institutional claim."
EV-0840,33177148,U635IUH9,10.1136/bmjmilitary-2020-001642,Coping with COVID-19 in United Nations peacekeeping field hospitals: increased workload and mental stress for military healthcare providers.,ADJ-08,PENDING_ADJUDICATION,PENDING_ADJUDICATION,"A potentially relevant concept is present, but direct applicability is ambiguous at title/abstract level.",MODERATE,https://pubmed.ncbi.nlm.nih.gov/33177148/,Verified — clear,,,,,NO,"Title/abstract information is insufficient for a substantive scientific, causal, transferability or institutional claim."
EV-0838,33221142,4KRFXYR7,10.1016/j.amepre.2020.08.009,Effects of a Community-Level Intervention on Alcohol-Related Motor Vehicle Crashes in California Cities: A Randomized Trial.,ADJ-08,PENDING_ADJUDICATION,PENDING_ADJUDICATION,"A potentially relevant concept is present, but direct applicability is ambiguous at title/abstract level.",MODERATE,https://pubmed.ncbi.nlm.nih.gov/33221142/,Verified — clear,,,,,NO,"Title/abstract information is insufficient for a substantive scientific, causal, transferability or institutional claim."
EV-0835,33291711,625LDW2M,10.3390/ijerph17239064,Can Physiological and Psychological Factors Predict Dropout from Intense 10-Day Winter Military Survival Training?,ADJ-08,PENDING_ADJUDICATION,PENDING_ADJUDICATION,"A potentially relevant concept is present, but direct applicability is ambiguous at title/abstract level.",MODERATE,https://pubmed.ncbi.nlm.nih.gov/33291711/,Verified — clear,,,,,NO,"Title/abstract information is insufficient for a substantive scientific, causal, transferability or institutional claim."
EV-0832,33313735,JT4S2PB5,10.1093/pm/pnaa367,Resolving the Burden of Low Back Pain in Military Service Members and Veterans (RESOLVE): Protocol for a Multisite Pragmatic Clinical Trial.,ADJ-08,REVIEW_REQUIRED,PENDING_ADJUDICATION,"A potentially relevant concept is present, but direct applicability is ambiguous at title/abstract level.",MODERATE,https://pubmed.ncbi.nlm.nih.gov/33313735/,Pending,,,,,NO,"Title/abstract information is insufficient for a substantive scientific, causal, transferability or institutional claim."
EV-0830,33326571,B6ERSNAG,10.1093/milmed/usaa543,Trends in Surgical Volume in the Military Health System-A Potential Threat to Mission Readiness.,ADJ-08,PENDING_ADJUDICATION,PENDING_ADJUDICATION,"A potentially relevant concept is present, but direct applicability is ambiguous at title/abstract level.",MODERATE,https://pubmed.ncbi.nlm.nih.gov/33326571/,Verified — clear,,,,,NO,"Title/abstract information is insufficient for a substantive scientific, causal, transferability or institutional claim."
EV-0824,33430955,BQ6JKH2X,10.1186/s13063-020-04974-z,Enhancing behavioral sleep care with digital technology: study protocol for a hybrid type 3 implementation-effectiveness randomized trial.,ADJ-08,PENDING_ADJUDICATION,PENDING_ADJUDICATION,"A potentially relevant concept is present, but direct applicability is ambiguous at title/abstract level.",MODERATE,https://pubmed.ncbi.nlm.nih.gov/33430955/,Verified — clear,,,,,NO,"Title/abstract information is insufficient for a substantive scientific, causal, transferability or institutional claim."
EV-0822,33487516,LTGBQXUC,10.1016/j.jsat.2021.108277,Stepped-wedge randomized controlled trial of a novel opioid court to improve identification of need and linkage to medications for opioid use disorder treatment for court-involved adults.,ADJ-09,PENDING_ADJUDICATION,PENDING_ADJUDICATION,"A potentially relevant concept is present, but direct applicability is ambiguous at title/abstract level.",MODERATE,https://pubmed.ncbi.nlm.nih.gov/33487516/,Verified — clear,,,,,NO,"Title/abstract information is insufficient for a substantive scientific, causal, transferability or institutional claim."
EV-0818,33499503,LHH6DEWB,10.1093/milmed/usaa381,Modeling the Potential Impact of Norovirus Vaccination Among DoD Forces.,ADJ-09,PENDING_ADJUDICATION,PENDING_ADJUDICATION,"A potentially relevant concept is present, but direct applicability is ambiguous at title/abstract level.",MODERATE,https://pubmed.ncbi.nlm.nih.gov/33499503/,Verified — clear,,,,,NO,"Title/abstract information is insufficient for a substantive scientific, causal, transferability or institutional claim."
EV-0814,33567956,FYUIPVLV,10.1177/0306624x21994065,Addressing Military Sexual Violence by Proposing a Social Media Influencer Model.,ADJ-09,PENDING_ADJUDICATION,PENDING_ADJUDICATION,"A potentially relevant concept is present, but direct applicability is ambiguous at title/abstract level.",MODERATE,https://pubmed.ncbi.nlm.nih.gov/33567956/,Verified — clear,,,,,NO,"Title/abstract information is insufficient for a substantive scientific, causal, transferability or institutional claim."
EV-0811,33591318,RDJ3WSB9,10.1093/milmed/usab059,Shoulder Pain of Spinal Source in the Military: A Case Series.,ADJ-09,PENDING_ADJUDICATION,PENDING_ADJUDICATION,"A potentially relevant concept is present, but direct applicability is ambiguous at title/abstract level.",MODERATE,https://pubmed.ncbi.nlm.nih.gov/33591318/,Verified — clear,,,,,NO,"Title/abstract information is insufficient for a substantive scientific, causal, transferability or institutional claim."
EV-0804,33707156,ACDDMGDM,10.1016/j.jsams.2021.02.016,Sex and occupation are salient factors associated with lateral ankle sprain risk in military tactical athletes.,ADJ-09,PENDING_ADJUDICATION,PENDING_ADJUDICATION,"A potentially relevant concept is present, but direct applicability is ambiguous at title/abstract level.",MODERATE,https://pubmed.ncbi.nlm.nih.gov/33707156/,Verified — clear,,,,,NO,"Title/abstract information is insufficient for a substantive scientific, causal, transferability or institutional claim."
EV-0793,33878023,RLIENIAH,10.2196/26573,An App-Based Intervention to Support First Responders and Essential Workers During the COVID-19 Pandemic: Needs Assessment and Mixed Methods Implementation Study.,ADJ-09,PENDING_ADJUDICATION,PENDING_ADJUDICATION,"A potentially relevant concept is present, but direct applicability is ambiguous at title/abstract level.",MODERATE,https://pubmed.ncbi.nlm.nih.gov/33878023/,Verified — clear,,,,,NO,"Title/abstract information is insufficient for a substantive scientific, causal, transferability or institutional claim."
EV-0792,33899971,PKR4J76L,10.1111/sms.13975,Intra-individual differences in the effect of endurance versus resistance training on vascular function: A cross-over study.,ADJ-09,PENDING_ADJUDICATION,PENDING_ADJUDICATION,"A potentially relevant concept is present, but direct applicability is ambiguous at title/abstract level.",MODERATE,https://pubmed.ncbi.nlm.nih.gov/33899971/,Verified — clear,,,,,NO,"Title/abstract information is insufficient for a substantive scientific, causal, transferability or institutional claim."
EV-0788,33924715,TUYR83QU,10.3390/ijerph18084126,Athletes' Self-Assessment of Urine Color Using Two Color Charts to Determine Urine Concentration.,ADJ-09,PENDING_ADJUDICATION,PENDING_ADJUDICATION,"A potentially relevant concept is present, but direct applicability is ambiguous at title/abstract level.",MODERATE,https://pubmed.ncbi.nlm.nih.gov/33924715/,Verified — clear,,,,,NO,"Title/abstract information is insufficient for a substantive scientific, causal, transferability or institutional claim."
EV-0777,34226934,L9M6JF4Y,10.1093/milmed/usab257,Evaluating Team Characteristics for Health Engagements in Three Countries in Central America: 2012-2017.,ADJ-09,PENDING_ADJUDICATION,PENDING_ADJUDICATION,"A potentially relevant concept is present, but direct applicability is ambiguous at title/abstract level.",MODERATE,https://pubmed.ncbi.nlm.nih.gov/34226934/,Verified — clear,,,,,NO,"Title/abstract information is insufficient for a substantive scientific, causal, transferability or institutional claim."
EV-0767,34447930,8LNVSBBS,10.3389/fspor.2021.703982,Head and Body Dyskinesia During Gait in Tactical Athletes With Vestibular Deficit Following Concussion.,ADJ-09,PENDING_ADJUDICATION,PENDING_ADJUDICATION,"A potentially relevant concept is present, but direct applicability is ambiguous at title/abstract level.",MODERATE,https://pubmed.ncbi.nlm.nih.gov/34447930/,Verified — clear,,,,,NO,"Title/abstract information is insufficient for a substantive scientific, causal, transferability or institutional claim."
EV-0765,34454706,PW4JDJU9,10.1016/j.whi.2020.05.005,"A Scoping Review of Pregnancy, Childbirth, and the Postpartum Period in Active Duty U.S. Military Women.",ADJ-10,PENDING_ADJUDICATION,PENDING_ADJUDICATION,"A potentially relevant concept is present, but direct applicability is ambiguous at title/abstract level.",MODERATE,https://pubmed.ncbi.nlm.nih.gov/34454706/,Verified — clear,,,,,NO,"Title/abstract information is insufficient for a substantive scientific, causal, transferability or institutional claim."
EV-0756,34631252,ZNT9QUCE,10.26603/001c.27912,Fractures and Chronic Recurrence are Commonly Associated with Ankle Sprains: a 5-year Population-level Cohort of Patients Seen in the U.S. Military Health System.,ADJ-10,PENDING_ADJUDICATION,PENDING_ADJUDICATION,"A potentially relevant concept is present, but direct applicability is ambiguous at title/abstract level.",MODERATE,https://pubmed.ncbi.nlm.nih.gov/34631252/,Verified — clear,,,,,NO,"Title/abstract information is insufficient for a substantive scientific, causal, transferability or institutional claim."
EV-0755,34639390,3N8PIC4T,10.3390/ijerph181910090,Effects of Maximal Effort Running on Special Agents' Loaded and Unloaded Drop Jump Performance and Mechanics.,ADJ-10,PENDING_ADJUDICATION,PENDING_ADJUDICATION,"A potentially relevant concept is present, but direct applicability is ambiguous at title/abstract level.",MODERATE,https://pubmed.ncbi.nlm.nih.gov/34639390/,Verified — clear,,,,,NO,"Title/abstract information is insufficient for a substantive scientific, causal, transferability or institutional claim."
EV-0751,34714919,ZZCT6NBG,,Prosthodontic and Endodontic Considerations for Treatment of Military Working Dogs.,ADJ-10,PENDING_ADJUDICATION,PENDING_ADJUDICATION,"A potentially relevant concept is present, but direct applicability is ambiguous at title/abstract level.",MODERATE,https://pubmed.ncbi.nlm.nih.gov/34714919/,Verified — clear,,,,,NO,"Title/abstract information is insufficient for a substantive scientific, causal, transferability or institutional claim."
EV-0750,34733069,63BMJC9C,10.12788/fp.0192,Operational Curriculum and Research Initiatives: Shaping the Future of Military Medicine.,ADJ-10,PENDING_ADJUDICATION,PENDING_ADJUDICATION,"A potentially relevant concept is present, but direct applicability is ambiguous at title/abstract level.",MODERATE,https://pubmed.ncbi.nlm.nih.gov/34733069/,Verified — clear,,,,,NO,"Title/abstract information is insufficient for a substantive scientific, causal, transferability or institutional claim."
EV-0738,34962279,LTQ4U9EW,10.1093/milmed/usab494,Challenges With Engaging Military Stakeholders for Clinical Research at the Point of Care in the U.S. Military Health System.,ADJ-10,PENDING_ADJUDICATION,PENDING_ADJUDICATION,"A potentially relevant concept is present, but direct applicability is ambiguous at title/abstract level.",MODERATE,https://pubmed.ncbi.nlm.nih.gov/34962279/,Verified — clear,,,,,NO,"Title/abstract information is insufficient for a substantive scientific, causal, transferability or institutional claim."
EV-0726,35089344,XDWGRPDM,10.1093/milmed/usac006,"Active Duty Service Members, Primary Managers, and Administrators' Perspectives on a Novel Sleep Telehealth Management Platform in the U.S. Military Healthcare System.",ADJ-10,PENDING_ADJUDICATION,PENDING_ADJUDICATION,"A potentially relevant concept is present, but direct applicability is ambiguous at title/abstract level.",MODERATE,https://pubmed.ncbi.nlm.nih.gov/35089344/,Verified — clear,,,,,NO,"Title/abstract information is insufficient for a substantive scientific, causal, transferability or institutional claim."
EV-0724,35104342,YGQ38CYJ,10.1093/milmed/usac018,HIV Prevention Research With U.S. Military Service Members: A Systematic Review.,ADJ-10,PENDING_ADJUDICATION,PENDING_ADJUDICATION,"A potentially relevant concept is present, but direct applicability is ambiguous at title/abstract level.",MODERATE,https://pubmed.ncbi.nlm.nih.gov/35104342/,Verified — clear,,,,,NO,"Title/abstract information is insufficient for a substantive scientific, causal, transferability or institutional claim."
EV-0720,35175998,J6E6PFAZ,10.1097/jfn.0000000000000369,Examining the Implementation of the National Protocol for Sexual Assault Medical Forensic Examinations.,ADJ-10,PENDING_ADJUDICATION,PENDING_ADJUDICATION,"A potentially relevant concept is present, but direct applicability is ambiguous at title/abstract level.",MODERATE,https://pubmed.ncbi.nlm.nih.gov/35175998/,Verified — clear,,,,,NO,"Title/abstract information is insufficient for a substantive scientific, causal, transferability or institutional claim."
EV-0717,35202061,J4Z858NU,10.3390/sports10020022,Tactical Masters Athletes: BMI Index Classifications.,ADJ-10,PENDING_ADJUDICATION,PENDING_ADJUDICATION,"A potentially relevant concept is present, but direct applicability is ambiguous at title/abstract level.",MODERATE,https://pubmed.ncbi.nlm.nih.gov/35202061/,Verified — clear,,,,,NO,"Title/abstract information is insufficient for a substantive scientific, causal, transferability or institutional claim."
EV-0715,35253885,7B73X4RJ,10.1093/milmed/usac039,Selective Androgen Receptor Modulator-Induced Liver Injury in Active Duty Male.,ADJ-11,PENDING_ADJUDICATION,PENDING_ADJUDICATION,"A potentially relevant concept is present, but direct applicability is ambiguous at title/abstract level.",MODERATE,https://pubmed.ncbi.nlm.nih.gov/35253885/,Verified — clear,,,,,NO,"Title/abstract information is insufficient for a substantive scientific, causal, transferability or institutional claim."
EV-0712,35262696,8I9T6GKY,10.1093/milmed/usac045,Multi-disciplinary Leadership to Mitigate COVID-19 in an Austere West African Military Environment.,ADJ-11,PENDING_ADJUDICATION,PENDING_ADJUDICATION,"A potentially relevant concept is present, but direct applicability is ambiguous at title/abstract level.",MODERATE,https://pubmed.ncbi.nlm.nih.gov/35262696/,Verified — clear,,,,,NO,"Title/abstract information is insufficient for a substantive scientific, causal, transferability or institutional claim."
EV-0707,35348745,N3DL2WXI,10.1093/milmed/usac077,A Hierarchy of Medical Countermeasures Against Biological Threats.,ADJ-11,PENDING_ADJUDICATION,PENDING_ADJUDICATION,"A potentially relevant concept is present, but direct applicability is ambiguous at title/abstract level.",MODERATE,https://pubmed.ncbi.nlm.nih.gov/35348745/,Verified — clear,,,,,NO,"Title/abstract information is insufficient for a substantive scientific, causal, transferability or institutional claim."
EV-0701,35431207,4ZGARAIP,10.3233/wor-205314,Examining the effects of a weighted pack on functional movements in smokejumpers.,ADJ-11,PENDING_ADJUDICATION,PENDING_ADJUDICATION,"A potentially relevant concept is present, but direct applicability is ambiguous at title/abstract level.",MODERATE,https://pubmed.ncbi.nlm.nih.gov/35431207/,Verified — clear,,,,,NO,"Title/abstract information is insufficient for a substantive scientific, causal, transferability or institutional claim."
EV-0690,35640040,HJS7GERM,10.1093/milmed/usac147,Shiitake Dermatitis and Potential Implications for Military Readiness.,ADJ-11,PENDING_ADJUDICATION,PENDING_ADJUDICATION,"A potentially relevant concept is present, but direct applicability is ambiguous at title/abstract level.",MODERATE,https://pubmed.ncbi.nlm.nih.gov/35640040/,Verified — clear,,,,,NO,"Title/abstract information is insufficient for a substantive scientific, causal, transferability or institutional claim."
EV-0689,35647882,WZM7VFHH,10.2519/jospt.2022.11193,"All MCIDs Are Wrong, But Some May be Useful.",ADJ-11,PENDING_ADJUDICATION,PENDING_ADJUDICATION,"A potentially relevant concept is present, but direct applicability is ambiguous at title/abstract level.",MODERATE,https://pubmed.ncbi.nlm.nih.gov/35647882/,Verified — clear,,,,,NO,"Title/abstract information is insufficient for a substantive scientific, causal, transferability or institutional claim."
EV-0683,35804354,7N5I6F7Z,10.1186/s13012-022-01212-9,Partnered implementation of the veteran sponsorship initiative: protocol for a randomized hybrid type 2 effectiveness-implementation trial.,ADJ-11,PENDING_ADJUDICATION,PENDING_ADJUDICATION,"A potentially relevant concept is present, but direct applicability is ambiguous at title/abstract level.",MODERATE,https://pubmed.ncbi.nlm.nih.gov/35804354/,Verified — clear,,,,,NO,"Title/abstract information is insufficient for a substantive scientific, causal, transferability or institutional claim."
EV-0677,35862851,3TULD3JL,10.55460/y5o4-7wuz,"Critical Competencies of Military Embedded Health and Performance Professionals: The ""Culture General"" Approach.",ADJ-11,PENDING_ADJUDICATION,PENDING_ADJUDICATION,"A potentially relevant concept is present, but direct applicability is ambiguous at title/abstract level.",MODERATE,https://pubmed.ncbi.nlm.nih.gov/35862851/,Verified — clear,,,,,NO,"Title/abstract information is insufficient for a substantive scientific, causal, transferability or institutional claim."
EV-0676,35871444,KCBITSZ4,10.1093/ptj/pzac096,Physical Therapists Can Be Value-Added Providers in Wilderness Medicine.,ADJ-11,PENDING_ADJUDICATION,PENDING_ADJUDICATION,No abstract is available in the current PubMed record; title alone is insufficient for exclusion.,LOW,https://pubmed.ncbi.nlm.nih.gov/35871444/,Verified — clear,,,,,NO,"Title/abstract information is insufficient for a substantive scientific, causal, transferability or institutional claim."
EV-0673,36016763,F62D37UJ,10.1080/15502783.2022.2113339,"Effects of caffeine, methylliberine, and theacrine on vigilance, marksmanship, and hemodynamic responses in tactical personnel: a double-blind, randomized, placebo-controlled trial.",ADJ-11,PENDING_ADJUDICATION,PENDING_ADJUDICATION,"A potentially relevant concept is present, but direct applicability is ambiguous at title/abstract level.",MODERATE,https://pubmed.ncbi.nlm.nih.gov/36016763/,Verified — clear,,,,,NO,"Title/abstract information is insufficient for a substantive scientific, causal, transferability or institutional claim."
EV-0669,36116869,UU5D87H7,10.1016/j.apnr.2022.151620,U.S. active-duty service women's urogenital health and operational readiness through the lens of the IBM-WASH model: A systematic integrative review.,ADJ-12,PENDING_ADJUDICATION,PENDING_ADJUDICATION,"A potentially relevant concept is present, but direct applicability is ambiguous at title/abstract level.",MODERATE,https://pubmed.ncbi.nlm.nih.gov/36116869/,Verified — clear,,,,,NO,"Title/abstract information is insufficient for a substantive scientific, causal, transferability or institutional claim."
EV-0665,36175032,AX2AUWSU,10.1136/military-2022-002165,Musculoskeletal injury in military specialists: a 2-year retrospective study.,ADJ-12,PENDING_ADJUDICATION,PENDING_ADJUDICATION,"A potentially relevant concept is present, but direct applicability is ambiguous at title/abstract level.",MODERATE,https://pubmed.ncbi.nlm.nih.gov/36175032/,Verified — clear,,,,,NO,"Title/abstract information is insufficient for a substantive scientific, causal, transferability or institutional claim."
EV-0664,36188954,HLDX2JW5,10.3389/fresc.2022.873436,Development of a Clinical Practice Guideline for Lower Limb Amputees. A Knowledge Translation Process in a Middle Income Country.,ADJ-12,PENDING_ADJUDICATION,PENDING_ADJUDICATION,"A potentially relevant concept is present, but direct applicability is ambiguous at title/abstract level.",MODERATE,https://pubmed.ncbi.nlm.nih.gov/36188954/,Verified — clear,,,,,NO,"Title/abstract information is insufficient for a substantive scientific, causal, transferability or institutional claim."
EV-0663,36226363,JXCHUD72,10.1017/s1368980022001896,Nutrition Program Fidelity Assessment tool: a framework for optimising implementation in military dining facilities.,ADJ-12,PENDING_ADJUDICATION,PENDING_ADJUDICATION,"A potentially relevant concept is present, but direct applicability is ambiguous at title/abstract level.",MODERATE,https://pubmed.ncbi.nlm.nih.gov/36226363/,Verified — clear,,,,,NO,"Title/abstract information is insufficient for a substantive scientific, causal, transferability or institutional claim."
EV-0658,36270735,53TRUBAE,10.1136/military-2022-002267,"Aerobic fitness predicted by demographics, anthropometrics, health behaviour, physical activity and muscle fitness in male and female recruits entering military service.",ADJ-12,PENDING_ADJUDICATION,PENDING_ADJUDICATION,"A potentially relevant concept is present, but direct applicability is ambiguous at title/abstract level.",MODERATE,https://pubmed.ncbi.nlm.nih.gov/36270735/,Verified — clear,,,,,NO,"Title/abstract information is insufficient for a substantive scientific, causal, transferability or institutional claim."
EV-0652,36370751,35LHF6B6,10.1016/j.jamda.2022.10.012,Veterans Health Administration Models of Community-Based Long-Term Care: State of the Science.,ADJ-12,PENDING_ADJUDICATION,PENDING_ADJUDICATION,"A potentially relevant concept is present, but direct applicability is ambiguous at title/abstract level.",MODERATE,https://pubmed.ncbi.nlm.nih.gov/36370751/,Verified — clear,,,,,NO,"Title/abstract information is insufficient for a substantive scientific, causal, transferability or institutional claim."
EV-0641,36567311,9G2W5VC6,10.1186/s12967-022-03832-7,"Pre-neuromusculoskeletal injury Risk factor Evaluation and Post-neuromusculoskeletal injury Assessment for Return-to-duty/activity Enhancement (PREPARE) in military service members: a prospective, observational study protocol.",ADJ-12,PENDING_ADJUDICATION,PENDING_ADJUDICATION,"A potentially relevant concept is present, but direct applicability is ambiguous at title/abstract level.",MODERATE,https://pubmed.ncbi.nlm.nih.gov/36567311/,Verified — clear,,,,,NO,"Title/abstract information is insufficient for a substantive scientific, causal, transferability or institutional claim."
EV-0636,36617248,JHGHQW7F,10.1093/milmed/usac424,Characterizing Methods for Surveying Partner Nation Medical Capabilities.,ADJ-12,PENDING_ADJUDICATION,PENDING_ADJUDICATION,"A potentially relevant concept is present, but direct applicability is ambiguous at title/abstract level.",MODERATE,https://pubmed.ncbi.nlm.nih.gov/36617248/,Verified — clear,,,,,NO,"Title/abstract information is insufficient for a substantive scientific, causal, transferability or institutional claim."
EV-0626,36793495,FK8K72D6,10.1016/j.crpvbd.2023.100113,Semi-field evaluation of a novel controlled release device using transfluthrin as spatial repellent to prevent entry of mosquitoes into military tents.,ADJ-12,PENDING_ADJUDICATION,PENDING_ADJUDICATION,"A potentially relevant concept is present, but direct applicability is ambiguous at title/abstract level.",MODERATE,https://pubmed.ncbi.nlm.nih.gov/36793495/,Verified — clear,,,,,NO,"Title/abstract information is insufficient for a substantive scientific, causal, transferability or institutional claim."
EV-0622,36828639,8AL973LG,10.1136/military-2022-002280,"Long COVID in the Belgian Defence forces: prevalence, risk factors and impact on quality of daily functioning.",ADJ-12,PENDING_ADJUDICATION,PENDING_ADJUDICATION,"A potentially relevant concept is present, but direct applicability is ambiguous at title/abstract level.",MODERATE,https://pubmed.ncbi.nlm.nih.gov/36828639/,Verified — clear,,,,,NO,"Title/abstract information is insufficient for a substantive scientific, causal, transferability or institutional claim."
EV-0620,36841096,7IPSIRWV,10.1016/j.apergo.2023.103991,Use of accelerometers and inertial measurement units to quantify movement of tactical athletes: A systematic review.,ADJ-13,PENDING_ADJUDICATION,PENDING_ADJUDICATION,"A potentially relevant concept is present, but direct applicability is ambiguous at title/abstract level.",MODERATE,https://pubmed.ncbi.nlm.nih.gov/36841096/,Verified — clear,,,,,NO,"Title/abstract information is insufficient for a substantive scientific, causal, transferability or institutional claim."
EV-0618,36882034,F9WGLV8Q,10.1093/milmed/usac354,Improving the Health and Readiness of Military Women.,ADJ-13,PENDING_ADJUDICATION,PENDING_ADJUDICATION,"A potentially relevant concept is present, but direct applicability is ambiguous at title/abstract level.",MODERATE,https://pubmed.ncbi.nlm.nih.gov/36882034/,Verified — clear,,,,,NO,"Title/abstract information is insufficient for a substantive scientific, causal, transferability or institutional claim."
EV-0610,36958117,VFVZ5F7P,10.1016/j.outlook.2023.101949,Findings from the development of a nursing joint professional practice model for the U.S. military.,ADJ-13,PENDING_ADJUDICATION,PENDING_ADJUDICATION,"A potentially relevant concept is present, but direct applicability is ambiguous at title/abstract level.",MODERATE,https://pubmed.ncbi.nlm.nih.gov/36958117/,Verified — clear,,,,,NO,"Title/abstract information is insufficient for a substantive scientific, causal, transferability or institutional claim."
EV-0602,37094289,IEZP3SKL,10.55460/zsn0-gok7,Determining Clinical Priorities Using a Clinical Practice Guideline Deconstruction Tool: COVID-19 in Austere Operational Environments.,ADJ-13,PENDING_ADJUDICATION,PENDING_ADJUDICATION,"Austere operational clinical-priority methods may be contextually relevant, but applicability cannot be resolved from title/abstract alone.",MODERATE,https://pubmed.ncbi.nlm.nih.gov/37094289/,Verified — clear,,,,,NO,"Title/abstract information is insufficient for a substantive scientific, causal, transferability or institutional claim."
EV-0599,37159250,VRCXQSX6,10.2196/44776,Traumatic Brain Injury Intensive Evaluation and Treatment Program: Protocol for a Partnered Evaluation Initiative Mixed Methods Study.,ADJ-13,PENDING_ADJUDICATION,PENDING_ADJUDICATION,"A potentially relevant concept is present, but direct applicability is ambiguous at title/abstract level.",MODERATE,https://pubmed.ncbi.nlm.nih.gov/37159250/,Verified — clear,,,,,NO,"Title/abstract information is insufficient for a substantive scientific, causal, transferability or institutional claim."
EV-0595,37224391,NRAN2EFC,10.55460/xtq3-78wa,Management of Type 3c Diabetes in an Elite Tactical Athlete.,ADJ-13,PENDING_ADJUDICATION,PENDING_ADJUDICATION,"A potentially relevant concept is present, but direct applicability is ambiguous at title/abstract level.",MODERATE,https://pubmed.ncbi.nlm.nih.gov/37224391/,Verified — clear,,,,,NO,"Title/abstract information is insufficient for a substantive scientific, causal, transferability or institutional claim."
EV-0575,37540532,AX4YX7LD,10.22454/fammed.2023.794972,Cross-Cultural Mentorship in Military Family Medicine: Defining the Problem.,ADJ-13,PENDING_ADJUDICATION,PENDING_ADJUDICATION,"A potentially relevant concept is present, but direct applicability is ambiguous at title/abstract level.",MODERATE,https://pubmed.ncbi.nlm.nih.gov/37540532/,Verified — clear,,,,,NO,"Title/abstract information is insufficient for a substantive scientific, causal, transferability or institutional claim."
EV-0568,37665586,8WXNHW6V,10.1093/milmed/usac440,Total Force Fitness Summit 2021: Maximizing the Health and Well-being of Service Members and Their Families.,ADJ-13,PENDING_ADJUDICATION,PENDING_ADJUDICATION,"A potentially relevant concept is present, but direct applicability is ambiguous at title/abstract level.",MODERATE,https://pubmed.ncbi.nlm.nih.gov/37665586/,Verified — clear,,,,,NO,"Title/abstract information is insufficient for a substantive scientific, causal, transferability or institutional claim."
EV-0565,37713024,8QJJK2Y8,10.1007/s10552-023-01790-z,Equitable implementation of lung cancer screening: avoiding its potential to mirror existing inequities among people who use tobacco.,ADJ-13,PENDING_ADJUDICATION,PENDING_ADJUDICATION,"A potentially relevant concept is present, but direct applicability is ambiguous at title/abstract level.",MODERATE,https://pubmed.ncbi.nlm.nih.gov/37713024/,Verified — clear,,,,,NO,"Title/abstract information is insufficient for a substantive scientific, causal, transferability or institutional claim."
EV-0563,37725042,M3PHUN9X,10.1093/milmed/usad361,Chronic Spontaneous Urticaria Following mRNA COVID-19 Booster Vaccination at a Military Academy.,ADJ-13,PENDING_ADJUDICATION,PENDING_ADJUDICATION,"A potentially relevant concept is present, but direct applicability is ambiguous at title/abstract level.",MODERATE,https://pubmed.ncbi.nlm.nih.gov/37725042/,Verified — clear,,,,,NO,"Title/abstract information is insufficient for a substantive scientific, causal, transferability or institutional claim."
EV-0559,37790770,WCFK8L8P,10.1016/j.jaccas.2023.101991,Long QT Syndrome: A Preventable Cause of Exercise-Induced Sudden Cardiac Death.,ADJ-14,PENDING_ADJUDICATION,PENDING_ADJUDICATION,No abstract is available in the current PubMed record; title alone is insufficient for exclusion.,LOW,https://pubmed.ncbi.nlm.nih.gov/37790770/,Verified — clear,,,,,NO,"Title/abstract information is insufficient for a substantive scientific, causal, transferability or institutional claim."
EV-0549,37902945,8GHMUDRJ,10.1007/s10597-023-01198-8,Lessons Learned from Implementation of a Post-opioid Overdose Outreach Program in a Rural Massachusetts Community.,ADJ-14,PENDING_ADJUDICATION,PENDING_ADJUDICATION,"A potentially relevant concept is present, but direct applicability is ambiguous at title/abstract level.",MODERATE,https://pubmed.ncbi.nlm.nih.gov/37902945/,Verified — clear,,,,,NO,"Title/abstract information is insufficient for a substantive scientific, causal, transferability or institutional claim."
EV-0548,37903170,EDGVZ2HI,10.1080/08995605.2022.2139122,"Diversity, equity, and inclusion correlates of racial/ethnic harassment and discrimination in the U.S. military.",ADJ-14,PENDING_ADJUDICATION,PENDING_ADJUDICATION,"A potentially relevant concept is present, but direct applicability is ambiguous at title/abstract level.",MODERATE,https://pubmed.ncbi.nlm.nih.gov/37903170/,Verified — clear,,,,,NO,"Title/abstract information is insufficient for a substantive scientific, causal, transferability or institutional claim."
EV-0547,37909262,SX92L3LQ,10.1080/00140139.2023.2278393,Reliability of simulated combat tasks performed by Brazilian Air Force cadets.,ADJ-14,PENDING_ADJUDICATION,PENDING_ADJUDICATION,"A potentially relevant concept is present, but direct applicability is ambiguous at title/abstract level.",MODERATE,https://pubmed.ncbi.nlm.nih.gov/37909262/,Verified — clear,,,,,NO,"Title/abstract information is insufficient for a substantive scientific, causal, transferability or institutional claim."
EV-0543,37948258,6Y6656D5,10.1093/milmed/usad060,Mental Health Predictors of Response to Standard Medical Intervention at a Military Pain Specialty Clinic.,ADJ-14,PENDING_ADJUDICATION,PENDING_ADJUDICATION,"A potentially relevant concept is present, but direct applicability is ambiguous at title/abstract level.",MODERATE,https://pubmed.ncbi.nlm.nih.gov/37948258/,Verified — clear,,,,,NO,"Title/abstract information is insufficient for a substantive scientific, causal, transferability or institutional claim."
EV-0529,38053122,E6NT8NXM,10.1186/s12888-023-05282-x,Group brief cognitive behavioral therapy for suicide prevention compared to dialectal behavior therapy skills group for military service members: a study protocol of a randomized controlled trial.,ADJ-14,PENDING_ADJUDICATION,PENDING_ADJUDICATION,"A potentially relevant concept is present, but direct applicability is ambiguous at title/abstract level.",MODERATE,https://pubmed.ncbi.nlm.nih.gov/38053122/,Verified — clear,,,,,NO,"Title/abstract information is insufficient for a substantive scientific, causal, transferability or institutional claim."
EV-0506,38304635,D3JZATDD,10.1016/j.resplu.2024.100550,Factors influencing support for the implementation of community-based out-of-hospital cardiac arrest interventions in high- and low-performing counties.,ADJ-14,PENDING_ADJUDICATION,PENDING_ADJUDICATION,"A potentially relevant concept is present, but direct applicability is ambiguous at title/abstract level.",MODERATE,https://pubmed.ncbi.nlm.nih.gov/38304635/,Verified — clear,,,,,NO,"Title/abstract information is insufficient for a substantive scientific, causal, transferability or institutional claim."
EV-0502,38328943,Z6UHYYG4,10.1080/02699052.2024.2304861,Placing the keystone: the LIMBIC Military and Tactical Athlete Research Study.,ADJ-14,PENDING_ADJUDICATION,PENDING_ADJUDICATION,"A potentially relevant concept is present, but direct applicability is ambiguous at title/abstract level.",MODERATE,https://pubmed.ncbi.nlm.nih.gov/38328943/,Verified — clear,,,,,NO,"Title/abstract information is insufficient for a substantive scientific, causal, transferability or institutional claim."
EV-0499,38380558,PACX8IDA,10.1111/sltb.13061,The Virtual Hope Box mobile application: A systematic review of the literature.,ADJ-14,PENDING_ADJUDICATION,PENDING_ADJUDICATION,"A potentially relevant concept is present, but direct applicability is ambiguous at title/abstract level.",MODERATE,https://pubmed.ncbi.nlm.nih.gov/38380558/,Verified — clear,,,,,NO,"Title/abstract information is insufficient for a substantive scientific, causal, transferability or institutional claim."
EV-0494,38436987,ARJAKJ63,10.1080/08995605.2024.2324644,Sexual and reproductive health in military settings: A qualitative study.,ADJ-14,PENDING_ADJUDICATION,PENDING_ADJUDICATION,"A potentially relevant concept is present, but direct applicability is ambiguous at title/abstract level.",MODERATE,https://pubmed.ncbi.nlm.nih.gov/38436987/,Verified — clear,,,,,NO,"Title/abstract information is insufficient for a substantive scientific, causal, transferability or institutional claim."
EV-0483,38562949,IMI8JITL,10.4293/jsls.2023.00059,Laparoscopic-Assisted Transvaginal Cholecystectomy - the US Military Experience With Long-Term Follow Up.,ADJ-15,PENDING_ADJUDICATION,PENDING_ADJUDICATION,"A potentially relevant concept is present, but direct applicability is ambiguous at title/abstract level.",MODERATE,https://pubmed.ncbi.nlm.nih.gov/38562949/,Verified — clear,,,,,NO,"Title/abstract information is insufficient for a substantive scientific, causal, transferability or institutional claim."
EV-0471,38771705,4F4SRT5R,10.1093/milmed/usae218,Viability of Structured Gait Retraining for Improving Clinical Outcomes Following Running-related Injury in Active Duty Service Members.,ADJ-15,PENDING_ADJUDICATION,PENDING_ADJUDICATION,"A potentially relevant concept is present, but direct applicability is ambiguous at title/abstract level.",MODERATE,https://pubmed.ncbi.nlm.nih.gov/38771705/,Verified — clear,,,,,NO,"Title/abstract information is insufficient for a substantive scientific, causal, transferability or institutional claim."
EV-0464,38885426,829EM4UP,10.1037/tra0001497,"Exploring the protective experiences of those who ""protect and serve"": A psychometric evaluation of Protective and Compensatory Experiences Survey within a military sample.",ADJ-15,PENDING_ADJUDICATION,PENDING_ADJUDICATION,"A potentially relevant concept is present, but direct applicability is ambiguous at title/abstract level.",MODERATE,https://pubmed.ncbi.nlm.nih.gov/38885426/,Verified — clear,,,,,NO,"Title/abstract information is insufficient for a substantive scientific, causal, transferability or institutional claim."
EV-0456,38954429,XGBCVJHC,10.1093/milmed/usae337,The Relationship between the Military Medical Officer and Commanding Officer: Implications for Education and Training.,ADJ-15,PENDING_ADJUDICATION,PENDING_ADJUDICATION,"A potentially relevant concept is present, but direct applicability is ambiguous at title/abstract level.",MODERATE,https://pubmed.ncbi.nlm.nih.gov/38954429/,Verified — clear,,,,,NO,"Title/abstract information is insufficient for a substantive scientific, causal, transferability or institutional claim."
EV-0445,39043122,HTGDYEII,10.1177/10806032241262986,"Cold-Induced Vasodilation, Rewarming, and Dexterity Impairment Following Second-Degree Frostbite.",ADJ-15,PENDING_ADJUDICATION,PENDING_ADJUDICATION,"A potentially relevant concept is present, but direct applicability is ambiguous at title/abstract level.",MODERATE,https://pubmed.ncbi.nlm.nih.gov/39043122/,Verified — clear,,,,,NO,"Title/abstract information is insufficient for a substantive scientific, causal, transferability or institutional claim."
EV-0441,39111976,9GASX2HZ,10.1016/j.jacc.2024.06.010,Active-Duty Sailor Develops PFO-Associated Decompression Sickness: Do Occupational Divers Warrant Alternative Cardiac Screening Standards?,ADJ-15,PENDING_ADJUDICATION,PENDING_ADJUDICATION,"A potentially relevant concept is present, but direct applicability is ambiguous at title/abstract level.",MODERATE,https://pubmed.ncbi.nlm.nih.gov/39111976/,Verified — clear,,,,,NO,"Title/abstract information is insufficient for a substantive scientific, causal, transferability or institutional claim."
EV-0423,39250618,WE7XN3YP,10.1177/08901171241282579,HPV Vaccination Rates in Military Females: The Need for a Multi-Level and Evidence-Based Approach.,ADJ-15,PENDING_ADJUDICATION,PENDING_ADJUDICATION,"A potentially relevant concept is present, but direct applicability is ambiguous at title/abstract level.",MODERATE,https://pubmed.ncbi.nlm.nih.gov/39250618/,Verified — clear,,,,,NO,"Title/abstract information is insufficient for a substantive scientific, causal, transferability or institutional claim."
EV-0410,39395178,9DVNRBQF,10.1093/milmed/usae481,Development of the Joint Expeditionary Medical Officer.,ADJ-15,PENDING_ADJUDICATION,PENDING_ADJUDICATION,"A potentially relevant concept is present, but direct applicability is ambiguous at title/abstract level.",MODERATE,https://pubmed.ncbi.nlm.nih.gov/39395178/,Verified — clear,,,,,NO,"Title/abstract information is insufficient for a substantive scientific, causal, transferability or institutional claim."
EV-0409,39405266,Z86YBL8Y,10.1093/milmed/usae484,Associations Between Sleep Disorders and Treatment Response in Service Members With Post-traumatic Stress Symptoms: A Secondary Outcome Analysis.,ADJ-15,PENDING_ADJUDICATION,PENDING_ADJUDICATION,"A potentially relevant concept is present, but direct applicability is ambiguous at title/abstract level.",MODERATE,https://pubmed.ncbi.nlm.nih.gov/39405266/,Verified — clear,,,,,NO,"Title/abstract information is insufficient for a substantive scientific, causal, transferability or institutional claim."
EV-0407,39411207,UX5BEQK8,10.12788/fp.0487,The Challenges of Delivering Allergen Immunotherapy in the Military Health System.,ADJ-15,PENDING_ADJUDICATION,PENDING_ADJUDICATION,"A potentially relevant concept is present, but direct applicability is ambiguous at title/abstract level.",MODERATE,https://pubmed.ncbi.nlm.nih.gov/39411207/,Verified — clear,,,,,NO,"Title/abstract information is insufficient for a substantive scientific, causal, transferability or institutional claim."
EV-0392,39514877,SNY8RLQM,10.1093/pm/pnae062,"Screening, brief intervention, and referral to treatment for pain management for veterans separating from military service: study protocol of a hybrid type 2 study testing implementation facilitation versus training-as-usual.",ADJ-16,PENDING_ADJUDICATION,PENDING_ADJUDICATION,"A potentially relevant concept is present, but direct applicability is ambiguous at title/abstract level.",MODERATE,https://pubmed.ncbi.nlm.nih.gov/39514877/,Verified — clear,,,,,NO,"Title/abstract information is insufficient for a substantive scientific, causal, transferability or institutional claim."
EV-0384,39637383,4Y8YIN4U,10.1097/aog.0000000000005801,Addressing the Menopause Health Needs of Military Service Members: A Call to Action.,ADJ-16,PENDING_ADJUDICATION,PENDING_ADJUDICATION,"A potentially relevant concept is present, but direct applicability is ambiguous at title/abstract level.",MODERATE,https://pubmed.ncbi.nlm.nih.gov/39637383/,Verified — clear,,,,,NO,"Title/abstract information is insufficient for a substantive scientific, causal, transferability or institutional claim."
EV-0383,39649840,BW9LRWCV,10.12688/f1000research.152514.2,Methodology used to develop the minimum common data elements for surveillance and Reporting of Musculoskeletal Injuries in the MILitary (ROMMIL) statement.,ADJ-16,PENDING_ADJUDICATION,PENDING_ADJUDICATION,"A potentially relevant concept is present, but direct applicability is ambiguous at title/abstract level.",MODERATE,https://pubmed.ncbi.nlm.nih.gov/39649840/,Verified — clear,,,,,NO,"Title/abstract information is insufficient for a substantive scientific, causal, transferability or institutional claim."
EV-0375,39728235,XAA3CHJ7,10.3390/jfmk9040251,The Impact of Functional Training on Balance and Vestibular Function: A Narrative Review.,ADJ-16,PENDING_ADJUDICATION,PENDING_ADJUDICATION,"A potentially relevant concept is present, but direct applicability is ambiguous at title/abstract level.",MODERATE,https://pubmed.ncbi.nlm.nih.gov/39728235/,Verified — clear,,,,,NO,"Title/abstract information is insufficient for a substantive scientific, causal, transferability or institutional claim."
EV-0371,39777480,GSMAU75H,10.1093/milmed/usae572,Impact of Functional Training on Injuries After Anterior Cruciate Ligament Reconstruction for Return-to-Duty Status in U.S. Naval Academy Midshipmen: A Retrospective Analysis.,ADJ-16,PENDING_ADJUDICATION,PENDING_ADJUDICATION,"A potentially relevant concept is present, but direct applicability is ambiguous at title/abstract level.",MODERATE,https://pubmed.ncbi.nlm.nih.gov/39777480/,Verified — clear,,,,,NO,"Title/abstract information is insufficient for a substantive scientific, causal, transferability or institutional claim."
EV-0369,39797514,NIUZ6KMY,10.1093/milmed/usae567,Best Practice Recommendations for Endometrial Intraepithelial Neoplasia/Atypical Endometrial Hyperplasia in the Military Health System.,ADJ-16,PENDING_ADJUDICATION,PENDING_ADJUDICATION,"A potentially relevant concept is present, but direct applicability is ambiguous at title/abstract level.",MODERATE,https://pubmed.ncbi.nlm.nih.gov/39797514/,Verified — clear,,,,,NO,"Title/abstract information is insufficient for a substantive scientific, causal, transferability or institutional claim."
EV-0368,39803628,N6EF8554,10.1016/j.hroo.2024.10.002,Atrial fibrillation catheter ablation decreases the duration of antiarrhythmic drug treatment for United States active-duty military personnel.,ADJ-16,PENDING_ADJUDICATION,PENDING_ADJUDICATION,No abstract is available in the current PubMed record; title alone is insufficient for exclusion.,LOW,https://pubmed.ncbi.nlm.nih.gov/39803628/,Verified — clear,,,,,NO,"Title/abstract information is insufficient for a substantive scientific, causal, transferability or institutional claim."
EV-0366,39819950,992VQZ2Z,10.1136/bmjopen-2024-087836,Knowledge translation in Anglo-American paramedicine: a scoping review.,ADJ-16,PENDING_ADJUDICATION,PENDING_ADJUDICATION,"A potentially relevant concept is present, but direct applicability is ambiguous at title/abstract level.",MODERATE,https://pubmed.ncbi.nlm.nih.gov/39819950/,Verified — clear,,,,,NO,"Title/abstract information is insufficient for a substantive scientific, causal, transferability or institutional claim."
EV-0362,39857534,F3JGEMAI,10.3390/ijerph22010081,Exploring the Perspectives of Canadian Clinicians Regarding Digitally Delivered Psychotherapies Utilized for Trauma-Affected Populations.,ADJ-16,PENDING_ADJUDICATION,PENDING_ADJUDICATION,"A potentially relevant concept is present, but direct applicability is ambiguous at title/abstract level.",MODERATE,https://pubmed.ncbi.nlm.nih.gov/39857534/,Verified — clear,,,,,NO,"Title/abstract information is insufficient for a substantive scientific, causal, transferability or institutional claim."
EV-0361,39865645,YE7NAFER,10.1093/milmed/usaf021,Building a Culture of Health Through Leader-Inspired Nutrition.,ADJ-16,PENDING_ADJUDICATION,PENDING_ADJUDICATION,"A potentially relevant concept is present, but direct applicability is ambiguous at title/abstract level.",MODERATE,https://pubmed.ncbi.nlm.nih.gov/39865645/,Verified — clear,,,,,NO,"Title/abstract information is insufficient for a substantive scientific, causal, transferability or institutional claim."
EV-0359,39898599,CS9VM6E3,10.1249/mss.0000000000003664,Graded Walking Energetics under Cold Strain.,ADJ-17,PENDING_ADJUDICATION,PENDING_ADJUDICATION,"A potentially relevant concept is present, but direct applicability is ambiguous at title/abstract level.",MODERATE,https://pubmed.ncbi.nlm.nih.gov/39898599/,Verified — clear,,,,,NO,"Title/abstract information is insufficient for a substantive scientific, causal, transferability or institutional claim."
EV-0356,39928385,TTS6C5HU,10.1093/infdis/jiae595,Norovirus Surveillance and Outbreak Investigations in Peru: 25 Years of Experience at NAMRU SOUTH.,ADJ-17,PENDING_ADJUDICATION,PENDING_ADJUDICATION,"A potentially relevant concept is present, but direct applicability is ambiguous at title/abstract level.",MODERATE,https://pubmed.ncbi.nlm.nih.gov/39928385/,Verified — clear,,,,,NO,"Title/abstract information is insufficient for a substantive scientific, causal, transferability or institutional claim."
EV-0349,40010911,QUTGKTXG,10.1016/j.beth.2024.08.001,Evaluating the Effectiveness of Safety Plans for Mitigating Suicide Risk in Two Samples of Psychiatrically Hospitalized Military Veterans.,ADJ-17,PENDING_ADJUDICATION,PENDING_ADJUDICATION,"A potentially relevant concept is present, but direct applicability is ambiguous at title/abstract level.",MODERATE,https://pubmed.ncbi.nlm.nih.gov/40010911/,Verified — clear,,,,,NO,"Title/abstract information is insufficient for a substantive scientific, causal, transferability or institutional claim."
EV-0341,40126894,PMFIPF8J,10.1093/milmed/usaf089,Avatar-Based Health Education: Applying Self-determination Theory to Promote Preventative Care in U.S. Military Service Members.,ADJ-17,PENDING_ADJUDICATION,PENDING_ADJUDICATION,"A potentially relevant concept is present, but direct applicability is ambiguous at title/abstract level.",MODERATE,https://pubmed.ncbi.nlm.nih.gov/40126894/,Verified — clear,,,,,NO,"Title/abstract information is insufficient for a substantive scientific, causal, transferability or institutional claim."
EV-0338,40139416,KU9PD8PF,10.1016/j.josat.2025.209682,Exploring barriers and potential solutions before implementing a scale-up strategy to expand methadone coverage among people who inject drugs in Tajikistan.,ADJ-17,PENDING_ADJUDICATION,PENDING_ADJUDICATION,"A potentially relevant concept is present, but direct applicability is ambiguous at title/abstract level.",MODERATE,https://pubmed.ncbi.nlm.nih.gov/40139416/,Verified — clear,,,,,NO,"Title/abstract information is insufficient for a substantive scientific, causal, transferability or institutional claim."
EV-0336,40146208,RAQPF7UD,10.1093/milmed/usaf094,Management of Endometrial Cancer Precursors in the Military Health System: A Survey-Based Study.,ADJ-17,PENDING_ADJUDICATION,PENDING_ADJUDICATION,"A potentially relevant concept is present, but direct applicability is ambiguous at title/abstract level.",MODERATE,https://pubmed.ncbi.nlm.nih.gov/40146208/,Verified — clear,,,,,NO,"Title/abstract information is insufficient for a substantive scientific, causal, transferability or institutional claim."
EV-0327,40273396,IYU8P4T6,10.55460/q007-46xh,Use of an Intraoral Neuroprosthesis for the Treatment of Posttraumatic Stress Disorder (PTSD)-Associated Nocturnal Behavior Disorder: Case Series of Four Patients.,ADJ-17,PENDING_ADJUDICATION,PENDING_ADJUDICATION,"A potentially relevant concept is present, but direct applicability is ambiguous at title/abstract level.",MODERATE,https://pubmed.ncbi.nlm.nih.gov/40273396/,Verified — clear,,,,,NO,"Title/abstract information is insufficient for a substantive scientific, causal, transferability or institutional claim."
EV-0313,40411779,QA799SNI,10.55460/4rir-im31,Performance-Based Differences in Prefrontal Cortex Activation: Assessing Dynamic Marksmanship Performance Using Functional Near-Infrared Spectroscopy.,ADJ-17,PENDING_ADJUDICATION,PENDING_ADJUDICATION,"A potentially relevant concept is present, but direct applicability is ambiguous at title/abstract level.",MODERATE,https://pubmed.ncbi.nlm.nih.gov/40411779/,Verified — clear,,,,,NO,"Title/abstract information is insufficient for a substantive scientific, causal, transferability or institutional claim."
EV-0307,40471114,F5KZPR77,10.47102/annals-acadmedsg.202512,Strategic response to mpox in the Singapore Armed Forces: Military public health collaboration and preparedness.,ADJ-17,PENDING_ADJUDICATION,PENDING_ADJUDICATION,No abstract is available in the current PubMed record; title alone is insufficient for exclusion.,LOW,https://pubmed.ncbi.nlm.nih.gov/40471114/,Verified — clear,,,,,NO,"Title/abstract information is insufficient for a substantive scientific, causal, transferability or institutional claim."
EV-0305,40486713,HJYQ6IJJ,10.1016/j.hrcr.2025.01.019,Catecholaminergic polymorphic ventricular tachycardia and early-onset atrial fibrillation in a tactical athlete with a heterozygous truncating variant in TRDN.,ADJ-17,PENDING_ADJUDICATION,PENDING_ADJUDICATION,No abstract is available in the current PubMed record; title alone is insufficient for exclusion.,LOW,https://pubmed.ncbi.nlm.nih.gov/40486713/,Verified — clear,,,,,NO,"Title/abstract information is insufficient for a substantive scientific, causal, transferability or institutional claim."
EV-0304,40489380,FS4JSTHB,10.1093/milmed/usaf242,Catheter Ablation for Typical Atrial Flutter in Tactical Athletes.,ADJ-18,PENDING_ADJUDICATION,PENDING_ADJUDICATION,"A potentially relevant concept is present, but direct applicability is ambiguous at title/abstract level.",MODERATE,https://pubmed.ncbi.nlm.nih.gov/40489380/,Verified — clear,,,,,NO,"Title/abstract information is insufficient for a substantive scientific, causal, transferability or institutional claim."
EV-0291,40590681,CMZNTJVL,10.1249/mss.0000000000003807,Female Energy Expenditure during Load Carriage in Thermal Environments.,ADJ-18,PENDING_ADJUDICATION,PENDING_ADJUDICATION,"A potentially relevant concept is present, but direct applicability is ambiguous at title/abstract level.",MODERATE,https://pubmed.ncbi.nlm.nih.gov/40590681/,Verified — clear,,,,,NO,"Title/abstract information is insufficient for a substantive scientific, causal, transferability or institutional claim."
EV-0283,40698553,UWQEZFAA,10.1093/milmed/usaf027,Enhancing Operational Readiness Through Temporomandibular Disorders Education in the Military Health System.,ADJ-18,PENDING_ADJUDICATION,PENDING_ADJUDICATION,"A potentially relevant concept is present, but direct applicability is ambiguous at title/abstract level.",MODERATE,https://pubmed.ncbi.nlm.nih.gov/40698553/,Verified — clear,,,,,NO,"Title/abstract information is insufficient for a substantive scientific, causal, transferability or institutional claim."
EV-0281,40714861,5P5LUNHH,10.1093/milmed/usaf353,A Systematic Review of Competencies for Enhancing Financial Expertise in Military Healthcare.,ADJ-18,PENDING_ADJUDICATION,PENDING_ADJUDICATION,"A potentially relevant concept is present, but direct applicability is ambiguous at title/abstract level.",MODERATE,https://pubmed.ncbi.nlm.nih.gov/40714861/,Verified — clear,,,,,NO,"Title/abstract information is insufficient for a substantive scientific, causal, transferability or institutional claim."
EV-0278,40773745,TEL6ZPYJ,10.2196/77113,What Matters Most to Veterans When Deciding to Use Technology for Health: Cross-Sectional Analysis of a National Survey.,ADJ-18,PENDING_ADJUDICATION,PENDING_ADJUDICATION,"A potentially relevant concept is present, but direct applicability is ambiguous at title/abstract level.",MODERATE,https://pubmed.ncbi.nlm.nih.gov/40773745/,Verified — clear,,,,,NO,"Title/abstract information is insufficient for a substantive scientific, causal, transferability or institutional claim."
EV-0276,40790222,QNNA2J2Z,10.1186/s13584-025-00712-5,Dental lessons learned from large-scale military dental records in the Israel defense forces: military dentistry as a window into national oral health trends.,ADJ-18,PENDING_ADJUDICATION,PENDING_ADJUDICATION,"A potentially relevant concept is present, but direct applicability is ambiguous at title/abstract level.",MODERATE,https://pubmed.ncbi.nlm.nih.gov/40790222/,Verified — clear,,,,,NO,"Title/abstract information is insufficient for a substantive scientific, causal, transferability or institutional claim."
EV-0268,40834273,4LHLUTZD,10.1093/milmed/usaf412,Best of Both Worlds: Sharpening Hospital Medicine Skills in High-Volume Military-Civilian Partnership.,ADJ-18,PENDING_ADJUDICATION,PENDING_ADJUDICATION,"A potentially relevant concept is present, but direct applicability is ambiguous at title/abstract level.",MODERATE,https://pubmed.ncbi.nlm.nih.gov/40834273/,Verified — clear,,,,,NO,"Title/abstract information is insufficient for a substantive scientific, causal, transferability or institutional claim."
EV-0247,40989000,P8YA5Y3R,10.1016/j.ahjo.2025.100600,Telemedicine for the detection and management of in-hospital and out-of-hospital sudden cardiac arrest: Status quo and quo vadis.,ADJ-18,PENDING_ADJUDICATION,PENDING_ADJUDICATION,"A potentially relevant concept is present, but direct applicability is ambiguous at title/abstract level.",MODERATE,https://pubmed.ncbi.nlm.nih.gov/40989000/,Verified — clear,,,,,NO,"Title/abstract information is insufficient for a substantive scientific, causal, transferability or institutional claim."
EV-0241,41031376,WIVMEIJ7,,"Health Services for Coast Guard Beneficiaries: Improving Access to Care for Active Duty Service Members, Reservists, Dependents, and Retirees.",ADJ-18,PENDING_ADJUDICATION,PENDING_ADJUDICATION,"A potentially relevant concept is present, but direct applicability is ambiguous at title/abstract level.",MODERATE,https://pubmed.ncbi.nlm.nih.gov/41031376/,Verified — clear,,,,,NO,"Title/abstract information is insufficient for a substantive scientific, causal, transferability or institutional claim."
EV-0239,41057246,9R2GVUI2,10.1136/ip-2025-045870,"Coroners' recommendations following older adult homicide in Australia: a cross-sectional study of frequency, nature and organisational responses.",ADJ-18,PENDING_ADJUDICATION,PENDING_ADJUDICATION,"A potentially relevant concept is present, but direct applicability is ambiguous at title/abstract level.",MODERATE,https://pubmed.ncbi.nlm.nih.gov/41057246/,Verified — clear,,,,,NO,"Title/abstract information is insufficient for a substantive scientific, causal, transferability or institutional claim."
EV-0237,41074212,SQH6L95F,10.1186/s13690-025-01737-7,Inertia or unanticipated bottlenecks? Exploring stakeholder perspectives on the implementation determinants of the national alcohol policy five years post-enactment in Zambia.,ADJ-19,PENDING_ADJUDICATION,PENDING_ADJUDICATION,"A potentially relevant concept is present, but direct applicability is ambiguous at title/abstract level.",MODERATE,https://pubmed.ncbi.nlm.nih.gov/41074212/,Verified — clear,,,,,NO,"Title/abstract information is insufficient for a substantive scientific, causal, transferability or institutional claim."
EV-0231,41132774,RID6UYNQ,10.1016/j.lanepe.2025.101459,Mental health of children and young people in the WHO Europe region.,ADJ-19,PENDING_ADJUDICATION,PENDING_ADJUDICATION,"A potentially relevant concept is present, but direct applicability is ambiguous at title/abstract level.",MODERATE,https://pubmed.ncbi.nlm.nih.gov/41132774/,Verified — clear,,,,,NO,"Title/abstract information is insufficient for a substantive scientific, causal, transferability or institutional claim."
EV-0227,41172124,NSR6C5VX,10.1093/milmed/usaf477,Core Competencies for Novice Military Family and Women's Health Nurse Practitioners: Skills for Effective Military and Operational Readiness.,ADJ-19,PENDING_ADJUDICATION,PENDING_ADJUDICATION,"A potentially relevant concept is present, but direct applicability is ambiguous at title/abstract level.",MODERATE,https://pubmed.ncbi.nlm.nih.gov/41172124/,Verified — clear,,,,,NO,"Title/abstract information is insufficient for a substantive scientific, causal, transferability or institutional claim."
EV-0222,41202565,JBFM7IE8,10.1016/j.janxdis.2025.103080,Tailored strategies to increase the use of an evidence-based psychotherapy for posttraumatic stress disorder: A stepped-wedge randomized trial in military clinics.,ADJ-19,PENDING_ADJUDICATION,PENDING_ADJUDICATION,"A potentially relevant concept is present, but direct applicability is ambiguous at title/abstract level.",MODERATE,https://pubmed.ncbi.nlm.nih.gov/41202565/,Verified — clear,,,,,NO,"Title/abstract information is insufficient for a substantive scientific, causal, transferability or institutional claim."
EV-0219,41209751,MM6MQUIQ,10.20452/wiitm.2025.17975,Outcomes of a newly established bariatric program in a hospital without an intensive care unit: a retrospective analysis of safety and effectiveness.,ADJ-19,PENDING_ADJUDICATION,PENDING_ADJUDICATION,"A potentially relevant concept is present, but direct applicability is ambiguous at title/abstract level.",MODERATE,https://pubmed.ncbi.nlm.nih.gov/41209751/,Verified — clear,,,,,NO,"Title/abstract information is insufficient for a substantive scientific, causal, transferability or institutional claim."
EV-0215,41230887,5DY3ZVHS,10.1093/milmed/usaf541,Neuromuscular Performance Changes in Response to the Australian Special Forces Selection Course.,ADJ-19,PENDING_ADJUDICATION,PENDING_ADJUDICATION,"A potentially relevant concept is present, but direct applicability is ambiguous at title/abstract level.",MODERATE,https://pubmed.ncbi.nlm.nih.gov/41230887/,Verified — clear,,,,,NO,"Title/abstract information is insufficient for a substantive scientific, causal, transferability or institutional claim."
EV-0212,41254421,BP2K6A69,10.1007/s11606-025-09881-0,LGBQ+ Veteran and Service Member Health and Health Care: A Scoping Review of Research from 1994 to 2023.,ADJ-19,PENDING_ADJUDICATION,PENDING_ADJUDICATION,"A potentially relevant concept is present, but direct applicability is ambiguous at title/abstract level.",MODERATE,https://pubmed.ncbi.nlm.nih.gov/41254421/,Verified — clear,,,,,NO,"Title/abstract information is insufficient for a substantive scientific, causal, transferability or institutional claim."
EV-0210,41262649,JEFKVE3V,10.3389/fdgth.2025.1659997,Healthcare practitioners' acceptance of using telehealth in the Kingdom of Saudi Arabia: an application of the unified theory of acceptance and use of technology model.,ADJ-19,PENDING_ADJUDICATION,PENDING_ADJUDICATION,"A potentially relevant concept is present, but direct applicability is ambiguous at title/abstract level.",MODERATE,https://pubmed.ncbi.nlm.nih.gov/41262649/,Verified — clear,,,,,NO,"Title/abstract information is insufficient for a substantive scientific, causal, transferability or institutional claim."
EV-0209,41271416,RQZU29TQ,10.1136/bmjopen-2024-093973,Adherence to Choosing Wisely Africa recommendations in breast cancer care: a cross-sectional study across three Sub-Saharan African centres.,ADJ-19,PENDING_ADJUDICATION,PENDING_ADJUDICATION,"A potentially relevant concept is present, but direct applicability is ambiguous at title/abstract level.",MODERATE,https://pubmed.ncbi.nlm.nih.gov/41271416/,Verified — clear,,,,,NO,"Title/abstract information is insufficient for a substantive scientific, causal, transferability or institutional claim."
EV-0207,41273169,HCZT45PV,10.1093/milmed/usaf516,Prevalence of Insomnia by Sex in U.S. Service Members: A Systematic Review and Meta-Analysis.,ADJ-19,PENDING_ADJUDICATION,PENDING_ADJUDICATION,"A potentially relevant concept is present, but direct applicability is ambiguous at title/abstract level.",MODERATE,https://pubmed.ncbi.nlm.nih.gov/41273169/,Verified — clear,,,,,NO,"Title/abstract information is insufficient for a substantive scientific, causal, transferability or institutional claim."
EV-0201,41323250,27TBVYTV,10.1016/j.jmsacl.2025.11.002,Adapting a commercial sample extraction protocol for biosafety level 3/4 compatible plasma metabolomics analysis.,ADJ-20,PENDING_ADJUDICATION,PENDING_ADJUDICATION,"A potentially relevant concept is present, but direct applicability is ambiguous at title/abstract level.",MODERATE,https://pubmed.ncbi.nlm.nih.gov/41323250/,Verified — clear,,,,,NO,"Title/abstract information is insufficient for a substantive scientific, causal, transferability or institutional claim."
EV-0200,41328140,8HSCF4SP,10.7759/cureus.95823,Efficacy of Fatigue Countermeasures on Cognitive Performance and Operational Safety in Military Pilots: A Systematic Review.,ADJ-20,PENDING_ADJUDICATION,PENDING_ADJUDICATION,"A potentially relevant concept is present, but direct applicability is ambiguous at title/abstract level.",MODERATE,https://pubmed.ncbi.nlm.nih.gov/41328140/,Verified — clear,,,,,NO,"Title/abstract information is insufficient for a substantive scientific, causal, transferability or institutional claim."
EV-0185,41419290,IWDJFGS3,10.1136/bmjopen-2025-101224,Development of a set of value-based healthcare preconditions supporting military trauma patients in military operations: a Delphi study.,ADJ-20,PENDING_ADJUDICATION,PENDING_ADJUDICATION,"A potentially relevant concept is present, but direct applicability is ambiguous at title/abstract level.",MODERATE,https://pubmed.ncbi.nlm.nih.gov/41419290/,Verified — clear,,,,,NO,"Title/abstract information is insufficient for a substantive scientific, causal, transferability or institutional claim."
EV-0178,41470780,5BZQYZKK,10.3390/nu17243835,Leader-Inspired Nutrition: A Framework for Promoting Healthy Nutrition Behaviors and a Nutritionally Fueled and Fit Military Force.,ADJ-20,PENDING_ADJUDICATION,PENDING_ADJUDICATION,"A potentially relevant concept is present, but direct applicability is ambiguous at title/abstract level.",MODERATE,https://pubmed.ncbi.nlm.nih.gov/41470780/,Verified — clear,,,,,NO,"Title/abstract information is insufficient for a substantive scientific, causal, transferability or institutional claim."
EV-0170,41523411,B58UQ25E,10.7759/cureus.98822,"Telemedicine in Afghanistan: Implementation, Outcomes, and Future Directions in a Resource-Constrained Setting.",ADJ-20,PENDING_ADJUDICATION,PENDING_ADJUDICATION,"A potentially relevant concept is present, but direct applicability is ambiguous at title/abstract level.",MODERATE,https://pubmed.ncbi.nlm.nih.gov/41523411/,Verified — clear,,,,,NO,"Title/abstract information is insufficient for a substantive scientific, causal, transferability or institutional claim."
EV-0169,41528757,9JEI34QV,10.1093/milmed/usaf614,"Risk Factors for Musculoskeletal Injuries in Military Recruits: The Impact of Sex, Body Fat Percentage, and Physical Fitness.",ADJ-20,PENDING_ADJUDICATION,PENDING_ADJUDICATION,"A potentially relevant concept is present, but direct applicability is ambiguous at title/abstract level.",MODERATE,https://pubmed.ncbi.nlm.nih.gov/41528757/,Verified — clear,,,,,NO,"Title/abstract information is insufficient for a substantive scientific, causal, transferability or institutional claim."
EV-0165,41574460,8QLVJD82,10.1177/15248399251415426,Adaptation of the PRIDE in All Who Served Facilitation Manual to Support Scale-Up of a Novel Program for LGBTQIA+ Veterans.,ADJ-20,PENDING_ADJUDICATION,PENDING_ADJUDICATION,"A potentially relevant concept is present, but direct applicability is ambiguous at title/abstract level.",MODERATE,https://pubmed.ncbi.nlm.nih.gov/41574460/,Verified — clear,,,,,NO,"Title/abstract information is insufficient for a substantive scientific, causal, transferability or institutional claim."
EV-0158,41651286,4RDHET2J,10.1016/j.cct.2026.108252,TELE-SLEEP OSA: A protocol for a hybrid type I randomized clinical trial of telemedicine for obstructive sleep apnea among military dependents and retirees.,ADJ-20,PENDING_ADJUDICATION,PENDING_ADJUDICATION,"A potentially relevant concept is present, but direct applicability is ambiguous at title/abstract level.",MODERATE,https://pubmed.ncbi.nlm.nih.gov/41651286/,Verified — clear,,,,,NO,"Title/abstract information is insufficient for a substantive scientific, causal, transferability or institutional claim."
EV-0154,41698662,JFJ67QZA,10.3357/amhp.6762.2026,High +Gz Flight Reduces Cervical 3D Kinematics and Increases Neck Pain in Fighter Pilots.,ADJ-20,PENDING_ADJUDICATION,PENDING_ADJUDICATION,"A potentially relevant concept is present, but direct applicability is ambiguous at title/abstract level.",MODERATE,https://pubmed.ncbi.nlm.nih.gov/41698662/,Verified — clear,,,,,NO,"Title/abstract information is insufficient for a substantive scientific, causal, transferability or institutional claim."
EV-0147,41773924,95QZ7ZGL,10.1093/milmed/usag079,"Prevalence and Characteristics of Tobacco/Nicotine Use Among Recent Graduates-United States Military Academy, West Point, New York, 2022-2025.",ADJ-20,PENDING_ADJUDICATION,PENDING_ADJUDICATION,"A potentially relevant concept is present, but direct applicability is ambiguous at title/abstract level.",MODERATE,https://pubmed.ncbi.nlm.nih.gov/41773924/,Verified — clear,,,,,NO,"Title/abstract information is insufficient for a substantive scientific, causal, transferability or institutional claim."
EV-0146,41789227,WVKR53YS,10.1097/ms9.0000000000004697,Epidemiology of stress fractures among military cadets: a retrospective cohort study at a tertiary military medical center.,ADJ-21,PENDING_ADJUDICATION,PENDING_ADJUDICATION,"A potentially relevant concept is present, but direct applicability is ambiguous at title/abstract level.",MODERATE,https://pubmed.ncbi.nlm.nih.gov/41789227/,Verified — clear,,,,,NO,"Title/abstract information is insufficient for a substantive scientific, causal, transferability or institutional claim."
EV-0144,41816934,HA3DUTJS,10.1093/milmed/usag105,Examining External Load Variability in a Cadet Population: Impact on Vertical Jump Performance.,ADJ-21,PENDING_ADJUDICATION,PENDING_ADJUDICATION,"A potentially relevant concept is present, but direct applicability is ambiguous at title/abstract level.",MODERATE,https://pubmed.ncbi.nlm.nih.gov/41816934/,Verified — clear,,,,,NO,"Title/abstract information is insufficient for a substantive scientific, causal, transferability or institutional claim."
EV-0142,41822575,QD7AAZ9B,10.14202/vetworld.2026.389-408,"Operationalizing the One Health approach in a conflict-affected setting: A scientometric review of policy foundations, systemic gaps, and future pathways in Ukraine.",ADJ-21,PENDING_ADJUDICATION,PENDING_ADJUDICATION,"A potentially relevant concept is present, but direct applicability is ambiguous at title/abstract level.",MODERATE,https://pubmed.ncbi.nlm.nih.gov/41822575/,Verified — clear,,,,,NO,"Title/abstract information is insufficient for a substantive scientific, causal, transferability or institutional claim."
EV-0138,41855071,MV4JT9DT,10.1093/milmed/usag130,Using a Public Health Framework to Address Operational Sleep Health.,ADJ-21,PENDING_ADJUDICATION,PENDING_ADJUDICATION,"A potentially relevant concept is present, but direct applicability is ambiguous at title/abstract level.",MODERATE,https://pubmed.ncbi.nlm.nih.gov/41855071/,Verified — clear,,,,,NO,"Title/abstract information is insufficient for a substantive scientific, causal, transferability or institutional claim."
EV-0137,41863396,KX3L9Y73,10.1093/milmed/usag098,"Rehabilitative Interventions for Flight-Related Musculoskeletal Injuries in the Neck, Shoulder, and Back among Military Pilots and Aircrew: A Systematic Review With Meta-Analysis.",ADJ-21,PENDING_ADJUDICATION,PENDING_ADJUDICATION,"A potentially relevant concept is present, but direct applicability is ambiguous at title/abstract level.",MODERATE,https://pubmed.ncbi.nlm.nih.gov/41863396/,Verified — clear,,,,,NO,"Title/abstract information is insufficient for a substantive scientific, causal, transferability or institutional claim."
EV-0129,41906584,B5EUK34J,10.1016/j.jaccas.2026.107030,Bicuspid Aortic Valve Aortopathy in an Athlete: A Case Report and Mini-Review.,ADJ-21,PENDING_ADJUDICATION,PENDING_ADJUDICATION,"A potentially relevant concept is present, but direct applicability is ambiguous at title/abstract level.",MODERATE,https://pubmed.ncbi.nlm.nih.gov/41906584/,Verified — clear,,,,,NO,"Title/abstract information is insufficient for a substantive scientific, causal, transferability or institutional claim."
EV-0123,41964614,ZZ7WNSZW,10.1093/milmed/usag155,Changes in Physical Fitness and Program Utilization During Professional Military Education.,ADJ-21,PENDING_ADJUDICATION,PENDING_ADJUDICATION,"A potentially relevant concept is present, but direct applicability is ambiguous at title/abstract level.",MODERATE,https://pubmed.ncbi.nlm.nih.gov/41964614/,Verified — clear,,,,,NO,"Title/abstract information is insufficient for a substantive scientific, causal, transferability or institutional claim."
EV-0116,41997270,GFMM7RIR,10.1016/j.actatropica.2026.108097,Residual knockdown effects of pyrethroid and neonicotinoid-treated nets on Rhodnius prolixus.,ADJ-21,REVIEW_REQUIRED,PENDING_ADJUDICATION,"A potentially relevant concept is present, but direct applicability is ambiguous at title/abstract level.",MODERATE,https://pubmed.ncbi.nlm.nih.gov/41997270/,Pending,,,,,NO,"Title/abstract information is insufficient for a substantive scientific, causal, transferability or institutional claim."
EV-0113,42028078,AW8438WX,10.1016/j.hrcr.2026.01.014,Idiopathic left posterior fascicular ventricular tachycardia in a military tactical athlete.,ADJ-21,PENDING_ADJUDICATION,PENDING_ADJUDICATION,No abstract is available in the current PubMed record; title alone is insufficient for exclusion.,LOW,https://pubmed.ncbi.nlm.nih.gov/42028078/,Verified — clear,,,,,NO,"Title/abstract information is insufficient for a substantive scientific, causal, transferability or institutional claim."
EV-0111,42053396,BD9AE388,10.1111/psrh.70064,"""It's My Dark Secret"": A Qualitative Study on the Abortion Experiences of US Active-Duty Servicewomen.",ADJ-21,PENDING_ADJUDICATION,PENDING_ADJUDICATION,"A potentially relevant concept is present, but direct applicability is ambiguous at title/abstract level.",MODERATE,https://pubmed.ncbi.nlm.nih.gov/42053396/,Verified — clear,,,,,NO,"Title/abstract information is insufficient for a substantive scientific, causal, transferability or institutional claim."
EV-0109,42066479,XSK9A9UQ,10.1016/j.psychres.2026.117176,A qualitative study of digital CBT for veteran depression: Treatment experiences and recommendations for healthcare system integration.,ADJ-22,PENDING_ADJUDICATION,PENDING_ADJUDICATION,"A potentially relevant concept is present, but direct applicability is ambiguous at title/abstract level.",MODERATE,https://pubmed.ncbi.nlm.nih.gov/42066479/,Verified — clear,,,,,NO,"Title/abstract information is insufficient for a substantive scientific, causal, transferability or institutional claim."
EV-0108,42073479,ZFR5629W,10.3390/life16040671,Personal Protective Equipment Immediately Alters the Core-Skin Temperature Gradient in Recruit Firefighters.,ADJ-22,PENDING_ADJUDICATION,PENDING_ADJUDICATION,"A potentially relevant concept is present, but direct applicability is ambiguous at title/abstract level.",MODERATE,https://pubmed.ncbi.nlm.nih.gov/42073479/,Verified — clear,,,,,NO,"Title/abstract information is insufficient for a substantive scientific, causal, transferability or institutional claim."
EV-0106,42088002,7587TZZW,10.3389/fpsyt.2026.1837016,Correction: Innovating military suicide prevention: learnings from the Australian Defence SafeSide Project.,ADJ-22,REVIEW_REQUIRED,PENDING_ADJUDICATION,The record is a correction concerning a military suicide-prevention implementation study; review the corrected source before relevance adjudication.,MODERATE,https://pubmed.ncbi.nlm.nih.gov/42088002/,Pending,,,,,NO,"Title/abstract information is insufficient for a substantive scientific, causal, transferability or institutional claim."
EV-0105,42088595,9GJEZHTM,10.1080/00049530.2026.2664166,Evaluating real-world uptake of the online Military to Civilian Adjustment and Reintegration Measure among former military members.,ADJ-22,PENDING_ADJUDICATION,PENDING_ADJUDICATION,"A potentially relevant concept is present, but direct applicability is ambiguous at title/abstract level.",MODERATE,https://pubmed.ncbi.nlm.nih.gov/42088595/,Verified — clear,,,,,NO,"Title/abstract information is insufficient for a substantive scientific, causal, transferability or institutional claim."
EV-0104,42090316,N3KR7S4Q,10.1093/milmed/usag218,Implementation of a Patent Foramen Ovale Closure Program in a Role 4 Military Hospital: Initial Experience and Proof-of-Concept for Enhancing Cryptogenic Stroke Care and Military Diving Operational Readiness.,ADJ-22,PENDING_ADJUDICATION,PENDING_ADJUDICATION,"A potentially relevant concept is present, but direct applicability is ambiguous at title/abstract level.",MODERATE,https://pubmed.ncbi.nlm.nih.gov/42090316/,Verified — clear,,,,,NO,"Title/abstract information is insufficient for a substantive scientific, causal, transferability or institutional claim."
EV-0094,42176615,NFCLN2YJ,10.1016/j.nepr.2026.104862,From military to civilian nursing: A grounded theory of non-technical competence and the Four-C model.,ADJ-22,PENDING_ADJUDICATION,PENDING_ADJUDICATION,"A potentially relevant concept is present, but direct applicability is ambiguous at title/abstract level.",MODERATE,https://pubmed.ncbi.nlm.nih.gov/42176615/,Verified — clear,,,,,NO,"Title/abstract information is insufficient for a substantive scientific, causal, transferability or institutional claim."
EV-0085,42233423,39NSEMMZ,10.1111/dewb.70044,The Roles of Military Health Diplomacy and Health Security When Conducting Global Health Engagements That Primarily Promote National Security.,ADJ-22,PENDING_ADJUDICATION,PENDING_ADJUDICATION,"A potentially relevant concept is present, but direct applicability is ambiguous at title/abstract level.",MODERATE,https://pubmed.ncbi.nlm.nih.gov/42233423/,Verified — clear,,,,,NO,"Title/abstract information is insufficient for a substantive scientific, causal, transferability or institutional claim."
EV-0084,42245804,IK8Y3XQQ,10.21203/rs.3.rs-9726844/v1,Integrating Large Language Models into Qualitative Methods in Health Services Research: A Proof-of-Concept Study.,ADJ-22,PENDING_ADJUDICATION,PENDING_ADJUDICATION,"A potentially relevant concept is present, but direct applicability is ambiguous at title/abstract level.",MODERATE,https://pubmed.ncbi.nlm.nih.gov/42245804/,Verified — clear,,,,,NO,"Title/abstract information is insufficient for a substantive scientific, causal, transferability or institutional claim."
EV-0083,42268855,RSXE39VU,10.1093/milmed/usag241,Characteristics and Occupational Trends of Military Tactical Athletes with Repeat Atrial Fibrillation Catheter Ablations.,ADJ-22,PENDING_ADJUDICATION,PENDING_ADJUDICATION,"A potentially relevant concept is present, but direct applicability is ambiguous at title/abstract level.",MODERATE,https://pubmed.ncbi.nlm.nih.gov/42268855/,Verified — clear,,,,,NO,"Title/abstract information is insufficient for a substantive scientific, causal, transferability or institutional claim."
EV-0079,42288715,4I442A5U,10.1007/s11524-026-01086-y,Prioritizing Core Factors Needed to Sustain Hospital-Based Violence Intervention Programs: A Delphi Study.,ADJ-22,PENDING_ADJUDICATION,PENDING_ADJUDICATION,"A potentially relevant concept is present, but direct applicability is ambiguous at title/abstract level.",MODERATE,https://pubmed.ncbi.nlm.nih.gov/42288715/,Verified — clear,,,,,NO,"Title/abstract information is insufficient for a substantive scientific, causal, transferability or institutional claim."
EV-0074,42321991,Z563AFWR,10.1111/1556-4029.70394,New York State's evidential oral fluid testing program.,ADJ-23,PENDING_ADJUDICATION,PENDING_ADJUDICATION,"A potentially relevant concept is present, but direct applicability is ambiguous at title/abstract level.",MODERATE,https://pubmed.ncbi.nlm.nih.gov/42321991/,Verified — clear,,,,,NO,"Title/abstract information is insufficient for a substantive scientific, causal, transferability or institutional claim."
EV-0070,42340123,NR884JWC,10.1111/jep.70496,"Recalibrating PTSD Screening and Prediction: A Pragmatic Agenda to Reduce Missed Cases, False Alarms and Model Hype.",ADJ-23,PENDING_ADJUDICATION,PENDING_ADJUDICATION,"A potentially relevant concept is present, but direct applicability is ambiguous at title/abstract level.",MODERATE,https://pubmed.ncbi.nlm.nih.gov/42340123/,Verified — clear,,,,,NO,"Title/abstract information is insufficient for a substantive scientific, causal, transferability or institutional claim."
EV-0067,42389873,9GJNY5FT,10.1177/15409996261465196,Impact of the Availability of Women's Health Clinics on Unwanted Pregnancy Among Active Duty Service Women.,ADJ-23,PENDING_ADJUDICATION,PENDING_ADJUDICATION,"A potentially relevant concept is present, but direct applicability is ambiguous at title/abstract level.",MODERATE,https://pubmed.ncbi.nlm.nih.gov/42389873/,Verified — clear,,,,,NO,"Title/abstract information is insufficient for a substantive scientific, causal, transferability or institutional claim."
EV-0055,42467735,2ANI88FV,10.1093/milmed/usag333,Impact of Reduced Transport Volume on Deployment Skillsets and Operational En Route Critical Care Skill Sustainment.,ADJ-23,PENDING_ADJUDICATION,PENDING_ADJUDICATION,"A potentially relevant concept is present, but direct applicability is ambiguous at title/abstract level.",MODERATE,https://pubmed.ncbi.nlm.nih.gov/42467735/,Verified — clear,,,,,NO,"Title/abstract information is insufficient for a substantive scientific, causal, transferability or institutional claim."
EV-0053,42472470,BLTKDMAV,10.1093/ptj/pzag074,"The RESOLVE Trial: A Stepped-Wedge, Cluster-Randomized Clinical Trial Evaluating the Effects of Clinical Practice Guidelines and Psychologically Informed Physical Therapy on Low Back Pain Outcomes in Service Members and Veterans.",ADJ-23,PENDING_ADJUDICATION,PENDING_ADJUDICATION,"A potentially relevant concept is present, but direct applicability is ambiguous at title/abstract level.",MODERATE,https://pubmed.ncbi.nlm.nih.gov/42472470/,Verified — clear,,,,,NO,"Title/abstract information is insufficient for a substantive scientific, causal, transferability or institutional claim."
EV-0041,42533972,8SL5C5J6,10.3138/jmvfh-2025-0013,Pharmacogenomics testing to optimize medical countermeasures against chemical warfare agents and bacterial biothreats in military settings.,ADJ-23,PENDING_ADJUDICATION,PENDING_ADJUDICATION,"A potentially relevant concept is present, but direct applicability is ambiguous at title/abstract level.",MODERATE,https://pubmed.ncbi.nlm.nih.gov/42533972/,Verified — clear,,,,,NO,"Title/abstract information is insufficient for a substantive scientific, causal, transferability or institutional claim."
EV-0040,42534052,ZRI82RPN,10.3138/jmvfh-2025-0012,Barriers to and facilitators of measurement-based care in posttraumatic stress disorder treatment: A systematic review.,ADJ-23,PENDING_ADJUDICATION,PENDING_ADJUDICATION,"A potentially relevant concept is present, but direct applicability is ambiguous at title/abstract level.",MODERATE,https://pubmed.ncbi.nlm.nih.gov/42534052/,Verified — clear,,,,,NO,"Title/abstract information is insufficient for a substantive scientific, causal, transferability or institutional claim."
EV-0028,42560215,FVTTTZ4M,10.1093/milmed/usag278,Association Between Same-day Intrauterine Device Placement and Contraceptive Outcomes in the Military Health System.,ADJ-23,PENDING_ADJUDICATION,PENDING_ADJUDICATION,"A potentially relevant concept is present, but direct applicability is ambiguous at title/abstract level.",MODERATE,https://pubmed.ncbi.nlm.nih.gov/42560215/,Verified — clear,,,,,NO,"Title/abstract information is insufficient for a substantive scientific, causal, transferability or institutional claim."
EV-0026,42560223,ABZRERK5,10.1093/milmed/usag097,"Evaluation of Interprofessional Collaboration, Communication, Teamwork, and Prehospital Clinical Competencies Among Military Healthcare Providers During a Medical Trauma Simulation Exercise: A Cross-sectional Study.",ADJ-23,PENDING_ADJUDICATION,PENDING_ADJUDICATION,"A potentially relevant concept is present, but direct applicability is ambiguous at title/abstract level.",MODERATE,https://pubmed.ncbi.nlm.nih.gov/42560223/,Verified — clear,,,,,NO,"Title/abstract information is insufficient for a substantive scientific, causal, transferability or institutional claim."
EV-0024,42560233,6AC92QFW,10.1093/milmed/usaf629,"Assessing the Fidelity, Usability, and Educational Utility of a Comprehensive Training System for Ureteral Trauma Repair Surgery.",ADJ-23,PENDING_ADJUDICATION,PENDING_ADJUDICATION,"A potentially relevant concept is present, but direct applicability is ambiguous at title/abstract level.",MODERATE,https://pubmed.ncbi.nlm.nih.gov/42560233/,Verified — clear,,,,,NO,"Title/abstract information is insufficient for a substantive scientific, causal, transferability or institutional claim."
EV-0019,42564675,758ZMY3V,10.4085/1062-6050-0231.24,National Athletic Trainers' Association Position Statement: Evaluation of Dietary Supplements for Athlete Safety and Performance.,ADJ-24,PENDING_ADJUDICATION,PENDING_ADJUDICATION,"A potentially relevant concept is present, but direct applicability is ambiguous at title/abstract level.",MODERATE,https://pubmed.ncbi.nlm.nih.gov/42564675/,Verified — clear,,,,,NO,"Title/abstract information is insufficient for a substantive scientific, causal, transferability or institutional claim."
EV-0018,42565722,KI5ANE8D,10.1093/milmed/usag368,Estimating the Causal Effect of Alcohol Consumption on Military-Relevant Mental Health Conditions: A Mendelian Randomization Study Using the All of Us Research Program.,ADJ-24,PENDING_ADJUDICATION,PENDING_ADJUDICATION,"A potentially relevant concept is present, but direct applicability is ambiguous at title/abstract level.",MODERATE,https://pubmed.ncbi.nlm.nih.gov/42565722/,Verified — clear,,,,,NO,"Title/abstract information is insufficient for a substantive scientific, causal, transferability or institutional claim."
EV-0006,42623656,2XMNRPEP,10.1093/milmed/usag396,Integrating Ketamine and Autogenic Training for Chronic Pain: A Case Study at Walter Reed National Military Medical Center.,ADJ-24,PENDING_ADJUDICATION,PENDING_ADJUDICATION,"A potentially relevant concept is present, but direct applicability is ambiguous at title/abstract level.",MODERATE,https://pubmed.ncbi.nlm.nih.gov/42623656/,Verified — clear,,,,,NO,"Title/abstract information is insufficient for a substantive scientific, causal, transferability or institutional claim."
EV-1438,6528505,QX9BPBB5,,[Physical readiness for military service based on health status indicators].,ADJ-24,PENDING_ADJUDICATION,PENDING_ADJUDICATION,No abstract is available in the current PubMed record; title alone is insufficient for exclusion.,LOW,https://pubmed.ncbi.nlm.nih.gov/6528505/,Verified — clear,,,,,NO,"Title/abstract information is insufficient for a substantive scientific, causal, transferability or institutional claim."
EV-1436,7166615,888UAF58,10.1007/bf01326551,An evaluation of program implementation strategies for a rural first-responder system.,ADJ-24,PENDING_ADJUDICATION,PENDING_ADJUDICATION,"A potentially relevant concept is present, but direct applicability is ambiguous at title/abstract level.",MODERATE,https://pubmed.ncbi.nlm.nih.gov/7166615/,Verified — clear,,,,,NO,"Title/abstract information is insufficient for a substantive scientific, causal, transferability or institutional claim."
EV-1424,9121672,MQXWIZZR,,First laparoscopic hernia repair onboard an aircraft carrier at sea.,ADJ-24,PENDING_ADJUDICATION,PENDING_ADJUDICATION,"A potentially relevant concept is present, but direct applicability is ambiguous at title/abstract level.",MODERATE,https://pubmed.ncbi.nlm.nih.gov/9121672/,Verified — clear,,,,,NO,"Title/abstract information is insufficient for a substantive scientific, causal, transferability or institutional claim."
EV-1422,9271898,K6TCHHIH,,Training for operational readiness.,ADJ-24,PENDING_ADJUDICATION,PENDING_ADJUDICATION,No abstract is available in the current PubMed record; title alone is insufficient for exclusion.,LOW,https://pubmed.ncbi.nlm.nih.gov/9271898/,Verified — clear,,,,,NO,"Title/abstract information is insufficient for a substantive scientific, causal, transferability or institutional claim."
EV-1420,9430530,HE9NEMFT,10.4269/ajtmh.1997.57.699,Short report: impact of traveler's diarrhea on United States troops deployed to Thailand.,ADJ-24,PENDING_ADJUDICATION,PENDING_ADJUDICATION,"A potentially relevant concept is present, but direct applicability is ambiguous at title/abstract level.",MODERATE,https://pubmed.ncbi.nlm.nih.gov/9430530/,Verified — clear,,,,,NO,"Title/abstract information is insufficient for a substantive scientific, causal, transferability or institutional claim."
EV-1418,9516531,XD498E5P,10.1007/s002679900113,Regulation of Hillside Development in the United States.,ADJ-24,PENDING_ADJUDICATION,PENDING_ADJUDICATION,"A potentially relevant concept is present, but direct applicability is ambiguous at title/abstract level.",MODERATE,https://pubmed.ncbi.nlm.nih.gov/9516531/,Verified — clear,,,,,NO,"Title/abstract information is insufficient for a substantive scientific, causal, transferability or institutional claim."
EV-1417,9591616,P5G4ZSX4,,Back pain in Australian military helicopter pilots: a preliminary study.,ADJ-24,PENDING_ADJUDICATION,PENDING_ADJUDICATION,"A potentially relevant concept is present, but direct applicability is ambiguous at title/abstract level.",MODERATE,https://pubmed.ncbi.nlm.nih.gov/9591616/,Verified — clear,,,,,NO,"Title/abstract information is insufficient for a substantive scientific, causal, transferability or institutional claim."
