Search_Domain,PMID,DOI,PMCID,Title,Abstract,PubMed_URL,Deduplication_Status
fitness,34375489,10.1186/s40101-016-0122-6,PMC5217563,Efficacy of ice slurry and carbohydrate-electrolyte solutions for firefighters.,"To examine the thermoregulatory and fluid-electrolyte responses of firefighters ingesting ice slurry and carbohydrate-electrolyte solutions before and after firefighting operations. Twelve volunteer firefighters put on fireproof clothing and ingested 5 g/kg of beverage in an anteroom at 25°C and 50% relative humidity (RH; pre-ingestion), and then performed 30 minutes of exercise on a cycle ergometer (at 125 W for 10 minutes and then 75 W for 20 minutes) in a room at 35℃ and 50% RH. The participants then returned to the anteroom, removed their fireproof clothing, ingested 20 g/kg of beverage (post-ingestion), and rested for 90 minutes. Three combinations of pre-ingestion and post-ingestion beverages were provided: a 25℃ carbohydrate-electrolyte solution for both (CH condition); 25℃ water for both (W condition); and a -1.7℃ ice slurry pre-exercise and 25℃ carbohydrate-electrolyte solution post-exercise (ICE condition). The elevation of body temperature during exercise was lower in the ICE condition than in the other conditions. The sweat volume during exercise was lower in the ICE condition than in the other conditions. The serum sodium concentration and serum osmolality were lower in the W condition than in the CH condition. The ingestion of ice slurry while firefighters were wearing fireproof clothing before exercise suppressed the elevation of body temperature during exercise. Moreover, the ingestion of carbohydrate-electrolyte solution by firefighters after exercise was useful for recovery from dehydration.",https://pubmed.ncbi.nlm.nih.gov/34375489/,NEW_EXTERNAL_RECORD
fitness,24115029,10.1002/ajim.22260,PMC2660301,High hsCRP is associated with reduced lung function in structural firefighters.,"To assess the association between markers of systemic inflammation and pulmonary function in a population of structural firefighters. We studied male career members of a large Midwestern fire department with questionnaires, spirometry, and high-sensitivity C-reactive protein (hsCRP) as a biomarker of systemic inflammation. We examined percent predicted forced expiratory volume in 1 s (FEV1 %-predicted) and forced vital capacity (FVC%-predicted). Complete data were available for 401 firefighters. Higher hsCRP levels were associated with lower lung function values, after adjusting for confounding variables. Specifically, for every twofold increase in log10-hsCRP, FEV1 %-predicted decreased by a mean 1.5% (95% CI: 0.4, 2.6%) and FVC%-predicted decreased by a mean 1.4% (95% CI: 0.4, 2.3%). hsCRP as a biomarker of systemic inflammation may indicate reduced lung function in structural firefighters.",https://pubmed.ncbi.nlm.nih.gov/24115029/,NEW_EXTERNAL_RECORD
fitness,34116367,10.1016/j.comppsych.2021.152250,,Posttraumatic stress disorder symptoms and neurocognitive functioning in fire fighters: The mediating role of sleep problems and resilience.,"Firefighters are often exposed to terrible and dangerous scenes due to their duties, and thus have a high risk of developing posttraumatic stress disorder(PTSD). The purpose of the study is to examine the relationship between PTSD symptoms, sleep problems, resilience and neurocognitive functioning of firefighters, and to identify the sequential mediating effects of sleep problems and resilience on the relationship between PTSD symptoms and neurocognitive functioning (especially psychomotor speed and processing speed). Data were collected from 325 firefighters in eight fire departments in four regions of Korea. Subjects performed neurocognitive function tests and completed the following questionnaires: Primary Care PTSD Screening, Pittsburgh Sleep Quality Index-K and Connor-Davidson Resilience Scale-2. The correlation and dual mediation effects were analysed using SPSS 22.0 program and PROCESS macro 3.4 program. PTSD symptoms, neurocognitive functioning, sleep problems and resilience were significantly correlated with each other. In the sequential mediation model, the relationship between PTSD and psychomotor speed/processing speed was sequentially mediated by sleep problems and resilience after adjusting for demographic variables. The PTSD symptoms of firefighters were related to a sequential link between sleep problems, low resilience and decreased neurocognitive function. These findings could serve as a basis for more effective and integrated interventional strategies for facilitating better neurocognitive functioning in firefighters.",https://pubmed.ncbi.nlm.nih.gov/34116367/,NEW_EXTERNAL_RECORD
fitness,21386691,10.1097/JOM.0b013e31820af362,PMC2838679,"The prevalence of overweight, obesity, and substandard fitness in a population-based firefighter cohort.","To examine the prevalence of overweight and obesity in firefighters. Body mass index (BMI), waist circumference, and body fat percentage (BF%) were assessed in 478 career and 199 volunteer male firefighters from randomly selected departments. High prevalence rates of overweight + obesity (BMI ≥ 25 kg/m) and obesity (BMI ≥ 30 kg/m) were found in career (79.5%; 33.5%) and volunteer firefighters (78.4%; 43.2%). False-positive obesity misclassification based on BMI, compared to waist circumference and BF%, was low (9.8% and 2.9%, respectively). False negatives were much higher: 32.9% and 13.0%. Obese firefighters demonstrated unfavorable cardiovascular disease (CVD) profiles. The prevalence of overweight and obesity exceeded that of the US general population. Contrary to common wisdom, obesity was even more prevalent when assessed by BF% than by BMI, and misclassifying muscular firefighters as obese by using BMI occurred infrequently.",https://pubmed.ncbi.nlm.nih.gov/21386691/,NEW_EXTERNAL_RECORD
fitness,30566536,10.1016/j.apergo.2016.12.004,PMC1882212,Reliability and agreement of the IsoKai isokinetic lift test - A test used for admission to the Swedish Armed Forces.,"This study was performed to evaluate the reliability and agreement of the IsoKai isokinetic lift test as it is currently administered in admission to the Swedish Armed Forces. The study included an intrarater (n = 534) and interrater reliability sample (n = 137), of Swedish male conscripts who performed the test on two test occasions about two hours apart. Two-to-four lifts were performed at each occasion, and the highest mean (IsoKaiMF) and peak force (IsoKaiPF) produced (N) were used for evaluation. All intraclass coefficients showed excellent reliability. The interrater analyses resulted in intraclass coefficients of 0.942 (95% CI; 0.920-0.959) and 0.858 (95% CI; 0.806-0.896) for the IsoKaiMF and IsoKaiPF, respectively, while the corresponding coefficients for the intrarater analyses were 0.935 (95% CI; 0.923-0.946) and 0.865 (95% CI; 0.842-0.886). Agreement, the capability of a test to detect changes, was assessed by the standard error of measurement (SEM/SEM%) and the smallest real difference (SRD/SRD%). These estimate indicated that it is possible to achieve measurements relevant to use in real practice with the IsoKai isokinetic lift test. Bland and Altman analyses revealed no systematic errors in either sample. Based on these findings, the IsoKai isokinetic lift test is suggested to be a highly reliable test for maximal dynamic muscular strength. The test could be of use in selection procedures in order to accurately evaluate maximal dynamic muscular strength, and for evaluating longitudinal changes in strength.",https://pubmed.ncbi.nlm.nih.gov/30566536/,NEW_EXTERNAL_RECORD
fitness,32605225,10.1016/j.jagp.2016.08.013,PMC3656905,Association between Shift Work and Neurocognitive Function among Firefighters in South Korea: A Prospective Before-After Study.,"Background: Recent research indicates that shift work is associated with neurocognitive function. However, studies that examine the association between shift work and neurocognitive function in firefighters have not yet been performed. We examined the effect of shift work on neurocognitive function in firefighters by measuring and comparing neurocognitive function before and after night shift. Methods: 352 firefighters from eight fire stations in South Korea were included in this study. We performed neurocognitive function test using central nervous system vital signs (CNSVS) during daytime work and on the next day after night work. We performed paired t-tests to assess differences between neurocognitive function before and after night work. We also compared neurocognitive function in insomnia and depression. We used a general linear model to analyze the associations between shiftwork schedule and the changes in neurocognitive function. Results: The neurocognitive function significantly decreased in six domains (composite memory, verbal memory, visual memory, complex attention, psychomotor speed, and motor speed) as did the neurocognitive index on the next day after night work compared with during day work. These decreased domains were the same following night work regardless of the type of shift work. Conclusion: Night work in firefighters may cause neurocognitive decline.",https://pubmed.ncbi.nlm.nih.gov/32605225/,NEW_EXTERNAL_RECORD
fitness,36011697,10.1021/cm00047a006,PMC1876713,White Light-Photolysis for the Removal of Polycyclic Aromatic Hydrocarbons from Proximity Firefighting Protective Clothing.,"The presence of polycyclic aromatic hydrocarbons (PAHs) on firefighters' personal protective equipment is a concern. One form of preventing from these compounds is to decontaminate proximity firefighting protective clothing (PFPC). Traditional decontamination methods do not promote total removal of pollutants and alter the properties of PFPC. The objective of this work was to evaluate the effectiveness of white light-photolysis (WLP), an advanced oxidation process (AOP), for removing PAHs from PFPC, while maintaining the integrity of the fabric fibers. Experiments were carried out, varying reaction time and concentration of H2O2. With WLP (without H2O2), it was possible to remove more than 73% of the PAHs tested from the outer layer of PFPC in 3 days. The WLP provided the greatest removal of PAHs, compared with the most common mechanical decontamination techniques (laundering and wet-soap brushing). The fibers' integrity after exposure to the white light was evaluated with infrared spectroscopy and scanning electron microscopy/energy dispersive X-ray spectrometry. In addition, a tearing strength test was performed. No remarkable fabric degradation was observed, indicating a possible, routine-compatible, simple, and inexpensive method of decontamination of PFPC, based on photolysis, which is effective in the degradation of PAHs and maintains the integrity of fabric fibers.",https://pubmed.ncbi.nlm.nih.gov/36011697/,NEW_EXTERNAL_RECORD
fitness,30768197,10.1519/JSC.0b013e31823e9b19,PMC3913651,Association Between Push-up Exercise Capacity and Future Cardiovascular Events Among Active Adult Men.,"Cardiovascular disease (CVD) remains the leading cause of mortality worldwide. Robust evidence indicates an association of increased physical fitness with a lower risk of CVD events and improved longevity; however, few have studied simple, low-cost measures of functional status. To evaluate the association between push-up capacity and subsequent CVD event incidence in a cohort of active adult men. Retrospective longitudinal cohort study conducted between January 1, 2000, and December 31, 2010, in 1 outpatient clinics in Indiana of male firefighters aged 18 years or older. Baseline and periodic physical examinations, including tests of push-up capacity and exercise tolerance, were performed between February 2, 2000, and November 12, 2007. Participants were stratified into 5 groups based on number of push-ups completed and were followed up for 10 years. Final statistical analyses were completed on August 11, 2018. Cardiovascular disease-related outcomes through 2010 included incident diagnoses of coronary artery disease and other major CVD events. Incidence rate ratios (IRRs) were computed, and logistic regression models were used to model the time to each outcome from baseline, adjusting for age and body mass index (BMI) (calculated as weight in kilograms divided by height in meters squared). Kaplan-Meier estimates for cumulative risk were computed for the push-up categories. A total of 1562 participants underwent baseline examination, and 1104 with available push-up data were included in the final analyses. Mean (SD) age of the cohort at baseline was 39.6 (9.2) years, and mean (SD) BMI was 28.7 (4.3). During the 10-year follow up, 37 CVD-related outcomes (8601 person-years) were reported in participants with available push-up data. Significant negative associations were found between increasing push-up capacity and CVD events. Participants able to complete more than 40 push-ups were associated with a significantly lower risk of incident CVD event risk compared with those completing fewer than 10 push-ups (IRR, 0.04; 95% CI, 0.01-0.36). The findings suggest that higher baseline push-up capacity is associated with a lower incidence of CVD events. Although larger studies in more diverse cohorts are needed, push-up capacity may be a simple, no-cost measure to estimate functional status.",https://pubmed.ncbi.nlm.nih.gov/30768197/,NEW_EXTERNAL_RECORD
fitness,30951145,10.1093/milmed/usz064,,Defining Normal Balance for Army Aviators.,"One challenge clinicians face is determining when a military Service Member (SM) can return to duty after an injury that affects the postural control. The gold standard to measure postural control is the Sensory Organization Test (SOT). This test measures the amount of sway present in an individual's static stance that may be used to examine range of function and monitor recovery from injury. Normative values currently available were developed using a sample of clinically normal adults from the general population (i.e., civilian non-aviator). Previous research suggests that these values should not be used as a comparative cohort for high-performing populations in the military. However, normative values, specific to military SMs, do not exist. The aim of this study was to develop a normative clinical database for functional balance (i.e., the SOT) for military-trained aviators, an occupational specialty that may consist of high performers. Forty-three U.S. Army trained aviators, between 23 and 40 years old with medical clearance for flight operations from the Fort Rucker, Alabama area community consented and participated in this study. The SOT was delivered using the NeuroCom SMART EquiTest Clinical Research System with the Data Acquisition Toolkit (version 9.3). A statistically significant (p < 0.01) difference between the study cohort of Army-trained aviators and the publically available general civilian normative values was found for the more challenging conditions, in which the force plate was not fixed (i.e., conditions four through six). The study cohort of Army-trained aviators were found to have a higher equilibrium score in each of these three conditions. Similarly, a significant difference (p < 0.01) between the two cohorts was found on the visual and vestibular sensory analysis ratios, and the visual preference scores (i.e., greater reliance upon visual information in the maintenance of balance). The study cohort were found to have a higher ratios (i.e., greater dependence upon these sensory cues) in each of these conditions. Army-trained aviators are high-functioning performers whose SOT scores differ from that of the general civilian population, particularly for the more challenging test conditions. New normative values were developed from this study population. Use of the developed normative values could be used as a comparative cohort in screening aviators who are recovering from injuries that affect postural stability.",https://pubmed.ncbi.nlm.nih.gov/30951145/,NEW_EXTERNAL_RECORD
fitness,29116045,10.5604/01.3001.0010.2241,,Contemporary noise-induced hearing loss (NIHL) prevention.,"Hearing impairment caused by noise, traditionally called - depending on the duration of exposure - acute or chronic acoustic trauma, includes, in addition to presbyacusis, the most common adult population of hearing impaired. In Poland - according to the report of the Central Statistical Office (GUS, 2011), the number of workers employed in NDN exceeded the noise level (85 dB) is about 200 thousand, the highest in the mining, metal and metal products production, textiles and wood production. According to the Regulation of the Council of Ministers of on June 30, 2009, on the list of occupational diseases (Journal of Laws No. 132, item 1115), it is defined as &quot;bilateral permanent hearing loss of the cochlear or sensory-nerve type, expressed as an increase in hearing threshold of at least 45 dB in the ear better heard, calculated as an arithmetic mean for frequencies 1,2 and 3 kHz. Hearing impairments also occur in the military and police during field training and in combat where the source of acoustic injuries are firearms and pulse-inducing explosions (as in some industries) with high C peak levels (Lc peak) Time to rise to a maximum of &lt;1 ms. The prevalence of loud music listening, particularly by personal stereo players, is also affecting children and adolescents with audiometric hearing loss, according to the World Health Organization (WHO) estimates of around 15-20%. The preventive action strategy is defined by the European Union legislation and the national implementing legislation that reduces or eliminates the risk and reduces (if not eliminated), taking into account available technical and organizational solutions to minimize the risk of hearing damage. If you can not reduce the noise levels with technical and organizational methods, you need individual hearing protectors. Ear protectors may be equipped with electronic systems with active noise reduction (which can improve low and medium frequency performance), adjustable attenuation (improves speech intelligibility and perception of warning signals), and wireless communication for verbal communication.",https://pubmed.ncbi.nlm.nih.gov/29116045/,NEW_EXTERNAL_RECORD
fitness,31876454,10.4085/1062-6050-75-18,PMC5224735,Functional Performance of Firefighters After Exposure to Environmental Conditions and Exercise.,"Slips, trips, and falls are leading causes of musculoskeletal injuries in firefighters. Researchers have hypothesized that heat stress is the major contributing factor to these fireground injuries. To examine the effect of environmental conditions, including hot and ambient temperatures, and exercise on functional and physiological outcome measures, including balance, rectal temperature, and perceived exertion. Randomized controlled clinical trial. Laboratory environmental chamber. A total of 13 healthy, active career firefighters (age = 26 ± 6 years [range = 19-35 years], height = 178.61 ± 4.93 cm, mass = 86.56 ± 16.13 kg). Independent variables consisted of 3 conditions (exercise in heat [37.41°C], standing in heat [37.56°C], and exercise in ambient temperature [14.24°C]) and 3 data-collection times (preintervention, postintervention, and postrecovery). Each condition was separated from the others by at least 1 week and lasted a maximum of 40 minutes or until the participant reached volitional fatigue or a rectal temperature of 40.0°C. Firefighting-specific functional balance performance index, rectal temperature, and rating of perceived exertion. Exercise in the heat decreased functional balance, increased rectal temperature, and altered the perception of exertion compared with the other intervention conditions. A bout of exercise in a hot, humid environment increased rectal temperature in a similar way to that reported in the physically active population and negatively affected measures of functional balance. Rather than independently affecting balance, the factors of exercise and heat stress appeared to combine, leading to an increased likelihood of slips, trips, and falls.",https://pubmed.ncbi.nlm.nih.gov/31876454/,ALREADY_IN_CANONICAL_UNIVERSE
fitness,31424077,10.1093/occmed/kqz110,PMC4901472,Recruit fitness and police academy performance: a prospective validation study.,"Police academies need fit recruits to successfully engage in training activities. In a previous retrospective study, we documented that recruits with poor fitness at entry to the academy had significantly lower graduation rates, and we also suggested evidence-based entry-level fitness recommendations. To validate our findings in a prospective cohort of police recruits. Recruits entering Massachusetts municipal police academies during 2015-16 were followed prospectively until they dropped out, failed or successfully graduated their academy classes. Entry-level fitness was quantified at the start of each training class using: body composition, push-ups, sit-ups, sit-and-reach and 1.5-mile run time. The primary outcome of interest was the odds of failure (not successfully graduating from an academy). We used logistic regression to assess the probability of not graduating, based on entry-level fitness. On average, successful graduates were leaner and possessed better overall entry-level fitness. After adjusting for age, gender and body mass index, several fitness measures were strongly associated with academy failure: fewer sit-ups completed (OR 9.6 (95% CI 3.5-26.3) (≤15 versus 41-60)); fewer push-ups completed (OR 6.7 (95% CI 2.5-17.5) (≤20 versus 41-60)); and slower run times (OR 18.4 (95% CI 6.8-50.2) (1.5 miles in > 15 min 20 s versus 10 min 37 s to 12 min 33 s)). The prospective study results supported previously suggested minimum entry-level fitness (95% graduation rate) and target (98% graduation rate) recommendations. Push-ups completed and 1.5-mile run time at police academy entry were successfully validated as predictors of successful academy graduation, while sit-ups were also a strong independent predictor in the prospective study.",https://pubmed.ncbi.nlm.nih.gov/31424077/,NEW_EXTERNAL_RECORD
fitness,40048004,10.1371/journal.pone.0132088,PMC4503422,Differential metabolic profiles by Hispanic ethnicity among male Tucson firefighters.,"Firefighters face regular exposure to known and probable human carcinogens, such as polycyclic aromatic hydrocarbons (PAHs), benzene, and formaldehyde, leading to an increased risk of various cancers compared to the general population. Hispanic and black firefighters are at increased risk of additional cancers not elevated in non-Hispanic white firefighters, yet biological pathways underlying these differences are unknown. The study objectives were to evaluate differences in the urinary metabolome between Hispanic and non-Hispanic firefighters, pre-and post-fireground exposure. To investigate the metabolic patterns, we employed a comprehensive metabolomics pipeline that leveraged liquid chromatography coupled with high-resolution mass spectrometry. We applied linear mixed effects regression to identify the differential metabolites at an FDR < 0.05 among 19 Hispanic and 81 non-Hispanic firefighters. We also performed overrepresentation analysis using Mummichog to identify enriched pathways at FDR < 0.05. Out of 175 features in HILIC(-) mode and 1847 features in RP(+) mode, we found 26 and 276 differential urinary features, respectively, when comparing Hispanic and non-Hispanic firefighters. We noted pathway enrichment in tryptophan and galactose metabolism. However, post-exposure, we did not observe differences in the metabolomic response by ethnicity despite differing fireground exposures. Dysregulation in the tryptophan and galactose pathway is an important contributor to cancer risks and may explain the increased cancer risk among Hispanic firefighters.",https://pubmed.ncbi.nlm.nih.gov/40048004/,NEW_EXTERNAL_RECORD
fitness,34414822,10.1519/JSC.0b013e3181b3df32,PMC6016620,Biological Responses to Short-Term Maximal Exercise in Male Police Officers.,"The specifics of short-term physical exercise are similar to the immediate reaction demands placed on police officers. Identifying the physiological predisposition to short-term high-intensity exercise in male law enforcement officers will assist in understanding their metabolism and make a significant contribution to a much more personal and individualized workout program. This will improve physical fitness of individual officers, improving their preparedness for such times of emergency. This cross-sectional study was conducted to investigate the responses of hematological (erythrocytes, hemoglobin, hematocrit, leucocytes, monocytes, neutrophils, lymphocytes), hormonal (testosterone, cortisol, melatonin), biochemical (glucose, uric-acid, lactate, creatine-phosphokinase) data to short-term maximal exercise in male police officers (n = 20). Blood samples were collected before- and after- the running-based anaerobic sprint test (RAST), and biological values were corrected for fluid shifts. Data were mean ± standard deviation of differences (= after minus before RAST). After the RAST, values of cortisol, lactate, neutrophils, lymphocytes, and monocytes increased significantly by 7.01 ± 37.36 mmol/l, 7.55 ± 1.67 mmol/l, 0.17 ± 0.26 103/µl, 0.61 ± 0.28 103/µl, and 0.10 ± 0.13 103/µl, respectively. After the RAST, values of melatonin, uric-acid, creatine-phosphokinase, hemoglobin, and hematocrit decreased significantly by -13.24 ± 4.60 pg/ml, -13.28 ± 14.35 µmol/l, -10.23 ± 10.13 IU/l, -2.01 ± 0.81 g/dl, and -4.46 ± 0.59%, respectively. Biological data of male police officers were affected by sprint test. Understanding changes in biological data following short-term maximal exercise can further assist in a better understanding of anaerobic metabolism, which will be helpful to find available methods for coaches to quantify training loads.",https://pubmed.ncbi.nlm.nih.gov/34414822/,NEW_EXTERNAL_RECORD
fitness,29016876,10.1093/occmed/kqx127,PMC4890098,Recruit Fitness as a Predictor of Police Academy Graduation.,"Suboptimal recruit fitness may be a risk factor for poor performance, injury, illness, and lost time during police academy training. To assess the probability of successful completion and graduation from a police academy as a function of recruits' baseline fitness levels at the time of academy entry. Retrospective study where all available records from recruit training courses held (2006-2012) at all Massachusetts municipal police academies were reviewed and analysed. Entry fitness levels were quantified from the following measures, as recorded at the start of each training class: body composition, push-ups, sit-ups, sit-and-reach, and 1.5-mile run-time. The primary outcome of interest was the odds of not successfully graduating from an academy. We used generalized linear mixed models in order to fit logistic regression models with random intercepts for assessing the probability of not graduating, based on entry-level fitness. The primary analyses were restricted to recruits with complete entry-level fitness data. The fitness measures most strongly associated with academy failure were lesser number of push-ups completed (odds ratio [OR] = 5.2, 95% confidence interval [CI] 2.3-11.7, for 20 versus 41-60 push-ups) and slower run times (OR = 3.8, 95% CI 1.8-7.8, [1.5 mile run time of ≥15'20″] versus [12'33″ to 10'37″]). Baseline pushups and 1.5-mile run-time showed the best ability to predict successful academy graduation, especially when considered together. Future research should include prospective validation of entry-level fitness as a predictor of subsequent police academy success.",https://pubmed.ncbi.nlm.nih.gov/29016876/,NEW_EXTERNAL_RECORD
sleep,27612937,10.1016/j.neubiorev.2016.09.001,,"A review of caffeine's effects on cognitive, physical and occupational performance.","Caffeine is consumed by over 80% of U.S. adults. This review examines the effects caffeine has on cognitive and physical function, since most real-world activities require complex decision making, motor processing and movement. Caffeine exerts its effects by blocking adenosine receptors. Following low (∼40mg or ∼0.5mgkg-1) to moderate (∼300mg or 4mgkg-1) caffeine doses, alertness, vigilance, attention, reaction time and attention improve, but less consistent effects are observed on memory and higher-order executive function, such as judgment and decision making. Effects on physical performance on a vast array of physical performance metrics such as time-to-exhaustion, time-trial, muscle strength and endurance, and high-intensity sprints typical of team sports are evident following doses that exceed about 200mg (∼3mgkg-1). Many occupations, including military, first responders, transport workers and factory shift workers, require optimal physical and cognitive function to ensure success, workplace safety and productivity. In these circumstances, that may include restricted sleep, repeated administration of caffeine is an effective strategy to maintain physical and cognitive capabilities.",https://pubmed.ncbi.nlm.nih.gov/27612937/,NEW_EXTERNAL_RECORD
sleep,32282177,10.37765/ajmc.2020.42769,,"Insomnia overview: epidemiology, pathophysiology, diagnosis and monitoring, and nonpharmacologic therapy.","Insomnia, whether short-term or chronic, is a common condition. It has a negative impact on vulnerable patient groups, including active military personnel and veterans, patients with coexisting psychiatric and medical disorders, those in life transitions such as menopause, and elderly persons. Although cognitive behavioral therapy for insomnia (CBTI) is first-line treatment for insomnia, its high cost and a lack of trained providers has prevented widespread uptake. Now, digital CBTI (dCBTI) is emerging as a scalable option with the potential to overcome these barriers in managed care. The first part of this article reviews the epidemiology and pathophysiology of insomnia with a focus on vulnerable patient groups. The second part explores the rapidly evolving landscape of nondrug therapy for insomnia. The underlying concepts and supporting evidence for CBTI and dCBTI are presented, including their utility in vulnerable patient groups.",https://pubmed.ncbi.nlm.nih.gov/32282177/,NEW_EXTERNAL_RECORD
sleep,32605225,10.1016/j.jagp.2016.08.013,PMC3656905,Association between Shift Work and Neurocognitive Function among Firefighters in South Korea: A Prospective Before-After Study.,"Background: Recent research indicates that shift work is associated with neurocognitive function. However, studies that examine the association between shift work and neurocognitive function in firefighters have not yet been performed. We examined the effect of shift work on neurocognitive function in firefighters by measuring and comparing neurocognitive function before and after night shift. Methods: 352 firefighters from eight fire stations in South Korea were included in this study. We performed neurocognitive function test using central nervous system vital signs (CNSVS) during daytime work and on the next day after night work. We performed paired t-tests to assess differences between neurocognitive function before and after night work. We also compared neurocognitive function in insomnia and depression. We used a general linear model to analyze the associations between shiftwork schedule and the changes in neurocognitive function. Results: The neurocognitive function significantly decreased in six domains (composite memory, verbal memory, visual memory, complex attention, psychomotor speed, and motor speed) as did the neurocognitive index on the next day after night work compared with during day work. These decreased domains were the same following night work regardless of the type of shift work. Conclusion: Night work in firefighters may cause neurocognitive decline.",https://pubmed.ncbi.nlm.nih.gov/32605225/,POSSIBLE_DUPLICATE
sleep,21149360,10.1089/jop.2009.0037,PMC1042290,The injured eye.,"Eye injuries come at a high cost to society and are avoidable. Ocular blast injuries can be primary, from the blast wave itself; secondary, from fragments carried by the blast wind; tertiary; due to structural collapse or being thrown against a fixed object; or quaternary, from burns and indirect injuries. Ballistic eye protection significantly reduces the incidence of eye injuries and should be encouraged from an early stage in Military training. Management of an injured eye requires meticulous history taking, evaluation of vision that measures the acuity and if there is a relative pupillary defect as well as careful inspection of the eyes, under anaesthetic if necessary. A lateral canthotomy with cantholysis should be performed immediately if there is a sight-threatening retrobulbar haemorrhage. Systemic antibiotics should be prescribed if there is a suspected penetrating or perforating injury. A ruptured globe should be protected by an eye shield. Primary repair of ruptured globes should be performed in a timely fashion. Secondary procedures will often be required at a later date to achieve sight preservation. A poor initial visual acuity is not a guarantee of a poor final result. The final result can be predicted after approximately 3-4 weeks. Future research in eye injuries attempts to reduce scarring and neuronal damage as well as to promote photoreceptor rescue, using post-transcriptional inhibition of cell death pathways and vaccination to promote neural recovery. Where the sight has been lost sensory substitution of a picture from a spectacle mounted video camera to the touch receptors of the tongue can be used to achieve appreciation of the outside world.",https://pubmed.ncbi.nlm.nih.gov/21149360/,NEW_EXTERNAL_RECORD
sleep,33893376,10.1007/s11920-017-0816-4,PMC5548844,Sleep parameters improvement in PTSD soldiers after symptoms remission.,"Eye movement desensitization and reprocessing (EMDR) is a psychotherapy for the treatment of posttraumatic stress disorder (PTSD). It is still unclear whether symptoms remission through EMDR therapy is associated with a beneficial effect on one of the PTSD symptoms, sleep disturbance. Our objective was therefore to study sleep parameters before and after symptom remission in soldiers with PTSD. The control group consisted of 20 healthy active duty military men who slept in a sleep lab with standard polysomnography (PSG) on two sessions separated by one month. The patient group consisted of 17 active duty military with PTSD who underwent EMDR therapy. PSG-recorded sleep was assessed 1 week before the EMDR therapy began and 1 week after PTSD remission. We found that the increased REMs density after remission was positively correlated with a greater decrease of symptoms. Also, the number of EMDR sessions required to reach remission was correlated with intra-sleep awakenings before treatment. These results confirm the improvement of some sleep parameters in PTSD after symptoms remission in a soldier's population and provide a possible predictor of treatment success. Further experiments will be required to establish whether this effect is specific to the EMDR therapy.",https://pubmed.ncbi.nlm.nih.gov/33893376/,NEW_EXTERNAL_RECORD
sleep,35298459,10.1371/journal.pone.0096532,PMC4010506,"Recommendations for daytime, evening, and nighttime indoor light exposure to best support physiology, sleep, and wakefulness in healthy adults.","Ocular light exposure has important influences on human health and well-being through modulation of circadian rhythms and sleep, as well as neuroendocrine and cognitive functions. Prevailing patterns of light exposure do not optimally engage these actions for many individuals, but advances in our understanding of the underpinning mechanisms and emerging lighting technologies now present opportunities to adjust lighting to promote optimal physical and mental health and performance. A newly developed, international standard provides a SI-compliant way of quantifying the influence of light on the intrinsically photosensitive, melanopsin-expressing, retinal neurons that mediate these effects. The present report provides recommendations for lighting, based on an expert scientific consensus and expressed in an easily measured quantity (melanopic equivalent daylight illuminance (melaponic EDI)) defined within this standard. The recommendations are supported by detailed analysis of the sensitivity of human circadian, neuroendocrine, and alerting responses to ocular light and provide a straightforward framework to inform lighting design and practice.",https://pubmed.ncbi.nlm.nih.gov/35298459/,NEW_EXTERNAL_RECORD
sleep,31185484,10.1038/s41386-019-0431-7,PMC3220278,Sleep in the United States Military.,"The military lifestyle often includes continuous operations whether in training or deployed environments. These stressful environments present unique challenges for service members attempting to achieve consolidated, restorative sleep. The significant mental and physical derangements caused by degraded metabolic, cardiovascular, skeletomuscular, and cognitive health often result from insufficient sleep and/or circadian misalignment. Insufficient sleep and resulting fatigue compromises personal safety, mission success, and even national security. In the long-term, chronic insufficient sleep and circadian rhythm disorders have been associated with other sleep disorders (e.g., insomnia, obstructive sleep apnea, and parasomnias). Other physiologic and psychologic diagnoses such as post-traumatic stress disorder, cardiovascular disease, and dementia have also been associated with chronic, insufficient sleep. Increased co-morbidity and mortality are compounded by traumatic brain injury resulting from blunt trauma, blast exposure, and highly physically demanding tasks under load. We present the current state of science in human and animal models specific to service members during- and post-military career. We focus on mission requirements of night shift work, sustained operations, and rapid re-entrainment to time zones. We then propose targeted pharmacological and non-pharmacological countermeasures to optimize performance that are mission- and symptom-specific. We recognize a critical gap in research involving service members, but provide tailored interventions for military health care providers based on the large body of research in health care and public service workers.",https://pubmed.ncbi.nlm.nih.gov/31185484/,NEW_EXTERNAL_RECORD
sleep,30736880,10.5664/jcsm.7642,PMC3617579,Trauma-Associated Sleep Disorder: A Posttraumatic Stress/REM Sleep Behavior Disorder Mash-Up?,"Trauma-associated sleep disorder (TASD) is a parasomnia sharing characteristics of post-traumatic stress disorder (PTSD) and REM sleep behavior disorder (RBD) including dream-enactment behavior (DEB). Here we report REM sleep without atonia (RSWA) and other neurological features in a patient with complex vocal and motor DEB following traumatic combat military exposure. Post-discharge, his wife observed frequent yelling and jerking during sleep with dream mentation reminiscent of traumatic military experiences. He was initially diagnosed with PTSD. Polysomnography demonstrated RSWA and severe obstructive sleep apnea treated with nasal continuous positive airway pressure (CPAP). Dream-enactment behavior severity and frequency was reduced, but still persisted despite nasal CPAP and sequential fluoxetine, escitalopram, prazosin, and melatonin trials. Our case demonstrated overlapping clinical features of PTSD and RBD with polysomnography features of RSWA supportive of idiopathic RBD but no ""soft signs"" suggesting underlying synucleinopathy. Longitudinal follow-up of larger case series must clarify whether TASD consistently manifests REM sleep atonia loss and determine the phenoconversion risk for synucleinopathy neurodegeneration. A commentary on this article appears in this issue on page 181.",https://pubmed.ncbi.nlm.nih.gov/30736880/,NEW_EXTERNAL_RECORD
sleep,24102345,10.1111/bph.12415,PMC6672863,The hypocretins/orexins: integrators of multiple physiological functions.,"The hypocretins (Hcrts), also known as orexins, are two peptides derived from a single precursor produced in the posterior lateral hypothalamus. Over the past decade, the orexin system has been associated with numerous physiological functions, including sleep/arousal, energy homeostasis, endocrine, visceral functions and pathological states, such as narcolepsy and drug abuse. Here, we review the discovery of Hcrt/orexins and their receptors and propose a hypothesis as to how the orexin system orchestrates these multifaceted physiological functions.",https://pubmed.ncbi.nlm.nih.gov/24102345/,NEW_EXTERNAL_RECORD
sleep,30951145,10.1093/milmed/usz064,,Defining Normal Balance for Army Aviators.,"One challenge clinicians face is determining when a military Service Member (SM) can return to duty after an injury that affects the postural control. The gold standard to measure postural control is the Sensory Organization Test (SOT). This test measures the amount of sway present in an individual's static stance that may be used to examine range of function and monitor recovery from injury. Normative values currently available were developed using a sample of clinically normal adults from the general population (i.e., civilian non-aviator). Previous research suggests that these values should not be used as a comparative cohort for high-performing populations in the military. However, normative values, specific to military SMs, do not exist. The aim of this study was to develop a normative clinical database for functional balance (i.e., the SOT) for military-trained aviators, an occupational specialty that may consist of high performers. Forty-three U.S. Army trained aviators, between 23 and 40 years old with medical clearance for flight operations from the Fort Rucker, Alabama area community consented and participated in this study. The SOT was delivered using the NeuroCom SMART EquiTest Clinical Research System with the Data Acquisition Toolkit (version 9.3). A statistically significant (p < 0.01) difference between the study cohort of Army-trained aviators and the publically available general civilian normative values was found for the more challenging conditions, in which the force plate was not fixed (i.e., conditions four through six). The study cohort of Army-trained aviators were found to have a higher equilibrium score in each of these three conditions. Similarly, a significant difference (p < 0.01) between the two cohorts was found on the visual and vestibular sensory analysis ratios, and the visual preference scores (i.e., greater reliance upon visual information in the maintenance of balance). The study cohort were found to have a higher ratios (i.e., greater dependence upon these sensory cues) in each of these conditions. Army-trained aviators are high-functioning performers whose SOT scores differ from that of the general civilian population, particularly for the more challenging test conditions. New normative values were developed from this study population. Use of the developed normative values could be used as a comparative cohort in screening aviators who are recovering from injuries that affect postural stability.",https://pubmed.ncbi.nlm.nih.gov/30951145/,POSSIBLE_DUPLICATE
sleep,40693646,10.1089/jcr.2017.0006,PMC5582588,A caffeine and theacrine combination improves cognitive performance in tactical personnel under physically fatiguing conditions.,"Optimizing human performance under stressful physical and cognitive conditions is paramount during high-stakes military operations. As such, interventions to improve warfighter performance by mitigating task-induced cognitive performance deficits are necessary. While caffeine is the most widely consumed psychoactive substance in the world, common side effects (i.e. anxiousness, micro-saccades, irritability) may be detrimental to warfighter operations. Theacrine, a purine alkaloid similar in structure to caffeine but with a longer half-life, less habituation, and fewer side effects, is proposed as a caffeine-alternative to enhance cognitive resilience. Tactically trained participants (n = 20; F = 5; M = 16; age = 21.5 ± 3.8 y) completed one baseline and three experimental visits. Baseline included familiarization with cognitive tasks and a graded exercise test to determine VO2max. Experimental sessions, separated by ≥96 hours, were double-blind, placebo-controlled, and randomized. Participants completed cognitive testing (Dynavision, Trazer, Object Hit and Avoid, Anti-Saccade, Two-Back), consumed either 300 mg caffeine (CAF), 150 mg caffeine +150 mg theacrine (CTC), or placebo (PLA), and repeated cognitive tests 60-min post supplementation. After a high-intensity interval exercise session (10 intervals at >90% VO2max with recovery), reaction time (RT) tests were repeated after the 4th and 8th intervals, as well as immediately and 30-min post-exercise. Heart rate was measured continuously. Change scores were calculated from baseline, and data analyzed using repeated measures ANOVA (α = 0.05) with Bonferroni correction. Both CAF and CTC consistently enhanced cognitive and physical performance compared to PLA. In the Two-Back task, CTC showed significantly higher total accuracy (p < 0.01), while both CAF and CTC had fewer target (p < 0.01) and non-target errors (CAF: p = 0.03; CTC: p < 0.01) than PLA. CTC also had significantly faster RTs (p = 0.03) and lower RT variability for non-target trials compared to both PLA and CAF (p < 0.01). For the Dynavision Go/NoGo task, both CTC (p = 0.01) and CAF (p = 0.03) had significantly faster RTs than PLA, regardless of time point. Post-exercise, accuracy (p = 0.01) and RTs (p < 0.01) improved significantly compared to post-supplement. In the Object Hit & Avoid task, CAF and CTC significantly improved task accuracy (p < 0.01) while reducing omission (p < 0.01) and commission errors (p < 0.01) compared to PLA. HRV measures (RMSSD, NN intervals, SDNN) significantly increased post-supplementation (p < 0.01) but decreased immediately (p < 0.01) and 30 min post-exercise (p < 0.01). Blood lactate significantly declined at 5 (p < 0.01) and 10 min (p < 0.01) post-exercise compared to immediately post-exercise. SIngestion of CAF and CTC improved various measures of cognitive performance before, and after fatiguing exercise. Furthermore, CTC had additional cognitive benefits beyond CAF. Thus, combining lower-dose caffeine and theacrine may improve cognitive-behavioral performance before and after fatiguing exercise to an equal or greater degree than higher doses of caffeine alone. This combination offers a non-pharmacological intervention for those who experience side effects with caffeine to mitigate the impact of physical and cognitive stress. Future research should examine higher doses of theacrine alone or with caffeine, chronic supplementation, extended exercise durations, and different cognitive metrics under varied stress and environmental conditions.",https://pubmed.ncbi.nlm.nih.gov/40693646/,NEW_EXTERNAL_RECORD
sleep,32814592,10.1186/s40779-020-00268-2,PMC1885631,Circadian misalignment on submarines and other non-24-h environments - from research to application.,"Circadian clocks have important physiological and behavioral functions in humans and other organisms, which enable organisms to anticipate and respond to periodic environmental changes. Disturbances in circadian rhythms impair sleep, metabolism, and behavior. People with jet lag, night workers and shift workers are vulnerable to circadian misalignment. In addition, non-24-h cycles influence circadian rhythms and cause misalignment and disorders in different species, since these periods are beyond the entrainment ranges. In certain special conditions, e.g., on submarines and commercial ships, non-24-h watch schedules are often employed, which have also been demonstrated to be deleterious to circadian rhythms. Personnel working under such conditions suffer from circadian misalignment with their on-watch hours, leading to increased health risks and decreased cognitive performance. In this review, we summarize the research progress and knowledge concerning circadian rhythms on submarines and other environments in which non-24-h watch schedules are employed.",https://pubmed.ncbi.nlm.nih.gov/32814592/,NEW_EXTERNAL_RECORD
sleep,32957661,10.1186/s12891-018-2390-2,PMC6320591,The Physical Fitness Effects of a Week-Long Specialist Tactical Police Selection Course.,"Specialist police tactical teams, like special operations military personnel, are tasked with dangerous, high risk missions which are beyond the scope of general police. Consequently, the selection courses for entry into these teams are physiologically and psychologically demanding. The purpose of this study was to examine the physiological effects of a five-day selection course to aid in candidate preparation and course planning. Measures included body mass, grip strength, sit-and-reach flexibility, and a vertical jump assessment. Eleven candidates finished the selection course with significant decreases in body mass (-2.05 kg, p = 0.006 (95% CI = 3.65-0.45)), grip strength in the right (-14.48 kg, p < 0.001 (95% CI = 21.32-7.64)) and left (-14.27 kg, p < 0.001 (95% CI = 21.89-6.66)) hands and in sit-and-reach flexibility (-6.64 cm, p < 0.001 (95% CI = 9.94-3.33)). No significant decreases in power output or peak jump velocity of 669.77 W (95% CI = 1942.92-603.39) and 0.28 m/s (95% CI = 0.69-0.14) were found and a non-significant, overall increase in vertical jump height of 6.09 cm (95% CI = -6.08 to 18.79) was seen. Decreases in body mass, grip strength and lower limb flexibility are evident in a grueling five-day selection course. Individuals planning on attending these courses should plan for these negative effects and build redundancy into their performance to minimize the effects of fatigue, decrease injury risk and maximize chances of completion.",https://pubmed.ncbi.nlm.nih.gov/32957661/,NEW_EXTERNAL_RECORD
sleep,28364589,10.1016/j.comppsych.2014.09.007,PMC3130348,Investigating insomnia as a cross-sectional and longitudinal predictor of loneliness: Findings from six samples.,"Loneliness has been repeatedly associated with sleep problems; however, there is a dearth of research examining the prospective relationship between insomnia and loneliness, as well as this association controlling for other psychiatric symptoms. This study evaluated the cross-sectional and prospective relationship between insomnia and loneliness using six samples: 666 undergraduates; 2785 Army recruiters; 208 adults with a history of suicidality and/or depression; 343 adult psychiatric outpatients; 326 young adults at elevated suicide risk; and 183 undergraduates. A meta-analysis also was conducted to examine the magnitude of the relationship between insomnia and loneliness across the six studies. More severe insomnia symptoms were significantly associated with greater feelings of loneliness while accounting for some (e.g., anxiety, nightmares) but not all (i.e., depression) psychiatric covariates. Findings underscore the strength of the association between insomnia and loneliness and suggest that depression may account for this relationship. Additional studies are needed to further establish the temporal relationship between these variables, delineate the role of depression in the association between insomnia and loneliness, and test whether insomnia may confer unique risk for subsequent loneliness.",https://pubmed.ncbi.nlm.nih.gov/28364589/,NEW_EXTERNAL_RECORD
sleep,34081035,10.1097/PAS.0000000000001757,PMC5408737,Postdeployment Respiratory Syndrome in Soldiers With Chronic Exertional Dyspnea.,"After deployment to Southwest Asia, some soldiers develop persistent respiratory symptoms, including exercise intolerance and exertional dyspnea. We identified 50 soldiers with a history of deployment to Southwest Asia who presented with unexplained dyspnea and underwent an unrevealing clinical evaluation followed by surgical lung biopsy. Lung tissue specimens from 17 age-matched, nonsmoking subjects were used as controls. Quantitative histomorphometry was performed for evaluation of inflammation and pathologic remodeling of small airways, pulmonary vasculature, alveolar tissue and visceral pleura. Compared with control subjects, lung biopsies from affected soldiers revealed a variety of pathologic changes involving their distal lungs, particularly related to bronchovascular bundles. Bronchioles from soldiers had increased thickness of the lamina propria, smooth muscle hypertrophy, and increased collagen content. In adjacent arteries, smooth muscle hypertrophy and adventitial thickening resulted in increased wall-to-lumen ratio in affected soldiers. Infiltration of CD4 and CD8 T lymphocytes was noted within airway walls, along with increased formation of lymphoid follicles. In alveolar parenchyma, collagen and elastin content were increased and capillary density was reduced in interalveolar septa from soldiers compared to control subjects. In addition, pleural involvement with inflammation and/or fibrosis was present in the majority (92%) of soldiers. Clinical follow-up of 29 soldiers (ranging from 1 to 15 y) showed persistence of exertional dyspnea in all individuals and a decline in total lung capacity. Susceptible soldiers develop a postdeployment respiratory syndrome that includes exertional dyspnea and complex pathologic changes affecting small airways, pulmonary vasculature, alveolar tissue, and visceral pleura.",https://pubmed.ncbi.nlm.nih.gov/34081035/,NEW_EXTERNAL_RECORD
tactical_medicine,28381942,10.1055/s-0036-1597315,PMC4757623,Transanal Minimally Invasive Surgery.,"Transanal endoscopic surgery (TES) techniques encompass a variety of approaches, including transanal endoscopic microsurgery and transanal minimally invasive surgery. These allow a surgeon to perform local excision of rectal lesions with minimal morbidity and the potential to spare the need for proctectomy. As understanding of the long-term outcomes from these procedures has evolved, so have the indications for TES. In this study, we review the development of TES, its early results, and the evolution of new surgical techniques. In addition, we evaluate the most recent research on indications and outcomes in rectal cancer.",https://pubmed.ncbi.nlm.nih.gov/28381942/,NEW_EXTERNAL_RECORD
tactical_medicine,22745615,10.7812/tpp/11-120,PMC3383161,Transanal endoscopic microsurgery for rectal tumors: a review.,"Since its introduction in 1983, transanal endoscopic microsurgery (TEM) has emerged as a safe and effective method to treat rectal lesions including benign tumors, early rectal cancer, and rectal fistulas and strictures. This minimally invasive technique offers the advantages of superior visualization of the lesion and greater access to proximal lesions with lower margin positivity and specimen fragmentation and lower long-term recurrence rates over traditional transanal excision. In addition, over two decades of scientific data support the use of TEM as a viable alternative to radical excision of the rectum with less morbidity, faster recovery, and greater potential cost savings when performed at specialized centers.",https://pubmed.ncbi.nlm.nih.gov/22745615/,NEW_EXTERNAL_RECORD
tactical_medicine,29658675,10.23736/S0026-4733.18.07702-7,,Local excision for rectal cancer: a minimally invasive option.,"Transanal excision (TAE) with conventional retractors and transanal endoscopic microsurgery (TEM) are two well established minimally invasive surgical options for the treatment of selected rectal cancers. TEM is nowadays considered the standard of care for the transanal excision of rectal tumors, since it is associated with significantly better quality of excision and lower rates of recurrence than TAE. When compared with rectal resection and total mesorectal excision, TEM has lower postoperative morbidity and better functional outcomes, with similar long-term survival rates in selected early rectal cancers. More recently, transanal minimally invasive surgery (TAMIS) has been developed as an alternative to TEM. Possible benefits of TAMIS are under evaluation.",https://pubmed.ncbi.nlm.nih.gov/29658675/,NEW_EXTERNAL_RECORD
tactical_medicine,31651380,10.1016/j.amepre.2012.06.006,PMC3990249,Core Competencies for Chronic Disease Prevention Practice.,"Chronic disease prevention practice is an important specialization within public health and health care that connects chronic conditions, causes, prevention tactics, and population-based health promotion modalities. Required competencies for successful chronic disease prevention and health promotion encompass leadership, epidemiology, program practice, and evaluation, among others. In 2007, the National Association of Chronic Disease Directors (NACDD) developed and codified the Core Chronic Disease Prevention Competencies (Competencies), a standard set of competencies for professionals in chronic disease prevention and control. NACDD also devised support tools to assist individuals and managers in increasing capacity and opportunities for member growth, thereby benefitting the agencies they serve. In revisiting the Competencies in 2015 through 2018, the NACDD Professional Development Committee reviewed uses, conducted member surveys, polled NACDD councils, and produced recommendations. The goal of this process was to recognize rapid changes in the environments, practices, and characteristics that affect chronic disease prevention, both at the population level and for individual groups at risk during the past 10 years. In addition, opportunities existed to benefit from the changes in technology that have increased demands on health professionals, who as a result have had to adapt to these changes. We worked with the NACDD Learning and Professional Development Committee and reviewed learning offerings, other related competency sets, and tools for performance assessment. The results of the review include a final set of Competencies and subcompetencies, a guide to using the competencies, and a fully integrated interactive assessment tool used by individuals, managers, and teams. Going forward, NACDD's strategic focus includes a regular review of the Competencies and building chronic disease learning assets.",https://pubmed.ncbi.nlm.nih.gov/31651380/,NEW_EXTERNAL_RECORD
tactical_medicine,24043593,10.1088/0031-9155/53/18/023,PMC2937165,Development of a software for quantitative evaluation radiotherapy target and organ-at-risk segmentation comparison.,"Modern radiotherapy requires accurate region of interest (ROI) inputs for plan optimization and delivery. Target delineation, however, remains operator-dependent and potentially serves as a major source of treatment delivery error. In order to optimize this critical, yet observer-driven process, a flexible web-based platform for individual and cooperative target delineation analysis and instruction was developed in order to meet the following unmet needs: (1) an open-source/open-access platform for automated/semiautomated quantitative interobserver and intraobserver ROI analysis and comparison, (2) a real-time interface for radiation oncology trainee online self-education in ROI definition, and (3) a source for pilot data to develop and validate quality metrics for institutional and cooperative group quality assurance efforts. The resultant software, Target Contour Testing/Instructional Computer Software (TaCTICS), developed using Ruby on Rails, has since been implemented and proven flexible, feasible, and useful in several distinct analytical and research applications.",https://pubmed.ncbi.nlm.nih.gov/24043593/,NEW_EXTERNAL_RECORD
tactical_medicine,24232449,10.1161/STROKEAHA.113.003678,PMC3939784,Time to brain imaging in acute stroke is improving: secondary analysis of the INSTINCT trial.,"Patients with acute ischemic stroke benefit from rapid evaluation and treatment, and timely brain imaging is a necessary component. We determined the effect of a targeted behavioral intervention on door-to-imaging time (DIT) among patients with ischemic stroke treated with tissue-type plasminogen activator. Second, we examined the variation in DIT accounted for by patient-level and hospital-level factors. The Increasing Stroke Treatment through Interventional behavioral Change Tactics (INSTINCT) trial was a cluster-randomized, controlled trial involving 24 Michigan hospitals. The intervention aimed to increase tissue-type plasminogen activator utilization. Detailed chart abstractions collected data for 557 patients with ischemic stroke. We used a series of hierarchical linear mixed-effects models to evaluate the effect of the intervention on DIT (difference-in-differences analysis) and used patient-level and hospital-level explanatory variables to decompose variation in DIT. DIT improved over time, without a difference between intervention and control hospitals (intervention: 23.7-19.3 minutes, control: 28.9-19.2 minutes; P=0.56). Adjusted DIT was faster in patients who arrived by ambulance (7.2 minutes; 95% confidence interval, 4.1-10.2), had severe strokes (1.0 minute per +5-point National Institutes of Health Stroke Scale; 95% confidence interval, 0.1-2.0), and presented in the postintervention period (4.9 minutes; 95% confidence interval, 2.3-7.4). After accounting for these factors, 13.8% of variation in DIT was attributable to hospital. Neither hospital stroke volume nor stroke center status was associated with DIT. Performance on DIT improved similarly in intervention and control hospitals, suggesting that nonintervention factors explain the improvement. Hospital-level factors explain a modest proportion of variation in DIT, but further research is needed to identify the hospital-level factors responsible.",https://pubmed.ncbi.nlm.nih.gov/24232449/,NEW_EXTERNAL_RECORD
tactical_medicine,35120483,10.1007/s00384-020-03800-x,PMC8026435,Long-term outcomes of transanal endoscopic microsurgery for the treatment of rectal neuroendocrine tumors.,"Transanal endoscopic microsurgery (TEM) has been accepted worldwide for the treatment of local rectal lesions. We aimed to assess the efficacy and safety of TEM in the treatment of rectal neuroendocrine tumors (RNET). A retrospective study of patients who had undergone TEM for RNET at our institution between December 2006 and June 2019 was performed. Demographic and tumor characteristics, operative and pathological details, complications, anal function questionnaires, and follow-up data were included. A total of 144 patients was included. TEM was performed as primary excision in 54 patients, after endoscopic forceps biopsy in 57 patients, and after incomplete resection by endoscopic excision in 33 patients. The median size of all primary tumors was 0.6 cm (range, 0.3-2.0 cm), and the negative resection margin was achieved in 142 (98.6%) patients. Postoperative complications (referring to only bleeding) occurred in 3 (2.1%) patients and was successfully managed with conservative method. After a median follow-up of 75.5 months after surgery, 3 patients died of other causes, and 2 patients suffered metastasis. An anal function questionnaire was posted 24 months after TEM. Among the results, 3 (2.1%) patients complained of major low anterior resection syndrome (LARS), including 1 (0.7%) who suffered from complete incontinence, while 6 (4.2%) patients had minor LARS. TEM has satisfying long-term outcomes and relatively low anal function disturbance as for the treatment of small RNET. TEM also acts as a preferred salvage treatment for incomplete endoscopic excision.",https://pubmed.ncbi.nlm.nih.gov/35120483/,NEW_EXTERNAL_RECORD
tactical_medicine,22689443,10.1113/expphysiol.2012.064774,,Blood flow in internal carotid and vertebral arteries during orthostatic stress.,"It remains unclear whether orthostatic stress evokes regional differences in cerebral blood flow. The present study compared blood flow in the internal carotid (ICA) and vertebral arteries (VA) during orthostatic stress (60 deg head-up tilt; HUT) in six healthy young men. The ICA and VA blood flow were measured using Doppler ultrasonography. Dynamic cerebral autoregulation was also determined during supine (Supine) and HUT conditions, from the rate of regulation (RoR) in cerebrovascular conductance of the ICA and VA during acute hypotension induced by the release of bilateral thigh-cuffs. The HUT decreased ICA blood flow by -9.4 ± 1.7% (P < 0.01 versus Supine), leaving ICA conductance unchanged. In contrast, there was no significant difference in VA blood flow between Supine and HUT, and VA conductance increased (+12.9 ± 0.8%, P < 0.01). In addition, dynamic cerebral autoregulation in both the ICA and VA was attenuated during HUT, and the magnitude of the attenuation in RoR was greater in the VA [0.25 ± 0.03 s(-1) Supine versus 0.16 ± 0.02 s(-1) HUT (-33.9 ± 5.8%); P < 0.05] compared with the ICA [0.23 ± 0.02 s(-1) Supine versus 0.20 ± 0.03 s(-1) HUT (-10.6 ± 13.4%); P > 0.05]. These data indicate that orthostatic stress evokes regional differences in cerebral blood flow and possible differences in dynamic cerebral autoregulation between two main brain vascular areas in response to an acute change in blood pressure during orthostatic stress.",https://pubmed.ncbi.nlm.nih.gov/22689443/,NEW_EXTERNAL_RECORD
tactical_medicine,23636523,10.1007/s00464-013-2962-z,,TransAnal Minimally Invasive Surgery (TAMIS) with SILS™ port versus Transanal Endoscopic Microsurgery (TEM): a comparative experimental study.,"TransAnal Minimally Invasive Surgery (TAMIS) has been proposed as an alternative to Transanal Endoscopic Microsurgery (TEM) for resection of benign polyps and early cancers of rectum. Since clinical application has begun in the absence of any experimental validation, we assessed its feasibility and efficacy ex vivo in a pilot study. In a dedicated trainer box for transanal procedures, 10 surgeons with no experience in transanal surgery were asked to perform a dissection/suture task using both TAMIS and TEM in randomly allocated order. Surgeons were asked to dissect two identically drawn lesions of ~3 cm in larger diameter. Precision of dissection was assessed using a quantitative photographic method, while the time needed for dissection and suturing was considered a measure of quantitative evaluation. Each participant expressed a subjective opinion regarding difficulty with dissection, difficulty with suturing, vision quality, and conflict between instruments on a scale from 1 to 5. No difference was observed between the two techniques regarding the accuracy of dissection as the margin was interrupted along 4.1 % of the circumference in the TEM group compared with 2.48 % in the SILS group (P = 0.271). Dissection and suturing were significantly quicker in the TEM group [04:30 vs. 06:35 min (P = 0.049) and 14:34 versus 19:18 min (P = 0.003)]. In three cases in the SILS group, completing the suture was not considered possible, and the procedures were terminated by TEM. Subjective evaluation revealed a better appreciation of TEM in all proposed comparisons: dissection (2.6 vs. 3.5, P = 0.004), suturing difficulty (3.1 vs. 4.6, P < 0.001), quality of vision (2.3 vs. 2.8, P = 0.18), and instrument conflicts (3.1 vs. 4.0, P = 0.054). In the ex vivo setting, both techniques were comparable for achieving a good dissection, although TAMIS failed to prove effective in suturing the rectal wall. Moreover, TEM was significantly quicker despite the small groups and was better appreciated by the surgeons.",https://pubmed.ncbi.nlm.nih.gov/23636523/,NEW_EXTERNAL_RECORD
tactical_medicine,34064717,10.1111/j.1445-2197.2009.04857.x,PMC1409893,Cost Analysis of Laparoscopic Low Anterior Resection vs. Transanal Endoscopic Microsurgery for Rectal Neoplasms.,"Despite the increasing application of transanal endoscopic microsurgery (TEM) for rectal lesions, the cost of the equipment may play a role in a hospital's hesitancy to invest in the platform. This study compares the cost of TEM to laparoscopic low anterior resection (LAR). Patients who underwent laparoscopic LAR (n = 24) for rectal neoplasm between 2006 and 2014 were case-matched based on sex, age, comorbidities, lesion size and location to patients who underwent TEM at a busy secondary care urban hospital. Procedure-related costs and costs associated with readmissions for complications and related subsequent surgeries in the first 3 years were calculated. There were 42 hospital admissions for 24 LAR patients, totalling 326 hospital days. For 24 TEM patients, there were 25 hospital admissions, totalling 56 hospital days. Subsequent operations for LAR patients included 2 washout and diverting ileostomies (8%), 2 adhesionolysis (8%), 4 ventral hernia repairs (16%) and 11 ileostomy reversals (46%). In the TEM group, there was one operation for recurrence (4%). The mean cost of LAR, including all related hospital costs in the subsequent 3 years, was CAD 14,851 (95% CI: CAD 10,124-19,579). The mean cost of TEM was CAD 2449 (95% CI: CAD 2133-2767; p < 0.0001), with a savings of CAD 12,402 per patient. TEM for rectal neoplasm is associated with significantly lower hospital costs, which far outweigh the costs of acquiring and maintaining the technology.",https://pubmed.ncbi.nlm.nih.gov/34064717/,NEW_EXTERNAL_RECORD
tactical_medicine,25885412,10.1001/jama.286.12.1461,PMC428525,The Guideline Implementability Decision Excellence Model (GUIDE-M): a mixed methods approach to create an international resource to advance the practice guideline field.,"Practice guideline (PG) implementability refers to PG features that promote their use. While there are tools and resources to promote PG implementability, none are based on an evidence-informed and multidisciplinary perspective. Our objectives were to (i) create a comprehensive and evidence-informed model of PG implementability, (ii) seek support for the model from the international PG community, (iii) map existing implementability tools on to the model, (iv) prioritize areas for further investigation, and (v) describe how the model can be used by PG developers, users, and researchers. A mixed methods approach was used. Using our completed realist review of the literature of seven different disciplines as the foundation, an iterative consensus process was used to create the beta version of the model. This was followed by (i) a survey of international stakeholders (guideline developers and users) to gather feedback and to refine the model, (ii) a content analysis comparing the model to existing PG tools, and (iii) a strategy to prioritize areas of the model for further research by members of the research team. The Guideline Implementability for Decision Excellence Model (GUIDE-M) is comprised of 3 core tactics, 7 domains, 9 subdomains, 44 attributes, and 40 subattributes and elements. Feedback on the beta version was received from 248 stakeholders from 34 countries. The model was rated as logical, relevant, and appropriate. Seven PG tools were selected and compared to the GUIDE-M: very few tools targeted the Contextualization and Deliberations domain. Also, fewer of the tools addressed PG appraisal than PG development and reporting functions. These findings informed the research priorities identified by the team. The GUIDE-M provides an evidence-informed international and multidisciplinary conceptualization of PG implementability. The model can be used by PG developers to help them create more implementable recommendations, by clinicians and other users to help them be better consumers of PGs, and by the research community to identify priorities for further investigation.",https://pubmed.ncbi.nlm.nih.gov/25885412/,NEW_EXTERNAL_RECORD
tactical_medicine,26521115,10.18553/jmcp.2015.21.11.1034,PMC3660389,A Call for Appropriate Evidence and Outcomes-Based Use and Measurement of Anticoagulation for Atrial Fibrillation: Moving the Population Towards Improved Health Via Multiple Stakeholders.,"A multidimensional approach involving consideration of available resources, individual patient characteristics, patient preferences, and cost of treatment is often required to optimize clinical decision making in the management of atrial fibrillation (AF). In order to bring together varying perspectives on effective tactics and to formulate innovative strategies to improve the management of AF, a think tank consortium of advisors was assembled from across the spectrum of health care stakeholders. Focus groups were conducted and facilitated by a moderator and a notetaker. Participants were asked to comment on preliminary data for the increased prevalence of AF, patterns of treatment, impact of adherence with anticoagulants on clinical and economic outcomes, and opportunities for optimizing treatment.Several recommendations to reach short- and long-term goals in improving AF management emerged from the focus group discussions. These recommendations specifically targeted 3 stakeholder groups--patients/caregivers, physicians, and payers--and addressed the need for better understanding of determinants of undertreatment and nonadherence for those on anticoagulation therapy. Recommendations included the use of real-world data studies to understand regional and demographic patterns of treatment and outcomes, the development of an enhanced national quality standard for anticoagulation, and engaging patients in shared decision making to optimize satisfaction with treatment. Actionable strategies were presented to address gaps related to anticoagulation management. Balancing new anticoagulants' higher prescription costs and safety concerns with their superior effectiveness and convenience of administration for at-risk individuals would require a concerted effort involving patients and their caregivers, physicians, and payers.",https://pubmed.ncbi.nlm.nih.gov/26521115/,NEW_EXTERNAL_RECORD
tactical_medicine,22221569,10.1111/j.1477-2574.2011.00407.x,PMC2290293,Modulation of microcirculatory changes in the late phase of hepatic ischaemia-reperfusion injury by remote ischaemic preconditioning.,"  Remote ischaemic preconditioning (RIPC) is a novel method of protecting the liver from ischaemia-reperfusion (I-R) injury. Protective effects in the early phase (4-6 h) have been demonstrated, but no studies have focused on the late phase (24 h) of hepatic I-R. This study analysed events in the late phase of I-R following RIPC and focused on the microcirculation, inflammatory cascade and the role of cytokine-induced neutrophil chemoattractant-1 (CINC-1).   A standard animal model was used. Remote preconditioning prior to I-R was induced by intermittent limb ischaemia. Ischaemia was induced in the left and median lobes of the liver (70%). The animals were recovered after 45 min of liver ischaemia. At 24 h, the animals were re-evaluated under anaesthesia. Hepatic microcirculation, sinusoidal leukocyte adherence and hepatocellular death were assessed by intravital microscopy, hepatocellular injury by standard biochemistry and serum CINC-1 by enzyme-linked immunosorbent assay (ELISA).   At 24 h post I-R, RIPC was found to have improved sinusoidal flow by increasing the sinusoidal diameter. There was no effect of preconditioning on the velocity of red blood cells, by contrast with the early phase of hepatic I-R. Remote ischaemic preconditioning significantly reduced hepatocellular injury, neutrophil-induced endothelial injury and serum CINC-1 levels.   Remote ischaemic preconditioning is amenable to translation into clinical practice and may improve outcomes in liver resection surgery and transplantation.",https://pubmed.ncbi.nlm.nih.gov/22221569/,NEW_EXTERNAL_RECORD
tactical_medicine,28093233,10.1016/j.mvr.2017.01.003,,Changes in vascular responsiveness during a hyperglycemia challenge measured by near-infrared spectroscopy vascular occlusion test.,"Postprandial hyperglycemia is associated with impaired vascular responsiveness. Recent studies have established the use of a near-infrared spectroscopy (NIRS)-derived approach, combined with a vascular occlusion test (VOT), to examine vascular responsiveness within the microvasculature in normoglycemia. The aim of this study was to examine whether this NIRS-VOT technique could detect differences in vascular responsiveness following a hyperglycemic challenge. Fourteen young healthy individuals participated in the study. Participants underwent five vascular occlusion tests (pre, 30, 60, 90 and 120min after glucose ingestion). Vascular responsiveness was determined by the slope 2 of oxygen saturation (Slope 2 StO2) and the area under the curve of oxygen saturation (StO2AUC) signal. All individuals had a significant increase in blood glucose concentration after 30min (p<0.001), 60min (p<0.001) and 90min (p<0.01) after glucose ingestion. The Slope 2 StO2 increased at 90min (p<0.01) after glucose ingestion. Conversely, The StO2AUC was significantly decreased 90min following the glucose challenge (p<0.01). A negative correlation was observed between average StO2AUC and average Slope 2 StO2 (r=-0.995; p<0.05). This study showed that the NIRS-VOT technique is capable of detecting differential changes in vascular responsiveness to a hyperglycemic challenge, as indicated by a steeper Slope 2 StO2 and decreased StO2AUC following 90min of an oral glucose challenge.",https://pubmed.ncbi.nlm.nih.gov/28093233/,NEW_EXTERNAL_RECORD
tactical_medicine,28723770,10.1097/MD.0000000000007538,PMC4103754,Initial application of transanal endoscopic microsurgery for high-risk lower rectal gastrointestinal stromal tumor after imatinib mesylate neoadjuvant chemotherapy: A case report.,"The lower rectal gastrointestinal stromal tumor (GIST) is a rare entity and warrants special attentions because of the considerations of preserving of anal and urinal functions. Neoadjuvant therapy with imatinib mesylate (IM) has achieved great success in GIST, which potentially extends the applications of function-preserving minimally invasive surgical procedures. Transanal endoscopic microsurgery (TEM) is a well-developed minimally invasive technique for benign tumors in lower rectum. Herein, we reported the initial application of TEM for high risk GIST after IM treatment. A 52-year-old woman suffered mild lower abdominal pain and perianal discomfort. Physical examination found a soft mass 4 cm far away from anal verge. Rectal MRI and transrectal ultrasound (TRUS) showed that there was a 1.9 × 1.6 cm submucosal mass in the lower rectum. The incisional biopsy was performed and the pathological result reported it was a high-risk GIST. High-risk lower rectal GIST. IM was given for neoadjuvant therapy. Then TEM was adopted to resect the residual tumor. IM was restored 4 weeks after surgery. The final pathological results reported the margin was clear. After an 18-month follow up, no recurrence and metastasis was found and the patient had a satisfactory anal and urinal functions. TEM in combination with IM could be a practical strategy for the high-risk lower rectal GIST simultaneously to achieve curative resection and to preserve the anal and urinal functions that can significantly improve the life quality of the patients.",https://pubmed.ncbi.nlm.nih.gov/28723770/,NEW_EXTERNAL_RECORD
workload,30990296,,,Heat-Related Illnesses.,"Heat-related illnesses comprise a spectrum of syndromes resulting from disruption of thermoregulation in people exposed to high environmental heat. Symptoms range from heat edema and exercise-associated muscle cramps to exercise-associated collapse, heat exhaustion, and life-threatening heat stroke. Athletes, outdoor laborers, and military personnel are at greatest risk. Several intrinsic and extrinsic factors increase the risk of heat-related illness, including medical conditions, environmental factors, medication use, and inadequate acclimatization. Proper recognition and treatment are effective in preventing adverse outcomes. Management of the mildest forms of heat-related illness (e.g., heat edema, exercise-associated muscle cramps) is largely supportive, and sequelae are rare. Heat exhaustion is characterized by cardiovascular hypoperfusion and a rectal core temperature up to 104°F without central nervous dysfunction. Mild cooling, rest, and hydration are recommended. Heat stroke is a medical emergency in which patients present with rectal core temperature of 105°F or greater, multiorgan damage, and central nervous dysfunction. Ice water or cold water immersion is recommended. Patients adequately cooled within 30 minutes have excellent outcomes. Patients with heat stroke generally require hospitalization to monitor for medical complications despite rapid cooling. People diagnosed with heat stroke or severe heat-related illness should refrain from physical activity for at least seven days after release from medical care, then gradually begin activity over two to four weeks. Acclimatization, adequate hydration, and avoidance of activities during extreme heat are the most effective measures to reduce the incidence of heat-related illnesses.",https://pubmed.ncbi.nlm.nih.gov/30990296/,NEW_EXTERNAL_RECORD
workload,38166501,10.1146/annurev-publhealth-060222-034715,,Extreme Heat and Occupational Health Risks.,"Climate change poses a significant occupational health hazard. Rising temperatures and more frequent heat waves are expected to cause increasing heat-related morbidity and mortality for workers across the globe. Agricultural, construction, military, firefighting, mining, and manufacturing workers are at particularly high risk for heat-related illness (HRI). Various factors, including ambient temperatures, personal protective equipment, work arrangements, physical exertion, and work with heavy equipment may put workers at higher risk for HRI. While extreme heat will impact workers across the world, workers in low- and middle-income countries will be disproportionately affected. Tracking occupational HRI will be critical to informing prevention and mitigation strategies. Renewed investment in these strategies, including workplace heat prevention programs and regulatory standards for indoor and outdoor workers, will be needed. Additional research is needed to evaluate the effectiveness of interventions in order to successfully reduce the risk of HRI in the workplace.",https://pubmed.ncbi.nlm.nih.gov/38166501/,NEW_EXTERNAL_RECORD
workload,26381473,10.4085/1062-6050-50.9.07,PMC1150229,National Athletic Trainers' Association Position Statement: Exertional Heat Illnesses.,"To present best-practice recommendations for the prevention, recognition, and treatment of exertional heat illnesses (EHIs) and to describe the relevant physiology of thermoregulation. Certified athletic trainers recognize and treat athletes with EHIs, often in high-risk environments. Although the proper recognition and successful treatment strategies are well documented, EHIs continue to plague athletes, and exertional heat stroke remains one of the leading causes of sudden death during sport. The recommendations presented in this document provide athletic trainers and allied health providers with an integrated scientific and clinically applicable approach to the prevention, recognition, treatment of, and return-to-activity guidelines for EHIs. These recommendations are given so that proper recognition and treatment can be accomplished in order to maximize the safety and performance of athletes. Athletic trainers and other allied health care professionals should use these recommendations to establish onsite emergency action plans for their venues and athletes. The primary goal of athlete safety is addressed through the appropriate prevention strategies, proper recognition tactics, and effective treatment plans for EHIs. Athletic trainers and other allied health care professionals must be properly educated and prepared to respond in an expedient manner to alleviate symptoms and minimize the morbidity and mortality associated with these illnesses.",https://pubmed.ncbi.nlm.nih.gov/26381473/,NEW_EXTERNAL_RECORD
workload,32054689,10.1136/jmedgenet-2019-106461,,Investigating the genetic susceptibility to exertional heat illness.,"We aimed to identify rare (minor allele frequency ≤1%), potentially pathogenic non-synonymous variants in a well-characterised cohort with a clinical history of exertional heat illness (EHI) or exertional rhabdomyolysis (ER). The genetic link between malignant hyperthermia (MH) and EHI was investigated due to their phenotypic overlap. The coding regions of 38 genes relating to skeletal muscle calcium homeostasis or exercise intolerance were sequenced in 64 patients (mostly military personnel) with a history of EHI, or ER and who were phenotyped using skeletal muscle in vitro contracture tests. We assessed the pathogenicity of variants using prevalence data, in silico analysis, phenotype and segregation evidence and by review of the literature. We found 51 non-polymorphic, potentially pathogenic variants in 20 genes in 38 patients. Our data indicate that RYR1 p.T3711M (previously shown to be likely pathogenic for MH susceptibility) and RYR1 p.I3253T are likely pathogenic for EHI. PYGM p.A193S was found in 3 patients with EHI, which is significantly greater than the control prevalence (p=0.000025). We report the second case of EHI in which a missense variant at CACNA1S p.R498 has been found. Combinations of rare variants in the same or different genes are implicated in EHI. We confirm a role of RYR1 in the heritability of EHI as well as ER but highlight the likely genetic heterogeneity of these complex conditions. We propose defects, or combinations of defects, in skeletal muscle calcium homeostasis, oxidative metabolism and membrane excitability are associated with EHI.",https://pubmed.ncbi.nlm.nih.gov/32054689/,NEW_EXTERNAL_RECORD
workload,28798200,10.1152/japplphysiol.00353.2017,,Wearable physiological monitoring for human thermal-work strain optimization.,"Safe performance limits of soldiers and athletes have typically relied on predictive work-rest models of ambient conditions, average work intensity, and characteristics of the population. Bioengineering advances in noninvasive sensor technologies, including miniaturization, reduced cost, power requirements, and comfort, now make it possible to produce individual predictions of safe thermal-work limits. These precision medicine assessments depend on the development of thoughtful algorithms based on physics and physiology. Both physiological telemetry and thermal-strain indexes have been available for >50 years, but greater computing power and better wearable sensors now make it possible to provide actionable information at the individual level. Core temperature can be practically estimated from time series heart rate data and, using an adaptive physiological strain index, provides meaningful predictions of safe work limits that cannot be predicted from only core temperature or heart rate measurements. Early adopters of this technology include specialized occupations where individuals operate in complete encapsulation such as chemical protective suits. Emerging technologies that focus on heat flux measurements at the skin show even greater potential for estimating thermal-work strain using a parsimonious sensor set. Applications of these wearable technologies include many sports and military training venues where inexperienced individuals can learn effective work pacing strategies and train to safe personal limits. The same strategies can also provide a technologically based performance edge for experienced workers and athletes faced with novel and nonintuitive physiological challenges, such as health care providers in full protective clothing treating Ebola patients in West Africa in 2014. NEW & NOTEWORTHY This mini-review details how the application of computational techniques borrowed from signal processing and control theory can provide meaningful advances for the applied physiological problem of real-time thermal-work strain monitoring. The work examines the development of practical core body temperature estimation techniques and how these can be used in combination with current and updated thermal-work strain indexes to provide objective state assessments and to optimize work rest schedules for a given task.",https://pubmed.ncbi.nlm.nih.gov/28798200/,NEW_EXTERNAL_RECORD
workload,20453776,10.1097/TA.0b013e3181d8956d,PMC2721779,Neurological effects of blast injury.,"Over the last few years, thousands of soldiers and an even greater number of civilians have suffered traumatic injuries due to blast exposure, largely attributed to improvised explosive devices in terrorist and insurgent activities. The use of body armor is allowing soldiers to survive blasts that would otherwise be fatal due to systemic damage. Emerging evidence suggests that exposure to a blast can produce neurologic consequences in the brain but much remains unknown. To elucidate the current scientific basis for understanding blast-induced traumatic brain injury (bTBI), the NIH convened a workshop in April 2008. A multidisciplinary group of neuroscientists, engineers, and clinicians were invited to share insights on bTBI, specifically pertaining to: physics of blast explosions, acute clinical observations and treatments, preclinical and computational models, and lessons from the international community on civilian exposures. This report provides an overview of the state of scientific knowledge of bTBI, drawing from the published literature, as well as presentations, discussions, and recommendations from the workshop. One of the major recommendations from the workshop was the need to characterize the effects of blast exposure on clinical neuropathology. Clearer understanding of the human neuropathology would enable validation of preclinical and computational models, which are attempting to simulate blast wave interactions with the central nervous system. Furthermore, the civilian experience with bTBI suggests that polytrauma models incorporating both brain and lung injuries may be more relevant to the study of civilian countermeasures than considering models with a neurologic focus alone.",https://pubmed.ncbi.nlm.nih.gov/20453776/,NEW_EXTERNAL_RECORD
workload,30517019,10.1152/jappl.1997.83.6.2139,PMC3313836,Impact of environmental stressors on tolerance to hemorrhage in humans.,"Hemorrhage is a leading cause of death in military and civilian settings, and ~85% of potentially survivable battlefield deaths are hemorrhage-related. Soldiers and civilians are exposed to a number of environmental and physiological conditions that have the potential to alter tolerance to a hemorrhagic insult. The objective of this review is to summarize the known impact of commonly encountered environmental and physiological conditions on tolerance to hemorrhagic insult, primarily in humans. The majority of the studies used lower body negative pressure (LBNP) to simulate a hemorrhagic insult, although some studies employed incremental blood withdrawal. This review addresses, first, the use of LBNP as a model of hemorrhage-induced central hypovolemia and, then, the effects of the following conditions on tolerance to LBNP: passive and exercise-induced heat stress with and without hypohydration/dehydration, exposure to hypothermia, and exposure to altitude/hypoxia. An understanding of the effects of these environmental and physiological conditions on responses to a hemorrhagic challenge, including tolerance, can enable development and implementation of targeted strategies and interventions to reduce the impact of such conditions on tolerance to a hemorrhagic insult and, ultimately, improve survival from blood loss injuries.",https://pubmed.ncbi.nlm.nih.gov/30517019/,NEW_EXTERNAL_RECORD
workload,36011697,10.1021/cm00047a006,PMC1876713,White Light-Photolysis for the Removal of Polycyclic Aromatic Hydrocarbons from Proximity Firefighting Protective Clothing.,"The presence of polycyclic aromatic hydrocarbons (PAHs) on firefighters' personal protective equipment is a concern. One form of preventing from these compounds is to decontaminate proximity firefighting protective clothing (PFPC). Traditional decontamination methods do not promote total removal of pollutants and alter the properties of PFPC. The objective of this work was to evaluate the effectiveness of white light-photolysis (WLP), an advanced oxidation process (AOP), for removing PAHs from PFPC, while maintaining the integrity of the fabric fibers. Experiments were carried out, varying reaction time and concentration of H2O2. With WLP (without H2O2), it was possible to remove more than 73% of the PAHs tested from the outer layer of PFPC in 3 days. The WLP provided the greatest removal of PAHs, compared with the most common mechanical decontamination techniques (laundering and wet-soap brushing). The fibers' integrity after exposure to the white light was evaluated with infrared spectroscopy and scanning electron microscopy/energy dispersive X-ray spectrometry. In addition, a tearing strength test was performed. No remarkable fabric degradation was observed, indicating a possible, routine-compatible, simple, and inexpensive method of decontamination of PFPC, based on photolysis, which is effective in the degradation of PAHs and maintains the integrity of fabric fibers.",https://pubmed.ncbi.nlm.nih.gov/36011697/,POSSIBLE_DUPLICATE
workload,33767344,10.1038/s41436-021-01125-w,PMC7658016,Variant curation expert panel recommendations for RYR1 pathogenicity classifications in malignant hyperthermia susceptibility.,"As a ClinGen Expert Panel (EP) we set out to adapt the American College of Medical Genetics and Genomics (ACMG)/Association for Molecular Pathology (AMP) pathogenicity criteria for classification of RYR1 variants as related to autosomal dominantly inherited malignant hyperthermia (MH). We specified ACMG/AMP criteria for variant classification for RYR1 and MH. Proposed rules were piloted on 84 variants. We applied quantitative evidence calibration for several criteria using likelihood ratios based on the Bayesian framework. Seven ACMG/AMP criteria were adopted without changes, nine were adopted with RYR1-specific modifications, and ten were dropped. The in silico (PP3 and BP4) and hotspot criteria (PM1) were evaluated quantitatively. REVEL gave an odds ratio (OR) of 23:1 for PP3 and 14:1 for BP4 using trichotomized cutoffs of ≥0.85 (pathogenic) and ≤0.5 (benign). The PM1 hotspot criterion had an OR of 24:1. PP3 and PM1 were implemented at moderate strength. Applying the revised ACMG/AMP criteria to 44 recognized MH variants, 29 were classified as pathogenic, 13 as likely pathogenic, and 2 as variants of uncertain significance. Curation of these variants will facilitate classification of RYR1/MH genomic testing results, which is especially important for secondary findings analyses. Our approach to quantitatively calibrating criteria is generalizable to other variant curation expert panels.",https://pubmed.ncbi.nlm.nih.gov/33767344/,NEW_EXTERNAL_RECORD
workload,32886396,10.1002/ajim.23175,PMC6527521,Cooling intervention studies among outdoor occupational groups: A review of the literature.,"The purpose of this systematic review is to examine cooling intervention research in outdoor occupations, evaluate the effectiveness of such interventions, and offer recommendations for future studies. This review focuses on outdoor occupational studies conducted at worksites or simulated occupational tasks in climatic chambers. This systematic review was performed in accordance with Preferred Reporting Items for Systematic Reviews and Meta-Analysis (PRISMA) guidelines. PubMed, Embase, and Web of Science were searched to identify original research on intervention studies published in peer-reviewed journals that aimed at reducing heat stress or heat-related illness from January 2000 to August 2020. A systematic search yielded a total of 1042 articles, of which 21 met the inclusion criteria. Occupations with cooling intervention studies included agriculture (n = 5), construction (n = 5), industrial workers (n = 4), and firefighters (n = 7). The studies focused on multiple types of cooling interventions cooling gear (vest, bandanas, cooling shirts, or head-cooling gel pack), enhanced heat dissipation clothing, forearm or lower body immersion in cold water, water dousing, ingestion of a crushed ice slush drink, electrolyte liquid hydration, and modified Occupational Safety and Health Administration recommendations of drinking water and resting in the shade. Current evidence indicates that using multiple cooling gears along with rest cycles may be the most effective method to reduce heat-related illness. Occupational heat-related illnesses and death may be mitigated by targeted cooling intervention and workplace controls among workers of vulnerable occupational groups and industries.",https://pubmed.ncbi.nlm.nih.gov/32886396/,NEW_EXTERNAL_RECORD
workload,33807302,10.1002/stem.1771,PMC4919539,Alarming Cargo: The Role of Exosomes in Trauma-Induced Inflammation.,"Severe polytraumatic injury initiates a robust immune response. Broad immune dysfunction in patients with such injuries has been well-documented; however, early biomarkers of immune dysfunction post-injury, which are critical for comprehensive intervention and can predict the clinical course of patients, have not been reported. Current circulating markers such as IL-6 and IL-10 are broad, non-specific, and lag behind the clinical course of patients. General blockade of the inflammatory response is detrimental to patients, as a certain degree of regulated inflammation is critical and necessary following trauma. Exosomes, small membrane-bound extracellular vesicles, found in a variety of biofluids, carry within them a complex functional cargo, comprised of coding and non-coding RNAs, proteins, and metabolites. Composition of circulating exosomal cargo is modulated by changes in the intra- and extracellular microenvironment, thereby serving as a homeostasis sensor. With its extensively documented involvement in immune regulation in multiple pathologies, study of exosomal cargo in polytrauma patients can provide critical insights on trauma-specific, temporal immune dysregulation, with tremendous potential to serve as unique biomarkers and therapeutic targets for timely and precise intervention.",https://pubmed.ncbi.nlm.nih.gov/33807302/,NEW_EXTERNAL_RECORD
workload,32993024,10.1097/01.CCM.0000108884.74110.D9,PMC1726691,Epidemiology of Exertional Heat Illness in the Military: A Systematic Review of Observational Studies.,"Exertional heat illness (EHI) is an occupational hazard among military personnel. This systematic review describes the incidence, risk factors, clinical manifestations, and biomarkers of EHI in the military. Six databases from inception to 28 May 2020 were systematically reviewed using the PRISMA guidelines. Forty-one articles met the inclusion criteria and the incidence of EHI ranged from 0.2 to 10.5 per 1000 person years, while the prevalence rates ranged from 0.3% to 9.3%. Intrinsic risk factors influencing EHI were gender, physical fitness, obesity, previous history of heat illness, and motivation, while the extrinsic factors included hot environmental conditions and service unit. Evidence suggests that loss of consciousness, absence of sweating and confusion were the common clinical features of exertional heat stroke (EHS). The mean core temperature ranged from 40 to 41.6 °C, while elevated levels of creatine phosphokinase, liver enzymes, and creatinine were common biochemical markers of EHS. The findings of the review suggest a variation in the incidence of EHI among military populations possibly due to the varying definitions used. Although some risk factors of EHI were identified, more analytical studies are needed to investigate the association between EHI and other important factors such as acclimatisation and occlusive clothing.",https://pubmed.ncbi.nlm.nih.gov/32993024/,NEW_EXTERNAL_RECORD
workload,31876454,10.4085/1062-6050-75-18,PMC5224735,Functional Performance of Firefighters After Exposure to Environmental Conditions and Exercise.,"Slips, trips, and falls are leading causes of musculoskeletal injuries in firefighters. Researchers have hypothesized that heat stress is the major contributing factor to these fireground injuries. To examine the effect of environmental conditions, including hot and ambient temperatures, and exercise on functional and physiological outcome measures, including balance, rectal temperature, and perceived exertion. Randomized controlled clinical trial. Laboratory environmental chamber. A total of 13 healthy, active career firefighters (age = 26 ± 6 years [range = 19-35 years], height = 178.61 ± 4.93 cm, mass = 86.56 ± 16.13 kg). Independent variables consisted of 3 conditions (exercise in heat [37.41°C], standing in heat [37.56°C], and exercise in ambient temperature [14.24°C]) and 3 data-collection times (preintervention, postintervention, and postrecovery). Each condition was separated from the others by at least 1 week and lasted a maximum of 40 minutes or until the participant reached volitional fatigue or a rectal temperature of 40.0°C. Firefighting-specific functional balance performance index, rectal temperature, and rating of perceived exertion. Exercise in the heat decreased functional balance, increased rectal temperature, and altered the perception of exertion compared with the other intervention conditions. A bout of exercise in a hot, humid environment increased rectal temperature in a similar way to that reported in the physically active population and negatively affected measures of functional balance. Rather than independently affecting balance, the factors of exercise and heat stress appeared to combine, leading to an increased likelihood of slips, trips, and falls.",https://pubmed.ncbi.nlm.nih.gov/31876454/,POSSIBLE_DUPLICATE
workload,34770556,10.1016/j.measurement.2021.109776,PMC6366767,Applicability of Physiological Monitoring Systems within Occupational Groups: A Systematic Review.,"The emergence of physiological monitoring technologies has produced exceptional opportunities for real-time collection and analysis of workers' physiological information. To benefit from these safety and health prognostic opportunities, research efforts have explored the applicability of these devices to control workers' wellbeing levels during occupational activities. A systematic review is proposed to summarise up-to-date progress in applying physiological monitoring systems for occupational groups. Adhering with the PRISMA Statement, five databases were searched from 2014 to 2021, and 12 keywords were combined, concluding with the selection of 38 articles. Sources of risk of bias were assessed regarding randomisation procedures, selective outcome reporting and generalisability of results. Assessment procedures involving non-invasive methods applied with health and safety-related goals were filtered. Working-age participants from homogeneous occupational groups were selected, with these groups primarily including firefighters and construction workers. Research objectives were mainly directed to assess heat stress and physiological workload demands. Heart rate related variables, thermal responses and motion tracking through accelerometry were the most common approaches. Overall, wearable sensors proved to be valid tools for assessing physiological status in working environments. Future research should focus on conducting sensor fusion assessments, engaging wearables in real-time evaluation methods and giving continuous feedback to workers and practitioners.",https://pubmed.ncbi.nlm.nih.gov/34770556/,NEW_EXTERNAL_RECORD
workload,27710091,10.3390/ijerph13050444,PMC2879165,Evaluation of 2 Heat-Mitigation Methods in Army Trainees.," Heat injury is a significant threat to military trainees. Different methods of heat mitigation are in use across military units. Mist fans are 1 of several methods used in the hot and humid climate of Fort Benning, Georgia.  To determine if (1) the mist fan or the cooling towel effectively lowered participant core temperature in the humid environment found at Fort Benning and (2) the mist fan or the cooling towel presented additional physiologic or safety benefits or detriments when used in this environment.  Randomized controlled clinical trial.  Laboratory environmental chamber.  Thirty-five physically active men aged 19 to 35 years.  (1) Mist fan, (2) commercial cooling towel, (3) passive-cooling (no intervention) control. All treatments lasted 20 minutes. Participants ran on a treadmill at 60% V̇o2max.  Rectal core temperature, heart rate, thermal comfort, perceived temperature, perceived wetness, and blood pressure.  Average core temperature increased during 20 minutes of cooling (F1,28 = 64.76, P < .001, ηp2 = 0.70), regardless of group (F1,28 = 3.41, P = .08, ηp2 = 0.11) or condition (F1,28 < 1.0). Core temperature, heart rate, and blood pressure did not differ among the 3 conditions. Perceived temperature during 20 minutes of cooling decreased (F1,30 = 141.19, P < .001, ηp2 = 0.83) regardless of group or condition. Perceived temperature was lower with the mist-fan treatment than with the control treatment (F1,15 = 7.38, P = .02, ηp2 = 0.32). The mist-fan group perceived themselves to be cooler even at elevated core temperatures.  The mist fan and cooling towel were both ineffective at lowering core temperature. Core temperature continued to increase after exercise in all groups. The mist fan produced feelings of coolness while the core temperature remained elevated, possibly increasing the risk of heat illness.",https://pubmed.ncbi.nlm.nih.gov/27710091/,NEW_EXTERNAL_RECORD
