Evidence_ID,LOOP3X_Final_Class,Domain,Integrity_Status,Full_Text_Status,Result_Locator_Status,Reassessment_Status,Claim_Ready
EV-0001,FULL_TEXT_REVIEW,Tactical medicine / TCCC / TECC / APH,Verified — clear,FULL_TEXT_UNAVAILABLE,NOT_YET_LOCALIZED,REUSE_EXISTING_AUDIT_ONLY,NO
EV-0002,OUT_OF_SCOPE,General operational / occupational readiness,Verified — clear,NOT_IN_285_QUEUE,NOT_ASSESSED,REUSE_EXISTING_AUDIT_ONLY,NO
EV-0003,LOW_RELEVANCE,General operational / occupational readiness,Verified — clear,NOT_IN_285_QUEUE,NOT_ASSESSED,REUSE_EXISTING_AUDIT_ONLY,NO
EV-0004,OUT_OF_SCOPE,General operational / occupational readiness,Verified — clear,NOT_IN_285_QUEUE,NOT_ASSESSED,REUSE_EXISTING_AUDIT_ONLY,NO
EV-0005,LOW_RELEVANCE,Physical / academy readiness,Verified — clear,NOT_IN_285_QUEUE,NOT_ASSESSED,REUSE_EXISTING_AUDIT_ONLY,NO
EV-0006,DISCUSSION_ONLY,General operational / occupational readiness,Verified — clear,NOT_IN_285_QUEUE,NOT_ASSESSED,REUSE_EXISTING_AUDIT_ONLY,NO
EV-0007,LOW_RELEVANCE,Mental health / stress,Verified — clear,NOT_IN_285_QUEUE,NOT_ASSESSED,REUSE_EXISTING_AUDIT_ONLY,NO
EV-0008,OUT_OF_SCOPE,General operational / occupational readiness,Verified — clear,NOT_IN_285_QUEUE,NOT_ASSESSED,REUSE_EXISTING_AUDIT_ONLY,NO
EV-0009,DISCUSSION_ONLY,General operational / occupational readiness,Verified — clear,NOT_IN_285_QUEUE,NOT_ASSESSED,REUSE_EXISTING_AUDIT_ONLY,NO
EV-0010,DISCUSSION_ONLY,General operational / occupational readiness,Verified — clear,NOT_IN_285_QUEUE,NOT_ASSESSED,REUSE_EXISTING_AUDIT_ONLY,NO
EV-0011,OUT_OF_SCOPE,General operational / occupational readiness,Verified — clear,NOT_IN_285_QUEUE,NOT_ASSESSED,REUSE_EXISTING_AUDIT_ONLY,NO
EV-0012,FULL_TEXT_REVIEW,Nutrition / shift work,Verified — clear,FULL_TEXT_UNAVAILABLE,NOT_YET_LOCALIZED,REUSE_EXISTING_AUDIT_ONLY,NO
EV-0013,OUT_OF_SCOPE,General operational / occupational readiness,Verified — clear,NOT_IN_285_QUEUE,NOT_ASSESSED,REUSE_EXISTING_AUDIT_ONLY,NO
EV-0014,FULL_TEXT_REVIEW,Physical / academy readiness,Verified — clear,LAWFUL_PMC_XML,RESULT_LOCATED,REUSE_EXISTING_AUDIT_ONLY,NO
EV-0015,LOW_RELEVANCE,Musculoskeletal injury,Verified — clear,NOT_IN_285_QUEUE,NOT_ASSESSED,REUSE_EXISTING_AUDIT_ONLY,NO
EV-0016,FULL_TEXT_REVIEW,Physical / academy readiness,Verified — clear,FULL_TEXT_UNAVAILABLE,NOT_YET_LOCALIZED,REUSE_EXISTING_AUDIT_ONLY,NO
EV-0017,OUT_OF_SCOPE,General operational / occupational readiness,Verified — clear,NOT_IN_285_QUEUE,NOT_ASSESSED,REUSE_EXISTING_AUDIT_ONLY,NO
EV-0018,FULL_TEXT_REVIEW,Mental health / stress,Verified — clear,FULL_TEXT_UNAVAILABLE,NOT_YET_LOCALIZED,REUSE_EXISTING_AUDIT_ONLY,NO
EV-0019,LOW_RELEVANCE,Nutrition / shift work,Verified — clear,NOT_IN_285_QUEUE,NOT_ASSESSED,REUSE_EXISTING_AUDIT_ONLY,NO
EV-0020,CONTEXT_ONLY,General operational / occupational readiness,Verified — clear,NOT_IN_285_QUEUE,NOT_ASSESSED,REUSE_EXISTING_AUDIT_ONLY,NO
EV-0021,OUT_OF_SCOPE,General operational / occupational readiness,Verified — clear,NOT_IN_285_QUEUE,NOT_ASSESSED,REUSE_EXISTING_AUDIT_ONLY,NO
EV-0022,FULL_TEXT_REVIEW,Sleep / fatigue / recovery,Verified — clear,FULL_TEXT_UNAVAILABLE,NOT_YET_LOCALIZED,REUSE_EXISTING_AUDIT_ONLY,NO
EV-0023,FULL_TEXT_REVIEW,Musculoskeletal injury,Verified — clear,FULL_TEXT_UNAVAILABLE,NOT_YET_LOCALIZED,REUSE_EXISTING_AUDIT_ONLY,NO
EV-0024,OUT_OF_SCOPE,General operational / occupational readiness,Verified — clear,NOT_IN_285_QUEUE,NOT_ASSESSED,REUSE_EXISTING_AUDIT_ONLY,NO
EV-0025,FULL_TEXT_REVIEW,Musculoskeletal injury,Verified — clear,FULL_TEXT_UNAVAILABLE,NOT_YET_LOCALIZED,REUSE_EXISTING_AUDIT_ONLY,NO
EV-0026,FULL_TEXT_REVIEW,Tactical medicine / TCCC / TECC / APH,Verified — clear,FULL_TEXT_UNAVAILABLE,NOT_YET_LOCALIZED,REUSE_EXISTING_AUDIT_ONLY,NO
EV-0027,FULL_TEXT_REVIEW,Musculoskeletal injury,Verified — clear,FULL_TEXT_UNAVAILABLE,NOT_YET_LOCALIZED,REUSE_EXISTING_AUDIT_ONLY,NO
EV-0028,DISCUSSION_ONLY,General operational / occupational readiness,Verified — clear,NOT_IN_285_QUEUE,NOT_ASSESSED,REUSE_EXISTING_AUDIT_ONLY,NO
EV-0029,OUT_OF_SCOPE,General operational / occupational readiness,Verified — clear,NOT_IN_285_QUEUE,NOT_ASSESSED,REUSE_EXISTING_AUDIT_ONLY,NO
EV-0030,LOW_RELEVANCE,Cognition / firearm performance,Verified — clear,NOT_IN_285_QUEUE,NOT_ASSESSED,REUSE_EXISTING_AUDIT_ONLY,NO
EV-0031,FULL_TEXT_REVIEW,Tactical medicine / TCCC / TECC / APH,Verified — clear,FULL_TEXT_UNAVAILABLE,NOT_YET_LOCALIZED,REUSE_EXISTING_AUDIT_ONLY,NO
EV-0032,DISCUSSION_ONLY,General operational / occupational readiness,Verified — clear,NOT_IN_285_QUEUE,NOT_ASSESSED,REUSE_EXISTING_AUDIT_ONLY,NO
EV-0033,DISCUSSION_ONLY,General operational / occupational readiness,Verified — clear,NOT_IN_285_QUEUE,NOT_ASSESSED,REUSE_EXISTING_AUDIT_ONLY,NO
EV-0034,DISCUSSION_ONLY,General operational / occupational readiness,Verified — clear,NOT_IN_285_QUEUE,NOT_ASSESSED,REUSE_EXISTING_AUDIT_ONLY,NO
EV-0035,OUT_OF_SCOPE,General operational / occupational readiness,Verified — clear,NOT_IN_285_QUEUE,NOT_ASSESSED,REUSE_EXISTING_AUDIT_ONLY,NO
EV-0036,DISCUSSION_ONLY,General operational / occupational readiness,Verified — clear,NOT_IN_285_QUEUE,NOT_ASSESSED,REUSE_EXISTING_AUDIT_ONLY,NO
EV-0037,OUT_OF_SCOPE,General operational / occupational readiness,Verified — clear,NOT_IN_285_QUEUE,NOT_ASSESSED,REUSE_EXISTING_AUDIT_ONLY,NO
EV-0038,DISCUSSION_ONLY,General operational / occupational readiness,Verified — clear,NOT_IN_285_QUEUE,NOT_ASSESSED,REUSE_EXISTING_AUDIT_ONLY,NO
EV-0039,DISCUSSION_ONLY,General operational / occupational readiness,Verified — clear,NOT_IN_285_QUEUE,NOT_ASSESSED,REUSE_EXISTING_AUDIT_ONLY,NO
EV-0040,LOW_RELEVANCE,Mental health / stress,Verified — clear,NOT_IN_285_QUEUE,NOT_ASSESSED,REUSE_EXISTING_AUDIT_ONLY,NO
EV-0041,DISCUSSION_ONLY,General operational / occupational readiness,Verified — clear,NOT_IN_285_QUEUE,NOT_ASSESSED,REUSE_EXISTING_AUDIT_ONLY,NO
EV-0042,LOW_RELEVANCE,Physical / academy readiness,Verified — clear,NOT_IN_285_QUEUE,NOT_ASSESSED,REUSE_EXISTING_AUDIT_ONLY,NO
EV-0043,DISCUSSION_ONLY,General operational / occupational readiness,Verified — clear,NOT_IN_285_QUEUE,NOT_ASSESSED,REUSE_EXISTING_AUDIT_ONLY,NO
EV-0044,OUT_OF_SCOPE,General operational / occupational readiness,Verified — clear,NOT_IN_285_QUEUE,NOT_ASSESSED,REUSE_EXISTING_AUDIT_ONLY,NO
EV-0045,FULL_TEXT_REVIEW,Nutrition / shift work,Verified — clear,LAWFUL_PMC_XML,NOT_YET_LOCALIZED,REUSE_EXISTING_AUDIT_ONLY,NO
EV-0046,OUT_OF_SCOPE,General operational / occupational readiness,Verified — clear,NOT_IN_285_QUEUE,NOT_ASSESSED,REUSE_EXISTING_AUDIT_ONLY,NO
EV-0047,OUT_OF_SCOPE,General operational / occupational readiness,Verified — clear,NOT_IN_285_QUEUE,NOT_ASSESSED,REUSE_EXISTING_AUDIT_ONLY,NO
EV-0048,LOW_RELEVANCE,Musculoskeletal injury,Verified — clear,NOT_IN_285_QUEUE,NOT_ASSESSED,REUSE_EXISTING_AUDIT_ONLY,NO
EV-0049,DISCUSSION_ONLY,Physical / academy readiness,Verified — clear,NOT_IN_285_QUEUE,NOT_ASSESSED,REUSE_EXISTING_AUDIT_ONLY,NO
EV-0050,OUT_OF_SCOPE,General operational / occupational readiness,Verified — clear,NOT_IN_285_QUEUE,NOT_ASSESSED,REUSE_EXISTING_AUDIT_ONLY,NO
EV-0051,DISCUSSION_ONLY,General operational / occupational readiness,Verified — clear,NOT_IN_285_QUEUE,NOT_ASSESSED,REUSE_EXISTING_AUDIT_ONLY,NO
EV-0052,CONTRADICTORY_CANDIDATE,Physical / academy readiness,Verified — clear,FULL_TEXT_UNAVAILABLE,NOT_YET_LOCALIZED,REUSE_EXISTING_AUDIT_ONLY,NO
EV-0053,LOW_RELEVANCE,Musculoskeletal injury,Verified — clear,NOT_IN_285_QUEUE,NOT_ASSESSED,REUSE_EXISTING_AUDIT_ONLY,NO
EV-0054,DISCUSSION_ONLY,General operational / occupational readiness,Verified — clear,NOT_IN_285_QUEUE,NOT_ASSESSED,REUSE_EXISTING_AUDIT_ONLY,NO
EV-0055,OUT_OF_SCOPE,General operational / occupational readiness,Verified — clear,NOT_IN_285_QUEUE,NOT_ASSESSED,REUSE_EXISTING_AUDIT_ONLY,NO
EV-0056,LOW_RELEVANCE,Hydration / heat / thermoregulation,Verified — clear,NOT_IN_285_QUEUE,NOT_ASSESSED,REUSE_EXISTING_AUDIT_ONLY,NO
EV-0057,DISCUSSION_ONLY,General operational / occupational readiness,Verified — clear,NOT_IN_285_QUEUE,NOT_ASSESSED,REUSE_EXISTING_AUDIT_ONLY,NO
EV-0058,LOW_RELEVANCE,Medical / cardiovascular readiness,Verified — clear,NOT_IN_285_QUEUE,NOT_ASSESSED,REUSE_EXISTING_AUDIT_ONLY,NO
EV-0059,DISCUSSION_ONLY,General operational / occupational readiness,Pending,NOT_IN_285_QUEUE,NOT_ASSESSED,REUSE_EXISTING_AUDIT_ONLY,NO
EV-0060,OUT_OF_SCOPE,General operational / occupational readiness,Verified — clear,NOT_IN_285_QUEUE,NOT_ASSESSED,REUSE_EXISTING_AUDIT_ONLY,NO
EV-0061,DISCUSSION_ONLY,General operational / occupational readiness,Verified — clear,NOT_IN_285_QUEUE,NOT_ASSESSED,REUSE_EXISTING_AUDIT_ONLY,NO
EV-0062,DISCUSSION_ONLY,General operational / occupational readiness,Verified — clear,NOT_IN_285_QUEUE,NOT_ASSESSED,REUSE_EXISTING_AUDIT_ONLY,NO
EV-0063,OUT_OF_SCOPE,General operational / occupational readiness,Pending,NOT_IN_285_QUEUE,NOT_ASSESSED,REUSE_EXISTING_AUDIT_ONLY,NO
EV-0064,DISCUSSION_ONLY,General operational / occupational readiness,Verified — clear,NOT_IN_285_QUEUE,NOT_ASSESSED,REUSE_EXISTING_AUDIT_ONLY,NO
EV-0065,DISCUSSION_ONLY,General operational / occupational readiness,Verified — clear,NOT_IN_285_QUEUE,NOT_ASSESSED,REUSE_EXISTING_AUDIT_ONLY,NO
EV-0066,FULL_TEXT_REVIEW,Nutrition / shift work,Verified — clear,FULL_TEXT_UNAVAILABLE,NOT_YET_LOCALIZED,REUSE_EXISTING_AUDIT_ONLY,NO
EV-0067,OUT_OF_SCOPE,General operational / occupational readiness,Verified — clear,NOT_IN_285_QUEUE,NOT_ASSESSED,REUSE_EXISTING_AUDIT_ONLY,NO
EV-0068,FULL_TEXT_REVIEW,Musculoskeletal injury,Verified — clear,LAWFUL_PMC_XML,RESULT_LOCATED,REUSE_EXISTING_AUDIT_ONLY,NO
EV-0069,LOW_RELEVANCE,Tactical medicine / TCCC / TECC / APH,Verified — clear,NOT_IN_285_QUEUE,NOT_ASSESSED,REUSE_EXISTING_AUDIT_ONLY,NO
EV-0070,LOW_RELEVANCE,Mental health / stress,Verified — clear,NOT_IN_285_QUEUE,NOT_ASSESSED,REUSE_EXISTING_AUDIT_ONLY,NO
EV-0071,OUT_OF_SCOPE,General operational / occupational readiness,Verified — clear,NOT_IN_285_QUEUE,NOT_ASSESSED,REUSE_EXISTING_AUDIT_ONLY,NO
EV-0072,DISCUSSION_ONLY,General operational / occupational readiness,Verified — clear,NOT_IN_285_QUEUE,NOT_ASSESSED,REUSE_EXISTING_AUDIT_ONLY,NO
EV-0073,DISCUSSION_ONLY,General operational / occupational readiness,Verified — clear,NOT_IN_285_QUEUE,NOT_ASSESSED,REUSE_EXISTING_AUDIT_ONLY,NO
EV-0074,OUT_OF_SCOPE,General operational / occupational readiness,Verified — clear,NOT_IN_285_QUEUE,NOT_ASSESSED,REUSE_EXISTING_AUDIT_ONLY,NO
EV-0075,OUT_OF_SCOPE,General operational / occupational readiness,Verified — clear,NOT_IN_285_QUEUE,NOT_ASSESSED,REUSE_EXISTING_AUDIT_ONLY,NO
EV-0076,FULL_TEXT_REVIEW,Medical / cardiovascular readiness,Verified — clear,LAWFUL_PMC_XML,RESULT_LOCATED,REUSE_EXISTING_AUDIT_ONLY,NO
EV-0077,OUT_OF_SCOPE,General operational / occupational readiness,Verified — clear,NOT_IN_285_QUEUE,NOT_ASSESSED,REUSE_EXISTING_AUDIT_ONLY,NO
EV-0078,DISCUSSION_ONLY,General operational / occupational readiness,Verified — clear,NOT_IN_285_QUEUE,NOT_ASSESSED,REUSE_EXISTING_AUDIT_ONLY,NO
EV-0079,OUT_OF_SCOPE,General operational / occupational readiness,Verified — clear,NOT_IN_285_QUEUE,NOT_ASSESSED,REUSE_EXISTING_AUDIT_ONLY,NO
EV-0080,DISCUSSION_ONLY,General operational / occupational readiness,Verified — clear,NOT_IN_285_QUEUE,NOT_ASSESSED,REUSE_EXISTING_AUDIT_ONLY,NO
EV-0081,OUT_OF_SCOPE,General operational / occupational readiness,Verified — clear,NOT_IN_285_QUEUE,NOT_ASSESSED,REUSE_EXISTING_AUDIT_ONLY,NO
EV-0082,DISCUSSION_ONLY,General operational / occupational readiness,Verified — clear,NOT_IN_285_QUEUE,NOT_ASSESSED,REUSE_EXISTING_AUDIT_ONLY,NO
EV-0083,DISCUSSION_ONLY,General operational / occupational readiness,Verified — clear,NOT_IN_285_QUEUE,NOT_ASSESSED,REUSE_EXISTING_AUDIT_ONLY,NO
EV-0084,OUT_OF_SCOPE,General operational / occupational readiness,Verified — clear,NOT_IN_285_QUEUE,NOT_ASSESSED,REUSE_EXISTING_AUDIT_ONLY,NO
EV-0085,DISCUSSION_ONLY,General operational / occupational readiness,Verified — clear,NOT_IN_285_QUEUE,NOT_ASSESSED,REUSE_EXISTING_AUDIT_ONLY,NO
EV-0086,OUT_OF_SCOPE,General operational / occupational readiness,Verified — clear,NOT_IN_285_QUEUE,NOT_ASSESSED,REUSE_EXISTING_AUDIT_ONLY,NO
EV-0087,FULL_TEXT_REVIEW,Physical / academy readiness,Verified — clear,FULL_TEXT_UNAVAILABLE,NOT_YET_LOCALIZED,REUSE_EXISTING_AUDIT_ONLY,NO
EV-0088,DISCUSSION_ONLY,General operational / occupational readiness,Verified — clear,NOT_IN_285_QUEUE,NOT_ASSESSED,REUSE_EXISTING_AUDIT_ONLY,NO
EV-0089,FULL_TEXT_REVIEW,Tactical medicine / TCCC / TECC / APH,Verified — clear,FULL_TEXT_UNAVAILABLE,NOT_YET_LOCALIZED,REUSE_EXISTING_AUDIT_ONLY,NO
EV-0090,DISCUSSION_ONLY,General operational / occupational readiness,Verified — clear,NOT_IN_285_QUEUE,NOT_ASSESSED,REUSE_EXISTING_AUDIT_ONLY,NO
EV-0091,LOW_RELEVANCE,Mental health / stress,Verified — clear,NOT_IN_285_QUEUE,NOT_ASSESSED,REUSE_EXISTING_AUDIT_ONLY,NO
EV-0092,FULL_TEXT_REVIEW,Sleep / fatigue / recovery,Verified — clear,LAWFUL_PMC_XML,NOT_YET_LOCALIZED,REUSE_EXISTING_AUDIT_ONLY,NO
EV-0093,FULL_TEXT_REVIEW,Tactical medicine / TCCC / TECC / APH,Verified — clear,FULL_TEXT_UNAVAILABLE,NOT_YET_LOCALIZED,REUSE_EXISTING_AUDIT_ONLY,NO
EV-0094,DISCUSSION_ONLY,General operational / occupational readiness,Verified — clear,NOT_IN_285_QUEUE,NOT_ASSESSED,REUSE_EXISTING_AUDIT_ONLY,NO
EV-0095,OUT_OF_SCOPE,General operational / occupational readiness,Verified — clear,NOT_IN_285_QUEUE,NOT_ASSESSED,REUSE_EXISTING_AUDIT_ONLY,NO
EV-0096,OUT_OF_SCOPE,General operational / occupational readiness,Verified — clear,NOT_IN_285_QUEUE,NOT_ASSESSED,REUSE_EXISTING_AUDIT_ONLY,NO
EV-0097,DISCUSSION_ONLY,Physical / academy readiness,Verified — clear,NOT_IN_285_QUEUE,NOT_ASSESSED,REUSE_EXISTING_AUDIT_ONLY,NO
EV-0098,DISCUSSION_ONLY,General operational / occupational readiness,Verified — clear,NOT_IN_285_QUEUE,NOT_ASSESSED,REUSE_EXISTING_AUDIT_ONLY,NO
EV-0099,FULL_TEXT_REVIEW,Musculoskeletal injury,Verified — clear,FULL_TEXT_UNAVAILABLE,NOT_YET_LOCALIZED,REUSE_EXISTING_AUDIT_ONLY,NO
EV-0100,OUT_OF_SCOPE,General operational / occupational readiness,Verified — clear,NOT_IN_285_QUEUE,NOT_ASSESSED,REUSE_EXISTING_AUDIT_ONLY,NO
EV-0101,LOW_RELEVANCE,Physical / academy readiness,Verified — clear,NOT_IN_285_QUEUE,NOT_ASSESSED,REUSE_EXISTING_AUDIT_ONLY,NO
EV-0102,FULL_TEXT_REVIEW,Nutrition / shift work,Verified — clear,FULL_TEXT_UNAVAILABLE,NOT_YET_LOCALIZED,REUSE_EXISTING_AUDIT_ONLY,NO
EV-0103,FULL_TEXT_REVIEW,Tactical medicine / TCCC / TECC / APH,Verified — clear,LAWFUL_PMC_XML,RESULT_LOCATED,REUSE_EXISTING_AUDIT_ONLY,NO
EV-0104,DISCUSSION_ONLY,General operational / occupational readiness,Verified — clear,NOT_IN_285_QUEUE,NOT_ASSESSED,REUSE_EXISTING_AUDIT_ONLY,NO
EV-0105,DISCUSSION_ONLY,General operational / occupational readiness,Verified — clear,NOT_IN_285_QUEUE,NOT_ASSESSED,REUSE_EXISTING_AUDIT_ONLY,NO
EV-0106,DISCUSSION_ONLY,General operational / occupational readiness,Pending,NOT_IN_285_QUEUE,NOT_ASSESSED,REUSE_EXISTING_AUDIT_ONLY,NO
EV-0107,LOW_RELEVANCE,Tactical medicine / TCCC / TECC / APH,Verified — clear,NOT_IN_285_QUEUE,NOT_ASSESSED,REUSE_EXISTING_AUDIT_ONLY,NO
EV-0108,DISCUSSION_ONLY,General operational / occupational readiness,Verified — clear,NOT_IN_285_QUEUE,NOT_ASSESSED,REUSE_EXISTING_AUDIT_ONLY,NO
EV-0109,LOW_RELEVANCE,Mental health / stress,Verified — clear,NOT_IN_285_QUEUE,NOT_ASSESSED,REUSE_EXISTING_AUDIT_ONLY,NO
EV-0110,LOW_RELEVANCE,Tactical medicine / TCCC / TECC / APH,Verified — clear,NOT_IN_285_QUEUE,NOT_ASSESSED,REUSE_EXISTING_AUDIT_ONLY,NO
EV-0111,OUT_OF_SCOPE,General operational / occupational readiness,Verified — clear,NOT_IN_285_QUEUE,NOT_ASSESSED,REUSE_EXISTING_AUDIT_ONLY,NO
EV-0112,DISCUSSION_ONLY,General operational / occupational readiness,Verified — clear,NOT_IN_285_QUEUE,NOT_ASSESSED,REUSE_EXISTING_AUDIT_ONLY,NO
EV-0113,LOW_RELEVANCE,General operational / occupational readiness,Verified — clear,NOT_IN_285_QUEUE,NOT_ASSESSED,REUSE_EXISTING_AUDIT_ONLY,NO
EV-0114,FULL_TEXT_REVIEW,Medical / cardiovascular readiness,Verified — clear,LAWFUL_PMC_XML,RESULT_LOCATED,REUSE_EXISTING_AUDIT_ONLY,NO
EV-0115,FULL_TEXT_REVIEW,Musculoskeletal injury,Verified — clear,LAWFUL_PMC_XML,RESULT_LOCATED,REUSE_EXISTING_AUDIT_ONLY,NO
EV-0116,OUT_OF_SCOPE,General operational / occupational readiness,Verified — clear,NOT_IN_285_QUEUE,NOT_ASSESSED,REUSE_EXISTING_AUDIT_ONLY,NO
EV-0117,OUT_OF_SCOPE,General operational / occupational readiness,Verified — clear,NOT_IN_285_QUEUE,NOT_ASSESSED,REUSE_EXISTING_AUDIT_ONLY,NO
EV-0118,LOW_RELEVANCE,Mental health / stress,Verified — clear,NOT_IN_285_QUEUE,NOT_ASSESSED,REUSE_EXISTING_AUDIT_ONLY,NO
EV-0119,OUT_OF_SCOPE,General operational / occupational readiness,Verified — clear,NOT_IN_285_QUEUE,NOT_ASSESSED,REUSE_EXISTING_AUDIT_ONLY,NO
EV-0120,FULL_TEXT_REVIEW,Physical / academy readiness,Verified — clear,FULL_TEXT_UNAVAILABLE,NOT_YET_LOCALIZED,REUSE_EXISTING_AUDIT_ONLY,NO
EV-0121,LOW_RELEVANCE,Tactical medicine / TCCC / TECC / APH,Verified — clear,NOT_IN_285_QUEUE,NOT_ASSESSED,REUSE_EXISTING_AUDIT_ONLY,NO
EV-0122,DISCUSSION_ONLY,General operational / occupational readiness,Verified — clear,NOT_IN_285_QUEUE,NOT_ASSESSED,REUSE_EXISTING_AUDIT_ONLY,NO
EV-0123,FULL_TEXT_REVIEW,Physical / academy readiness,Verified — clear,FULL_TEXT_UNAVAILABLE,NOT_YET_LOCALIZED,REUSE_EXISTING_AUDIT_ONLY,NO
EV-0124,DISCUSSION_ONLY,General operational / occupational readiness,Verified — clear,NOT_IN_285_QUEUE,NOT_ASSESSED,REUSE_EXISTING_AUDIT_ONLY,NO
EV-0125,FULL_TEXT_REVIEW,Physical / academy readiness,Verified — clear,FULL_TEXT_UNAVAILABLE,NOT_YET_LOCALIZED,REUSE_EXISTING_AUDIT_ONLY,NO
EV-0126,DISCUSSION_ONLY,General operational / occupational readiness,Verified — clear,NOT_IN_285_QUEUE,NOT_ASSESSED,REUSE_EXISTING_AUDIT_ONLY,NO
EV-0127,DISCUSSION_ONLY,General operational / occupational readiness,Verified — clear,NOT_IN_285_QUEUE,NOT_ASSESSED,REUSE_EXISTING_AUDIT_ONLY,NO
EV-0128,DISCUSSION_ONLY,General operational / occupational readiness,Pending,NOT_IN_285_QUEUE,NOT_ASSESSED,REUSE_EXISTING_AUDIT_ONLY,NO
EV-0129,OUT_OF_SCOPE,General operational / occupational readiness,Verified — clear,NOT_IN_285_QUEUE,NOT_ASSESSED,REUSE_EXISTING_AUDIT_ONLY,NO
EV-0130,LOW_RELEVANCE,Medical / cardiovascular readiness,Verified — clear,NOT_IN_285_QUEUE,NOT_ASSESSED,REUSE_EXISTING_AUDIT_ONLY,NO
EV-0131,DISCUSSION_ONLY,General operational / occupational readiness,Verified — clear,NOT_IN_285_QUEUE,NOT_ASSESSED,REUSE_EXISTING_AUDIT_ONLY,NO
EV-0132,DISCUSSION_ONLY,General operational / occupational readiness,Verified — clear,NOT_IN_285_QUEUE,NOT_ASSESSED,REUSE_EXISTING_AUDIT_ONLY,NO
EV-0133,OUT_OF_SCOPE,General operational / occupational readiness,Verified — clear,NOT_IN_285_QUEUE,NOT_ASSESSED,REUSE_EXISTING_AUDIT_ONLY,NO
EV-0134,DISCUSSION_ONLY,General operational / occupational readiness,Verified — clear,NOT_IN_285_QUEUE,NOT_ASSESSED,REUSE_EXISTING_AUDIT_ONLY,NO
EV-0135,OUT_OF_SCOPE,General operational / occupational readiness,Verified — clear,NOT_IN_285_QUEUE,NOT_ASSESSED,REUSE_EXISTING_AUDIT_ONLY,NO
EV-0136,DISCUSSION_ONLY,General operational / occupational readiness,Verified — clear,NOT_IN_285_QUEUE,NOT_ASSESSED,REUSE_EXISTING_AUDIT_ONLY,NO
EV-0137,FULL_TEXT_REVIEW,Musculoskeletal injury,Verified — clear,FULL_TEXT_UNAVAILABLE,NOT_YET_LOCALIZED,REUSE_EXISTING_AUDIT_ONLY,NO
EV-0138,LOW_RELEVANCE,Sleep / fatigue / recovery,Verified — clear,NOT_IN_285_QUEUE,NOT_ASSESSED,REUSE_EXISTING_AUDIT_ONLY,NO
EV-0139,LOW_RELEVANCE,Musculoskeletal injury,Verified — clear,NOT_IN_285_QUEUE,NOT_ASSESSED,REUSE_EXISTING_AUDIT_ONLY,NO
EV-0140,CONTRADICTORY_CANDIDATE,Nutrition / shift work,Verified — clear,FULL_TEXT_UNAVAILABLE,NOT_YET_LOCALIZED,REUSE_EXISTING_AUDIT_ONLY,NO
EV-0141,FULL_TEXT_REVIEW,Sleep / fatigue / recovery,Verified — clear,FULL_TEXT_UNAVAILABLE,NOT_YET_LOCALIZED,REUSE_EXISTING_AUDIT_ONLY,NO
EV-0142,OUT_OF_SCOPE,General operational / occupational readiness,Verified — clear,NOT_IN_285_QUEUE,NOT_ASSESSED,REUSE_EXISTING_AUDIT_ONLY,NO
EV-0143,FULL_TEXT_REVIEW,Physical / academy readiness,Verified — clear,LAWFUL_PMC_XML,NOT_YET_LOCALIZED,REUSE_EXISTING_AUDIT_ONLY,NO
EV-0144,DISCUSSION_ONLY,General operational / occupational readiness,Verified — clear,NOT_IN_285_QUEUE,NOT_ASSESSED,REUSE_EXISTING_AUDIT_ONLY,NO
EV-0145,DISCUSSION_ONLY,General operational / occupational readiness,Verified — clear,NOT_IN_285_QUEUE,NOT_ASSESSED,REUSE_EXISTING_AUDIT_ONLY,NO
EV-0146,FULL_TEXT_REVIEW,Musculoskeletal injury,Verified — clear,LAWFUL_PMC_XML,RESULT_LOCATED,REUSE_EXISTING_AUDIT_ONLY,NO
EV-0147,DISCUSSION_ONLY,General operational / occupational readiness,Verified — clear,NOT_IN_285_QUEUE,NOT_ASSESSED,REUSE_EXISTING_AUDIT_ONLY,NO
EV-0148,DISCUSSION_ONLY,General operational / occupational readiness,Verified — clear,NOT_IN_285_QUEUE,NOT_ASSESSED,REUSE_EXISTING_AUDIT_ONLY,NO
EV-0149,FULL_TEXT_REVIEW,Musculoskeletal injury,Verified — clear,FULL_TEXT_UNAVAILABLE,NOT_YET_LOCALIZED,REUSE_EXISTING_AUDIT_ONLY,NO
EV-0150,DISCUSSION_ONLY,General operational / occupational readiness,Verified — clear,NOT_IN_285_QUEUE,NOT_ASSESSED,REUSE_EXISTING_AUDIT_ONLY,NO
EV-0151,FULL_TEXT_REVIEW,Tactical medicine / TCCC / TECC / APH,Verified — clear,LAWFUL_PMC_XML,RESULT_LOCATED,REUSE_EXISTING_AUDIT_ONLY,NO
EV-0152,LOW_RELEVANCE,Tactical medicine / TCCC / TECC / APH,Verified — clear,NOT_IN_285_QUEUE,NOT_ASSESSED,REUSE_EXISTING_AUDIT_ONLY,NO
EV-0153,FULL_TEXT_REVIEW,Sleep / fatigue / recovery,Verified — clear,LAWFUL_PMC_XML,RESULT_LOCATED,REUSE_EXISTING_AUDIT_ONLY,NO
EV-0154,OUT_OF_SCOPE,General operational / occupational readiness,Verified — clear,NOT_IN_285_QUEUE,NOT_ASSESSED,REUSE_EXISTING_AUDIT_ONLY,NO
EV-0155,DISCUSSION_ONLY,General operational / occupational readiness,Verified — clear,NOT_IN_285_QUEUE,NOT_ASSESSED,REUSE_EXISTING_AUDIT_ONLY,NO
EV-0156,FULL_TEXT_REVIEW,Cognition / firearm performance,Verified — clear,LAWFUL_PMC_XML,NOT_YET_LOCALIZED,REUSE_EXISTING_AUDIT_ONLY,NO
EV-0157,OUT_OF_SCOPE,General operational / occupational readiness,Verified — clear,NOT_IN_285_QUEUE,NOT_ASSESSED,REUSE_EXISTING_AUDIT_ONLY,NO
EV-0158,FULL_TEXT_REVIEW,Sleep / fatigue / recovery,Verified — clear,FULL_TEXT_UNAVAILABLE,NOT_YET_LOCALIZED,REUSE_EXISTING_AUDIT_ONLY,NO
EV-0159,OUT_OF_SCOPE,General operational / occupational readiness,Verified — clear,NOT_IN_285_QUEUE,NOT_ASSESSED,REUSE_EXISTING_AUDIT_ONLY,NO
EV-0160,LOW_RELEVANCE,Implementation science,Verified — clear,NOT_IN_285_QUEUE,NOT_ASSESSED,REUSE_EXISTING_AUDIT_ONLY,NO
EV-0161,FULL_TEXT_REVIEW,Mental health / stress,Verified — clear,LAWFUL_PMC_XML,RESULT_LOCATED,REUSE_EXISTING_AUDIT_ONLY,NO
EV-0162,OUT_OF_SCOPE,General operational / occupational readiness,Verified — clear,NOT_IN_285_QUEUE,NOT_ASSESSED,REUSE_EXISTING_AUDIT_ONLY,NO
EV-0163,DISCUSSION_ONLY,General operational / occupational readiness,Verified — clear,NOT_IN_285_QUEUE,NOT_ASSESSED,REUSE_EXISTING_AUDIT_ONLY,NO
EV-0164,REPLACE_EXISTING_CANDIDATE,Physical / academy readiness,Verified — clear,FULL_TEXT_UNAVAILABLE,NOT_YET_LOCALIZED,REUSE_EXISTING_AUDIT_ONLY,NO
EV-0165,OUT_OF_SCOPE,General operational / occupational readiness,Verified — clear,NOT_IN_285_QUEUE,NOT_ASSESSED,REUSE_EXISTING_AUDIT_ONLY,NO
EV-0166,OUT_OF_SCOPE,General operational / occupational readiness,Verified — clear,NOT_IN_285_QUEUE,NOT_ASSESSED,REUSE_EXISTING_AUDIT_ONLY,NO
EV-0167,FULL_TEXT_REVIEW,Implementation science,Verified — clear,LAWFUL_PMC_XML,RESULT_LOCATED,REUSE_EXISTING_AUDIT_ONLY,NO
EV-0168,OUT_OF_SCOPE,General operational / occupational readiness,Verified — clear,NOT_IN_285_QUEUE,NOT_ASSESSED,REUSE_EXISTING_AUDIT_ONLY,NO
EV-0169,FULL_TEXT_REVIEW,Physical / academy readiness,Verified — clear,FULL_TEXT_UNAVAILABLE,NOT_YET_LOCALIZED,REUSE_EXISTING_AUDIT_ONLY,NO
EV-0170,LOW_RELEVANCE,Musculoskeletal injury,Verified — clear,NOT_IN_285_QUEUE,NOT_ASSESSED,REUSE_EXISTING_AUDIT_ONLY,NO
EV-0171,OUT_OF_SCOPE,General operational / occupational readiness,Verified — clear,NOT_IN_285_QUEUE,NOT_ASSESSED,REUSE_EXISTING_AUDIT_ONLY,NO
EV-0172,DISCUSSION_ONLY,General operational / occupational readiness,Verified — clear,NOT_IN_285_QUEUE,NOT_ASSESSED,REUSE_EXISTING_AUDIT_ONLY,NO
EV-0173,LOW_RELEVANCE,Tactical medicine / TCCC / TECC / APH,Verified — clear,NOT_IN_285_QUEUE,NOT_ASSESSED,REUSE_EXISTING_AUDIT_ONLY,NO
EV-0174,FULL_TEXT_REVIEW,Physical / academy readiness,Verified — clear,FULL_TEXT_UNAVAILABLE,NOT_YET_LOCALIZED,REUSE_EXISTING_AUDIT_ONLY,NO
EV-0175,LOW_RELEVANCE,General operational / occupational readiness,Verified — clear,NOT_IN_285_QUEUE,NOT_ASSESSED,REUSE_EXISTING_AUDIT_ONLY,NO
EV-0176,OUT_OF_SCOPE,General operational / occupational readiness,Verified — clear,NOT_IN_285_QUEUE,NOT_ASSESSED,REUSE_EXISTING_AUDIT_ONLY,NO
EV-0177,FULL_TEXT_REVIEW,Physical / academy readiness,Verified — clear,FULL_TEXT_UNAVAILABLE,NOT_YET_LOCALIZED,REUSE_EXISTING_AUDIT_ONLY,NO
EV-0178,FULL_TEXT_REVIEW,Nutrition / shift work,Verified — clear,LAWFUL_PMC_XML,NOT_YET_LOCALIZED,REUSE_EXISTING_AUDIT_ONLY,NO
EV-0179,FULL_TEXT_REVIEW,Musculoskeletal injury,Verified — clear,LAWFUL_PMC_XML,NOT_YET_LOCALIZED,REUSE_EXISTING_AUDIT_ONLY,NO
EV-0180,LOW_RELEVANCE,Tactical medicine / TCCC / TECC / APH,Verified — clear,NOT_IN_285_QUEUE,NOT_ASSESSED,REUSE_EXISTING_AUDIT_ONLY,NO
EV-0181,OUT_OF_SCOPE,General operational / occupational readiness,Verified — clear,NOT_IN_285_QUEUE,NOT_ASSESSED,REUSE_EXISTING_AUDIT_ONLY,NO
EV-0182,DISCUSSION_ONLY,General operational / occupational readiness,Verified — clear,NOT_IN_285_QUEUE,NOT_ASSESSED,REUSE_EXISTING_AUDIT_ONLY,NO
EV-0183,FULL_TEXT_REVIEW,Sleep / fatigue / recovery,Verified — clear,LAWFUL_PMC_XML,RESULT_LOCATED,REUSE_EXISTING_AUDIT_ONLY,NO
EV-0184,LOW_RELEVANCE,Tactical medicine / TCCC / TECC / APH,Verified — clear,NOT_IN_285_QUEUE,NOT_ASSESSED,REUSE_EXISTING_AUDIT_ONLY,NO
EV-0185,DISCUSSION_ONLY,General operational / occupational readiness,Verified — clear,NOT_IN_285_QUEUE,NOT_ASSESSED,REUSE_EXISTING_AUDIT_ONLY,NO
EV-0186,DISCUSSION_ONLY,General operational / occupational readiness,Verified — clear,NOT_IN_285_QUEUE,NOT_ASSESSED,REUSE_EXISTING_AUDIT_ONLY,NO
EV-0187,DISCUSSION_ONLY,General operational / occupational readiness,Verified — clear,NOT_IN_285_QUEUE,NOT_ASSESSED,REUSE_EXISTING_AUDIT_ONLY,NO
EV-0188,DISCUSSION_ONLY,General operational / occupational readiness,Verified — clear,NOT_IN_285_QUEUE,NOT_ASSESSED,REUSE_EXISTING_AUDIT_ONLY,NO
EV-0189,OUT_OF_SCOPE,General operational / occupational readiness,Verified — clear,NOT_IN_285_QUEUE,NOT_ASSESSED,REUSE_EXISTING_AUDIT_ONLY,NO
EV-0190,OUT_OF_SCOPE,General operational / occupational readiness,Verified — clear,NOT_IN_285_QUEUE,NOT_ASSESSED,REUSE_EXISTING_AUDIT_ONLY,NO
EV-0191,LOW_RELEVANCE,Tactical medicine / TCCC / TECC / APH,Verified — clear,NOT_IN_285_QUEUE,NOT_ASSESSED,REUSE_EXISTING_AUDIT_ONLY,NO
EV-0192,OUT_OF_SCOPE,General operational / occupational readiness,Verified — clear,NOT_IN_285_QUEUE,NOT_ASSESSED,REUSE_EXISTING_AUDIT_ONLY,NO
EV-0193,LOW_RELEVANCE,Mental health / stress,Verified — clear,NOT_IN_285_QUEUE,NOT_ASSESSED,REUSE_EXISTING_AUDIT_ONLY,NO
EV-0194,FULL_TEXT_REVIEW,Physical / academy readiness,Verified — clear,FULL_TEXT_UNAVAILABLE,NOT_YET_LOCALIZED,REUSE_EXISTING_AUDIT_ONLY,NO
EV-0195,FULL_TEXT_REVIEW,Mental health / stress,Verified — clear,LAWFUL_PMC_XML,RESULT_LOCATED,REUSE_EXISTING_AUDIT_ONLY,NO
EV-0196,FULL_TEXT_REVIEW,Nutrition / shift work,Verified — clear,LAWFUL_PMC_XML,RESULT_LOCATED,REUSE_EXISTING_AUDIT_ONLY,NO
EV-0197,LOW_RELEVANCE,General operational / occupational readiness,Verified — clear,NOT_IN_285_QUEUE,NOT_ASSESSED,REUSE_EXISTING_AUDIT_ONLY,NO
EV-0198,FULL_TEXT_REVIEW,Mental health / stress,Verified — clear,LAWFUL_PMC_XML,RESULT_LOCATED,REUSE_EXISTING_AUDIT_ONLY,NO
EV-0199,DISCUSSION_ONLY,General operational / occupational readiness,Verified — clear,NOT_IN_285_QUEUE,NOT_ASSESSED,REUSE_EXISTING_AUDIT_ONLY,NO
EV-0200,FULL_TEXT_REVIEW,Cognition / firearm performance,Verified — clear,LAWFUL_PMC_XML,RESULT_LOCATED,REUSE_EXISTING_AUDIT_ONLY,NO
EV-0201,OUT_OF_SCOPE,General operational / occupational readiness,Verified — clear,NOT_IN_285_QUEUE,NOT_ASSESSED,REUSE_EXISTING_AUDIT_ONLY,NO
EV-0202,OUT_OF_SCOPE,General operational / occupational readiness,Pending,NOT_IN_285_QUEUE,NOT_ASSESSED,REUSE_EXISTING_AUDIT_ONLY,NO
EV-0203,OUT_OF_SCOPE,General operational / occupational readiness,Verified — clear,NOT_IN_285_QUEUE,NOT_ASSESSED,REUSE_EXISTING_AUDIT_ONLY,NO
EV-0204,FULL_TEXT_REVIEW,Physical / academy readiness,Verified — clear,LAWFUL_PMC_XML,RESULT_LOCATED,REUSE_EXISTING_AUDIT_ONLY,NO
EV-0205,OUT_OF_SCOPE,General operational / occupational readiness,Verified — clear,NOT_IN_285_QUEUE,NOT_ASSESSED,REUSE_EXISTING_AUDIT_ONLY,NO
EV-0206,DISCUSSION_ONLY,General operational / occupational readiness,Verified — clear,NOT_IN_285_QUEUE,NOT_ASSESSED,REUSE_EXISTING_AUDIT_ONLY,NO
EV-0207,DISCUSSION_ONLY,Sleep / fatigue / recovery,Verified — clear,NOT_IN_285_QUEUE,NOT_ASSESSED,REUSE_EXISTING_AUDIT_ONLY,NO
EV-0208,OUT_OF_SCOPE,General operational / occupational readiness,Verified — clear,NOT_IN_285_QUEUE,NOT_ASSESSED,REUSE_EXISTING_AUDIT_ONLY,NO
EV-0209,OUT_OF_SCOPE,General operational / occupational readiness,Verified — clear,NOT_IN_285_QUEUE,NOT_ASSESSED,REUSE_EXISTING_AUDIT_ONLY,NO
EV-0210,OUT_OF_SCOPE,General operational / occupational readiness,Verified — clear,NOT_IN_285_QUEUE,NOT_ASSESSED,REUSE_EXISTING_AUDIT_ONLY,NO
EV-0211,FULL_TEXT_REVIEW,Physical / academy readiness,Verified — clear,FULL_TEXT_UNAVAILABLE,NOT_YET_LOCALIZED,REUSE_EXISTING_AUDIT_ONLY,NO
EV-0212,OUT_OF_SCOPE,General operational / occupational readiness,Verified — clear,NOT_IN_285_QUEUE,NOT_ASSESSED,REUSE_EXISTING_AUDIT_ONLY,NO
EV-0213,DISCUSSION_ONLY,General operational / occupational readiness,Verified — clear,NOT_IN_285_QUEUE,NOT_ASSESSED,REUSE_EXISTING_AUDIT_ONLY,NO
EV-0214,DISCUSSION_ONLY,General operational / occupational readiness,Verified — clear,NOT_IN_285_QUEUE,NOT_ASSESSED,REUSE_EXISTING_AUDIT_ONLY,NO
EV-0215,OUT_OF_SCOPE,General operational / occupational readiness,Verified — clear,NOT_IN_285_QUEUE,NOT_ASSESSED,REUSE_EXISTING_AUDIT_ONLY,NO
EV-0216,DISCUSSION_ONLY,General operational / occupational readiness,Verified — clear,NOT_IN_285_QUEUE,NOT_ASSESSED,REUSE_EXISTING_AUDIT_ONLY,NO
EV-0217,OUT_OF_SCOPE,General operational / occupational readiness,Pending,NOT_IN_285_QUEUE,NOT_ASSESSED,REUSE_EXISTING_AUDIT_ONLY,NO
EV-0218,DISCUSSION_ONLY,General operational / occupational readiness,Verified — clear,NOT_IN_285_QUEUE,NOT_ASSESSED,REUSE_EXISTING_AUDIT_ONLY,NO
EV-0219,OUT_OF_SCOPE,General operational / occupational readiness,Verified — clear,NOT_IN_285_QUEUE,NOT_ASSESSED,REUSE_EXISTING_AUDIT_ONLY,NO
EV-0220,LOW_RELEVANCE,Implementation science,Pending,NOT_IN_285_QUEUE,NOT_ASSESSED,REUSE_EXISTING_AUDIT_ONLY,NO
EV-0221,OUT_OF_SCOPE,General operational / occupational readiness,Verified — clear,NOT_IN_285_QUEUE,NOT_ASSESSED,REUSE_EXISTING_AUDIT_ONLY,NO
EV-0222,FULL_TEXT_REVIEW,Mental health / stress,Verified — clear,FULL_TEXT_UNAVAILABLE,NOT_YET_LOCALIZED,REUSE_EXISTING_AUDIT_ONLY,NO
EV-0223,LOW_RELEVANCE,Physical / academy readiness,Verified — clear,NOT_IN_285_QUEUE,NOT_ASSESSED,REUSE_EXISTING_AUDIT_ONLY,NO
EV-0224,DISCUSSION_ONLY,General operational / occupational readiness,Verified — clear,NOT_IN_285_QUEUE,NOT_ASSESSED,REUSE_EXISTING_AUDIT_ONLY,NO
EV-0225,FULL_TEXT_REVIEW,Mental health / stress,Verified — clear,FULL_TEXT_UNAVAILABLE,NOT_YET_LOCALIZED,REUSE_EXISTING_AUDIT_ONLY,NO
EV-0226,DISCUSSION_ONLY,General operational / occupational readiness,Verified — clear,NOT_IN_285_QUEUE,NOT_ASSESSED,REUSE_EXISTING_AUDIT_ONLY,NO
EV-0227,DISCUSSION_ONLY,General operational / occupational readiness,Verified — clear,NOT_IN_285_QUEUE,NOT_ASSESSED,REUSE_EXISTING_AUDIT_ONLY,NO
EV-0228,DISCUSSION_ONLY,General operational / occupational readiness,Verified — clear,NOT_IN_285_QUEUE,NOT_ASSESSED,REUSE_EXISTING_AUDIT_ONLY,NO
EV-0229,OUT_OF_SCOPE,General operational / occupational readiness,Verified — clear,NOT_IN_285_QUEUE,NOT_ASSESSED,REUSE_EXISTING_AUDIT_ONLY,NO
EV-0230,FULL_TEXT_REVIEW,Mental health / stress,Verified — clear,LAWFUL_PMC_XML,RESULT_LOCATED,REUSE_EXISTING_AUDIT_ONLY,NO
EV-0231,LOW_RELEVANCE,Mental health / stress,Verified — clear,NOT_IN_285_QUEUE,NOT_ASSESSED,REUSE_EXISTING_AUDIT_ONLY,NO
EV-0232,FULL_TEXT_REVIEW,Tactical medicine / TCCC / TECC / APH,Verified — clear,FULL_TEXT_UNAVAILABLE,NOT_YET_LOCALIZED,REUSE_EXISTING_AUDIT_ONLY,NO
EV-0233,OUT_OF_SCOPE,General operational / occupational readiness,Verified — clear,NOT_IN_285_QUEUE,NOT_ASSESSED,REUSE_EXISTING_AUDIT_ONLY,NO
EV-0234,LOW_RELEVANCE,Musculoskeletal injury,Verified — clear,NOT_IN_285_QUEUE,NOT_ASSESSED,REUSE_EXISTING_AUDIT_ONLY,NO
EV-0235,DISCUSSION_ONLY,General operational / occupational readiness,Verified — clear,NOT_IN_285_QUEUE,NOT_ASSESSED,REUSE_EXISTING_AUDIT_ONLY,NO
EV-0236,FULL_TEXT_REVIEW,Nutrition / shift work,Verified — clear,LAWFUL_PMC_XML,RESULT_LOCATED,REUSE_EXISTING_AUDIT_ONLY,NO
EV-0237,OUT_OF_SCOPE,General operational / occupational readiness,Verified — clear,NOT_IN_285_QUEUE,NOT_ASSESSED,REUSE_EXISTING_AUDIT_ONLY,NO
EV-0238,DISCUSSION_ONLY,General operational / occupational readiness,Verified — clear,NOT_IN_285_QUEUE,NOT_ASSESSED,REUSE_EXISTING_AUDIT_ONLY,NO
EV-0239,OUT_OF_SCOPE,General operational / occupational readiness,Verified — clear,NOT_IN_285_QUEUE,NOT_ASSESSED,REUSE_EXISTING_AUDIT_ONLY,NO
EV-0240,OUT_OF_SCOPE,General operational / occupational readiness,Pending,NOT_IN_285_QUEUE,NOT_ASSESSED,REUSE_EXISTING_AUDIT_ONLY,NO
EV-0241,OUT_OF_SCOPE,General operational / occupational readiness,Verified — clear,NOT_IN_285_QUEUE,NOT_ASSESSED,REUSE_EXISTING_AUDIT_ONLY,NO
EV-0242,DISCUSSION_ONLY,General operational / occupational readiness,Verified — clear,NOT_IN_285_QUEUE,NOT_ASSESSED,REUSE_EXISTING_AUDIT_ONLY,NO
EV-0243,DISCUSSION_ONLY,General operational / occupational readiness,Verified — clear,NOT_IN_285_QUEUE,NOT_ASSESSED,REUSE_EXISTING_AUDIT_ONLY,NO
EV-0244,FULL_TEXT_REVIEW,Nutrition / shift work,Verified — clear,FULL_TEXT_UNAVAILABLE,NOT_YET_LOCALIZED,REUSE_EXISTING_AUDIT_ONLY,NO
EV-0245,LOW_RELEVANCE,Tactical medicine / TCCC / TECC / APH,Verified — clear,NOT_IN_285_QUEUE,NOT_ASSESSED,REUSE_EXISTING_AUDIT_ONLY,NO
EV-0246,FULL_TEXT_REVIEW,Nutrition / shift work,Verified — clear,FULL_TEXT_UNAVAILABLE,NOT_YET_LOCALIZED,REUSE_EXISTING_AUDIT_ONLY,NO
EV-0247,LOW_RELEVANCE,Medical / cardiovascular readiness,Verified — clear,NOT_IN_285_QUEUE,NOT_ASSESSED,REUSE_EXISTING_AUDIT_ONLY,NO
EV-0248,DISCUSSION_ONLY,General operational / occupational readiness,Verified — clear,NOT_IN_285_QUEUE,NOT_ASSESSED,REUSE_EXISTING_AUDIT_ONLY,NO
EV-0249,DISCUSSION_ONLY,General operational / occupational readiness,Verified — clear,NOT_IN_285_QUEUE,NOT_ASSESSED,REUSE_EXISTING_AUDIT_ONLY,NO
EV-0250,LOW_RELEVANCE,Monitoring / wearables,Verified — clear,NOT_IN_285_QUEUE,NOT_ASSESSED,REUSE_EXISTING_AUDIT_ONLY,NO
EV-0251,LOW_RELEVANCE,Mental health / stress,Verified — clear,NOT_IN_285_QUEUE,NOT_ASSESSED,REUSE_EXISTING_AUDIT_ONLY,NO
EV-0252,FULL_TEXT_REVIEW,Implementation science,Verified — clear,LAWFUL_PMC_XML,RESULT_LOCATED,REUSE_EXISTING_AUDIT_ONLY,NO
EV-0253,LOW_RELEVANCE,Physical / academy readiness,Verified — clear,NOT_IN_285_QUEUE,NOT_ASSESSED,REUSE_EXISTING_AUDIT_ONLY,NO
EV-0254,DISCUSSION_ONLY,General operational / occupational readiness,Verified — clear,NOT_IN_285_QUEUE,NOT_ASSESSED,REUSE_EXISTING_AUDIT_ONLY,NO
EV-0255,OUT_OF_SCOPE,General operational / occupational readiness,Verified — clear,NOT_IN_285_QUEUE,NOT_ASSESSED,REUSE_EXISTING_AUDIT_ONLY,NO
EV-0256,OUT_OF_SCOPE,General operational / occupational readiness,Verified — clear,NOT_IN_285_QUEUE,NOT_ASSESSED,REUSE_EXISTING_AUDIT_ONLY,NO
EV-0257,OUT_OF_SCOPE,General operational / occupational readiness,Verified — clear,NOT_IN_285_QUEUE,NOT_ASSESSED,REUSE_EXISTING_AUDIT_ONLY,NO
EV-0258,OUT_OF_SCOPE,General operational / occupational readiness,Verified — clear,NOT_IN_285_QUEUE,NOT_ASSESSED,REUSE_EXISTING_AUDIT_ONLY,NO
EV-0259,DISCUSSION_ONLY,General operational / occupational readiness,Verified — clear,NOT_IN_285_QUEUE,NOT_ASSESSED,REUSE_EXISTING_AUDIT_ONLY,NO
EV-0260,DISCUSSION_ONLY,General operational / occupational readiness,Verified — clear,NOT_IN_285_QUEUE,NOT_ASSESSED,REUSE_EXISTING_AUDIT_ONLY,NO
EV-0261,OUT_OF_SCOPE,General operational / occupational readiness,Verified — clear,NOT_IN_285_QUEUE,NOT_ASSESSED,REUSE_EXISTING_AUDIT_ONLY,NO
EV-0262,OUT_OF_SCOPE,General operational / occupational readiness,Verified — clear,NOT_IN_285_QUEUE,NOT_ASSESSED,REUSE_EXISTING_AUDIT_ONLY,NO
EV-0263,DISCUSSION_ONLY,General operational / occupational readiness,Verified — clear,NOT_IN_285_QUEUE,NOT_ASSESSED,REUSE_EXISTING_AUDIT_ONLY,NO
EV-0264,FULL_TEXT_REVIEW,Physical / academy readiness,Verified — clear,LAWFUL_PMC_XML,NOT_YET_LOCALIZED,REUSE_EXISTING_AUDIT_ONLY,NO
EV-0265,LOW_RELEVANCE,Physical / academy readiness,Verified — clear,NOT_IN_285_QUEUE,NOT_ASSESSED,REUSE_EXISTING_AUDIT_ONLY,NO
EV-0266,FULL_TEXT_REVIEW,Musculoskeletal injury,Verified — clear,FULL_TEXT_UNAVAILABLE,NOT_YET_LOCALIZED,REUSE_EXISTING_AUDIT_ONLY,NO
EV-0267,DISCUSSION_ONLY,General operational / occupational readiness,Verified — clear,NOT_IN_285_QUEUE,NOT_ASSESSED,REUSE_EXISTING_AUDIT_ONLY,NO
EV-0268,DISCUSSION_ONLY,General operational / occupational readiness,Verified — clear,NOT_IN_285_QUEUE,NOT_ASSESSED,REUSE_EXISTING_AUDIT_ONLY,NO
EV-0269,DISCUSSION_ONLY,General operational / occupational readiness,Verified — clear,NOT_IN_285_QUEUE,NOT_ASSESSED,REUSE_EXISTING_AUDIT_ONLY,NO
EV-0270,OUT_OF_SCOPE,General operational / occupational readiness,Verified — clear,NOT_IN_285_QUEUE,NOT_ASSESSED,REUSE_EXISTING_AUDIT_ONLY,NO
EV-0271,DISCUSSION_ONLY,General operational / occupational readiness,Verified — clear,NOT_IN_285_QUEUE,NOT_ASSESSED,REUSE_EXISTING_AUDIT_ONLY,NO
EV-0272,OUT_OF_SCOPE,General operational / occupational readiness,Verified — clear,NOT_IN_285_QUEUE,NOT_ASSESSED,REUSE_EXISTING_AUDIT_ONLY,NO
EV-0273,FULL_TEXT_REVIEW,Cognition / firearm performance,Verified — clear,FULL_TEXT_UNAVAILABLE,NOT_YET_LOCALIZED,REUSE_EXISTING_AUDIT_ONLY,NO
EV-0274,DISCUSSION_ONLY,General operational / occupational readiness,Verified — clear,NOT_IN_285_QUEUE,NOT_ASSESSED,REUSE_EXISTING_AUDIT_ONLY,NO
EV-0275,OUT_OF_SCOPE,General operational / occupational readiness,Verified — clear,NOT_IN_285_QUEUE,NOT_ASSESSED,REUSE_EXISTING_AUDIT_ONLY,NO
EV-0276,DISCUSSION_ONLY,General operational / occupational readiness,Verified — clear,NOT_IN_285_QUEUE,NOT_ASSESSED,REUSE_EXISTING_AUDIT_ONLY,NO
EV-0277,OUT_OF_SCOPE,General operational / occupational readiness,Verified — clear,NOT_IN_285_QUEUE,NOT_ASSESSED,REUSE_EXISTING_AUDIT_ONLY,NO
EV-0278,OUT_OF_SCOPE,General operational / occupational readiness,Verified — clear,NOT_IN_285_QUEUE,NOT_ASSESSED,REUSE_EXISTING_AUDIT_ONLY,NO
EV-0279,OUT_OF_SCOPE,General operational / occupational readiness,Verified — clear,NOT_IN_285_QUEUE,NOT_ASSESSED,REUSE_EXISTING_AUDIT_ONLY,NO
EV-0280,OUT_OF_SCOPE,General operational / occupational readiness,Verified — clear,NOT_IN_285_QUEUE,NOT_ASSESSED,REUSE_EXISTING_AUDIT_ONLY,NO
EV-0281,DISCUSSION_ONLY,General operational / occupational readiness,Verified — clear,NOT_IN_285_QUEUE,NOT_ASSESSED,REUSE_EXISTING_AUDIT_ONLY,NO
EV-0282,OUT_OF_SCOPE,General operational / occupational readiness,Verified — clear,NOT_IN_285_QUEUE,NOT_ASSESSED,REUSE_EXISTING_AUDIT_ONLY,NO
EV-0283,DISCUSSION_ONLY,General operational / occupational readiness,Verified — clear,NOT_IN_285_QUEUE,NOT_ASSESSED,REUSE_EXISTING_AUDIT_ONLY,NO
EV-0284,OUT_OF_SCOPE,General operational / occupational readiness,Verified — clear,NOT_IN_285_QUEUE,NOT_ASSESSED,REUSE_EXISTING_AUDIT_ONLY,NO
EV-0285,DISCUSSION_ONLY,General operational / occupational readiness,Verified — clear,NOT_IN_285_QUEUE,NOT_ASSESSED,REUSE_EXISTING_AUDIT_ONLY,NO
EV-0286,DISCUSSION_ONLY,General operational / occupational readiness,Verified — clear,NOT_IN_285_QUEUE,NOT_ASSESSED,REUSE_EXISTING_AUDIT_ONLY,NO
EV-0287,OUT_OF_SCOPE,General operational / occupational readiness,Verified — clear,NOT_IN_285_QUEUE,NOT_ASSESSED,REUSE_EXISTING_AUDIT_ONLY,NO
EV-0288,LOW_RELEVANCE,Tactical medicine / TCCC / TECC / APH,Verified — clear,NOT_IN_285_QUEUE,NOT_ASSESSED,REUSE_EXISTING_AUDIT_ONLY,NO
EV-0289,FULL_TEXT_REVIEW,Physical / academy readiness,Verified — clear,LAWFUL_PMC_XML,NOT_YET_LOCALIZED,REUSE_EXISTING_AUDIT_ONLY,NO
EV-0290,DISCUSSION_ONLY,General operational / occupational readiness,Verified — clear,NOT_IN_285_QUEUE,NOT_ASSESSED,REUSE_EXISTING_AUDIT_ONLY,NO
EV-0291,LOW_RELEVANCE,Load carriage / equipment burden,Verified — clear,NOT_IN_285_QUEUE,NOT_ASSESSED,REUSE_EXISTING_AUDIT_ONLY,NO
EV-0292,FULL_TEXT_REVIEW,Sleep / fatigue / recovery,Verified — clear,FULL_TEXT_UNAVAILABLE,NOT_YET_LOCALIZED,REUSE_EXISTING_AUDIT_ONLY,NO
EV-0293,DISCUSSION_ONLY,General operational / occupational readiness,Verified — clear,NOT_IN_285_QUEUE,NOT_ASSESSED,REUSE_EXISTING_AUDIT_ONLY,NO
EV-0294,FULL_TEXT_REVIEW,Sleep / fatigue / recovery,Verified — clear,LAWFUL_PMC_XML,NOT_YET_LOCALIZED,REUSE_EXISTING_AUDIT_ONLY,NO
EV-0295,FULL_TEXT_REVIEW,Cognition / firearm performance,Verified — clear,LAWFUL_PMC_XML,NOT_YET_LOCALIZED,REUSE_EXISTING_AUDIT_ONLY,NO
EV-0296,OUT_OF_SCOPE,General operational / occupational readiness,Verified — clear,NOT_IN_285_QUEUE,NOT_ASSESSED,REUSE_EXISTING_AUDIT_ONLY,NO
EV-0297,LOW_RELEVANCE,Tactical medicine / TCCC / TECC / APH,Verified — clear,NOT_IN_285_QUEUE,NOT_ASSESSED,REUSE_EXISTING_AUDIT_ONLY,NO
EV-0298,OUT_OF_SCOPE,General operational / occupational readiness,Verified — clear,NOT_IN_285_QUEUE,NOT_ASSESSED,REUSE_EXISTING_AUDIT_ONLY,NO
EV-0299,FULL_TEXT_REVIEW,Tactical medicine / TCCC / TECC / APH,Verified — clear,FULL_TEXT_UNAVAILABLE,NOT_YET_LOCALIZED,REUSE_EXISTING_AUDIT_ONLY,NO
EV-0300,DISCUSSION_ONLY,General operational / occupational readiness,Verified — clear,NOT_IN_285_QUEUE,NOT_ASSESSED,REUSE_EXISTING_AUDIT_ONLY,NO
EV-0301,LOW_RELEVANCE,Tactical medicine / TCCC / TECC / APH,Verified — clear,NOT_IN_285_QUEUE,NOT_ASSESSED,REUSE_EXISTING_AUDIT_ONLY,NO
EV-0302,LOW_RELEVANCE,General operational / occupational readiness,Verified — clear,NOT_IN_285_QUEUE,NOT_ASSESSED,REUSE_EXISTING_AUDIT_ONLY,NO
EV-0303,LOW_RELEVANCE,Implementation science,Verified — clear,NOT_IN_285_QUEUE,NOT_ASSESSED,REUSE_EXISTING_AUDIT_ONLY,NO
EV-0304,DISCUSSION_ONLY,General operational / occupational readiness,Verified — clear,NOT_IN_285_QUEUE,NOT_ASSESSED,REUSE_EXISTING_AUDIT_ONLY,NO
EV-0305,LOW_RELEVANCE,General operational / occupational readiness,Verified — clear,NOT_IN_285_QUEUE,NOT_ASSESSED,REUSE_EXISTING_AUDIT_ONLY,NO
EV-0306,DISCUSSION_ONLY,General operational / occupational readiness,Verified — clear,NOT_IN_285_QUEUE,NOT_ASSESSED,REUSE_EXISTING_AUDIT_ONLY,NO
EV-0307,LOW_RELEVANCE,General operational / occupational readiness,Verified — clear,NOT_IN_285_QUEUE,NOT_ASSESSED,REUSE_EXISTING_AUDIT_ONLY,NO
EV-0308,DISCUSSION_ONLY,General operational / occupational readiness,Verified — clear,NOT_IN_285_QUEUE,NOT_ASSESSED,REUSE_EXISTING_AUDIT_ONLY,NO
EV-0309,OUT_OF_SCOPE,General operational / occupational readiness,Verified — clear,NOT_IN_285_QUEUE,NOT_ASSESSED,REUSE_EXISTING_AUDIT_ONLY,NO
EV-0310,DISCUSSION_ONLY,General operational / occupational readiness,Verified — clear,NOT_IN_285_QUEUE,NOT_ASSESSED,REUSE_EXISTING_AUDIT_ONLY,NO
EV-0311,FULL_TEXT_REVIEW,Musculoskeletal injury,Verified — clear,LAWFUL_PMC_XML,RESULT_LOCATED,REUSE_EXISTING_AUDIT_ONLY,NO
EV-0312,LOW_RELEVANCE,Cognition / firearm performance,Verified — clear,NOT_IN_285_QUEUE,NOT_ASSESSED,REUSE_EXISTING_AUDIT_ONLY,NO
EV-0313,LOW_RELEVANCE,Cognition / firearm performance,Verified — clear,NOT_IN_285_QUEUE,NOT_ASSESSED,REUSE_EXISTING_AUDIT_ONLY,NO
EV-0314,DISCUSSION_ONLY,General operational / occupational readiness,Verified — clear,NOT_IN_285_QUEUE,NOT_ASSESSED,REUSE_EXISTING_AUDIT_ONLY,NO
EV-0315,FULL_TEXT_REVIEW,Mental health / stress,Verified — clear,LAWFUL_PMC_XML,NOT_YET_LOCALIZED,REUSE_EXISTING_AUDIT_ONLY,NO
EV-0316,LOW_RELEVANCE,Implementation science,Verified — clear,NOT_IN_285_QUEUE,NOT_ASSESSED,REUSE_EXISTING_AUDIT_ONLY,NO
EV-0317,FULL_TEXT_REVIEW,Physical / academy readiness,Verified — clear,FULL_TEXT_UNAVAILABLE,NOT_YET_LOCALIZED,REUSE_EXISTING_AUDIT_ONLY,NO
EV-0318,DISCUSSION_ONLY,General operational / occupational readiness,Verified — clear,NOT_IN_285_QUEUE,NOT_ASSESSED,REUSE_EXISTING_AUDIT_ONLY,NO
EV-0319,DISCUSSION_ONLY,General operational / occupational readiness,Verified — clear,NOT_IN_285_QUEUE,NOT_ASSESSED,REUSE_EXISTING_AUDIT_ONLY,NO
EV-0320,DISCUSSION_ONLY,General operational / occupational readiness,Verified — clear,NOT_IN_285_QUEUE,NOT_ASSESSED,REUSE_EXISTING_AUDIT_ONLY,NO
EV-0321,DISCUSSION_ONLY,General operational / occupational readiness,Verified — clear,NOT_IN_285_QUEUE,NOT_ASSESSED,REUSE_EXISTING_AUDIT_ONLY,NO
EV-0322,FULL_TEXT_REVIEW,Nutrition / shift work,Verified — clear,LAWFUL_PMC_XML,RESULT_LOCATED,REUSE_EXISTING_AUDIT_ONLY,NO
EV-0323,DISCUSSION_ONLY,Medical / cardiovascular readiness,Verified — clear,NOT_IN_285_QUEUE,NOT_ASSESSED,REUSE_EXISTING_AUDIT_ONLY,NO
EV-0324,DISCUSSION_ONLY,General operational / occupational readiness,Verified — clear,NOT_IN_285_QUEUE,NOT_ASSESSED,REUSE_EXISTING_AUDIT_ONLY,NO
EV-0325,DISCUSSION_ONLY,General operational / occupational readiness,Pending,NOT_IN_285_QUEUE,NOT_ASSESSED,REUSE_EXISTING_AUDIT_ONLY,NO
EV-0326,DISCUSSION_ONLY,General operational / occupational readiness,Verified — clear,NOT_IN_285_QUEUE,NOT_ASSESSED,REUSE_EXISTING_AUDIT_ONLY,NO
EV-0327,LOW_RELEVANCE,Mental health / stress,Verified — clear,NOT_IN_285_QUEUE,NOT_ASSESSED,REUSE_EXISTING_AUDIT_ONLY,NO
EV-0328,FULL_TEXT_REVIEW,Tactical medicine / TCCC / TECC / APH,Verified — clear,FULL_TEXT_UNAVAILABLE,NOT_YET_LOCALIZED,REUSE_EXISTING_AUDIT_ONLY,NO
EV-0329,DISCUSSION_ONLY,General operational / occupational readiness,Verified — clear,NOT_IN_285_QUEUE,NOT_ASSESSED,REUSE_EXISTING_AUDIT_ONLY,NO
EV-0330,OUT_OF_SCOPE,General operational / occupational readiness,Verified — clear,NOT_IN_285_QUEUE,NOT_ASSESSED,REUSE_EXISTING_AUDIT_ONLY,NO
EV-0331,LOW_RELEVANCE,Medical / cardiovascular readiness,Verified — clear,NOT_IN_285_QUEUE,NOT_ASSESSED,REUSE_EXISTING_AUDIT_ONLY,NO
EV-0332,LOW_RELEVANCE,Monitoring / wearables,Verified — clear,NOT_IN_285_QUEUE,NOT_ASSESSED,REUSE_EXISTING_AUDIT_ONLY,NO
EV-0333,OUT_OF_SCOPE,General operational / occupational readiness,Verified — clear,NOT_IN_285_QUEUE,NOT_ASSESSED,REUSE_EXISTING_AUDIT_ONLY,NO
EV-0334,FULL_TEXT_REVIEW,Tactical medicine / TCCC / TECC / APH,Verified — clear,FULL_TEXT_UNAVAILABLE,NOT_YET_LOCALIZED,REUSE_EXISTING_AUDIT_ONLY,NO
EV-0335,OUT_OF_SCOPE,General operational / occupational readiness,Verified — clear,NOT_IN_285_QUEUE,NOT_ASSESSED,REUSE_EXISTING_AUDIT_ONLY,NO
EV-0336,DISCUSSION_ONLY,General operational / occupational readiness,Verified — clear,NOT_IN_285_QUEUE,NOT_ASSESSED,REUSE_EXISTING_AUDIT_ONLY,NO
EV-0337,FULL_TEXT_REVIEW,Medical / cardiovascular readiness,Verified — clear,LAWFUL_PMC_XML,NOT_YET_LOCALIZED,REUSE_EXISTING_AUDIT_ONLY,NO
EV-0338,OUT_OF_SCOPE,General operational / occupational readiness,Verified — clear,NOT_IN_285_QUEUE,NOT_ASSESSED,REUSE_EXISTING_AUDIT_ONLY,NO
EV-0339,DISCUSSION_ONLY,General operational / occupational readiness,Verified — clear,NOT_IN_285_QUEUE,NOT_ASSESSED,REUSE_EXISTING_AUDIT_ONLY,NO
EV-0340,LOW_RELEVANCE,Musculoskeletal injury,Verified — clear,NOT_IN_285_QUEUE,NOT_ASSESSED,REUSE_EXISTING_AUDIT_ONLY,NO
EV-0341,DISCUSSION_ONLY,General operational / occupational readiness,Verified — clear,NOT_IN_285_QUEUE,NOT_ASSESSED,REUSE_EXISTING_AUDIT_ONLY,NO
EV-0342,LOW_RELEVANCE,Sleep / fatigue / recovery,Verified — clear,NOT_IN_285_QUEUE,NOT_ASSESSED,REUSE_EXISTING_AUDIT_ONLY,NO
EV-0343,LOW_RELEVANCE,Tactical medicine / TCCC / TECC / APH,Verified — clear,NOT_IN_285_QUEUE,NOT_ASSESSED,REUSE_EXISTING_AUDIT_ONLY,NO
EV-0344,LOW_RELEVANCE,Tactical medicine / TCCC / TECC / APH,Verified — clear,NOT_IN_285_QUEUE,NOT_ASSESSED,REUSE_EXISTING_AUDIT_ONLY,NO
EV-0345,DISCUSSION_ONLY,General operational / occupational readiness,Verified — clear,NOT_IN_285_QUEUE,NOT_ASSESSED,REUSE_EXISTING_AUDIT_ONLY,NO
EV-0346,OUT_OF_SCOPE,General operational / occupational readiness,Verified — clear,NOT_IN_285_QUEUE,NOT_ASSESSED,REUSE_EXISTING_AUDIT_ONLY,NO
EV-0347,DISCUSSION_ONLY,General operational / occupational readiness,Verified — clear,NOT_IN_285_QUEUE,NOT_ASSESSED,REUSE_EXISTING_AUDIT_ONLY,NO
EV-0348,LOW_RELEVANCE,General operational / occupational readiness,Verified — clear,NOT_IN_285_QUEUE,NOT_ASSESSED,REUSE_EXISTING_AUDIT_ONLY,NO
EV-0349,DISCUSSION_ONLY,General operational / occupational readiness,Verified — clear,NOT_IN_285_QUEUE,NOT_ASSESSED,REUSE_EXISTING_AUDIT_ONLY,NO
EV-0350,OUT_OF_SCOPE,General operational / occupational readiness,Verified — clear,NOT_IN_285_QUEUE,NOT_ASSESSED,REUSE_EXISTING_AUDIT_ONLY,NO
EV-0351,DISCUSSION_ONLY,General operational / occupational readiness,Verified — clear,NOT_IN_285_QUEUE,NOT_ASSESSED,REUSE_EXISTING_AUDIT_ONLY,NO
EV-0352,OUT_OF_SCOPE,General operational / occupational readiness,Verified — clear,NOT_IN_285_QUEUE,NOT_ASSESSED,REUSE_EXISTING_AUDIT_ONLY,NO
EV-0353,DISCUSSION_ONLY,General operational / occupational readiness,Verified — clear,NOT_IN_285_QUEUE,NOT_ASSESSED,REUSE_EXISTING_AUDIT_ONLY,NO
EV-0354,OUT_OF_SCOPE,General operational / occupational readiness,Verified — clear,NOT_IN_285_QUEUE,NOT_ASSESSED,REUSE_EXISTING_AUDIT_ONLY,NO
EV-0355,DISCUSSION_ONLY,General operational / occupational readiness,Verified — clear,NOT_IN_285_QUEUE,NOT_ASSESSED,REUSE_EXISTING_AUDIT_ONLY,NO
EV-0356,OUT_OF_SCOPE,General operational / occupational readiness,Verified — clear,NOT_IN_285_QUEUE,NOT_ASSESSED,REUSE_EXISTING_AUDIT_ONLY,NO
EV-0357,LOW_RELEVANCE,Medical / cardiovascular readiness,Verified — clear,NOT_IN_285_QUEUE,NOT_ASSESSED,REUSE_EXISTING_AUDIT_ONLY,NO
EV-0358,DISCUSSION_ONLY,General operational / occupational readiness,Verified — clear,NOT_IN_285_QUEUE,NOT_ASSESSED,REUSE_EXISTING_AUDIT_ONLY,NO
EV-0359,LOW_RELEVANCE,Musculoskeletal injury,Verified — clear,NOT_IN_285_QUEUE,NOT_ASSESSED,REUSE_EXISTING_AUDIT_ONLY,NO
EV-0360,DISCUSSION_ONLY,General operational / occupational readiness,Verified — clear,NOT_IN_285_QUEUE,NOT_ASSESSED,REUSE_EXISTING_AUDIT_ONLY,NO
EV-0361,LOW_RELEVANCE,Nutrition / shift work,Verified — clear,NOT_IN_285_QUEUE,NOT_ASSESSED,REUSE_EXISTING_AUDIT_ONLY,NO
EV-0362,OUT_OF_SCOPE,General operational / occupational readiness,Verified — clear,NOT_IN_285_QUEUE,NOT_ASSESSED,REUSE_EXISTING_AUDIT_ONLY,NO
EV-0363,DISCUSSION_ONLY,General operational / occupational readiness,Verified — clear,NOT_IN_285_QUEUE,NOT_ASSESSED,REUSE_EXISTING_AUDIT_ONLY,NO
EV-0364,DISCUSSION_ONLY,General operational / occupational readiness,Verified — clear,NOT_IN_285_QUEUE,NOT_ASSESSED,REUSE_EXISTING_AUDIT_ONLY,NO
EV-0365,OUT_OF_SCOPE,General operational / occupational readiness,Verified — clear,NOT_IN_285_QUEUE,NOT_ASSESSED,REUSE_EXISTING_AUDIT_ONLY,NO
EV-0366,OUT_OF_SCOPE,General operational / occupational readiness,Verified — clear,NOT_IN_285_QUEUE,NOT_ASSESSED,REUSE_EXISTING_AUDIT_ONLY,NO
EV-0367,LOW_RELEVANCE,Cognition / firearm performance,Verified — clear,NOT_IN_285_QUEUE,NOT_ASSESSED,REUSE_EXISTING_AUDIT_ONLY,NO
EV-0368,DISCUSSION_ONLY,General operational / occupational readiness,Verified — clear,NOT_IN_285_QUEUE,NOT_ASSESSED,REUSE_EXISTING_AUDIT_ONLY,NO
EV-0369,DISCUSSION_ONLY,General operational / occupational readiness,Verified — clear,NOT_IN_285_QUEUE,NOT_ASSESSED,REUSE_EXISTING_AUDIT_ONLY,NO
EV-0370,FULL_TEXT_REVIEW,Nutrition / shift work,Verified — clear,LAWFUL_PMC_XML,NOT_YET_LOCALIZED,REUSE_EXISTING_AUDIT_ONLY,NO
EV-0371,LOW_RELEVANCE,Musculoskeletal injury,Verified — clear,NOT_IN_285_QUEUE,NOT_ASSESSED,REUSE_EXISTING_AUDIT_ONLY,NO
EV-0372,DISCUSSION_ONLY,General operational / occupational readiness,Verified — clear,NOT_IN_285_QUEUE,NOT_ASSESSED,REUSE_EXISTING_AUDIT_ONLY,NO
EV-0373,FULL_TEXT_REVIEW,Medical / cardiovascular readiness,Verified — clear,LAWFUL_PMC_XML,RESULT_LOCATED,REUSE_EXISTING_AUDIT_ONLY,NO
EV-0374,OUT_OF_SCOPE,Musculoskeletal injury,Verified — clear,NOT_IN_285_QUEUE,NOT_ASSESSED,REUSE_EXISTING_AUDIT_ONLY,NO
EV-0375,OUT_OF_SCOPE,General operational / occupational readiness,Verified — clear,NOT_IN_285_QUEUE,NOT_ASSESSED,REUSE_EXISTING_AUDIT_ONLY,NO
EV-0376,DISCUSSION_ONLY,Implementation science,Verified — clear,NOT_IN_285_QUEUE,NOT_ASSESSED,REUSE_EXISTING_AUDIT_ONLY,NO
EV-0377,FULL_TEXT_REVIEW,Medical / cardiovascular readiness,Verified — clear,LAWFUL_PMC_XML,RESULT_LOCATED,REUSE_EXISTING_AUDIT_ONLY,NO
EV-0378,OUT_OF_SCOPE,General operational / occupational readiness,Verified — clear,NOT_IN_285_QUEUE,NOT_ASSESSED,REUSE_EXISTING_AUDIT_ONLY,NO
EV-0379,OUT_OF_SCOPE,General operational / occupational readiness,Verified — clear,NOT_IN_285_QUEUE,NOT_ASSESSED,REUSE_EXISTING_AUDIT_ONLY,NO
EV-0380,OUT_OF_SCOPE,General operational / occupational readiness,Verified — clear,NOT_IN_285_QUEUE,NOT_ASSESSED,REUSE_EXISTING_AUDIT_ONLY,NO
EV-0381,OUT_OF_SCOPE,General operational / occupational readiness,Verified — clear,NOT_IN_285_QUEUE,NOT_ASSESSED,REUSE_EXISTING_AUDIT_ONLY,NO
EV-0382,DISCUSSION_ONLY,General operational / occupational readiness,Verified — clear,NOT_IN_285_QUEUE,NOT_ASSESSED,REUSE_EXISTING_AUDIT_ONLY,NO
EV-0383,FULL_TEXT_REVIEW,Musculoskeletal injury,Verified — clear,LAWFUL_PMC_XML,RESULT_LOCATED,REUSE_EXISTING_AUDIT_ONLY,NO
EV-0384,DISCUSSION_ONLY,General operational / occupational readiness,Verified — clear,NOT_IN_285_QUEUE,NOT_ASSESSED,REUSE_EXISTING_AUDIT_ONLY,NO
EV-0385,DISCUSSION_ONLY,General operational / occupational readiness,Verified — clear,NOT_IN_285_QUEUE,NOT_ASSESSED,REUSE_EXISTING_AUDIT_ONLY,NO
EV-0386,REPLACE_EXISTING_CANDIDATE,Medical / cardiovascular readiness,Verified — clear,LAWFUL_PMC_XML,RESULT_LOCATED,REUSE_EXISTING_AUDIT_ONLY,NO
EV-0387,LOW_RELEVANCE,Tactical medicine / TCCC / TECC / APH,Verified — clear,NOT_IN_285_QUEUE,NOT_ASSESSED,REUSE_EXISTING_AUDIT_ONLY,NO
EV-0388,FULL_TEXT_REVIEW,Cognition / firearm performance,Verified — clear,LAWFUL_PMC_XML,RESULT_LOCATED,REUSE_EXISTING_AUDIT_ONLY,NO
EV-0389,FULL_TEXT_REVIEW,Physical / academy readiness,Verified — clear,FULL_TEXT_UNAVAILABLE,NOT_YET_LOCALIZED,REUSE_EXISTING_AUDIT_ONLY,NO
EV-0390,FULL_TEXT_REVIEW,Cognition / firearm performance,Verified — clear,LAWFUL_PMC_XML,RESULT_LOCATED,REUSE_EXISTING_AUDIT_ONLY,NO
EV-0391,DISCUSSION_ONLY,General operational / occupational readiness,Verified — clear,NOT_IN_285_QUEUE,NOT_ASSESSED,REUSE_EXISTING_AUDIT_ONLY,NO
EV-0392,DISCUSSION_ONLY,General operational / occupational readiness,Verified — clear,NOT_IN_285_QUEUE,NOT_ASSESSED,REUSE_EXISTING_AUDIT_ONLY,NO
EV-0393,OUT_OF_SCOPE,General operational / occupational readiness,Verified — clear,NOT_IN_285_QUEUE,NOT_ASSESSED,REUSE_EXISTING_AUDIT_ONLY,NO
EV-0394,OUT_OF_SCOPE,General operational / occupational readiness,Verified — clear,NOT_IN_285_QUEUE,NOT_ASSESSED,REUSE_EXISTING_AUDIT_ONLY,NO
EV-0395,LOW_RELEVANCE,Hydration / heat / thermoregulation,Verified — clear,NOT_IN_285_QUEUE,NOT_ASSESSED,REUSE_EXISTING_AUDIT_ONLY,NO
EV-0396,OUT_OF_SCOPE,General operational / occupational readiness,Verified — clear,NOT_IN_285_QUEUE,NOT_ASSESSED,REUSE_EXISTING_AUDIT_ONLY,NO
EV-0397,OUT_OF_SCOPE,General operational / occupational readiness,Verified — clear,NOT_IN_285_QUEUE,NOT_ASSESSED,REUSE_EXISTING_AUDIT_ONLY,NO
EV-0398,DISCUSSION_ONLY,General operational / occupational readiness,Verified — clear,NOT_IN_285_QUEUE,NOT_ASSESSED,REUSE_EXISTING_AUDIT_ONLY,NO
EV-0399,DISCUSSION_ONLY,General operational / occupational readiness,Verified — clear,NOT_IN_285_QUEUE,NOT_ASSESSED,REUSE_EXISTING_AUDIT_ONLY,NO
EV-0400,OUT_OF_SCOPE,General operational / occupational readiness,Verified — clear,NOT_IN_285_QUEUE,NOT_ASSESSED,REUSE_EXISTING_AUDIT_ONLY,NO
EV-0401,DISCUSSION_ONLY,General operational / occupational readiness,Verified — clear,NOT_IN_285_QUEUE,NOT_ASSESSED,REUSE_EXISTING_AUDIT_ONLY,NO
EV-0402,FULL_TEXT_REVIEW,Hydration / heat / thermoregulation,Verified — clear,LAWFUL_PMC_XML,NOT_YET_LOCALIZED,REUSE_EXISTING_AUDIT_ONLY,NO
EV-0403,FULL_TEXT_REVIEW,Mental health / stress,Verified — clear,LAWFUL_PMC_XML,RESULT_LOCATED,REUSE_EXISTING_AUDIT_ONLY,NO
EV-0404,LOW_RELEVANCE,Musculoskeletal injury,Verified — clear,NOT_IN_285_QUEUE,NOT_ASSESSED,REUSE_EXISTING_AUDIT_ONLY,NO
EV-0405,OUT_OF_SCOPE,General operational / occupational readiness,Verified — clear,NOT_IN_285_QUEUE,NOT_ASSESSED,REUSE_EXISTING_AUDIT_ONLY,NO
EV-0406,DISCUSSION_ONLY,General operational / occupational readiness,Verified — clear,NOT_IN_285_QUEUE,NOT_ASSESSED,REUSE_EXISTING_AUDIT_ONLY,NO
EV-0407,LOW_RELEVANCE,General operational / occupational readiness,Verified — clear,NOT_IN_285_QUEUE,NOT_ASSESSED,REUSE_EXISTING_AUDIT_ONLY,NO
EV-0408,DISCUSSION_ONLY,General operational / occupational readiness,Verified — clear,NOT_IN_285_QUEUE,NOT_ASSESSED,REUSE_EXISTING_AUDIT_ONLY,NO
EV-0409,DISCUSSION_ONLY,Sleep / fatigue / recovery,Verified — clear,NOT_IN_285_QUEUE,NOT_ASSESSED,REUSE_EXISTING_AUDIT_ONLY,NO
EV-0410,OUT_OF_SCOPE,General operational / occupational readiness,Verified — clear,NOT_IN_285_QUEUE,NOT_ASSESSED,REUSE_EXISTING_AUDIT_ONLY,NO
EV-0411,OUT_OF_SCOPE,General operational / occupational readiness,Verified — clear,NOT_IN_285_QUEUE,NOT_ASSESSED,REUSE_EXISTING_AUDIT_ONLY,NO
EV-0412,DISCUSSION_ONLY,Tactical medicine / TCCC / TECC / APH,Verified — clear,NOT_IN_285_QUEUE,NOT_ASSESSED,REUSE_EXISTING_AUDIT_ONLY,NO
EV-0413,DISCUSSION_ONLY,General operational / occupational readiness,Verified — clear,NOT_IN_285_QUEUE,NOT_ASSESSED,REUSE_EXISTING_AUDIT_ONLY,NO
EV-0414,OUT_OF_SCOPE,General operational / occupational readiness,Verified — clear,NOT_IN_285_QUEUE,NOT_ASSESSED,REUSE_EXISTING_AUDIT_ONLY,NO
EV-0415,OUT_OF_SCOPE,General operational / occupational readiness,Verified — clear,NOT_IN_285_QUEUE,NOT_ASSESSED,REUSE_EXISTING_AUDIT_ONLY,NO
EV-0416,DISCUSSION_ONLY,General operational / occupational readiness,Verified — clear,NOT_IN_285_QUEUE,NOT_ASSESSED,REUSE_EXISTING_AUDIT_ONLY,NO
EV-0417,DISCUSSION_ONLY,Medical / cardiovascular readiness,Verified — clear,NOT_IN_285_QUEUE,NOT_ASSESSED,REUSE_EXISTING_AUDIT_ONLY,NO
EV-0418,DISCUSSION_ONLY,General operational / occupational readiness,Verified — clear,NOT_IN_285_QUEUE,NOT_ASSESSED,REUSE_EXISTING_AUDIT_ONLY,NO
EV-0419,DISCUSSION_ONLY,General operational / occupational readiness,Verified — clear,NOT_IN_285_QUEUE,NOT_ASSESSED,REUSE_EXISTING_AUDIT_ONLY,NO
EV-0420,DISCUSSION_ONLY,General operational / occupational readiness,Verified — clear,NOT_IN_285_QUEUE,NOT_ASSESSED,REUSE_EXISTING_AUDIT_ONLY,NO
EV-0421,OUT_OF_SCOPE,General operational / occupational readiness,Verified — clear,NOT_IN_285_QUEUE,NOT_ASSESSED,REUSE_EXISTING_AUDIT_ONLY,NO
EV-0422,OUT_OF_SCOPE,General operational / occupational readiness,Verified — clear,NOT_IN_285_QUEUE,NOT_ASSESSED,REUSE_EXISTING_AUDIT_ONLY,NO
EV-0423,DISCUSSION_ONLY,General operational / occupational readiness,Verified — clear,NOT_IN_285_QUEUE,NOT_ASSESSED,REUSE_EXISTING_AUDIT_ONLY,NO
EV-0424,DISCUSSION_ONLY,General operational / occupational readiness,Verified — clear,NOT_IN_285_QUEUE,NOT_ASSESSED,REUSE_EXISTING_AUDIT_ONLY,NO
EV-0425,OUT_OF_SCOPE,General operational / occupational readiness,Verified — clear,NOT_IN_285_QUEUE,NOT_ASSESSED,REUSE_EXISTING_AUDIT_ONLY,NO
EV-0426,REPLACE_EXISTING_CANDIDATE,Nutrition / shift work,Verified — clear,LAWFUL_PMC_XML,NOT_YET_LOCALIZED,REUSE_EXISTING_AUDIT_ONLY,NO
EV-0427,FULL_TEXT_REVIEW,Nutrition / shift work,Verified — clear,LAWFUL_PMC_XML,NOT_YET_LOCALIZED,REUSE_EXISTING_AUDIT_ONLY,NO
EV-0428,DISCUSSION_ONLY,General operational / occupational readiness,Verified — clear,NOT_IN_285_QUEUE,NOT_ASSESSED,REUSE_EXISTING_AUDIT_ONLY,NO
EV-0429,OUT_OF_SCOPE,General operational / occupational readiness,Verified — clear,NOT_IN_285_QUEUE,NOT_ASSESSED,REUSE_EXISTING_AUDIT_ONLY,NO
EV-0430,DISCUSSION_ONLY,General operational / occupational readiness,Verified — clear,NOT_IN_285_QUEUE,NOT_ASSESSED,REUSE_EXISTING_AUDIT_ONLY,NO
EV-0431,DISCUSSION_ONLY,General operational / occupational readiness,Verified — clear,NOT_IN_285_QUEUE,NOT_ASSESSED,REUSE_EXISTING_AUDIT_ONLY,NO
EV-0432,LOW_RELEVANCE,Tactical medicine / TCCC / TECC / APH,Verified — clear,NOT_IN_285_QUEUE,NOT_ASSESSED,REUSE_EXISTING_AUDIT_ONLY,NO
EV-0433,DISCUSSION_ONLY,General operational / occupational readiness,Verified — clear,NOT_IN_285_QUEUE,NOT_ASSESSED,REUSE_EXISTING_AUDIT_ONLY,NO
EV-0434,DISCUSSION_ONLY,General operational / occupational readiness,Verified — clear,NOT_IN_285_QUEUE,NOT_ASSESSED,REUSE_EXISTING_AUDIT_ONLY,NO
EV-0435,DISCUSSION_ONLY,General operational / occupational readiness,Verified — clear,NOT_IN_285_QUEUE,NOT_ASSESSED,REUSE_EXISTING_AUDIT_ONLY,NO
EV-0436,OUT_OF_SCOPE,General operational / occupational readiness,Verified — clear,NOT_IN_285_QUEUE,NOT_ASSESSED,REUSE_EXISTING_AUDIT_ONLY,NO
EV-0437,DISCUSSION_ONLY,General operational / occupational readiness,Verified — clear,NOT_IN_285_QUEUE,NOT_ASSESSED,REUSE_EXISTING_AUDIT_ONLY,NO
EV-0438,LOW_RELEVANCE,Tactical medicine / TCCC / TECC / APH,Verified — clear,NOT_IN_285_QUEUE,NOT_ASSESSED,REUSE_EXISTING_AUDIT_ONLY,NO
EV-0439,OUT_OF_SCOPE,General operational / occupational readiness,Verified — clear,NOT_IN_285_QUEUE,NOT_ASSESSED,REUSE_EXISTING_AUDIT_ONLY,NO
EV-0440,DISCUSSION_ONLY,General operational / occupational readiness,Verified — clear,NOT_IN_285_QUEUE,NOT_ASSESSED,REUSE_EXISTING_AUDIT_ONLY,NO
EV-0441,LOW_RELEVANCE,Medical / cardiovascular readiness,Verified — clear,NOT_IN_285_QUEUE,NOT_ASSESSED,REUSE_EXISTING_AUDIT_ONLY,NO
EV-0442,FULL_TEXT_REVIEW,Physical / academy readiness,Verified — clear,FULL_TEXT_UNAVAILABLE,NOT_YET_LOCALIZED,REUSE_EXISTING_AUDIT_ONLY,NO
EV-0443,FULL_TEXT_REVIEW,Physical / academy readiness,Verified — clear,LAWFUL_PMC_XML,NOT_YET_LOCALIZED,REUSE_EXISTING_AUDIT_ONLY,NO
EV-0444,OUT_OF_SCOPE,General operational / occupational readiness,Verified — clear,NOT_IN_285_QUEUE,NOT_ASSESSED,REUSE_EXISTING_AUDIT_ONLY,NO
EV-0445,OUT_OF_SCOPE,General operational / occupational readiness,Verified — clear,NOT_IN_285_QUEUE,NOT_ASSESSED,REUSE_EXISTING_AUDIT_ONLY,NO
EV-0446,DISCUSSION_ONLY,General operational / occupational readiness,Verified — clear,NOT_IN_285_QUEUE,NOT_ASSESSED,REUSE_EXISTING_AUDIT_ONLY,NO
EV-0447,DISCUSSION_ONLY,General operational / occupational readiness,Verified — clear,NOT_IN_285_QUEUE,NOT_ASSESSED,REUSE_EXISTING_AUDIT_ONLY,NO
EV-0448,DISCUSSION_ONLY,General operational / occupational readiness,Verified — clear,NOT_IN_285_QUEUE,NOT_ASSESSED,REUSE_EXISTING_AUDIT_ONLY,NO
EV-0449,OUT_OF_SCOPE,General operational / occupational readiness,Verified — clear,NOT_IN_285_QUEUE,NOT_ASSESSED,REUSE_EXISTING_AUDIT_ONLY,NO
EV-0450,DISCUSSION_ONLY,General operational / occupational readiness,Verified — clear,NOT_IN_285_QUEUE,NOT_ASSESSED,REUSE_EXISTING_AUDIT_ONLY,NO
EV-0451,OUT_OF_SCOPE,General operational / occupational readiness,Verified — clear,NOT_IN_285_QUEUE,NOT_ASSESSED,REUSE_EXISTING_AUDIT_ONLY,NO
EV-0452,LOW_RELEVANCE,Tactical medicine / TCCC / TECC / APH,Verified — clear,NOT_IN_285_QUEUE,NOT_ASSESSED,REUSE_EXISTING_AUDIT_ONLY,NO
EV-0453,LOW_RELEVANCE,Mental health / stress,Verified — clear,NOT_IN_285_QUEUE,NOT_ASSESSED,REUSE_EXISTING_AUDIT_ONLY,NO
EV-0454,OUT_OF_SCOPE,General operational / occupational readiness,Verified — clear,NOT_IN_285_QUEUE,NOT_ASSESSED,REUSE_EXISTING_AUDIT_ONLY,NO
EV-0455,OUT_OF_SCOPE,General operational / occupational readiness,Verified — clear,NOT_IN_285_QUEUE,NOT_ASSESSED,REUSE_EXISTING_AUDIT_ONLY,NO
EV-0456,DISCUSSION_ONLY,General operational / occupational readiness,Verified — clear,NOT_IN_285_QUEUE,NOT_ASSESSED,REUSE_EXISTING_AUDIT_ONLY,NO
EV-0457,DISCUSSION_ONLY,General operational / occupational readiness,Verified — clear,NOT_IN_285_QUEUE,NOT_ASSESSED,REUSE_EXISTING_AUDIT_ONLY,NO
EV-0458,DISCUSSION_ONLY,General operational / occupational readiness,Verified — clear,NOT_IN_285_QUEUE,NOT_ASSESSED,REUSE_EXISTING_AUDIT_ONLY,NO
EV-0459,FULL_TEXT_REVIEW,Nutrition / shift work,Verified — clear,LAWFUL_PMC_XML,RESULT_LOCATED,REUSE_EXISTING_AUDIT_ONLY,NO
EV-0460,DISCUSSION_ONLY,General operational / occupational readiness,Verified — clear,NOT_IN_285_QUEUE,NOT_ASSESSED,REUSE_EXISTING_AUDIT_ONLY,NO
EV-0461,DISCUSSION_ONLY,General operational / occupational readiness,Verified — clear,NOT_IN_285_QUEUE,NOT_ASSESSED,REUSE_EXISTING_AUDIT_ONLY,NO
EV-0462,FULL_TEXT_REVIEW,Physical / academy readiness,Verified — clear,FULL_TEXT_UNAVAILABLE,NOT_YET_LOCALIZED,REUSE_EXISTING_AUDIT_ONLY,NO
EV-0463,OUT_OF_SCOPE,General operational / occupational readiness,Verified — clear,NOT_IN_285_QUEUE,NOT_ASSESSED,REUSE_EXISTING_AUDIT_ONLY,NO
EV-0464,DISCUSSION_ONLY,General operational / occupational readiness,Verified — clear,NOT_IN_285_QUEUE,NOT_ASSESSED,REUSE_EXISTING_AUDIT_ONLY,NO
EV-0465,OUT_OF_SCOPE,General operational / occupational readiness,Verified — clear,NOT_IN_285_QUEUE,NOT_ASSESSED,REUSE_EXISTING_AUDIT_ONLY,NO
EV-0466,LOW_RELEVANCE,Tactical medicine / TCCC / TECC / APH,Verified — clear,NOT_IN_285_QUEUE,NOT_ASSESSED,REUSE_EXISTING_AUDIT_ONLY,NO
EV-0467,OUT_OF_SCOPE,General operational / occupational readiness,Verified — clear,NOT_IN_285_QUEUE,NOT_ASSESSED,REUSE_EXISTING_AUDIT_ONLY,NO
EV-0468,LOW_RELEVANCE,General operational / occupational readiness,Verified — clear,NOT_IN_285_QUEUE,NOT_ASSESSED,REUSE_EXISTING_AUDIT_ONLY,NO
EV-0469,OUT_OF_SCOPE,General operational / occupational readiness,Verified — clear,NOT_IN_285_QUEUE,NOT_ASSESSED,REUSE_EXISTING_AUDIT_ONLY,NO
EV-0470,DISCUSSION_ONLY,General operational / occupational readiness,Verified — clear,NOT_IN_285_QUEUE,NOT_ASSESSED,REUSE_EXISTING_AUDIT_ONLY,NO
EV-0471,LOW_RELEVANCE,Musculoskeletal injury,Verified — clear,NOT_IN_285_QUEUE,NOT_ASSESSED,REUSE_EXISTING_AUDIT_ONLY,NO
EV-0472,OUT_OF_SCOPE,General operational / occupational readiness,Verified — clear,NOT_IN_285_QUEUE,NOT_ASSESSED,REUSE_EXISTING_AUDIT_ONLY,NO
EV-0473,FULL_TEXT_REVIEW,Physical / academy readiness,Verified — clear,FULL_TEXT_UNAVAILABLE,NOT_YET_LOCALIZED,REUSE_EXISTING_AUDIT_ONLY,NO
EV-0474,LOW_RELEVANCE,Tactical medicine / TCCC / TECC / APH,Verified — clear,NOT_IN_285_QUEUE,NOT_ASSESSED,REUSE_EXISTING_AUDIT_ONLY,NO
EV-0475,FULL_TEXT_REVIEW,Physical / academy readiness,Verified — clear,FULL_TEXT_UNAVAILABLE,NOT_YET_LOCALIZED,REUSE_EXISTING_AUDIT_ONLY,NO
EV-0476,OUT_OF_SCOPE,General operational / occupational readiness,Verified — clear,NOT_IN_285_QUEUE,NOT_ASSESSED,REUSE_EXISTING_AUDIT_ONLY,NO
EV-0477,OUT_OF_SCOPE,General operational / occupational readiness,Verified — clear,NOT_IN_285_QUEUE,NOT_ASSESSED,REUSE_EXISTING_AUDIT_ONLY,NO
EV-0478,OUT_OF_SCOPE,General operational / occupational readiness,Verified — clear,NOT_IN_285_QUEUE,NOT_ASSESSED,REUSE_EXISTING_AUDIT_ONLY,NO
EV-0479,DISCUSSION_ONLY,General operational / occupational readiness,Verified — clear,NOT_IN_285_QUEUE,NOT_ASSESSED,REUSE_EXISTING_AUDIT_ONLY,NO
EV-0480,LOW_RELEVANCE,Sleep / fatigue / recovery,Verified — clear,NOT_IN_285_QUEUE,NOT_ASSESSED,REUSE_EXISTING_AUDIT_ONLY,NO
EV-0481,DISCUSSION_ONLY,General operational / occupational readiness,Verified — clear,NOT_IN_285_QUEUE,NOT_ASSESSED,REUSE_EXISTING_AUDIT_ONLY,NO
EV-0482,FULL_TEXT_REVIEW,Physical / academy readiness,Verified — clear,FULL_TEXT_UNAVAILABLE,NOT_YET_LOCALIZED,REUSE_EXISTING_AUDIT_ONLY,NO
EV-0483,LOW_RELEVANCE,General operational / occupational readiness,Verified — clear,NOT_IN_285_QUEUE,NOT_ASSESSED,REUSE_EXISTING_AUDIT_ONLY,NO
EV-0484,DISCUSSION_ONLY,General operational / occupational readiness,Verified — clear,NOT_IN_285_QUEUE,NOT_ASSESSED,REUSE_EXISTING_AUDIT_ONLY,NO
EV-0485,OUT_OF_SCOPE,General operational / occupational readiness,Verified — clear,NOT_IN_285_QUEUE,NOT_ASSESSED,REUSE_EXISTING_AUDIT_ONLY,NO
EV-0486,DISCUSSION_ONLY,General operational / occupational readiness,Verified — clear,NOT_IN_285_QUEUE,NOT_ASSESSED,REUSE_EXISTING_AUDIT_ONLY,NO
EV-0487,DISCUSSION_ONLY,General operational / occupational readiness,Verified — clear,NOT_IN_285_QUEUE,NOT_ASSESSED,REUSE_EXISTING_AUDIT_ONLY,NO
EV-0488,DISCUSSION_ONLY,General operational / occupational readiness,Verified — clear,NOT_IN_285_QUEUE,NOT_ASSESSED,REUSE_EXISTING_AUDIT_ONLY,NO
EV-0489,DISCUSSION_ONLY,General operational / occupational readiness,Verified — clear,NOT_IN_285_QUEUE,NOT_ASSESSED,REUSE_EXISTING_AUDIT_ONLY,NO
EV-0490,LOW_RELEVANCE,Tactical medicine / TCCC / TECC / APH,Verified — clear,NOT_IN_285_QUEUE,NOT_ASSESSED,REUSE_EXISTING_AUDIT_ONLY,NO
EV-0491,OUT_OF_SCOPE,General operational / occupational readiness,Verified — clear,NOT_IN_285_QUEUE,NOT_ASSESSED,REUSE_EXISTING_AUDIT_ONLY,NO
EV-0492,OUT_OF_SCOPE,General operational / occupational readiness,Verified — clear,NOT_IN_285_QUEUE,NOT_ASSESSED,REUSE_EXISTING_AUDIT_ONLY,NO
EV-0493,DISCUSSION_ONLY,General operational / occupational readiness,Verified — clear,NOT_IN_285_QUEUE,NOT_ASSESSED,REUSE_EXISTING_AUDIT_ONLY,NO
EV-0494,DISCUSSION_ONLY,General operational / occupational readiness,Verified — clear,NOT_IN_285_QUEUE,NOT_ASSESSED,REUSE_EXISTING_AUDIT_ONLY,NO
EV-0495,OUT_OF_SCOPE,General operational / occupational readiness,Verified — clear,NOT_IN_285_QUEUE,NOT_ASSESSED,REUSE_EXISTING_AUDIT_ONLY,NO
EV-0496,OUT_OF_SCOPE,General operational / occupational readiness,Verified — clear,NOT_IN_285_QUEUE,NOT_ASSESSED,REUSE_EXISTING_AUDIT_ONLY,NO
EV-0497,LOW_RELEVANCE,Policy / organizational readiness,Verified — clear,NOT_IN_285_QUEUE,NOT_ASSESSED,REUSE_EXISTING_AUDIT_ONLY,NO
EV-0498,LOW_RELEVANCE,Musculoskeletal injury,Verified — clear,NOT_IN_285_QUEUE,NOT_ASSESSED,REUSE_EXISTING_AUDIT_ONLY,NO
EV-0499,LOW_RELEVANCE,General operational / occupational readiness,Verified — clear,NOT_IN_285_QUEUE,NOT_ASSESSED,REUSE_EXISTING_AUDIT_ONLY,NO
EV-0500,OUT_OF_SCOPE,General operational / occupational readiness,Verified — clear,NOT_IN_285_QUEUE,NOT_ASSESSED,REUSE_EXISTING_AUDIT_ONLY,NO
EV-0501,LOW_RELEVANCE,Physical / academy readiness,Verified — clear,NOT_IN_285_QUEUE,NOT_ASSESSED,REUSE_EXISTING_AUDIT_ONLY,NO
EV-0502,DISCUSSION_ONLY,General operational / occupational readiness,Verified — clear,NOT_IN_285_QUEUE,NOT_ASSESSED,REUSE_EXISTING_AUDIT_ONLY,NO
EV-0503,FULL_TEXT_REVIEW,Mental health / stress,Verified — clear,LAWFUL_PMC_XML,RESULT_LOCATED,REUSE_EXISTING_AUDIT_ONLY,NO
EV-0504,FULL_TEXT_REVIEW,Cognition / firearm performance,Verified — clear,LAWFUL_PMC_XML,RESULT_LOCATED,REUSE_EXISTING_AUDIT_ONLY,NO
EV-0505,OUT_OF_SCOPE,General operational / occupational readiness,Verified — clear,NOT_IN_285_QUEUE,NOT_ASSESSED,REUSE_EXISTING_AUDIT_ONLY,NO
EV-0506,LOW_RELEVANCE,Medical / cardiovascular readiness,Verified — clear,NOT_IN_285_QUEUE,NOT_ASSESSED,REUSE_EXISTING_AUDIT_ONLY,NO
EV-0507,FULL_TEXT_REVIEW,Musculoskeletal injury,Verified — clear,FULL_TEXT_UNAVAILABLE,NOT_YET_LOCALIZED,REUSE_EXISTING_AUDIT_ONLY,NO
EV-0508,LOW_RELEVANCE,Tactical medicine / TCCC / TECC / APH,Verified — clear,NOT_IN_285_QUEUE,NOT_ASSESSED,REUSE_EXISTING_AUDIT_ONLY,NO
EV-0509,LOW_RELEVANCE,Tactical medicine / TCCC / TECC / APH,Verified — clear,NOT_IN_285_QUEUE,NOT_ASSESSED,REUSE_EXISTING_AUDIT_ONLY,NO
EV-0510,DISCUSSION_ONLY,General operational / occupational readiness,Verified — clear,NOT_IN_285_QUEUE,NOT_ASSESSED,REUSE_EXISTING_AUDIT_ONLY,NO
EV-0511,FULL_TEXT_REVIEW,Medical / cardiovascular readiness,Verified — clear,FULL_TEXT_UNAVAILABLE,NOT_YET_LOCALIZED,REUSE_EXISTING_AUDIT_ONLY,NO
EV-0512,OUT_OF_SCOPE,General operational / occupational readiness,Verified — clear,NOT_IN_285_QUEUE,NOT_ASSESSED,REUSE_EXISTING_AUDIT_ONLY,NO
EV-0513,OUT_OF_SCOPE,General operational / occupational readiness,Verified — clear,NOT_IN_285_QUEUE,NOT_ASSESSED,REUSE_EXISTING_AUDIT_ONLY,NO
EV-0514,LOW_RELEVANCE,Tactical medicine / TCCC / TECC / APH,Verified — clear,NOT_IN_285_QUEUE,NOT_ASSESSED,REUSE_EXISTING_AUDIT_ONLY,NO
EV-0515,OUT_OF_SCOPE,General operational / occupational readiness,Verified — clear,NOT_IN_285_QUEUE,NOT_ASSESSED,REUSE_EXISTING_AUDIT_ONLY,NO
EV-0516,OUT_OF_SCOPE,General operational / occupational readiness,Verified — clear,NOT_IN_285_QUEUE,NOT_ASSESSED,REUSE_EXISTING_AUDIT_ONLY,NO
EV-0517,DISCUSSION_ONLY,General operational / occupational readiness,Verified — clear,NOT_IN_285_QUEUE,NOT_ASSESSED,REUSE_EXISTING_AUDIT_ONLY,NO
EV-0518,FULL_TEXT_REVIEW,Musculoskeletal injury,Verified — clear,FULL_TEXT_UNAVAILABLE,NOT_YET_LOCALIZED,REUSE_EXISTING_AUDIT_ONLY,NO
EV-0519,FULL_TEXT_REVIEW,Physical / academy readiness,Verified — clear,LAWFUL_PMC_XML,NOT_YET_LOCALIZED,REUSE_EXISTING_AUDIT_ONLY,NO
EV-0520,OUT_OF_SCOPE,General operational / occupational readiness,Verified — clear,NOT_IN_285_QUEUE,NOT_ASSESSED,REUSE_EXISTING_AUDIT_ONLY,NO
EV-0521,REPLACE_EXISTING_CANDIDATE,Nutrition / shift work,Verified — clear,LAWFUL_PMC_XML,NOT_YET_LOCALIZED,REUSE_EXISTING_AUDIT_ONLY,NO
EV-0522,LOW_RELEVANCE,Tactical medicine / TCCC / TECC / APH,Verified — clear,NOT_IN_285_QUEUE,NOT_ASSESSED,REUSE_EXISTING_AUDIT_ONLY,NO
EV-0523,FULL_TEXT_REVIEW,Implementation science,Verified — clear,LAWFUL_PMC_XML,NOT_YET_LOCALIZED,REUSE_EXISTING_AUDIT_ONLY,NO
EV-0524,FULL_TEXT_REVIEW,Physical / academy readiness,Verified — clear,LAWFUL_PMC_XML,NOT_YET_LOCALIZED,REUSE_EXISTING_AUDIT_ONLY,NO
EV-0525,LOW_RELEVANCE,Physical / academy readiness,Verified — clear,NOT_IN_285_QUEUE,NOT_ASSESSED,REUSE_EXISTING_AUDIT_ONLY,NO
EV-0526,OUT_OF_SCOPE,General operational / occupational readiness,Verified — clear,NOT_IN_285_QUEUE,NOT_ASSESSED,REUSE_EXISTING_AUDIT_ONLY,NO
EV-0527,OUT_OF_SCOPE,General operational / occupational readiness,Verified — clear,NOT_IN_285_QUEUE,NOT_ASSESSED,REUSE_EXISTING_AUDIT_ONLY,NO
EV-0528,FULL_TEXT_REVIEW,Monitoring / wearables,Verified — clear,FULL_TEXT_UNAVAILABLE,NOT_YET_LOCALIZED,REUSE_EXISTING_AUDIT_ONLY,NO
EV-0529,FULL_TEXT_REVIEW,Cognition / firearm performance,Verified — clear,LAWFUL_PMC_XML,RESULT_LOCATED,REUSE_EXISTING_AUDIT_ONLY,NO
EV-0530,DISCUSSION_ONLY,General operational / occupational readiness,Verified — clear,NOT_IN_285_QUEUE,NOT_ASSESSED,REUSE_EXISTING_AUDIT_ONLY,NO
EV-0531,LOW_RELEVANCE,Cognition / firearm performance,Verified — clear,NOT_IN_285_QUEUE,NOT_ASSESSED,REUSE_EXISTING_AUDIT_ONLY,NO
EV-0532,LOW_RELEVANCE,Cognition / firearm performance,Verified — clear,NOT_IN_285_QUEUE,NOT_ASSESSED,REUSE_EXISTING_AUDIT_ONLY,NO
EV-0533,DISCUSSION_ONLY,General operational / occupational readiness,Verified — clear,NOT_IN_285_QUEUE,NOT_ASSESSED,REUSE_EXISTING_AUDIT_ONLY,NO
EV-0534,FULL_TEXT_REVIEW,Musculoskeletal injury,Verified — clear,LAWFUL_PMC_XML,NOT_YET_LOCALIZED,REUSE_EXISTING_AUDIT_ONLY,NO
EV-0535,DISCUSSION_ONLY,General operational / occupational readiness,Verified — clear,NOT_IN_285_QUEUE,NOT_ASSESSED,REUSE_EXISTING_AUDIT_ONLY,NO
EV-0536,DISCUSSION_ONLY,General operational / occupational readiness,Verified — clear,NOT_IN_285_QUEUE,NOT_ASSESSED,REUSE_EXISTING_AUDIT_ONLY,NO
EV-0537,LOW_RELEVANCE,Tactical medicine / TCCC / TECC / APH,Verified — clear,NOT_IN_285_QUEUE,NOT_ASSESSED,REUSE_EXISTING_AUDIT_ONLY,NO
EV-0538,LOW_RELEVANCE,Tactical medicine / TCCC / TECC / APH,Verified — clear,NOT_IN_285_QUEUE,NOT_ASSESSED,REUSE_EXISTING_AUDIT_ONLY,NO
EV-0539,LOW_RELEVANCE,Mental health / stress,Verified — clear,NOT_IN_285_QUEUE,NOT_ASSESSED,REUSE_EXISTING_AUDIT_ONLY,NO
EV-0540,OUT_OF_SCOPE,General operational / occupational readiness,Pending,NOT_IN_285_QUEUE,NOT_ASSESSED,REUSE_EXISTING_AUDIT_ONLY,NO
EV-0541,LOW_RELEVANCE,Tactical medicine / TCCC / TECC / APH,Verified — clear,NOT_IN_285_QUEUE,NOT_ASSESSED,REUSE_EXISTING_AUDIT_ONLY,NO
EV-0542,OUT_OF_SCOPE,General operational / occupational readiness,Verified — clear,NOT_IN_285_QUEUE,NOT_ASSESSED,REUSE_EXISTING_AUDIT_ONLY,NO
EV-0543,FULL_TEXT_REVIEW,Mental health / stress,Verified — clear,FULL_TEXT_UNAVAILABLE,NOT_YET_LOCALIZED,REUSE_EXISTING_AUDIT_ONLY,NO
EV-0544,OUT_OF_SCOPE,Tactical medicine / TCCC / TECC / APH,Verified — clear,NOT_IN_285_QUEUE,NOT_ASSESSED,REUSE_EXISTING_AUDIT_ONLY,NO
EV-0545,DISCUSSION_ONLY,General operational / occupational readiness,Verified — clear,NOT_IN_285_QUEUE,NOT_ASSESSED,REUSE_EXISTING_AUDIT_ONLY,NO
EV-0546,LOW_RELEVANCE,Tactical medicine / TCCC / TECC / APH,Verified — clear,NOT_IN_285_QUEUE,NOT_ASSESSED,REUSE_EXISTING_AUDIT_ONLY,NO
EV-0547,DISCUSSION_ONLY,General operational / occupational readiness,Verified — clear,NOT_IN_285_QUEUE,NOT_ASSESSED,REUSE_EXISTING_AUDIT_ONLY,NO
EV-0548,DISCUSSION_ONLY,General operational / occupational readiness,Verified — clear,NOT_IN_285_QUEUE,NOT_ASSESSED,REUSE_EXISTING_AUDIT_ONLY,NO
EV-0549,OUT_OF_SCOPE,General operational / occupational readiness,Verified — clear,NOT_IN_285_QUEUE,NOT_ASSESSED,REUSE_EXISTING_AUDIT_ONLY,NO
EV-0550,OUT_OF_SCOPE,General operational / occupational readiness,Verified — clear,NOT_IN_285_QUEUE,NOT_ASSESSED,REUSE_EXISTING_AUDIT_ONLY,NO
EV-0551,OUT_OF_SCOPE,General operational / occupational readiness,Verified — clear,NOT_IN_285_QUEUE,NOT_ASSESSED,REUSE_EXISTING_AUDIT_ONLY,NO
EV-0552,DISCUSSION_ONLY,General operational / occupational readiness,Verified — clear,NOT_IN_285_QUEUE,NOT_ASSESSED,REUSE_EXISTING_AUDIT_ONLY,NO
EV-0553,LOW_RELEVANCE,Tactical medicine / TCCC / TECC / APH,Verified — clear,NOT_IN_285_QUEUE,NOT_ASSESSED,REUSE_EXISTING_AUDIT_ONLY,NO
EV-0554,OUT_OF_SCOPE,General operational / occupational readiness,Verified — clear,NOT_IN_285_QUEUE,NOT_ASSESSED,REUSE_EXISTING_AUDIT_ONLY,NO
EV-0555,FULL_TEXT_REVIEW,Load carriage / equipment burden,Verified — clear,LAWFUL_PMC_XML,NOT_YET_LOCALIZED,REUSE_EXISTING_AUDIT_ONLY,NO
EV-0556,DISCUSSION_ONLY,General operational / occupational readiness,Verified — clear,NOT_IN_285_QUEUE,NOT_ASSESSED,REUSE_EXISTING_AUDIT_ONLY,NO
EV-0557,OUT_OF_SCOPE,General operational / occupational readiness,Verified — clear,NOT_IN_285_QUEUE,NOT_ASSESSED,REUSE_EXISTING_AUDIT_ONLY,NO
EV-0558,LOW_RELEVANCE,Hydration / heat / thermoregulation,Verified — clear,NOT_IN_285_QUEUE,NOT_ASSESSED,REUSE_EXISTING_AUDIT_ONLY,NO
EV-0559,LOW_RELEVANCE,Medical / cardiovascular readiness,Verified — clear,NOT_IN_285_QUEUE,NOT_ASSESSED,REUSE_EXISTING_AUDIT_ONLY,NO
EV-0560,DISCUSSION_ONLY,Medical / cardiovascular readiness,Verified — clear,NOT_IN_285_QUEUE,NOT_ASSESSED,REUSE_EXISTING_AUDIT_ONLY,NO
EV-0561,OUT_OF_SCOPE,General operational / occupational readiness,Verified — clear,NOT_IN_285_QUEUE,NOT_ASSESSED,REUSE_EXISTING_AUDIT_ONLY,NO
EV-0562,DISCUSSION_ONLY,General operational / occupational readiness,Verified — clear,NOT_IN_285_QUEUE,NOT_ASSESSED,REUSE_EXISTING_AUDIT_ONLY,NO
EV-0563,DISCUSSION_ONLY,General operational / occupational readiness,Verified — clear,NOT_IN_285_QUEUE,NOT_ASSESSED,REUSE_EXISTING_AUDIT_ONLY,NO
EV-0564,FULL_TEXT_REVIEW,Mental health / stress,Verified — clear,FULL_TEXT_UNAVAILABLE,NOT_YET_LOCALIZED,REUSE_EXISTING_AUDIT_ONLY,NO
EV-0565,OUT_OF_SCOPE,General operational / occupational readiness,Verified — clear,NOT_IN_285_QUEUE,NOT_ASSESSED,REUSE_EXISTING_AUDIT_ONLY,NO
EV-0566,DISCUSSION_ONLY,Tactical medicine / TCCC / TECC / APH,Verified — clear,NOT_IN_285_QUEUE,NOT_ASSESSED,REUSE_EXISTING_AUDIT_ONLY,NO
EV-0567,FULL_TEXT_REVIEW,Nutrition / shift work,Verified — clear,FULL_TEXT_UNAVAILABLE,NOT_YET_LOCALIZED,REUSE_EXISTING_AUDIT_ONLY,NO
EV-0568,OUT_OF_SCOPE,General operational / occupational readiness,Verified — clear,NOT_IN_285_QUEUE,NOT_ASSESSED,REUSE_EXISTING_AUDIT_ONLY,NO
EV-0569,LOW_RELEVANCE,Tactical medicine / TCCC / TECC / APH,Verified — clear,NOT_IN_285_QUEUE,NOT_ASSESSED,REUSE_EXISTING_AUDIT_ONLY,NO
EV-0570,LOW_RELEVANCE,Tactical medicine / TCCC / TECC / APH,Verified — clear,NOT_IN_285_QUEUE,NOT_ASSESSED,REUSE_EXISTING_AUDIT_ONLY,NO
EV-0571,LOW_RELEVANCE,General operational / occupational readiness,Verified — clear,NOT_IN_285_QUEUE,NOT_ASSESSED,REUSE_EXISTING_AUDIT_ONLY,NO
EV-0572,OUT_OF_SCOPE,General operational / occupational readiness,Verified — clear,NOT_IN_285_QUEUE,NOT_ASSESSED,REUSE_EXISTING_AUDIT_ONLY,NO
EV-0573,DISCUSSION_ONLY,General operational / occupational readiness,Verified — clear,NOT_IN_285_QUEUE,NOT_ASSESSED,REUSE_EXISTING_AUDIT_ONLY,NO
EV-0574,OUT_OF_SCOPE,General operational / occupational readiness,Verified — clear,NOT_IN_285_QUEUE,NOT_ASSESSED,REUSE_EXISTING_AUDIT_ONLY,NO
EV-0575,DISCUSSION_ONLY,General operational / occupational readiness,Verified — clear,NOT_IN_285_QUEUE,NOT_ASSESSED,REUSE_EXISTING_AUDIT_ONLY,NO
EV-0576,DISCUSSION_ONLY,General operational / occupational readiness,Verified — clear,NOT_IN_285_QUEUE,NOT_ASSESSED,REUSE_EXISTING_AUDIT_ONLY,NO
EV-0577,LOW_RELEVANCE,Cognition / firearm performance,Verified — clear,NOT_IN_285_QUEUE,NOT_ASSESSED,REUSE_EXISTING_AUDIT_ONLY,NO
EV-0578,FULL_TEXT_REVIEW,Nutrition / shift work,Verified — clear,LAWFUL_PMC_XML,NOT_YET_LOCALIZED,REUSE_EXISTING_AUDIT_ONLY,NO
EV-0579,LOW_RELEVANCE,Musculoskeletal injury,Verified — clear,NOT_IN_285_QUEUE,NOT_ASSESSED,REUSE_EXISTING_AUDIT_ONLY,NO
EV-0580,OUT_OF_SCOPE,General operational / occupational readiness,Verified — clear,NOT_IN_285_QUEUE,NOT_ASSESSED,REUSE_EXISTING_AUDIT_ONLY,NO
EV-0581,OUT_OF_SCOPE,General operational / occupational readiness,Verified — clear,NOT_IN_285_QUEUE,NOT_ASSESSED,REUSE_EXISTING_AUDIT_ONLY,NO
EV-0582,DISCUSSION_ONLY,General operational / occupational readiness,Verified — clear,NOT_IN_285_QUEUE,NOT_ASSESSED,REUSE_EXISTING_AUDIT_ONLY,NO
EV-0583,FULL_TEXT_REVIEW,Physical / academy readiness,Verified — clear,LAWFUL_PMC_XML,RESULT_LOCATED,REUSE_EXISTING_AUDIT_ONLY,NO
EV-0584,OUT_OF_SCOPE,General operational / occupational readiness,Verified — clear,NOT_IN_285_QUEUE,NOT_ASSESSED,REUSE_EXISTING_AUDIT_ONLY,NO
EV-0585,LOW_RELEVANCE,Musculoskeletal injury,Verified — clear,NOT_IN_285_QUEUE,NOT_ASSESSED,REUSE_EXISTING_AUDIT_ONLY,NO
EV-0586,FULL_TEXT_REVIEW,Physical / academy readiness,Verified — clear,LAWFUL_PMC_XML,RESULT_LOCATED,REUSE_EXISTING_AUDIT_ONLY,NO
EV-0587,OUT_OF_SCOPE,General operational / occupational readiness,Verified — clear,NOT_IN_285_QUEUE,NOT_ASSESSED,REUSE_EXISTING_AUDIT_ONLY,NO
EV-0588,OUT_OF_SCOPE,General operational / occupational readiness,Verified — clear,NOT_IN_285_QUEUE,NOT_ASSESSED,REUSE_EXISTING_AUDIT_ONLY,NO
EV-0589,DISCUSSION_ONLY,General operational / occupational readiness,Verified — clear,NOT_IN_285_QUEUE,NOT_ASSESSED,REUSE_EXISTING_AUDIT_ONLY,NO
EV-0590,FULL_TEXT_REVIEW,Musculoskeletal injury,Verified — clear,FULL_TEXT_UNAVAILABLE,NOT_YET_LOCALIZED,REUSE_EXISTING_AUDIT_ONLY,NO
EV-0591,OUT_OF_SCOPE,General operational / occupational readiness,Verified — clear,NOT_IN_285_QUEUE,NOT_ASSESSED,REUSE_EXISTING_AUDIT_ONLY,NO
EV-0592,LOW_RELEVANCE,Implementation science,Verified — clear,NOT_IN_285_QUEUE,NOT_ASSESSED,REUSE_EXISTING_AUDIT_ONLY,NO
EV-0593,LOW_RELEVANCE,Musculoskeletal injury,Verified — clear,NOT_IN_285_QUEUE,NOT_ASSESSED,REUSE_EXISTING_AUDIT_ONLY,NO
EV-0594,LOW_RELEVANCE,Load carriage / equipment burden,Verified — clear,NOT_IN_285_QUEUE,NOT_ASSESSED,REUSE_EXISTING_AUDIT_ONLY,NO
EV-0595,DISCUSSION_ONLY,General operational / occupational readiness,Verified — clear,NOT_IN_285_QUEUE,NOT_ASSESSED,REUSE_EXISTING_AUDIT_ONLY,NO
EV-0596,LOW_RELEVANCE,Musculoskeletal injury,Verified — clear,NOT_IN_285_QUEUE,NOT_ASSESSED,REUSE_EXISTING_AUDIT_ONLY,NO
EV-0597,DISCUSSION_ONLY,General operational / occupational readiness,Verified — clear,NOT_IN_285_QUEUE,NOT_ASSESSED,REUSE_EXISTING_AUDIT_ONLY,NO
EV-0598,OUT_OF_SCOPE,General operational / occupational readiness,Verified — clear,NOT_IN_285_QUEUE,NOT_ASSESSED,REUSE_EXISTING_AUDIT_ONLY,NO
EV-0599,LOW_RELEVANCE,Musculoskeletal injury,Verified — clear,NOT_IN_285_QUEUE,NOT_ASSESSED,REUSE_EXISTING_AUDIT_ONLY,NO
EV-0600,OUT_OF_SCOPE,General operational / occupational readiness,Verified — clear,NOT_IN_285_QUEUE,NOT_ASSESSED,REUSE_EXISTING_AUDIT_ONLY,NO
EV-0601,OUT_OF_SCOPE,General operational / occupational readiness,Verified — clear,NOT_IN_285_QUEUE,NOT_ASSESSED,REUSE_EXISTING_AUDIT_ONLY,NO
EV-0602,OUT_OF_SCOPE,General operational / occupational readiness,Verified — clear,NOT_IN_285_QUEUE,NOT_ASSESSED,REUSE_EXISTING_AUDIT_ONLY,NO
EV-0603,OUT_OF_SCOPE,General operational / occupational readiness,Pending,NOT_IN_285_QUEUE,NOT_ASSESSED,REUSE_EXISTING_AUDIT_ONLY,NO
EV-0604,DISCUSSION_ONLY,General operational / occupational readiness,Verified — clear,NOT_IN_285_QUEUE,NOT_ASSESSED,REUSE_EXISTING_AUDIT_ONLY,NO
EV-0605,OUT_OF_SCOPE,General operational / occupational readiness,Verified — clear,NOT_IN_285_QUEUE,NOT_ASSESSED,REUSE_EXISTING_AUDIT_ONLY,NO
EV-0606,FULL_TEXT_REVIEW,Implementation science,Verified — clear,LAWFUL_PMC_XML,NOT_YET_LOCALIZED,REUSE_EXISTING_AUDIT_ONLY,NO
EV-0607,DISCUSSION_ONLY,General operational / occupational readiness,Verified — clear,NOT_IN_285_QUEUE,NOT_ASSESSED,REUSE_EXISTING_AUDIT_ONLY,NO
EV-0608,OUT_OF_SCOPE,General operational / occupational readiness,Verified — clear,NOT_IN_285_QUEUE,NOT_ASSESSED,REUSE_EXISTING_AUDIT_ONLY,NO
EV-0609,OUT_OF_SCOPE,General operational / occupational readiness,Verified — clear,NOT_IN_285_QUEUE,NOT_ASSESSED,REUSE_EXISTING_AUDIT_ONLY,NO
EV-0610,DISCUSSION_ONLY,General operational / occupational readiness,Verified — clear,NOT_IN_285_QUEUE,NOT_ASSESSED,REUSE_EXISTING_AUDIT_ONLY,NO
EV-0611,FULL_TEXT_REVIEW,Physical / academy readiness,Verified — clear,FULL_TEXT_UNAVAILABLE,NOT_YET_LOCALIZED,REUSE_EXISTING_AUDIT_ONLY,NO
EV-0612,LOW_RELEVANCE,Implementation science,Verified — clear,NOT_IN_285_QUEUE,NOT_ASSESSED,REUSE_EXISTING_AUDIT_ONLY,NO
EV-0613,DISCUSSION_ONLY,General operational / occupational readiness,Verified — clear,NOT_IN_285_QUEUE,NOT_ASSESSED,REUSE_EXISTING_AUDIT_ONLY,NO
EV-0614,LOW_RELEVANCE,Tactical medicine / TCCC / TECC / APH,Verified — clear,NOT_IN_285_QUEUE,NOT_ASSESSED,REUSE_EXISTING_AUDIT_ONLY,NO
EV-0615,DISCUSSION_ONLY,General operational / occupational readiness,Verified — clear,NOT_IN_285_QUEUE,NOT_ASSESSED,REUSE_EXISTING_AUDIT_ONLY,NO
EV-0616,FULL_TEXT_REVIEW,Musculoskeletal injury,Verified — clear,LAWFUL_PMC_XML,NOT_YET_LOCALIZED,REUSE_EXISTING_AUDIT_ONLY,NO
EV-0617,DISCUSSION_ONLY,General operational / occupational readiness,Verified — clear,NOT_IN_285_QUEUE,NOT_ASSESSED,REUSE_EXISTING_AUDIT_ONLY,NO
EV-0618,DISCUSSION_ONLY,General operational / occupational readiness,Verified — clear,NOT_IN_285_QUEUE,NOT_ASSESSED,REUSE_EXISTING_AUDIT_ONLY,NO
EV-0619,FULL_TEXT_REVIEW,Cognition / firearm performance,Verified — clear,FULL_TEXT_UNAVAILABLE,NOT_YET_LOCALIZED,REUSE_EXISTING_AUDIT_ONLY,NO
EV-0620,DISCUSSION_ONLY,General operational / occupational readiness,Verified — clear,NOT_IN_285_QUEUE,NOT_ASSESSED,REUSE_EXISTING_AUDIT_ONLY,NO
EV-0621,OUT_OF_SCOPE,General operational / occupational readiness,Verified — clear,NOT_IN_285_QUEUE,NOT_ASSESSED,REUSE_EXISTING_AUDIT_ONLY,NO
EV-0622,OUT_OF_SCOPE,General operational / occupational readiness,Verified — clear,NOT_IN_285_QUEUE,NOT_ASSESSED,REUSE_EXISTING_AUDIT_ONLY,NO
EV-0623,LOW_RELEVANCE,Tactical medicine / TCCC / TECC / APH,Verified — clear,NOT_IN_285_QUEUE,NOT_ASSESSED,REUSE_EXISTING_AUDIT_ONLY,NO
EV-0624,OUT_OF_SCOPE,General operational / occupational readiness,Verified — clear,NOT_IN_285_QUEUE,NOT_ASSESSED,REUSE_EXISTING_AUDIT_ONLY,NO
EV-0625,LOW_RELEVANCE,Tactical medicine / TCCC / TECC / APH,Verified — clear,NOT_IN_285_QUEUE,NOT_ASSESSED,REUSE_EXISTING_AUDIT_ONLY,NO
EV-0626,DISCUSSION_ONLY,General operational / occupational readiness,Verified — clear,NOT_IN_285_QUEUE,NOT_ASSESSED,REUSE_EXISTING_AUDIT_ONLY,NO
EV-0627,LOW_RELEVANCE,Implementation science,Verified — clear,NOT_IN_285_QUEUE,NOT_ASSESSED,REUSE_EXISTING_AUDIT_ONLY,NO
EV-0628,DISCUSSION_ONLY,General operational / occupational readiness,Verified — clear,NOT_IN_285_QUEUE,NOT_ASSESSED,REUSE_EXISTING_AUDIT_ONLY,NO
EV-0629,OUT_OF_SCOPE,General operational / occupational readiness,Verified — clear,NOT_IN_285_QUEUE,NOT_ASSESSED,REUSE_EXISTING_AUDIT_ONLY,NO
EV-0630,LOW_RELEVANCE,Cognition / firearm performance,Verified — clear,NOT_IN_285_QUEUE,NOT_ASSESSED,REUSE_EXISTING_AUDIT_ONLY,NO
EV-0631,OUT_OF_SCOPE,General operational / occupational readiness,Verified — clear,NOT_IN_285_QUEUE,NOT_ASSESSED,REUSE_EXISTING_AUDIT_ONLY,NO
EV-0632,LOW_RELEVANCE,General operational / occupational readiness,Verified — clear,NOT_IN_285_QUEUE,NOT_ASSESSED,REUSE_EXISTING_AUDIT_ONLY,NO
EV-0633,DISCUSSION_ONLY,General operational / occupational readiness,Verified — clear,NOT_IN_285_QUEUE,NOT_ASSESSED,REUSE_EXISTING_AUDIT_ONLY,NO
EV-0634,DISCUSSION_ONLY,General operational / occupational readiness,Verified — clear,NOT_IN_285_QUEUE,NOT_ASSESSED,REUSE_EXISTING_AUDIT_ONLY,NO
EV-0635,OUT_OF_SCOPE,General operational / occupational readiness,Verified — clear,NOT_IN_285_QUEUE,NOT_ASSESSED,REUSE_EXISTING_AUDIT_ONLY,NO
EV-0636,OUT_OF_SCOPE,General operational / occupational readiness,Verified — clear,NOT_IN_285_QUEUE,NOT_ASSESSED,REUSE_EXISTING_AUDIT_ONLY,NO
EV-0637,DISCUSSION_ONLY,General operational / occupational readiness,Verified — clear,NOT_IN_285_QUEUE,NOT_ASSESSED,REUSE_EXISTING_AUDIT_ONLY,NO
EV-0638,DISCUSSION_ONLY,General operational / occupational readiness,Verified — clear,NOT_IN_285_QUEUE,NOT_ASSESSED,REUSE_EXISTING_AUDIT_ONLY,NO
EV-0639,LOW_RELEVANCE,Tactical medicine / TCCC / TECC / APH,Verified — clear,NOT_IN_285_QUEUE,NOT_ASSESSED,REUSE_EXISTING_AUDIT_ONLY,NO
EV-0640,FULL_TEXT_REVIEW,Physical / academy readiness,Verified — clear,LAWFUL_PMC_XML,NOT_YET_LOCALIZED,REUSE_EXISTING_AUDIT_ONLY,NO
EV-0641,FULL_TEXT_REVIEW,Musculoskeletal injury,Verified — clear,LAWFUL_PMC_XML,RESULT_LOCATED,REUSE_EXISTING_AUDIT_ONLY,NO
EV-0642,OUT_OF_SCOPE,General operational / occupational readiness,Verified — clear,NOT_IN_285_QUEUE,NOT_ASSESSED,REUSE_EXISTING_AUDIT_ONLY,NO
EV-0643,FULL_TEXT_REVIEW,Musculoskeletal injury,Verified — clear,LAWFUL_PMC_XML,NOT_YET_LOCALIZED,REUSE_EXISTING_AUDIT_ONLY,NO
EV-0644,OUT_OF_SCOPE,General operational / occupational readiness,Verified — clear,NOT_IN_285_QUEUE,NOT_ASSESSED,REUSE_EXISTING_AUDIT_ONLY,NO
EV-0645,OUT_OF_SCOPE,General operational / occupational readiness,Verified — clear,NOT_IN_285_QUEUE,NOT_ASSESSED,REUSE_EXISTING_AUDIT_ONLY,NO
EV-0646,FULL_TEXT_REVIEW,Sleep / fatigue / recovery,Verified — clear,FULL_TEXT_UNAVAILABLE,NOT_YET_LOCALIZED,REUSE_EXISTING_AUDIT_ONLY,NO
EV-0647,OUT_OF_SCOPE,General operational / occupational readiness,Verified — clear,NOT_IN_285_QUEUE,NOT_ASSESSED,REUSE_EXISTING_AUDIT_ONLY,NO
EV-0648,DISCUSSION_ONLY,General operational / occupational readiness,Verified — clear,NOT_IN_285_QUEUE,NOT_ASSESSED,REUSE_EXISTING_AUDIT_ONLY,NO
EV-0649,LOW_RELEVANCE,Sleep / fatigue / recovery,Verified — clear,NOT_IN_285_QUEUE,NOT_ASSESSED,REUSE_EXISTING_AUDIT_ONLY,NO
EV-0650,FULL_TEXT_REVIEW,Physical / academy readiness,Verified — clear,LAWFUL_PMC_XML,NOT_YET_LOCALIZED,REUSE_EXISTING_AUDIT_ONLY,NO
EV-0651,FULL_TEXT_REVIEW,Tactical medicine / TCCC / TECC / APH,Verified — clear,FULL_TEXT_UNAVAILABLE,NOT_YET_LOCALIZED,REUSE_EXISTING_AUDIT_ONLY,NO
EV-0652,OUT_OF_SCOPE,General operational / occupational readiness,Verified — clear,NOT_IN_285_QUEUE,NOT_ASSESSED,REUSE_EXISTING_AUDIT_ONLY,NO
EV-0653,FULL_TEXT_REVIEW,Medical / cardiovascular readiness,Verified — clear,FULL_TEXT_UNAVAILABLE,NOT_YET_LOCALIZED,REUSE_EXISTING_AUDIT_ONLY,NO
EV-0654,DISCUSSION_ONLY,General operational / occupational readiness,Verified — clear,NOT_IN_285_QUEUE,NOT_ASSESSED,REUSE_EXISTING_AUDIT_ONLY,NO
EV-0655,FULL_TEXT_REVIEW,Physical / academy readiness,Verified — clear,LAWFUL_PMC_XML,RESULT_LOCATED,REUSE_EXISTING_AUDIT_ONLY,NO
EV-0656,DISCUSSION_ONLY,Tactical medicine / TCCC / TECC / APH,Verified — clear,NOT_IN_285_QUEUE,NOT_ASSESSED,REUSE_EXISTING_AUDIT_ONLY,NO
EV-0657,DISCUSSION_ONLY,General operational / occupational readiness,Verified — clear,NOT_IN_285_QUEUE,NOT_ASSESSED,REUSE_EXISTING_AUDIT_ONLY,NO
EV-0658,FULL_TEXT_REVIEW,Physical / academy readiness,Verified — clear,FULL_TEXT_UNAVAILABLE,NOT_YET_LOCALIZED,REUSE_EXISTING_AUDIT_ONLY,NO
EV-0659,DISCUSSION_ONLY,General operational / occupational readiness,Verified — clear,NOT_IN_285_QUEUE,NOT_ASSESSED,REUSE_EXISTING_AUDIT_ONLY,NO
EV-0660,DISCUSSION_ONLY,Hydration / heat / thermoregulation,Verified — clear,NOT_IN_285_QUEUE,NOT_ASSESSED,REUSE_EXISTING_AUDIT_ONLY,NO
EV-0661,DISCUSSION_ONLY,General operational / occupational readiness,Verified — clear,NOT_IN_285_QUEUE,NOT_ASSESSED,REUSE_EXISTING_AUDIT_ONLY,NO
EV-0662,DISCUSSION_ONLY,General operational / occupational readiness,Verified — clear,NOT_IN_285_QUEUE,NOT_ASSESSED,REUSE_EXISTING_AUDIT_ONLY,NO
EV-0663,FULL_TEXT_REVIEW,Nutrition / shift work,Verified — clear,LAWFUL_PMC_XML,RESULT_LOCATED,REUSE_EXISTING_AUDIT_ONLY,NO
EV-0664,OUT_OF_SCOPE,General operational / occupational readiness,Verified — clear,NOT_IN_285_QUEUE,NOT_ASSESSED,REUSE_EXISTING_AUDIT_ONLY,NO
EV-0665,FULL_TEXT_REVIEW,Musculoskeletal injury,Verified — clear,FULL_TEXT_UNAVAILABLE,NOT_YET_LOCALIZED,REUSE_EXISTING_AUDIT_ONLY,NO
EV-0666,DISCUSSION_ONLY,General operational / occupational readiness,Verified — clear,NOT_IN_285_QUEUE,NOT_ASSESSED,REUSE_EXISTING_AUDIT_ONLY,NO
EV-0667,REPLACE_EXISTING_CANDIDATE,Physical / academy readiness,Verified — clear,LAWFUL_PMC_XML,RESULT_LOCATED,REUSE_EXISTING_AUDIT_ONLY,NO
EV-0668,DISCUSSION_ONLY,General operational / occupational readiness,Verified — clear,NOT_IN_285_QUEUE,NOT_ASSESSED,REUSE_EXISTING_AUDIT_ONLY,NO
EV-0669,LOW_RELEVANCE,General operational / occupational readiness,Verified — clear,NOT_IN_285_QUEUE,NOT_ASSESSED,REUSE_EXISTING_AUDIT_ONLY,NO
EV-0670,FULL_TEXT_REVIEW,Physical / academy readiness,Verified — clear,LAWFUL_PMC_XML,RESULT_LOCATED,REUSE_EXISTING_AUDIT_ONLY,NO
EV-0671,LOW_RELEVANCE,Mental health / stress,Verified — clear,NOT_IN_285_QUEUE,NOT_ASSESSED,REUSE_EXISTING_AUDIT_ONLY,NO
EV-0672,DISCUSSION_ONLY,General operational / occupational readiness,Verified — clear,NOT_IN_285_QUEUE,NOT_ASSESSED,REUSE_EXISTING_AUDIT_ONLY,NO
EV-0673,DISCUSSION_ONLY,Cognition / firearm performance,Verified — clear,NOT_IN_285_QUEUE,NOT_ASSESSED,REUSE_EXISTING_AUDIT_ONLY,NO
EV-0674,DISCUSSION_ONLY,General operational / occupational readiness,Verified — clear,NOT_IN_285_QUEUE,NOT_ASSESSED,REUSE_EXISTING_AUDIT_ONLY,NO
EV-0675,OUT_OF_SCOPE,General operational / occupational readiness,Verified — clear,NOT_IN_285_QUEUE,NOT_ASSESSED,REUSE_EXISTING_AUDIT_ONLY,NO
EV-0676,OUT_OF_SCOPE,General operational / occupational readiness,Verified — clear,NOT_IN_285_QUEUE,NOT_ASSESSED,REUSE_EXISTING_AUDIT_ONLY,NO
EV-0677,DISCUSSION_ONLY,General operational / occupational readiness,Verified — clear,NOT_IN_285_QUEUE,NOT_ASSESSED,REUSE_EXISTING_AUDIT_ONLY,NO
EV-0678,OUT_OF_SCOPE,General operational / occupational readiness,Verified — clear,NOT_IN_285_QUEUE,NOT_ASSESSED,REUSE_EXISTING_AUDIT_ONLY,NO
EV-0679,OUT_OF_SCOPE,General operational / occupational readiness,Verified — clear,NOT_IN_285_QUEUE,NOT_ASSESSED,REUSE_EXISTING_AUDIT_ONLY,NO
EV-0680,DISCUSSION_ONLY,General operational / occupational readiness,Verified — clear,NOT_IN_285_QUEUE,NOT_ASSESSED,REUSE_EXISTING_AUDIT_ONLY,NO
EV-0681,FULL_TEXT_REVIEW,Nutrition / shift work,Verified — clear,LAWFUL_PMC_XML,RESULT_LOCATED,REUSE_EXISTING_AUDIT_ONLY,NO
EV-0682,FULL_TEXT_REVIEW,Physical / academy readiness,Verified — clear,LAWFUL_PMC_XML,RESULT_LOCATED,REUSE_EXISTING_AUDIT_ONLY,NO
EV-0683,OUT_OF_SCOPE,General operational / occupational readiness,Verified — clear,NOT_IN_285_QUEUE,NOT_ASSESSED,REUSE_EXISTING_AUDIT_ONLY,NO
EV-0684,FULL_TEXT_REVIEW,Mental health / stress,Verified — clear,LAWFUL_PMC_XML,NOT_YET_LOCALIZED,REUSE_EXISTING_AUDIT_ONLY,NO
EV-0685,FULL_TEXT_REVIEW,Musculoskeletal injury,Verified — clear,FULL_TEXT_UNAVAILABLE,NOT_YET_LOCALIZED,REUSE_EXISTING_AUDIT_ONLY,NO
EV-0686,OUT_OF_SCOPE,General operational / occupational readiness,Verified — clear,NOT_IN_285_QUEUE,NOT_ASSESSED,REUSE_EXISTING_AUDIT_ONLY,NO
EV-0687,DISCUSSION_ONLY,General operational / occupational readiness,Verified — clear,NOT_IN_285_QUEUE,NOT_ASSESSED,REUSE_EXISTING_AUDIT_ONLY,NO
EV-0688,OUT_OF_SCOPE,General operational / occupational readiness,Verified — clear,NOT_IN_285_QUEUE,NOT_ASSESSED,REUSE_EXISTING_AUDIT_ONLY,NO
EV-0689,OUT_OF_SCOPE,General operational / occupational readiness,Verified — clear,NOT_IN_285_QUEUE,NOT_ASSESSED,REUSE_EXISTING_AUDIT_ONLY,NO
EV-0690,LOW_RELEVANCE,General operational / occupational readiness,Verified — clear,NOT_IN_285_QUEUE,NOT_ASSESSED,REUSE_EXISTING_AUDIT_ONLY,NO
EV-0691,LOW_RELEVANCE,Tactical medicine / TCCC / TECC / APH,Verified — clear,NOT_IN_285_QUEUE,NOT_ASSESSED,REUSE_EXISTING_AUDIT_ONLY,NO
EV-0692,FULL_TEXT_REVIEW,Tactical medicine / TCCC / TECC / APH,Verified — clear,FULL_TEXT_UNAVAILABLE,NOT_YET_LOCALIZED,REUSE_EXISTING_AUDIT_ONLY,NO
EV-0693,CONTEXT_ONLY,General operational / occupational readiness,Verified — clear,NOT_IN_285_QUEUE,NOT_ASSESSED,REUSE_EXISTING_AUDIT_ONLY,NO
EV-0694,DISCUSSION_ONLY,General operational / occupational readiness,Verified — clear,NOT_IN_285_QUEUE,NOT_ASSESSED,REUSE_EXISTING_AUDIT_ONLY,NO
EV-0695,FULL_TEXT_REVIEW,Cognition / firearm performance,Verified — clear,FULL_TEXT_UNAVAILABLE,NOT_YET_LOCALIZED,REUSE_EXISTING_AUDIT_ONLY,NO
EV-0696,DISCUSSION_ONLY,General operational / occupational readiness,Verified — clear,NOT_IN_285_QUEUE,NOT_ASSESSED,REUSE_EXISTING_AUDIT_ONLY,NO
EV-0697,DISCUSSION_ONLY,General operational / occupational readiness,Verified — clear,NOT_IN_285_QUEUE,NOT_ASSESSED,REUSE_EXISTING_AUDIT_ONLY,NO
EV-0698,OUT_OF_SCOPE,General operational / occupational readiness,Verified — clear,NOT_IN_285_QUEUE,NOT_ASSESSED,REUSE_EXISTING_AUDIT_ONLY,NO
EV-0699,DISCUSSION_ONLY,General operational / occupational readiness,Verified — clear,NOT_IN_285_QUEUE,NOT_ASSESSED,REUSE_EXISTING_AUDIT_ONLY,NO
EV-0700,DISCUSSION_ONLY,General operational / occupational readiness,Verified — clear,NOT_IN_285_QUEUE,NOT_ASSESSED,REUSE_EXISTING_AUDIT_ONLY,NO
EV-0701,OUT_OF_SCOPE,General operational / occupational readiness,Verified — clear,NOT_IN_285_QUEUE,NOT_ASSESSED,REUSE_EXISTING_AUDIT_ONLY,NO
EV-0702,LOW_RELEVANCE,Physical / academy readiness,Verified — clear,NOT_IN_285_QUEUE,NOT_ASSESSED,REUSE_EXISTING_AUDIT_ONLY,NO
EV-0703,DISCUSSION_ONLY,General operational / occupational readiness,Verified — clear,NOT_IN_285_QUEUE,NOT_ASSESSED,REUSE_EXISTING_AUDIT_ONLY,NO
EV-0704,LOW_RELEVANCE,Tactical medicine / TCCC / TECC / APH,Verified — clear,NOT_IN_285_QUEUE,NOT_ASSESSED,REUSE_EXISTING_AUDIT_ONLY,NO
EV-0705,FULL_TEXT_REVIEW,Cognition / firearm performance,Verified — clear,LAWFUL_PMC_XML,RESULT_LOCATED,REUSE_EXISTING_AUDIT_ONLY,NO
EV-0706,OUT_OF_SCOPE,General operational / occupational readiness,Verified — clear,NOT_IN_285_QUEUE,NOT_ASSESSED,REUSE_EXISTING_AUDIT_ONLY,NO
EV-0707,OUT_OF_SCOPE,General operational / occupational readiness,Verified — clear,NOT_IN_285_QUEUE,NOT_ASSESSED,REUSE_EXISTING_AUDIT_ONLY,NO
EV-0708,LOW_RELEVANCE,Tactical medicine / TCCC / TECC / APH,Verified — clear,NOT_IN_285_QUEUE,NOT_ASSESSED,REUSE_EXISTING_AUDIT_ONLY,NO
EV-0709,OUT_OF_SCOPE,General operational / occupational readiness,Verified — clear,NOT_IN_285_QUEUE,NOT_ASSESSED,REUSE_EXISTING_AUDIT_ONLY,NO
EV-0710,OUT_OF_SCOPE,General operational / occupational readiness,Verified — clear,NOT_IN_285_QUEUE,NOT_ASSESSED,REUSE_EXISTING_AUDIT_ONLY,NO
EV-0711,DISCUSSION_ONLY,General operational / occupational readiness,Verified — clear,NOT_IN_285_QUEUE,NOT_ASSESSED,REUSE_EXISTING_AUDIT_ONLY,NO
EV-0712,DISCUSSION_ONLY,General operational / occupational readiness,Verified — clear,NOT_IN_285_QUEUE,NOT_ASSESSED,REUSE_EXISTING_AUDIT_ONLY,NO
EV-0713,OUT_OF_SCOPE,General operational / occupational readiness,Verified — clear,NOT_IN_285_QUEUE,NOT_ASSESSED,REUSE_EXISTING_AUDIT_ONLY,NO
EV-0714,DISCUSSION_ONLY,General operational / occupational readiness,Verified — clear,NOT_IN_285_QUEUE,NOT_ASSESSED,REUSE_EXISTING_AUDIT_ONLY,NO
EV-0715,LOW_RELEVANCE,Musculoskeletal injury,Verified — clear,NOT_IN_285_QUEUE,NOT_ASSESSED,REUSE_EXISTING_AUDIT_ONLY,NO
EV-0716,REPLACE_EXISTING_CANDIDATE,Physical / academy readiness,Verified — clear,FULL_TEXT_UNAVAILABLE,NOT_YET_LOCALIZED,REUSE_EXISTING_AUDIT_ONLY,NO
EV-0717,OUT_OF_SCOPE,General operational / occupational readiness,Verified — clear,NOT_IN_285_QUEUE,NOT_ASSESSED,REUSE_EXISTING_AUDIT_ONLY,NO
EV-0718,OUT_OF_SCOPE,General operational / occupational readiness,Verified — clear,NOT_IN_285_QUEUE,NOT_ASSESSED,REUSE_EXISTING_AUDIT_ONLY,NO
EV-0719,DISCUSSION_ONLY,General operational / occupational readiness,Verified — clear,NOT_IN_285_QUEUE,NOT_ASSESSED,REUSE_EXISTING_AUDIT_ONLY,NO
EV-0720,OUT_OF_SCOPE,General operational / occupational readiness,Verified — clear,NOT_IN_285_QUEUE,NOT_ASSESSED,REUSE_EXISTING_AUDIT_ONLY,NO
EV-0721,FULL_TEXT_REVIEW,Musculoskeletal injury,Verified — clear,LAWFUL_PMC_XML,RESULT_LOCATED,REUSE_EXISTING_AUDIT_ONLY,NO
EV-0722,OUT_OF_SCOPE,General operational / occupational readiness,Verified — clear,NOT_IN_285_QUEUE,NOT_ASSESSED,REUSE_EXISTING_AUDIT_ONLY,NO
EV-0723,DISCUSSION_ONLY,General operational / occupational readiness,Verified — clear,NOT_IN_285_QUEUE,NOT_ASSESSED,REUSE_EXISTING_AUDIT_ONLY,NO
EV-0724,DISCUSSION_ONLY,General operational / occupational readiness,Verified — clear,NOT_IN_285_QUEUE,NOT_ASSESSED,REUSE_EXISTING_AUDIT_ONLY,NO
EV-0725,FULL_TEXT_REVIEW,Cognition / firearm performance,Verified — clear,FULL_TEXT_UNAVAILABLE,NOT_YET_LOCALIZED,REUSE_EXISTING_AUDIT_ONLY,NO
EV-0726,FULL_TEXT_REVIEW,Sleep / fatigue / recovery,Verified — clear,FULL_TEXT_UNAVAILABLE,NOT_YET_LOCALIZED,REUSE_EXISTING_AUDIT_ONLY,NO
EV-0727,OUT_OF_SCOPE,General operational / occupational readiness,Verified — clear,NOT_IN_285_QUEUE,NOT_ASSESSED,REUSE_EXISTING_AUDIT_ONLY,NO
EV-0728,FULL_TEXT_REVIEW,Physical / academy readiness,Verified — clear,FULL_TEXT_UNAVAILABLE,NOT_YET_LOCALIZED,REUSE_EXISTING_AUDIT_ONLY,NO
EV-0729,FULL_TEXT_REVIEW,Physical / academy readiness,Verified — clear,FULL_TEXT_UNAVAILABLE,NOT_YET_LOCALIZED,REUSE_EXISTING_AUDIT_ONLY,NO
EV-0730,DISCUSSION_ONLY,General operational / occupational readiness,Verified — clear,NOT_IN_285_QUEUE,NOT_ASSESSED,REUSE_EXISTING_AUDIT_ONLY,NO
EV-0731,DISCUSSION_ONLY,General operational / occupational readiness,Verified — clear,NOT_IN_285_QUEUE,NOT_ASSESSED,REUSE_EXISTING_AUDIT_ONLY,NO
EV-0732,DISCUSSION_ONLY,General operational / occupational readiness,Verified — clear,NOT_IN_285_QUEUE,NOT_ASSESSED,REUSE_EXISTING_AUDIT_ONLY,NO
EV-0733,OUT_OF_SCOPE,General operational / occupational readiness,Verified — clear,NOT_IN_285_QUEUE,NOT_ASSESSED,REUSE_EXISTING_AUDIT_ONLY,NO
EV-0734,FULL_TEXT_REVIEW,Physical / academy readiness,Verified — clear,LAWFUL_PMC_XML,RESULT_LOCATED,REUSE_EXISTING_AUDIT_ONLY,NO
EV-0735,LOW_RELEVANCE,Tactical medicine / TCCC / TECC / APH,Verified — clear,NOT_IN_285_QUEUE,NOT_ASSESSED,REUSE_EXISTING_AUDIT_ONLY,NO
EV-0736,CONTEXT_ONLY,Tactical medicine / TCCC / TECC / APH,Verified — clear,NOT_IN_285_QUEUE,NOT_ASSESSED,REUSE_EXISTING_AUDIT_ONLY,NO
EV-0737,LOW_RELEVANCE,Tactical medicine / TCCC / TECC / APH,Verified — clear,NOT_IN_285_QUEUE,NOT_ASSESSED,REUSE_EXISTING_AUDIT_ONLY,NO
EV-0738,DISCUSSION_ONLY,General operational / occupational readiness,Verified — clear,NOT_IN_285_QUEUE,NOT_ASSESSED,REUSE_EXISTING_AUDIT_ONLY,NO
EV-0739,OUT_OF_SCOPE,General operational / occupational readiness,Verified — clear,NOT_IN_285_QUEUE,NOT_ASSESSED,REUSE_EXISTING_AUDIT_ONLY,NO
EV-0740,LOW_RELEVANCE,Tactical medicine / TCCC / TECC / APH,Verified — clear,NOT_IN_285_QUEUE,NOT_ASSESSED,REUSE_EXISTING_AUDIT_ONLY,NO
EV-0741,OUT_OF_SCOPE,General operational / occupational readiness,Verified — clear,NOT_IN_285_QUEUE,NOT_ASSESSED,REUSE_EXISTING_AUDIT_ONLY,NO
EV-0742,DISCUSSION_ONLY,General operational / occupational readiness,Verified — clear,NOT_IN_285_QUEUE,NOT_ASSESSED,REUSE_EXISTING_AUDIT_ONLY,NO
EV-0743,DISCUSSION_ONLY,General operational / occupational readiness,Verified — clear,NOT_IN_285_QUEUE,NOT_ASSESSED,REUSE_EXISTING_AUDIT_ONLY,NO
EV-0744,DISCUSSION_ONLY,General operational / occupational readiness,Verified — clear,NOT_IN_285_QUEUE,NOT_ASSESSED,REUSE_EXISTING_AUDIT_ONLY,NO
EV-0745,DISCUSSION_ONLY,General operational / occupational readiness,Verified — clear,NOT_IN_285_QUEUE,NOT_ASSESSED,REUSE_EXISTING_AUDIT_ONLY,NO
EV-0746,LOW_RELEVANCE,Musculoskeletal injury,Verified — clear,NOT_IN_285_QUEUE,NOT_ASSESSED,REUSE_EXISTING_AUDIT_ONLY,NO
EV-0747,FULL_TEXT_REVIEW,Musculoskeletal injury,Verified — clear,FULL_TEXT_UNAVAILABLE,NOT_YET_LOCALIZED,REUSE_EXISTING_AUDIT_ONLY,NO
EV-0748,DISCUSSION_ONLY,General operational / occupational readiness,Verified — clear,NOT_IN_285_QUEUE,NOT_ASSESSED,REUSE_EXISTING_AUDIT_ONLY,NO
EV-0749,FULL_TEXT_REVIEW,Tactical medicine / TCCC / TECC / APH,Verified — clear,LAWFUL_PMC_XML,RESULT_LOCATED,REUSE_EXISTING_AUDIT_ONLY,NO
EV-0750,DISCUSSION_ONLY,General operational / occupational readiness,Verified — clear,NOT_IN_285_QUEUE,NOT_ASSESSED,REUSE_EXISTING_AUDIT_ONLY,NO
EV-0751,LOW_RELEVANCE,General operational / occupational readiness,Verified — clear,NOT_IN_285_QUEUE,NOT_ASSESSED,REUSE_EXISTING_AUDIT_ONLY,NO
EV-0752,DISCUSSION_ONLY,General operational / occupational readiness,Verified — clear,NOT_IN_285_QUEUE,NOT_ASSESSED,REUSE_EXISTING_AUDIT_ONLY,NO
EV-0753,LOW_RELEVANCE,Musculoskeletal injury,Verified — clear,NOT_IN_285_QUEUE,NOT_ASSESSED,REUSE_EXISTING_AUDIT_ONLY,NO
EV-0754,OUT_OF_SCOPE,General operational / occupational readiness,Verified — clear,NOT_IN_285_QUEUE,NOT_ASSESSED,REUSE_EXISTING_AUDIT_ONLY,NO
EV-0755,OUT_OF_SCOPE,General operational / occupational readiness,Verified — clear,NOT_IN_285_QUEUE,NOT_ASSESSED,REUSE_EXISTING_AUDIT_ONLY,NO
EV-0756,FULL_TEXT_REVIEW,Musculoskeletal injury,Verified — clear,LAWFUL_PMC_XML,RESULT_LOCATED,REUSE_EXISTING_AUDIT_ONLY,NO
EV-0757,FULL_TEXT_REVIEW,Mental health / stress,Verified — clear,FULL_TEXT_UNAVAILABLE,NOT_YET_LOCALIZED,REUSE_EXISTING_AUDIT_ONLY,NO
EV-0758,LOW_RELEVANCE,Sleep / fatigue / recovery,Verified — clear,NOT_IN_285_QUEUE,NOT_ASSESSED,REUSE_EXISTING_AUDIT_ONLY,NO
EV-0759,FULL_TEXT_REVIEW,Physical / academy readiness,Verified — clear,FULL_TEXT_UNAVAILABLE,NOT_YET_LOCALIZED,REUSE_EXISTING_AUDIT_ONLY,NO
EV-0760,FULL_TEXT_REVIEW,Nutrition / shift work,Verified — clear,LAWFUL_PMC_XML,NOT_YET_LOCALIZED,REUSE_EXISTING_AUDIT_ONLY,NO
EV-0761,OUT_OF_SCOPE,General operational / occupational readiness,Verified — clear,NOT_IN_285_QUEUE,NOT_ASSESSED,REUSE_EXISTING_AUDIT_ONLY,NO
EV-0762,LOW_RELEVANCE,Tactical medicine / TCCC / TECC / APH,Verified — clear,NOT_IN_285_QUEUE,NOT_ASSESSED,REUSE_EXISTING_AUDIT_ONLY,NO
EV-0763,LOW_RELEVANCE,Tactical medicine / TCCC / TECC / APH,Verified — clear,NOT_IN_285_QUEUE,NOT_ASSESSED,REUSE_EXISTING_AUDIT_ONLY,NO
EV-0764,LOW_RELEVANCE,Implementation science,Verified — clear,NOT_IN_285_QUEUE,NOT_ASSESSED,REUSE_EXISTING_AUDIT_ONLY,NO
EV-0765,CONTEXT_ONLY,General operational / occupational readiness,Verified — clear,NOT_IN_285_QUEUE,NOT_ASSESSED,REUSE_EXISTING_AUDIT_ONLY,NO
EV-0766,LOW_RELEVANCE,Musculoskeletal injury,Verified — clear,NOT_IN_285_QUEUE,NOT_ASSESSED,REUSE_EXISTING_AUDIT_ONLY,NO
EV-0767,DISCUSSION_ONLY,General operational / occupational readiness,Verified — clear,NOT_IN_285_QUEUE,NOT_ASSESSED,REUSE_EXISTING_AUDIT_ONLY,NO
EV-0768,FULL_TEXT_REVIEW,Physical / academy readiness,Verified — clear,FULL_TEXT_UNAVAILABLE,NOT_YET_LOCALIZED,REUSE_EXISTING_AUDIT_ONLY,NO
EV-0769,OUT_OF_SCOPE,General operational / occupational readiness,Verified — clear,NOT_IN_285_QUEUE,NOT_ASSESSED,REUSE_EXISTING_AUDIT_ONLY,NO
EV-0770,DISCUSSION_ONLY,General operational / occupational readiness,Verified — clear,NOT_IN_285_QUEUE,NOT_ASSESSED,REUSE_EXISTING_AUDIT_ONLY,NO
EV-0771,FULL_TEXT_REVIEW,Nutrition / shift work,Verified — clear,FULL_TEXT_UNAVAILABLE,NOT_YET_LOCALIZED,REUSE_EXISTING_AUDIT_ONLY,NO
EV-0772,DISCUSSION_ONLY,General operational / occupational readiness,Verified — clear,NOT_IN_285_QUEUE,NOT_ASSESSED,REUSE_EXISTING_AUDIT_ONLY,NO
EV-0773,LOW_RELEVANCE,Tactical medicine / TCCC / TECC / APH,Verified — clear,NOT_IN_285_QUEUE,NOT_ASSESSED,REUSE_EXISTING_AUDIT_ONLY,NO
EV-0774,OUT_OF_SCOPE,General operational / occupational readiness,Verified — clear,NOT_IN_285_QUEUE,NOT_ASSESSED,REUSE_EXISTING_AUDIT_ONLY,NO
EV-0775,DISCUSSION_ONLY,General operational / occupational readiness,Verified — clear,NOT_IN_285_QUEUE,NOT_ASSESSED,REUSE_EXISTING_AUDIT_ONLY,NO
EV-0776,FULL_TEXT_REVIEW,Tactical medicine / TCCC / TECC / APH,Verified — clear,FULL_TEXT_UNAVAILABLE,NOT_YET_LOCALIZED,REUSE_EXISTING_AUDIT_ONLY,NO
EV-0777,OUT_OF_SCOPE,General operational / occupational readiness,Verified — clear,NOT_IN_285_QUEUE,NOT_ASSESSED,REUSE_EXISTING_AUDIT_ONLY,NO
EV-0778,DISCUSSION_ONLY,General operational / occupational readiness,Verified — clear,NOT_IN_285_QUEUE,NOT_ASSESSED,REUSE_EXISTING_AUDIT_ONLY,NO
EV-0779,OUT_OF_SCOPE,General operational / occupational readiness,Verified — clear,NOT_IN_285_QUEUE,NOT_ASSESSED,REUSE_EXISTING_AUDIT_ONLY,NO
EV-0780,FULL_TEXT_REVIEW,Mental health / stress,Verified — clear,FULL_TEXT_UNAVAILABLE,NOT_YET_LOCALIZED,REUSE_EXISTING_AUDIT_ONLY,NO
EV-0781,DISCUSSION_ONLY,General operational / occupational readiness,Verified — clear,NOT_IN_285_QUEUE,NOT_ASSESSED,REUSE_EXISTING_AUDIT_ONLY,NO
EV-0782,FULL_TEXT_REVIEW,Nutrition / shift work,Verified — clear,FULL_TEXT_UNAVAILABLE,NOT_YET_LOCALIZED,REUSE_EXISTING_AUDIT_ONLY,NO
EV-0783,DISCUSSION_ONLY,General operational / occupational readiness,Verified — clear,NOT_IN_285_QUEUE,NOT_ASSESSED,REUSE_EXISTING_AUDIT_ONLY,NO
EV-0784,OUT_OF_SCOPE,General operational / occupational readiness,Verified — clear,NOT_IN_285_QUEUE,NOT_ASSESSED,REUSE_EXISTING_AUDIT_ONLY,NO
EV-0785,DISCUSSION_ONLY,General operational / occupational readiness,Verified — clear,NOT_IN_285_QUEUE,NOT_ASSESSED,REUSE_EXISTING_AUDIT_ONLY,NO
EV-0786,FULL_TEXT_REVIEW,Musculoskeletal injury,Verified — clear,LAWFUL_PMC_XML,NOT_YET_LOCALIZED,REUSE_EXISTING_AUDIT_ONLY,NO
EV-0787,OUT_OF_SCOPE,General operational / occupational readiness,Verified — clear,NOT_IN_285_QUEUE,NOT_ASSESSED,REUSE_EXISTING_AUDIT_ONLY,NO
EV-0788,OUT_OF_SCOPE,General operational / occupational readiness,Verified — clear,NOT_IN_285_QUEUE,NOT_ASSESSED,REUSE_EXISTING_AUDIT_ONLY,NO
EV-0789,DISCUSSION_ONLY,General operational / occupational readiness,Verified — clear,NOT_IN_285_QUEUE,NOT_ASSESSED,REUSE_EXISTING_AUDIT_ONLY,NO
EV-0790,DISCUSSION_ONLY,General operational / occupational readiness,Verified — clear,NOT_IN_285_QUEUE,NOT_ASSESSED,REUSE_EXISTING_AUDIT_ONLY,NO
EV-0791,OUT_OF_SCOPE,General operational / occupational readiness,Verified — clear,NOT_IN_285_QUEUE,NOT_ASSESSED,REUSE_EXISTING_AUDIT_ONLY,NO
EV-0792,LOW_RELEVANCE,Physical / academy readiness,Verified — clear,NOT_IN_285_QUEUE,NOT_ASSESSED,REUSE_EXISTING_AUDIT_ONLY,NO
EV-0793,DISCUSSION_ONLY,General operational / occupational readiness,Verified — clear,NOT_IN_285_QUEUE,NOT_ASSESSED,REUSE_EXISTING_AUDIT_ONLY,NO
EV-0794,OUT_OF_SCOPE,General operational / occupational readiness,Verified — clear,NOT_IN_285_QUEUE,NOT_ASSESSED,REUSE_EXISTING_AUDIT_ONLY,NO
EV-0795,FULL_TEXT_REVIEW,Physical / academy readiness,Verified — clear,FULL_TEXT_UNAVAILABLE,NOT_YET_LOCALIZED,REUSE_EXISTING_AUDIT_ONLY,NO
EV-0796,DISCUSSION_ONLY,General operational / occupational readiness,Verified — clear,NOT_IN_285_QUEUE,NOT_ASSESSED,REUSE_EXISTING_AUDIT_ONLY,NO
EV-0797,DISCUSSION_ONLY,Tactical medicine / TCCC / TECC / APH,Verified — clear,NOT_IN_285_QUEUE,NOT_ASSESSED,REUSE_EXISTING_AUDIT_ONLY,NO
EV-0798,OUT_OF_SCOPE,General operational / occupational readiness,Verified — clear,NOT_IN_285_QUEUE,NOT_ASSESSED,REUSE_EXISTING_AUDIT_ONLY,NO
EV-0799,FULL_TEXT_REVIEW,Sleep / fatigue / recovery,Verified — clear,LAWFUL_PMC_XML,RESULT_LOCATED,REUSE_EXISTING_AUDIT_ONLY,NO
EV-0800,FULL_TEXT_REVIEW,Sleep / fatigue / recovery,Verified — clear,FULL_TEXT_UNAVAILABLE,NOT_YET_LOCALIZED,REUSE_EXISTING_AUDIT_ONLY,NO
EV-0801,LOW_RELEVANCE,Tactical medicine / TCCC / TECC / APH,Verified — clear,NOT_IN_285_QUEUE,NOT_ASSESSED,REUSE_EXISTING_AUDIT_ONLY,NO
EV-0802,OUT_OF_SCOPE,General operational / occupational readiness,Verified — clear,NOT_IN_285_QUEUE,NOT_ASSESSED,REUSE_EXISTING_AUDIT_ONLY,NO
EV-0803,OUT_OF_SCOPE,General operational / occupational readiness,Verified — clear,NOT_IN_285_QUEUE,NOT_ASSESSED,REUSE_EXISTING_AUDIT_ONLY,NO
EV-0804,FULL_TEXT_REVIEW,Musculoskeletal injury,Verified — clear,FULL_TEXT_UNAVAILABLE,NOT_YET_LOCALIZED,REUSE_EXISTING_AUDIT_ONLY,NO
EV-0805,DISCUSSION_ONLY,General operational / occupational readiness,Verified — clear,NOT_IN_285_QUEUE,NOT_ASSESSED,REUSE_EXISTING_AUDIT_ONLY,NO
EV-0806,OUT_OF_SCOPE,General operational / occupational readiness,Verified — clear,NOT_IN_285_QUEUE,NOT_ASSESSED,REUSE_EXISTING_AUDIT_ONLY,NO
EV-0807,DISCUSSION_ONLY,General operational / occupational readiness,Verified — clear,NOT_IN_285_QUEUE,NOT_ASSESSED,REUSE_EXISTING_AUDIT_ONLY,NO
EV-0808,OUT_OF_SCOPE,General operational / occupational readiness,Verified — clear,NOT_IN_285_QUEUE,NOT_ASSESSED,REUSE_EXISTING_AUDIT_ONLY,NO
EV-0809,FULL_TEXT_REVIEW,Physical / academy readiness,Verified — clear,FULL_TEXT_UNAVAILABLE,NOT_YET_LOCALIZED,REUSE_EXISTING_AUDIT_ONLY,NO
EV-0810,LOW_RELEVANCE,Tactical medicine / TCCC / TECC / APH,Verified — clear,NOT_IN_285_QUEUE,NOT_ASSESSED,REUSE_EXISTING_AUDIT_ONLY,NO
EV-0811,DISCUSSION_ONLY,General operational / occupational readiness,Verified — clear,NOT_IN_285_QUEUE,NOT_ASSESSED,REUSE_EXISTING_AUDIT_ONLY,NO
EV-0812,LOW_RELEVANCE,Musculoskeletal injury,Verified — clear,NOT_IN_285_QUEUE,NOT_ASSESSED,REUSE_EXISTING_AUDIT_ONLY,NO
EV-0813,DISCUSSION_ONLY,Mental health / stress,Verified — clear,NOT_IN_285_QUEUE,NOT_ASSESSED,REUSE_EXISTING_AUDIT_ONLY,NO
EV-0814,DISCUSSION_ONLY,General operational / occupational readiness,Verified — clear,NOT_IN_285_QUEUE,NOT_ASSESSED,REUSE_EXISTING_AUDIT_ONLY,NO
EV-0815,DISCUSSION_ONLY,General operational / occupational readiness,Verified — clear,NOT_IN_285_QUEUE,NOT_ASSESSED,REUSE_EXISTING_AUDIT_ONLY,NO
EV-0816,OUT_OF_SCOPE,General operational / occupational readiness,Verified — clear,NOT_IN_285_QUEUE,NOT_ASSESSED,REUSE_EXISTING_AUDIT_ONLY,NO
EV-0817,LOW_RELEVANCE,Musculoskeletal injury,Verified — clear,NOT_IN_285_QUEUE,NOT_ASSESSED,REUSE_EXISTING_AUDIT_ONLY,NO
EV-0818,OUT_OF_SCOPE,General operational / occupational readiness,Verified — clear,NOT_IN_285_QUEUE,NOT_ASSESSED,REUSE_EXISTING_AUDIT_ONLY,NO
EV-0819,LOW_RELEVANCE,Tactical medicine / TCCC / TECC / APH,Verified — clear,NOT_IN_285_QUEUE,NOT_ASSESSED,REUSE_EXISTING_AUDIT_ONLY,NO
EV-0820,LOW_RELEVANCE,Monitoring / wearables,Verified — clear,NOT_IN_285_QUEUE,NOT_ASSESSED,REUSE_EXISTING_AUDIT_ONLY,NO
EV-0821,DISCUSSION_ONLY,General operational / occupational readiness,Verified — clear,NOT_IN_285_QUEUE,NOT_ASSESSED,REUSE_EXISTING_AUDIT_ONLY,NO
EV-0822,LOW_RELEVANCE,General operational / occupational readiness,Verified — clear,NOT_IN_285_QUEUE,NOT_ASSESSED,REUSE_EXISTING_AUDIT_ONLY,NO
EV-0823,FULL_TEXT_REVIEW,Physical / academy readiness,Verified — clear,LAWFUL_PMC_XML,NOT_YET_LOCALIZED,REUSE_EXISTING_AUDIT_ONLY,NO
EV-0824,LOW_RELEVANCE,Sleep / fatigue / recovery,Verified — clear,NOT_IN_285_QUEUE,NOT_ASSESSED,REUSE_EXISTING_AUDIT_ONLY,NO
EV-0825,DISCUSSION_ONLY,General operational / occupational readiness,Verified — clear,NOT_IN_285_QUEUE,NOT_ASSESSED,REUSE_EXISTING_AUDIT_ONLY,NO
EV-0826,DISCUSSION_ONLY,General operational / occupational readiness,Verified — clear,NOT_IN_285_QUEUE,NOT_ASSESSED,REUSE_EXISTING_AUDIT_ONLY,NO
EV-0827,DISCUSSION_ONLY,General operational / occupational readiness,Verified — clear,NOT_IN_285_QUEUE,NOT_ASSESSED,REUSE_EXISTING_AUDIT_ONLY,NO
EV-0828,DISCUSSION_ONLY,Physical / academy readiness,Verified — clear,NOT_IN_285_QUEUE,NOT_ASSESSED,REUSE_EXISTING_AUDIT_ONLY,NO
EV-0829,OUT_OF_SCOPE,General operational / occupational readiness,Verified — clear,NOT_IN_285_QUEUE,NOT_ASSESSED,REUSE_EXISTING_AUDIT_ONLY,NO
EV-0830,DISCUSSION_ONLY,General operational / occupational readiness,Verified — clear,NOT_IN_285_QUEUE,NOT_ASSESSED,REUSE_EXISTING_AUDIT_ONLY,NO
EV-0831,OUT_OF_SCOPE,General operational / occupational readiness,Verified — clear,NOT_IN_285_QUEUE,NOT_ASSESSED,REUSE_EXISTING_AUDIT_ONLY,NO
EV-0832,FULL_TEXT_REVIEW,Musculoskeletal injury,Pending,LAWFUL_PMC_XML,NOT_YET_LOCALIZED,REUSE_EXISTING_AUDIT_ONLY,NO
EV-0833,DISCUSSION_ONLY,General operational / occupational readiness,Verified — clear,NOT_IN_285_QUEUE,NOT_ASSESSED,REUSE_EXISTING_AUDIT_ONLY,NO
EV-0834,LOW_RELEVANCE,Tactical medicine / TCCC / TECC / APH,Verified — clear,NOT_IN_285_QUEUE,NOT_ASSESSED,REUSE_EXISTING_AUDIT_ONLY,NO
EV-0835,DISCUSSION_ONLY,General operational / occupational readiness,Verified — clear,NOT_IN_285_QUEUE,NOT_ASSESSED,REUSE_EXISTING_AUDIT_ONLY,NO
EV-0836,OUT_OF_SCOPE,General operational / occupational readiness,Verified — clear,NOT_IN_285_QUEUE,NOT_ASSESSED,REUSE_EXISTING_AUDIT_ONLY,NO
EV-0837,FULL_TEXT_REVIEW,Implementation science,Verified — clear,LAWFUL_PMC_XML,RESULT_LOCATED,REUSE_EXISTING_AUDIT_ONLY,NO
EV-0838,LOW_RELEVANCE,General operational / occupational readiness,Verified — clear,NOT_IN_285_QUEUE,NOT_ASSESSED,REUSE_EXISTING_AUDIT_ONLY,NO
EV-0839,OUT_OF_SCOPE,General operational / occupational readiness,Verified — clear,NOT_IN_285_QUEUE,NOT_ASSESSED,REUSE_EXISTING_AUDIT_ONLY,NO
EV-0840,DISCUSSION_ONLY,General operational / occupational readiness,Verified — clear,NOT_IN_285_QUEUE,NOT_ASSESSED,REUSE_EXISTING_AUDIT_ONLY,NO
EV-0841,DISCUSSION_ONLY,General operational / occupational readiness,Verified — clear,NOT_IN_285_QUEUE,NOT_ASSESSED,REUSE_EXISTING_AUDIT_ONLY,NO
EV-0842,OUT_OF_SCOPE,General operational / occupational readiness,Verified — clear,NOT_IN_285_QUEUE,NOT_ASSESSED,REUSE_EXISTING_AUDIT_ONLY,NO
EV-0843,OUT_OF_SCOPE,General operational / occupational readiness,Verified — clear,NOT_IN_285_QUEUE,NOT_ASSESSED,REUSE_EXISTING_AUDIT_ONLY,NO
EV-0844,DISCUSSION_ONLY,General operational / occupational readiness,Verified — clear,NOT_IN_285_QUEUE,NOT_ASSESSED,REUSE_EXISTING_AUDIT_ONLY,NO
EV-0845,DISCUSSION_ONLY,General operational / occupational readiness,Verified — clear,NOT_IN_285_QUEUE,NOT_ASSESSED,REUSE_EXISTING_AUDIT_ONLY,NO
EV-0846,FULL_TEXT_REVIEW,Hydration / heat / thermoregulation,Verified — clear,LAWFUL_PMC_XML,NOT_YET_LOCALIZED,REUSE_EXISTING_AUDIT_ONLY,NO
EV-0847,OUT_OF_SCOPE,General operational / occupational readiness,Verified — clear,NOT_IN_285_QUEUE,NOT_ASSESSED,REUSE_EXISTING_AUDIT_ONLY,NO
EV-0848,LOW_RELEVANCE,Physical / academy readiness,Verified — clear,NOT_IN_285_QUEUE,NOT_ASSESSED,REUSE_EXISTING_AUDIT_ONLY,NO
EV-0849,OUT_OF_SCOPE,General operational / occupational readiness,Verified — clear,NOT_IN_285_QUEUE,NOT_ASSESSED,REUSE_EXISTING_AUDIT_ONLY,NO
EV-0850,LOW_RELEVANCE,Musculoskeletal injury,Verified — clear,NOT_IN_285_QUEUE,NOT_ASSESSED,REUSE_EXISTING_AUDIT_ONLY,NO
EV-0851,OUT_OF_SCOPE,General operational / occupational readiness,Verified — clear,NOT_IN_285_QUEUE,NOT_ASSESSED,REUSE_EXISTING_AUDIT_ONLY,NO
EV-0852,DISCUSSION_ONLY,General operational / occupational readiness,Verified — clear,NOT_IN_285_QUEUE,NOT_ASSESSED,REUSE_EXISTING_AUDIT_ONLY,NO
EV-0853,OUT_OF_SCOPE,General operational / occupational readiness,Verified — clear,NOT_IN_285_QUEUE,NOT_ASSESSED,REUSE_EXISTING_AUDIT_ONLY,NO
EV-0854,OUT_OF_SCOPE,General operational / occupational readiness,Verified — clear,NOT_IN_285_QUEUE,NOT_ASSESSED,REUSE_EXISTING_AUDIT_ONLY,NO
EV-0855,DISCUSSION_ONLY,General operational / occupational readiness,Verified — clear,NOT_IN_285_QUEUE,NOT_ASSESSED,REUSE_EXISTING_AUDIT_ONLY,NO
EV-0856,LOW_RELEVANCE,Tactical medicine / TCCC / TECC / APH,Verified — clear,NOT_IN_285_QUEUE,NOT_ASSESSED,REUSE_EXISTING_AUDIT_ONLY,NO
EV-0857,FULL_TEXT_REVIEW,Physical / academy readiness,Verified — clear,LAWFUL_PMC_XML,NOT_YET_LOCALIZED,REUSE_EXISTING_AUDIT_ONLY,NO
EV-0858,DISCUSSION_ONLY,Medical / cardiovascular readiness,Verified — clear,NOT_IN_285_QUEUE,NOT_ASSESSED,REUSE_EXISTING_AUDIT_ONLY,NO
EV-0859,LOW_RELEVANCE,Monitoring / wearables,Verified — clear,NOT_IN_285_QUEUE,NOT_ASSESSED,REUSE_EXISTING_AUDIT_ONLY,NO
EV-0860,LOW_RELEVANCE,Medical / cardiovascular readiness,Pending,NOT_IN_285_QUEUE,NOT_ASSESSED,REUSE_EXISTING_AUDIT_ONLY,NO
EV-0861,CONTEXT_ONLY,Musculoskeletal injury,Verified — clear,NOT_IN_285_QUEUE,NOT_ASSESSED,REUSE_EXISTING_AUDIT_ONLY,NO
EV-0862,LOW_RELEVANCE,Mental health / stress,Verified — clear,NOT_IN_285_QUEUE,NOT_ASSESSED,REUSE_EXISTING_AUDIT_ONLY,NO
EV-0863,DISCUSSION_ONLY,General operational / occupational readiness,Verified — clear,NOT_IN_285_QUEUE,NOT_ASSESSED,REUSE_EXISTING_AUDIT_ONLY,NO
EV-0864,OUT_OF_SCOPE,General operational / occupational readiness,Verified — clear,NOT_IN_285_QUEUE,NOT_ASSESSED,REUSE_EXISTING_AUDIT_ONLY,NO
EV-0865,LOW_RELEVANCE,Physical / academy readiness,Verified — clear,NOT_IN_285_QUEUE,NOT_ASSESSED,REUSE_EXISTING_AUDIT_ONLY,NO
EV-0866,DISCUSSION_ONLY,General operational / occupational readiness,Verified — clear,NOT_IN_285_QUEUE,NOT_ASSESSED,REUSE_EXISTING_AUDIT_ONLY,NO
EV-0867,DISCUSSION_ONLY,General operational / occupational readiness,Verified — clear,NOT_IN_285_QUEUE,NOT_ASSESSED,REUSE_EXISTING_AUDIT_ONLY,NO
EV-0868,OUT_OF_SCOPE,General operational / occupational readiness,Verified — clear,NOT_IN_285_QUEUE,NOT_ASSESSED,REUSE_EXISTING_AUDIT_ONLY,NO
EV-0869,DISCUSSION_ONLY,Implementation science,Verified — clear,NOT_IN_285_QUEUE,NOT_ASSESSED,REUSE_EXISTING_AUDIT_ONLY,NO
EV-0870,LOW_RELEVANCE,Tactical medicine / TCCC / TECC / APH,Verified — clear,NOT_IN_285_QUEUE,NOT_ASSESSED,REUSE_EXISTING_AUDIT_ONLY,NO
EV-0871,OUT_OF_SCOPE,General operational / occupational readiness,Verified — clear,NOT_IN_285_QUEUE,NOT_ASSESSED,REUSE_EXISTING_AUDIT_ONLY,NO
EV-0872,DISCUSSION_ONLY,General operational / occupational readiness,Verified — clear,NOT_IN_285_QUEUE,NOT_ASSESSED,REUSE_EXISTING_AUDIT_ONLY,NO
EV-0873,OUT_OF_SCOPE,General operational / occupational readiness,Verified — clear,NOT_IN_285_QUEUE,NOT_ASSESSED,REUSE_EXISTING_AUDIT_ONLY,NO
EV-0874,FULL_TEXT_REVIEW,Nutrition / shift work,Verified — clear,LAWFUL_PMC_XML,NOT_YET_LOCALIZED,REUSE_EXISTING_AUDIT_ONLY,NO
EV-0875,LOW_RELEVANCE,Tactical medicine / TCCC / TECC / APH,Verified — clear,NOT_IN_285_QUEUE,NOT_ASSESSED,REUSE_EXISTING_AUDIT_ONLY,NO
EV-0876,LOW_RELEVANCE,Tactical medicine / TCCC / TECC / APH,Verified — clear,NOT_IN_285_QUEUE,NOT_ASSESSED,REUSE_EXISTING_AUDIT_ONLY,NO
EV-0877,LOW_RELEVANCE,General operational / occupational readiness,Verified — clear,NOT_IN_285_QUEUE,NOT_ASSESSED,REUSE_EXISTING_AUDIT_ONLY,NO
EV-0878,FULL_TEXT_REVIEW,Sleep / fatigue / recovery,Verified — clear,LAWFUL_PMC_XML,NOT_YET_LOCALIZED,REUSE_EXISTING_AUDIT_ONLY,NO
EV-0879,LOW_RELEVANCE,Musculoskeletal injury,Verified — clear,NOT_IN_285_QUEUE,NOT_ASSESSED,REUSE_EXISTING_AUDIT_ONLY,NO
EV-0880,LOW_RELEVANCE,General operational / occupational readiness,Verified — clear,NOT_IN_285_QUEUE,NOT_ASSESSED,REUSE_EXISTING_AUDIT_ONLY,NO
EV-0881,DISCUSSION_ONLY,General operational / occupational readiness,Verified — clear,NOT_IN_285_QUEUE,NOT_ASSESSED,REUSE_EXISTING_AUDIT_ONLY,NO
EV-0882,OUT_OF_SCOPE,General operational / occupational readiness,Verified — clear,NOT_IN_285_QUEUE,NOT_ASSESSED,REUSE_EXISTING_AUDIT_ONLY,NO
EV-0883,OUT_OF_SCOPE,General operational / occupational readiness,Verified — clear,NOT_IN_285_QUEUE,NOT_ASSESSED,REUSE_EXISTING_AUDIT_ONLY,NO
EV-0884,OUT_OF_SCOPE,General operational / occupational readiness,Verified — clear,NOT_IN_285_QUEUE,NOT_ASSESSED,REUSE_EXISTING_AUDIT_ONLY,NO
EV-0885,DISCUSSION_ONLY,General operational / occupational readiness,Verified — clear,NOT_IN_285_QUEUE,NOT_ASSESSED,REUSE_EXISTING_AUDIT_ONLY,NO
EV-0886,FULL_TEXT_REVIEW,Tactical medicine / TCCC / TECC / APH,Verified — clear,FULL_TEXT_UNAVAILABLE,NOT_YET_LOCALIZED,REUSE_EXISTING_AUDIT_ONLY,NO
EV-0887,OUT_OF_SCOPE,General operational / occupational readiness,Verified — clear,NOT_IN_285_QUEUE,NOT_ASSESSED,REUSE_EXISTING_AUDIT_ONLY,NO
EV-0888,DISCUSSION_ONLY,General operational / occupational readiness,Verified — clear,NOT_IN_285_QUEUE,NOT_ASSESSED,REUSE_EXISTING_AUDIT_ONLY,NO
EV-0889,OUT_OF_SCOPE,General operational / occupational readiness,Verified — clear,NOT_IN_285_QUEUE,NOT_ASSESSED,REUSE_EXISTING_AUDIT_ONLY,NO
EV-0890,DISCUSSION_ONLY,General operational / occupational readiness,Verified — clear,NOT_IN_285_QUEUE,NOT_ASSESSED,REUSE_EXISTING_AUDIT_ONLY,NO
EV-0891,OUT_OF_SCOPE,General operational / occupational readiness,Verified — clear,NOT_IN_285_QUEUE,NOT_ASSESSED,REUSE_EXISTING_AUDIT_ONLY,NO
EV-0892,DISCUSSION_ONLY,General operational / occupational readiness,Verified — clear,NOT_IN_285_QUEUE,NOT_ASSESSED,REUSE_EXISTING_AUDIT_ONLY,NO
EV-0893,REPLACE_EXISTING_CANDIDATE,Cognition / firearm performance,Verified — clear,FULL_TEXT_UNAVAILABLE,NOT_YET_LOCALIZED,REUSE_EXISTING_AUDIT_ONLY,NO
EV-0894,OUT_OF_SCOPE,General operational / occupational readiness,Verified — clear,NOT_IN_285_QUEUE,NOT_ASSESSED,REUSE_EXISTING_AUDIT_ONLY,NO
EV-0895,OUT_OF_SCOPE,General operational / occupational readiness,Verified — clear,NOT_IN_285_QUEUE,NOT_ASSESSED,REUSE_EXISTING_AUDIT_ONLY,NO
EV-0896,LOW_RELEVANCE,Tactical medicine / TCCC / TECC / APH,Verified — clear,NOT_IN_285_QUEUE,NOT_ASSESSED,REUSE_EXISTING_AUDIT_ONLY,NO
EV-0897,OUT_OF_SCOPE,General operational / occupational readiness,Verified — clear,NOT_IN_285_QUEUE,NOT_ASSESSED,REUSE_EXISTING_AUDIT_ONLY,NO
EV-0898,OUT_OF_SCOPE,General operational / occupational readiness,Verified — clear,NOT_IN_285_QUEUE,NOT_ASSESSED,REUSE_EXISTING_AUDIT_ONLY,NO
EV-0899,FULL_TEXT_REVIEW,Musculoskeletal injury,Verified — clear,LAWFUL_PMC_XML,NOT_YET_LOCALIZED,REUSE_EXISTING_AUDIT_ONLY,NO
EV-0900,FULL_TEXT_REVIEW,Mental health / stress,Verified — clear,FULL_TEXT_UNAVAILABLE,NOT_YET_LOCALIZED,REUSE_EXISTING_AUDIT_ONLY,NO
EV-0901,LOW_RELEVANCE,Tactical medicine / TCCC / TECC / APH,Verified — clear,NOT_IN_285_QUEUE,NOT_ASSESSED,REUSE_EXISTING_AUDIT_ONLY,NO
EV-0902,LOW_RELEVANCE,Tactical medicine / TCCC / TECC / APH,Verified — clear,NOT_IN_285_QUEUE,NOT_ASSESSED,REUSE_EXISTING_AUDIT_ONLY,NO
EV-0903,OUT_OF_SCOPE,General operational / occupational readiness,Verified — clear,NOT_IN_285_QUEUE,NOT_ASSESSED,REUSE_EXISTING_AUDIT_ONLY,NO
EV-0904,FULL_TEXT_REVIEW,Tactical medicine / TCCC / TECC / APH,Verified — clear,FULL_TEXT_UNAVAILABLE,NOT_YET_LOCALIZED,REUSE_EXISTING_AUDIT_ONLY,NO
EV-0905,DISCUSSION_ONLY,General operational / occupational readiness,Verified — clear,NOT_IN_285_QUEUE,NOT_ASSESSED,REUSE_EXISTING_AUDIT_ONLY,NO
EV-0906,FULL_TEXT_REVIEW,Mental health / stress,Verified — clear,FULL_TEXT_UNAVAILABLE,NOT_YET_LOCALIZED,REUSE_EXISTING_AUDIT_ONLY,NO
EV-0907,DISCUSSION_ONLY,General operational / occupational readiness,Verified — clear,NOT_IN_285_QUEUE,NOT_ASSESSED,REUSE_EXISTING_AUDIT_ONLY,NO
EV-0908,DISCUSSION_ONLY,General operational / occupational readiness,Verified — clear,NOT_IN_285_QUEUE,NOT_ASSESSED,REUSE_EXISTING_AUDIT_ONLY,NO
EV-0909,DISCUSSION_ONLY,General operational / occupational readiness,Verified — clear,NOT_IN_285_QUEUE,NOT_ASSESSED,REUSE_EXISTING_AUDIT_ONLY,NO
EV-0910,OUT_OF_SCOPE,General operational / occupational readiness,Verified — clear,NOT_IN_285_QUEUE,NOT_ASSESSED,REUSE_EXISTING_AUDIT_ONLY,NO
EV-0911,OUT_OF_SCOPE,General operational / occupational readiness,Verified — clear,NOT_IN_285_QUEUE,NOT_ASSESSED,REUSE_EXISTING_AUDIT_ONLY,NO
EV-0912,LOW_RELEVANCE,Tactical medicine / TCCC / TECC / APH,Verified — clear,NOT_IN_285_QUEUE,NOT_ASSESSED,REUSE_EXISTING_AUDIT_ONLY,NO
EV-0913,DISCUSSION_ONLY,General operational / occupational readiness,Verified — clear,NOT_IN_285_QUEUE,NOT_ASSESSED,REUSE_EXISTING_AUDIT_ONLY,NO
EV-0914,LOW_RELEVANCE,Tactical medicine / TCCC / TECC / APH,Verified — clear,NOT_IN_285_QUEUE,NOT_ASSESSED,REUSE_EXISTING_AUDIT_ONLY,NO
EV-0915,LOW_RELEVANCE,Tactical medicine / TCCC / TECC / APH,Verified — clear,NOT_IN_285_QUEUE,NOT_ASSESSED,REUSE_EXISTING_AUDIT_ONLY,NO
EV-0916,DISCUSSION_ONLY,General operational / occupational readiness,Verified — clear,NOT_IN_285_QUEUE,NOT_ASSESSED,REUSE_EXISTING_AUDIT_ONLY,NO
EV-0917,LOW_RELEVANCE,Cognition / firearm performance,Verified — clear,NOT_IN_285_QUEUE,NOT_ASSESSED,REUSE_EXISTING_AUDIT_ONLY,NO
EV-0918,DISCUSSION_ONLY,General operational / occupational readiness,Verified — clear,NOT_IN_285_QUEUE,NOT_ASSESSED,REUSE_EXISTING_AUDIT_ONLY,NO
EV-0919,FULL_TEXT_REVIEW,Sleep / fatigue / recovery,Verified — clear,FULL_TEXT_UNAVAILABLE,NOT_YET_LOCALIZED,REUSE_EXISTING_AUDIT_ONLY,NO
EV-0920,OUT_OF_SCOPE,General operational / occupational readiness,Verified — clear,NOT_IN_285_QUEUE,NOT_ASSESSED,REUSE_EXISTING_AUDIT_ONLY,NO
EV-0921,OUT_OF_SCOPE,Tactical medicine / TCCC / TECC / APH,Verified — clear,NOT_IN_285_QUEUE,NOT_ASSESSED,REUSE_EXISTING_AUDIT_ONLY,NO
EV-0922,OUT_OF_SCOPE,General operational / occupational readiness,Verified — clear,NOT_IN_285_QUEUE,NOT_ASSESSED,REUSE_EXISTING_AUDIT_ONLY,NO
EV-0923,OUT_OF_SCOPE,General operational / occupational readiness,Verified — clear,NOT_IN_285_QUEUE,NOT_ASSESSED,REUSE_EXISTING_AUDIT_ONLY,NO
EV-0924,DISCUSSION_ONLY,General operational / occupational readiness,Verified — clear,NOT_IN_285_QUEUE,NOT_ASSESSED,REUSE_EXISTING_AUDIT_ONLY,NO
EV-0925,OUT_OF_SCOPE,General operational / occupational readiness,Verified — clear,NOT_IN_285_QUEUE,NOT_ASSESSED,REUSE_EXISTING_AUDIT_ONLY,NO
EV-0926,LOW_RELEVANCE,Tactical medicine / TCCC / TECC / APH,Verified — clear,NOT_IN_285_QUEUE,NOT_ASSESSED,REUSE_EXISTING_AUDIT_ONLY,NO
EV-0927,DISCUSSION_ONLY,General operational / occupational readiness,Verified — clear,NOT_IN_285_QUEUE,NOT_ASSESSED,REUSE_EXISTING_AUDIT_ONLY,NO
EV-0928,LOW_RELEVANCE,Musculoskeletal injury,Verified — clear,NOT_IN_285_QUEUE,NOT_ASSESSED,REUSE_EXISTING_AUDIT_ONLY,NO
EV-0929,DISCUSSION_ONLY,General operational / occupational readiness,Verified — clear,NOT_IN_285_QUEUE,NOT_ASSESSED,REUSE_EXISTING_AUDIT_ONLY,NO
EV-0930,FULL_TEXT_REVIEW,Nutrition / shift work,Verified — clear,FULL_TEXT_UNAVAILABLE,NOT_YET_LOCALIZED,REUSE_EXISTING_AUDIT_ONLY,NO
EV-0931,OUT_OF_SCOPE,General operational / occupational readiness,Verified — clear,NOT_IN_285_QUEUE,NOT_ASSESSED,REUSE_EXISTING_AUDIT_ONLY,NO
EV-0932,DISCUSSION_ONLY,General operational / occupational readiness,Verified — clear,NOT_IN_285_QUEUE,NOT_ASSESSED,REUSE_EXISTING_AUDIT_ONLY,NO
EV-0933,LOW_RELEVANCE,Tactical medicine / TCCC / TECC / APH,Verified — clear,NOT_IN_285_QUEUE,NOT_ASSESSED,REUSE_EXISTING_AUDIT_ONLY,NO
EV-0934,OUT_OF_SCOPE,General operational / occupational readiness,Verified — clear,NOT_IN_285_QUEUE,NOT_ASSESSED,REUSE_EXISTING_AUDIT_ONLY,NO
EV-0935,OUT_OF_SCOPE,General operational / occupational readiness,Verified — clear,NOT_IN_285_QUEUE,NOT_ASSESSED,REUSE_EXISTING_AUDIT_ONLY,NO
EV-0936,FULL_TEXT_REVIEW,Mental health / stress,Verified — clear,LAWFUL_PMC_XML,RESULT_LOCATED,REUSE_EXISTING_AUDIT_ONLY,NO
EV-0937,OUT_OF_SCOPE,General operational / occupational readiness,Verified — clear,NOT_IN_285_QUEUE,NOT_ASSESSED,REUSE_EXISTING_AUDIT_ONLY,NO
EV-0938,LOW_RELEVANCE,Tactical medicine / TCCC / TECC / APH,Verified — clear,NOT_IN_285_QUEUE,NOT_ASSESSED,REUSE_EXISTING_AUDIT_ONLY,NO
EV-0939,FULL_TEXT_REVIEW,Musculoskeletal injury,Verified — clear,LAWFUL_PMC_XML,RESULT_LOCATED,REUSE_EXISTING_AUDIT_ONLY,NO
EV-0940,DISCUSSION_ONLY,General operational / occupational readiness,Verified — clear,NOT_IN_285_QUEUE,NOT_ASSESSED,REUSE_EXISTING_AUDIT_ONLY,NO
EV-0941,OUT_OF_SCOPE,General operational / occupational readiness,Verified — clear,NOT_IN_285_QUEUE,NOT_ASSESSED,REUSE_EXISTING_AUDIT_ONLY,NO
EV-0942,OUT_OF_SCOPE,General operational / occupational readiness,Verified — clear,NOT_IN_285_QUEUE,NOT_ASSESSED,REUSE_EXISTING_AUDIT_ONLY,NO
EV-0943,DISCUSSION_ONLY,General operational / occupational readiness,Verified — clear,NOT_IN_285_QUEUE,NOT_ASSESSED,REUSE_EXISTING_AUDIT_ONLY,NO
EV-0944,FULL_TEXT_REVIEW,Musculoskeletal injury,Verified — clear,FULL_TEXT_UNAVAILABLE,NOT_YET_LOCALIZED,REUSE_EXISTING_AUDIT_ONLY,NO
EV-0945,DISCUSSION_ONLY,General operational / occupational readiness,Verified — clear,NOT_IN_285_QUEUE,NOT_ASSESSED,REUSE_EXISTING_AUDIT_ONLY,NO
EV-0946,LOW_RELEVANCE,Tactical medicine / TCCC / TECC / APH,Verified — clear,NOT_IN_285_QUEUE,NOT_ASSESSED,REUSE_EXISTING_AUDIT_ONLY,NO
EV-0947,OUT_OF_SCOPE,General operational / occupational readiness,Verified — clear,NOT_IN_285_QUEUE,NOT_ASSESSED,REUSE_EXISTING_AUDIT_ONLY,NO
EV-0948,DISCUSSION_ONLY,General operational / occupational readiness,Verified — clear,NOT_IN_285_QUEUE,NOT_ASSESSED,REUSE_EXISTING_AUDIT_ONLY,NO
EV-0949,OUT_OF_SCOPE,General operational / occupational readiness,Verified — clear,NOT_IN_285_QUEUE,NOT_ASSESSED,REUSE_EXISTING_AUDIT_ONLY,NO
EV-0950,DISCUSSION_ONLY,General operational / occupational readiness,Verified — clear,NOT_IN_285_QUEUE,NOT_ASSESSED,REUSE_EXISTING_AUDIT_ONLY,NO
EV-0951,FULL_TEXT_REVIEW,Sleep / fatigue / recovery,Verified — clear,FULL_TEXT_UNAVAILABLE,NOT_YET_LOCALIZED,REUSE_EXISTING_AUDIT_ONLY,NO
EV-0952,OUT_OF_SCOPE,General operational / occupational readiness,Verified — clear,NOT_IN_285_QUEUE,NOT_ASSESSED,REUSE_EXISTING_AUDIT_ONLY,NO
EV-0953,LOW_RELEVANCE,Physical / academy readiness,Verified — clear,NOT_IN_285_QUEUE,NOT_ASSESSED,REUSE_EXISTING_AUDIT_ONLY,NO
EV-0954,FULL_TEXT_REVIEW,Tactical medicine / TCCC / TECC / APH,Verified — clear,FULL_TEXT_UNAVAILABLE,NOT_YET_LOCALIZED,REUSE_EXISTING_AUDIT_ONLY,NO
EV-0955,OUT_OF_SCOPE,General operational / occupational readiness,Verified — clear,NOT_IN_285_QUEUE,NOT_ASSESSED,REUSE_EXISTING_AUDIT_ONLY,NO
EV-0956,OUT_OF_SCOPE,General operational / occupational readiness,Verified — clear,NOT_IN_285_QUEUE,NOT_ASSESSED,REUSE_EXISTING_AUDIT_ONLY,NO
EV-0957,OUT_OF_SCOPE,General operational / occupational readiness,Verified — clear,NOT_IN_285_QUEUE,NOT_ASSESSED,REUSE_EXISTING_AUDIT_ONLY,NO
EV-0958,OUT_OF_SCOPE,General operational / occupational readiness,Verified — clear,NOT_IN_285_QUEUE,NOT_ASSESSED,REUSE_EXISTING_AUDIT_ONLY,NO
EV-0959,REPLACE_EXISTING_CANDIDATE,Cognition / firearm performance,Verified — clear,FULL_TEXT_UNAVAILABLE,NOT_YET_LOCALIZED,REUSE_EXISTING_AUDIT_ONLY,NO
EV-0960,FULL_TEXT_REVIEW,Physical / academy readiness,Verified — clear,LAWFUL_PMC_XML,RESULT_LOCATED,REUSE_EXISTING_AUDIT_ONLY,NO
EV-0961,OUT_OF_SCOPE,General operational / occupational readiness,Verified — clear,NOT_IN_285_QUEUE,NOT_ASSESSED,REUSE_EXISTING_AUDIT_ONLY,NO
EV-0962,DISCUSSION_ONLY,General operational / occupational readiness,Verified — clear,NOT_IN_285_QUEUE,NOT_ASSESSED,REUSE_EXISTING_AUDIT_ONLY,NO
EV-0963,DISCUSSION_ONLY,General operational / occupational readiness,Verified — clear,NOT_IN_285_QUEUE,NOT_ASSESSED,REUSE_EXISTING_AUDIT_ONLY,NO
EV-0964,DISCUSSION_ONLY,General operational / occupational readiness,Verified — clear,NOT_IN_285_QUEUE,NOT_ASSESSED,REUSE_EXISTING_AUDIT_ONLY,NO
EV-0965,OUT_OF_SCOPE,Tactical medicine / TCCC / TECC / APH,Verified — clear,NOT_IN_285_QUEUE,NOT_ASSESSED,REUSE_EXISTING_AUDIT_ONLY,NO
EV-0966,CONTEXT_ONLY,General operational / occupational readiness,Verified — clear,NOT_IN_285_QUEUE,NOT_ASSESSED,REUSE_EXISTING_AUDIT_ONLY,NO
EV-0967,LOW_RELEVANCE,Tactical medicine / TCCC / TECC / APH,Verified — clear,NOT_IN_285_QUEUE,NOT_ASSESSED,REUSE_EXISTING_AUDIT_ONLY,NO
EV-0968,DISCUSSION_ONLY,General operational / occupational readiness,Verified — clear,NOT_IN_285_QUEUE,NOT_ASSESSED,REUSE_EXISTING_AUDIT_ONLY,NO
EV-0969,LOW_RELEVANCE,Tactical medicine / TCCC / TECC / APH,Verified — clear,NOT_IN_285_QUEUE,NOT_ASSESSED,REUSE_EXISTING_AUDIT_ONLY,NO
EV-0970,LOW_RELEVANCE,Medical / cardiovascular readiness,Verified — clear,NOT_IN_285_QUEUE,NOT_ASSESSED,REUSE_EXISTING_AUDIT_ONLY,NO
EV-0971,FULL_TEXT_REVIEW,Tactical medicine / TCCC / TECC / APH,Verified — clear,FULL_TEXT_UNAVAILABLE,NOT_YET_LOCALIZED,REUSE_EXISTING_AUDIT_ONLY,NO
EV-0972,DISCUSSION_ONLY,General operational / occupational readiness,Verified — clear,NOT_IN_285_QUEUE,NOT_ASSESSED,REUSE_EXISTING_AUDIT_ONLY,NO
EV-0973,DISCUSSION_ONLY,General operational / occupational readiness,Verified — clear,NOT_IN_285_QUEUE,NOT_ASSESSED,REUSE_EXISTING_AUDIT_ONLY,NO
EV-0974,DISCUSSION_ONLY,General operational / occupational readiness,Verified — clear,NOT_IN_285_QUEUE,NOT_ASSESSED,REUSE_EXISTING_AUDIT_ONLY,NO
EV-0975,OUT_OF_SCOPE,General operational / occupational readiness,Verified — clear,NOT_IN_285_QUEUE,NOT_ASSESSED,REUSE_EXISTING_AUDIT_ONLY,NO
EV-0976,OUT_OF_SCOPE,Tactical medicine / TCCC / TECC / APH,Verified — clear,NOT_IN_285_QUEUE,NOT_ASSESSED,REUSE_EXISTING_AUDIT_ONLY,NO
EV-0977,LOW_RELEVANCE,Tactical medicine / TCCC / TECC / APH,Verified — clear,NOT_IN_285_QUEUE,NOT_ASSESSED,REUSE_EXISTING_AUDIT_ONLY,NO
EV-0978,LOW_RELEVANCE,Load carriage / equipment burden,Verified — clear,NOT_IN_285_QUEUE,NOT_ASSESSED,REUSE_EXISTING_AUDIT_ONLY,NO
EV-0979,DISCUSSION_ONLY,General operational / occupational readiness,Verified — clear,NOT_IN_285_QUEUE,NOT_ASSESSED,REUSE_EXISTING_AUDIT_ONLY,NO
EV-0980,FULL_TEXT_REVIEW,Nutrition / shift work,Verified — clear,FULL_TEXT_UNAVAILABLE,NOT_YET_LOCALIZED,REUSE_EXISTING_AUDIT_ONLY,NO
EV-0981,DISCUSSION_ONLY,General operational / occupational readiness,Verified — clear,NOT_IN_285_QUEUE,NOT_ASSESSED,REUSE_EXISTING_AUDIT_ONLY,NO
EV-0982,LOW_RELEVANCE,Tactical medicine / TCCC / TECC / APH,Verified — clear,NOT_IN_285_QUEUE,NOT_ASSESSED,REUSE_EXISTING_AUDIT_ONLY,NO
EV-0983,FULL_TEXT_REVIEW,Physical / academy readiness,Verified — clear,FULL_TEXT_UNAVAILABLE,NOT_YET_LOCALIZED,REUSE_EXISTING_AUDIT_ONLY,NO
EV-0984,DISCUSSION_ONLY,General operational / occupational readiness,Verified — clear,NOT_IN_285_QUEUE,NOT_ASSESSED,REUSE_EXISTING_AUDIT_ONLY,NO
EV-0985,LOW_RELEVANCE,Musculoskeletal injury,Verified — clear,NOT_IN_285_QUEUE,NOT_ASSESSED,REUSE_EXISTING_AUDIT_ONLY,NO
EV-0986,DISCUSSION_ONLY,General operational / occupational readiness,Verified — clear,NOT_IN_285_QUEUE,NOT_ASSESSED,REUSE_EXISTING_AUDIT_ONLY,NO
EV-0987,FULL_TEXT_REVIEW,Physical / academy readiness,Verified — clear,FULL_TEXT_UNAVAILABLE,NOT_YET_LOCALIZED,REUSE_EXISTING_AUDIT_ONLY,NO
EV-0988,OUT_OF_SCOPE,General operational / occupational readiness,Verified — clear,NOT_IN_285_QUEUE,NOT_ASSESSED,REUSE_EXISTING_AUDIT_ONLY,NO
EV-0989,DISCUSSION_ONLY,General operational / occupational readiness,Verified — clear,NOT_IN_285_QUEUE,NOT_ASSESSED,REUSE_EXISTING_AUDIT_ONLY,NO
EV-0990,OUT_OF_SCOPE,General operational / occupational readiness,Verified — clear,NOT_IN_285_QUEUE,NOT_ASSESSED,REUSE_EXISTING_AUDIT_ONLY,NO
EV-0991,FULL_TEXT_REVIEW,Musculoskeletal injury,Verified — clear,FULL_TEXT_UNAVAILABLE,NOT_YET_LOCALIZED,REUSE_EXISTING_AUDIT_ONLY,NO
EV-0992,LOW_RELEVANCE,General operational / occupational readiness,Verified — clear,NOT_IN_285_QUEUE,NOT_ASSESSED,REUSE_EXISTING_AUDIT_ONLY,NO
EV-0993,LOW_RELEVANCE,Tactical medicine / TCCC / TECC / APH,Verified — clear,NOT_IN_285_QUEUE,NOT_ASSESSED,REUSE_EXISTING_AUDIT_ONLY,NO
EV-0994,LOW_RELEVANCE,Load carriage / equipment burden,Verified — clear,NOT_IN_285_QUEUE,NOT_ASSESSED,REUSE_EXISTING_AUDIT_ONLY,NO
EV-0995,OUT_OF_SCOPE,General operational / occupational readiness,Verified — clear,NOT_IN_285_QUEUE,NOT_ASSESSED,REUSE_EXISTING_AUDIT_ONLY,NO
EV-0996,DISCUSSION_ONLY,Tactical medicine / TCCC / TECC / APH,Verified — clear,NOT_IN_285_QUEUE,NOT_ASSESSED,REUSE_EXISTING_AUDIT_ONLY,NO
EV-0997,OUT_OF_SCOPE,General operational / occupational readiness,Verified — clear,NOT_IN_285_QUEUE,NOT_ASSESSED,REUSE_EXISTING_AUDIT_ONLY,NO
EV-0998,FULL_TEXT_REVIEW,Physical / academy readiness,Verified — clear,FULL_TEXT_UNAVAILABLE,NOT_YET_LOCALIZED,REUSE_EXISTING_AUDIT_ONLY,NO
EV-0999,OUT_OF_SCOPE,General operational / occupational readiness,Verified — clear,NOT_IN_285_QUEUE,NOT_ASSESSED,REUSE_EXISTING_AUDIT_ONLY,NO
EV-1000,OUT_OF_SCOPE,General operational / occupational readiness,Verified — clear,NOT_IN_285_QUEUE,NOT_ASSESSED,REUSE_EXISTING_AUDIT_ONLY,NO
EV-1001,DISCUSSION_ONLY,Musculoskeletal injury,Pending,NOT_IN_285_QUEUE,NOT_ASSESSED,REUSE_EXISTING_AUDIT_ONLY,NO
EV-1002,OUT_OF_SCOPE,General operational / occupational readiness,Verified — clear,NOT_IN_285_QUEUE,NOT_ASSESSED,REUSE_EXISTING_AUDIT_ONLY,NO
EV-1003,DISCUSSION_ONLY,General operational / occupational readiness,Verified — clear,NOT_IN_285_QUEUE,NOT_ASSESSED,REUSE_EXISTING_AUDIT_ONLY,NO
EV-1004,LOW_RELEVANCE,Tactical medicine / TCCC / TECC / APH,Verified — clear,NOT_IN_285_QUEUE,NOT_ASSESSED,REUSE_EXISTING_AUDIT_ONLY,NO
EV-1005,LOW_RELEVANCE,Tactical medicine / TCCC / TECC / APH,Verified — clear,NOT_IN_285_QUEUE,NOT_ASSESSED,REUSE_EXISTING_AUDIT_ONLY,NO
EV-1006,DISCUSSION_ONLY,Tactical medicine / TCCC / TECC / APH,Verified — clear,NOT_IN_285_QUEUE,NOT_ASSESSED,REUSE_EXISTING_AUDIT_ONLY,NO
EV-1007,OUT_OF_SCOPE,General operational / occupational readiness,Verified — clear,NOT_IN_285_QUEUE,NOT_ASSESSED,REUSE_EXISTING_AUDIT_ONLY,NO
EV-1008,LOW_RELEVANCE,Medical / cardiovascular readiness,Verified — clear,NOT_IN_285_QUEUE,NOT_ASSESSED,REUSE_EXISTING_AUDIT_ONLY,NO
EV-1009,FULL_TEXT_REVIEW,Tactical medicine / TCCC / TECC / APH,Verified — clear,FULL_TEXT_UNAVAILABLE,NOT_YET_LOCALIZED,REUSE_EXISTING_AUDIT_ONLY,NO
EV-1010,FULL_TEXT_REVIEW,Hydration / heat / thermoregulation,Verified — clear,FULL_TEXT_UNAVAILABLE,NOT_YET_LOCALIZED,REUSE_EXISTING_AUDIT_ONLY,NO
EV-1011,OUT_OF_SCOPE,General operational / occupational readiness,Verified — clear,NOT_IN_285_QUEUE,NOT_ASSESSED,REUSE_EXISTING_AUDIT_ONLY,NO
EV-1012,DISCUSSION_ONLY,General operational / occupational readiness,Verified — clear,NOT_IN_285_QUEUE,NOT_ASSESSED,REUSE_EXISTING_AUDIT_ONLY,NO
EV-1013,OUT_OF_SCOPE,General operational / occupational readiness,Verified — clear,NOT_IN_285_QUEUE,NOT_ASSESSED,REUSE_EXISTING_AUDIT_ONLY,NO
EV-1014,FULL_TEXT_REVIEW,Sleep / fatigue / recovery,Verified — clear,FULL_TEXT_UNAVAILABLE,NOT_YET_LOCALIZED,REUSE_EXISTING_AUDIT_ONLY,NO
EV-1015,LOW_RELEVANCE,Physical / academy readiness,Verified — clear,NOT_IN_285_QUEUE,NOT_ASSESSED,REUSE_EXISTING_AUDIT_ONLY,NO
EV-1016,DISCUSSION_ONLY,General operational / occupational readiness,Verified — clear,NOT_IN_285_QUEUE,NOT_ASSESSED,REUSE_EXISTING_AUDIT_ONLY,NO
EV-1017,OUT_OF_SCOPE,General operational / occupational readiness,Verified — clear,NOT_IN_285_QUEUE,NOT_ASSESSED,REUSE_EXISTING_AUDIT_ONLY,NO
EV-1018,LOW_RELEVANCE,Tactical medicine / TCCC / TECC / APH,Verified — clear,NOT_IN_285_QUEUE,NOT_ASSESSED,REUSE_EXISTING_AUDIT_ONLY,NO
EV-1019,LOW_RELEVANCE,Tactical medicine / TCCC / TECC / APH,Verified — clear,NOT_IN_285_QUEUE,NOT_ASSESSED,REUSE_EXISTING_AUDIT_ONLY,NO
EV-1020,FULL_TEXT_REVIEW,Musculoskeletal injury,Verified — clear,FULL_TEXT_UNAVAILABLE,NOT_YET_LOCALIZED,REUSE_EXISTING_AUDIT_ONLY,NO
EV-1021,OUT_OF_SCOPE,General operational / occupational readiness,Verified — clear,NOT_IN_285_QUEUE,NOT_ASSESSED,REUSE_EXISTING_AUDIT_ONLY,NO
EV-1022,DISCUSSION_ONLY,General operational / occupational readiness,Verified — clear,NOT_IN_285_QUEUE,NOT_ASSESSED,REUSE_EXISTING_AUDIT_ONLY,NO
EV-1023,OUT_OF_SCOPE,General operational / occupational readiness,Verified — clear,NOT_IN_285_QUEUE,NOT_ASSESSED,REUSE_EXISTING_AUDIT_ONLY,NO
EV-1024,OUT_OF_SCOPE,General operational / occupational readiness,Verified — clear,NOT_IN_285_QUEUE,NOT_ASSESSED,REUSE_EXISTING_AUDIT_ONLY,NO
EV-1025,DISCUSSION_ONLY,General operational / occupational readiness,Verified — clear,NOT_IN_285_QUEUE,NOT_ASSESSED,REUSE_EXISTING_AUDIT_ONLY,NO
EV-1026,FULL_TEXT_REVIEW,Musculoskeletal injury,Verified — clear,LAWFUL_PMC_XML,RESULT_LOCATED,REUSE_EXISTING_AUDIT_ONLY,NO
EV-1027,OUT_OF_SCOPE,General operational / occupational readiness,Verified — clear,NOT_IN_285_QUEUE,NOT_ASSESSED,REUSE_EXISTING_AUDIT_ONLY,NO
EV-1028,DISCUSSION_ONLY,General operational / occupational readiness,Verified — clear,NOT_IN_285_QUEUE,NOT_ASSESSED,REUSE_EXISTING_AUDIT_ONLY,NO
EV-1029,OUT_OF_SCOPE,General operational / occupational readiness,Verified — clear,NOT_IN_285_QUEUE,NOT_ASSESSED,REUSE_EXISTING_AUDIT_ONLY,NO
EV-1030,LOW_RELEVANCE,Tactical medicine / TCCC / TECC / APH,Verified — clear,NOT_IN_285_QUEUE,NOT_ASSESSED,REUSE_EXISTING_AUDIT_ONLY,NO
EV-1031,LOW_RELEVANCE,Tactical medicine / TCCC / TECC / APH,Verified — clear,NOT_IN_285_QUEUE,NOT_ASSESSED,REUSE_EXISTING_AUDIT_ONLY,NO
EV-1032,LOW_RELEVANCE,Tactical medicine / TCCC / TECC / APH,Verified — clear,NOT_IN_285_QUEUE,NOT_ASSESSED,REUSE_EXISTING_AUDIT_ONLY,NO
EV-1033,OUT_OF_SCOPE,General operational / occupational readiness,Verified — clear,NOT_IN_285_QUEUE,NOT_ASSESSED,REUSE_EXISTING_AUDIT_ONLY,NO
EV-1034,DISCUSSION_ONLY,General operational / occupational readiness,Verified — clear,NOT_IN_285_QUEUE,NOT_ASSESSED,REUSE_EXISTING_AUDIT_ONLY,NO
EV-1035,DISCUSSION_ONLY,General operational / occupational readiness,Verified — clear,NOT_IN_285_QUEUE,NOT_ASSESSED,REUSE_EXISTING_AUDIT_ONLY,NO
EV-1036,FULL_TEXT_REVIEW,Physical / academy readiness,Verified — clear,FULL_TEXT_UNAVAILABLE,NOT_YET_LOCALIZED,REUSE_EXISTING_AUDIT_ONLY,NO
EV-1037,LOW_RELEVANCE,Physical / academy readiness,Verified — clear,NOT_IN_285_QUEUE,NOT_ASSESSED,REUSE_EXISTING_AUDIT_ONLY,NO
EV-1038,OUT_OF_SCOPE,General operational / occupational readiness,Verified — clear,NOT_IN_285_QUEUE,NOT_ASSESSED,REUSE_EXISTING_AUDIT_ONLY,NO
EV-1039,LOW_RELEVANCE,Sleep / fatigue / recovery,Verified — clear,NOT_IN_285_QUEUE,NOT_ASSESSED,REUSE_EXISTING_AUDIT_ONLY,NO
EV-1040,DISCUSSION_ONLY,General operational / occupational readiness,Verified — clear,NOT_IN_285_QUEUE,NOT_ASSESSED,REUSE_EXISTING_AUDIT_ONLY,NO
EV-1041,DISCUSSION_ONLY,General operational / occupational readiness,Verified — clear,NOT_IN_285_QUEUE,NOT_ASSESSED,REUSE_EXISTING_AUDIT_ONLY,NO
EV-1042,LOW_RELEVANCE,Tactical medicine / TCCC / TECC / APH,Verified — clear,NOT_IN_285_QUEUE,NOT_ASSESSED,REUSE_EXISTING_AUDIT_ONLY,NO
EV-1043,OUT_OF_SCOPE,General operational / occupational readiness,Verified — clear,NOT_IN_285_QUEUE,NOT_ASSESSED,REUSE_EXISTING_AUDIT_ONLY,NO
EV-1044,LOW_RELEVANCE,Tactical medicine / TCCC / TECC / APH,Verified — clear,NOT_IN_285_QUEUE,NOT_ASSESSED,REUSE_EXISTING_AUDIT_ONLY,NO
EV-1045,DISCUSSION_ONLY,Tactical medicine / TCCC / TECC / APH,Verified — clear,NOT_IN_285_QUEUE,NOT_ASSESSED,REUSE_EXISTING_AUDIT_ONLY,NO
EV-1046,OUT_OF_SCOPE,General operational / occupational readiness,Verified — clear,NOT_IN_285_QUEUE,NOT_ASSESSED,REUSE_EXISTING_AUDIT_ONLY,NO
EV-1047,LOW_RELEVANCE,Tactical medicine / TCCC / TECC / APH,Verified — clear,NOT_IN_285_QUEUE,NOT_ASSESSED,REUSE_EXISTING_AUDIT_ONLY,NO
EV-1048,FULL_TEXT_REVIEW,Physical / academy readiness,Verified — clear,FULL_TEXT_UNAVAILABLE,NOT_YET_LOCALIZED,REUSE_EXISTING_AUDIT_ONLY,NO
EV-1049,DISCUSSION_ONLY,General operational / occupational readiness,Verified — clear,NOT_IN_285_QUEUE,NOT_ASSESSED,REUSE_EXISTING_AUDIT_ONLY,NO
EV-1050,FULL_TEXT_REVIEW,Physical / academy readiness,Verified — clear,FULL_TEXT_UNAVAILABLE,NOT_YET_LOCALIZED,REUSE_EXISTING_AUDIT_ONLY,NO
EV-1051,FULL_TEXT_REVIEW,Musculoskeletal injury,Verified — clear,FULL_TEXT_UNAVAILABLE,NOT_YET_LOCALIZED,REUSE_EXISTING_AUDIT_ONLY,NO
EV-1052,FULL_TEXT_REVIEW,Musculoskeletal injury,Verified — clear,FULL_TEXT_UNAVAILABLE,NOT_YET_LOCALIZED,REUSE_EXISTING_AUDIT_ONLY,NO
EV-1053,DISCUSSION_ONLY,General operational / occupational readiness,Verified — clear,NOT_IN_285_QUEUE,NOT_ASSESSED,REUSE_EXISTING_AUDIT_ONLY,NO
EV-1054,LOW_RELEVANCE,General operational / occupational readiness,Verified — clear,NOT_IN_285_QUEUE,NOT_ASSESSED,REUSE_EXISTING_AUDIT_ONLY,NO
EV-1055,DISCUSSION_ONLY,General operational / occupational readiness,Verified — clear,NOT_IN_285_QUEUE,NOT_ASSESSED,REUSE_EXISTING_AUDIT_ONLY,NO
EV-1056,LOW_RELEVANCE,Physical / academy readiness,Verified — clear,NOT_IN_285_QUEUE,NOT_ASSESSED,REUSE_EXISTING_AUDIT_ONLY,NO
EV-1057,DISCUSSION_ONLY,General operational / occupational readiness,Verified — clear,NOT_IN_285_QUEUE,NOT_ASSESSED,REUSE_EXISTING_AUDIT_ONLY,NO
EV-1058,LOW_RELEVANCE,General operational / occupational readiness,Verified — clear,NOT_IN_285_QUEUE,NOT_ASSESSED,REUSE_EXISTING_AUDIT_ONLY,NO
EV-1059,OUT_OF_SCOPE,General operational / occupational readiness,Verified — clear,NOT_IN_285_QUEUE,NOT_ASSESSED,REUSE_EXISTING_AUDIT_ONLY,NO
EV-1060,FULL_TEXT_REVIEW,Nutrition / shift work,Verified — clear,FULL_TEXT_UNAVAILABLE,NOT_YET_LOCALIZED,REUSE_EXISTING_AUDIT_ONLY,NO
EV-1061,DISCUSSION_ONLY,Nutrition / shift work,Verified — clear,NOT_IN_285_QUEUE,NOT_ASSESSED,REUSE_EXISTING_AUDIT_ONLY,NO
EV-1062,REPLACE_EXISTING_CANDIDATE,Nutrition / shift work,Verified — clear,FULL_TEXT_UNAVAILABLE,NOT_YET_LOCALIZED,REUSE_EXISTING_AUDIT_ONLY,NO
EV-1063,REPLACE_EXISTING_CANDIDATE,Cognition / firearm performance,Verified — clear,FULL_TEXT_UNAVAILABLE,NOT_YET_LOCALIZED,REUSE_EXISTING_AUDIT_ONLY,NO
EV-1064,REPLACE_EXISTING_CANDIDATE,Cognition / firearm performance,Verified — clear,FULL_TEXT_UNAVAILABLE,NOT_YET_LOCALIZED,REUSE_EXISTING_AUDIT_ONLY,NO
EV-1065,REPLACE_EXISTING_CANDIDATE,Cognition / firearm performance,Verified — clear,FULL_TEXT_UNAVAILABLE,NOT_YET_LOCALIZED,REUSE_EXISTING_AUDIT_ONLY,NO
EV-1066,CONTRADICTORY_CANDIDATE,Physical / academy readiness,Verified — clear,FULL_TEXT_UNAVAILABLE,NOT_YET_LOCALIZED,REUSE_EXISTING_AUDIT_ONLY,NO
EV-1067,OUT_OF_SCOPE,General operational / occupational readiness,Verified — clear,NOT_IN_285_QUEUE,NOT_ASSESSED,REUSE_EXISTING_AUDIT_ONLY,NO
EV-1068,LOW_RELEVANCE,Tactical medicine / TCCC / TECC / APH,Verified — clear,NOT_IN_285_QUEUE,NOT_ASSESSED,REUSE_EXISTING_AUDIT_ONLY,NO
EV-1069,OUT_OF_SCOPE,Tactical medicine / TCCC / TECC / APH,Verified — clear,NOT_IN_285_QUEUE,NOT_ASSESSED,REUSE_EXISTING_AUDIT_ONLY,NO
EV-1070,LOW_RELEVANCE,Tactical medicine / TCCC / TECC / APH,Verified — clear,NOT_IN_285_QUEUE,NOT_ASSESSED,REUSE_EXISTING_AUDIT_ONLY,NO
EV-1071,DISCUSSION_ONLY,General operational / occupational readiness,Verified — clear,NOT_IN_285_QUEUE,NOT_ASSESSED,REUSE_EXISTING_AUDIT_ONLY,NO
EV-1072,OUT_OF_SCOPE,General operational / occupational readiness,Verified — clear,NOT_IN_285_QUEUE,NOT_ASSESSED,REUSE_EXISTING_AUDIT_ONLY,NO
EV-1073,DISCUSSION_ONLY,General operational / occupational readiness,Verified — clear,NOT_IN_285_QUEUE,NOT_ASSESSED,REUSE_EXISTING_AUDIT_ONLY,NO
EV-1074,DISCUSSION_ONLY,General operational / occupational readiness,Verified — clear,NOT_IN_285_QUEUE,NOT_ASSESSED,REUSE_EXISTING_AUDIT_ONLY,NO
EV-1075,DISCUSSION_ONLY,General operational / occupational readiness,Verified — clear,NOT_IN_285_QUEUE,NOT_ASSESSED,REUSE_EXISTING_AUDIT_ONLY,NO
EV-1076,DISCUSSION_ONLY,General operational / occupational readiness,Verified — clear,NOT_IN_285_QUEUE,NOT_ASSESSED,REUSE_EXISTING_AUDIT_ONLY,NO
EV-1077,OUT_OF_SCOPE,General operational / occupational readiness,Verified — clear,NOT_IN_285_QUEUE,NOT_ASSESSED,REUSE_EXISTING_AUDIT_ONLY,NO
EV-1078,OUT_OF_SCOPE,General operational / occupational readiness,Verified — clear,NOT_IN_285_QUEUE,NOT_ASSESSED,REUSE_EXISTING_AUDIT_ONLY,NO
EV-1079,OUT_OF_SCOPE,General operational / occupational readiness,Verified — clear,NOT_IN_285_QUEUE,NOT_ASSESSED,REUSE_EXISTING_AUDIT_ONLY,NO
EV-1080,LOW_RELEVANCE,Tactical medicine / TCCC / TECC / APH,Verified — clear,NOT_IN_285_QUEUE,NOT_ASSESSED,REUSE_EXISTING_AUDIT_ONLY,NO
EV-1081,DISCUSSION_ONLY,General operational / occupational readiness,Verified — clear,NOT_IN_285_QUEUE,NOT_ASSESSED,REUSE_EXISTING_AUDIT_ONLY,NO
EV-1082,OUT_OF_SCOPE,General operational / occupational readiness,Verified — clear,NOT_IN_285_QUEUE,NOT_ASSESSED,REUSE_EXISTING_AUDIT_ONLY,NO
EV-1083,OUT_OF_SCOPE,General operational / occupational readiness,Verified — clear,NOT_IN_285_QUEUE,NOT_ASSESSED,REUSE_EXISTING_AUDIT_ONLY,NO
EV-1084,LOW_RELEVANCE,Tactical medicine / TCCC / TECC / APH,Verified — clear,NOT_IN_285_QUEUE,NOT_ASSESSED,REUSE_EXISTING_AUDIT_ONLY,NO
EV-1085,OUT_OF_SCOPE,General operational / occupational readiness,Verified — clear,NOT_IN_285_QUEUE,NOT_ASSESSED,REUSE_EXISTING_AUDIT_ONLY,NO
EV-1086,OUT_OF_SCOPE,General operational / occupational readiness,Verified — clear,NOT_IN_285_QUEUE,NOT_ASSESSED,REUSE_EXISTING_AUDIT_ONLY,NO
EV-1087,DISCUSSION_ONLY,General operational / occupational readiness,Verified — clear,NOT_IN_285_QUEUE,NOT_ASSESSED,REUSE_EXISTING_AUDIT_ONLY,NO
EV-1088,OUT_OF_SCOPE,General operational / occupational readiness,Verified — clear,NOT_IN_285_QUEUE,NOT_ASSESSED,REUSE_EXISTING_AUDIT_ONLY,NO
EV-1089,OUT_OF_SCOPE,General operational / occupational readiness,Verified — clear,NOT_IN_285_QUEUE,NOT_ASSESSED,REUSE_EXISTING_AUDIT_ONLY,NO
EV-1090,OUT_OF_SCOPE,General operational / occupational readiness,Verified — clear,NOT_IN_285_QUEUE,NOT_ASSESSED,REUSE_EXISTING_AUDIT_ONLY,NO
EV-1091,LOW_RELEVANCE,Tactical medicine / TCCC / TECC / APH,Verified — clear,NOT_IN_285_QUEUE,NOT_ASSESSED,REUSE_EXISTING_AUDIT_ONLY,NO
EV-1092,FULL_TEXT_REVIEW,Sleep / fatigue / recovery,Verified — clear,FULL_TEXT_UNAVAILABLE,NOT_YET_LOCALIZED,REUSE_EXISTING_AUDIT_ONLY,NO
EV-1093,CONTEXT_ONLY,Tactical medicine / TCCC / TECC / APH,Verified — clear,NOT_IN_285_QUEUE,NOT_ASSESSED,REUSE_EXISTING_AUDIT_ONLY,NO
EV-1094,LOW_RELEVANCE,General operational / occupational readiness,Verified — clear,NOT_IN_285_QUEUE,NOT_ASSESSED,REUSE_EXISTING_AUDIT_ONLY,NO
EV-1095,OUT_OF_SCOPE,General operational / occupational readiness,Verified — clear,NOT_IN_285_QUEUE,NOT_ASSESSED,REUSE_EXISTING_AUDIT_ONLY,NO
EV-1096,OUT_OF_SCOPE,General operational / occupational readiness,Verified — clear,NOT_IN_285_QUEUE,NOT_ASSESSED,REUSE_EXISTING_AUDIT_ONLY,NO
EV-1097,LOW_RELEVANCE,Tactical medicine / TCCC / TECC / APH,Verified — clear,NOT_IN_285_QUEUE,NOT_ASSESSED,REUSE_EXISTING_AUDIT_ONLY,NO
EV-1098,OUT_OF_SCOPE,General operational / occupational readiness,Verified — clear,NOT_IN_285_QUEUE,NOT_ASSESSED,REUSE_EXISTING_AUDIT_ONLY,NO
EV-1099,LOW_RELEVANCE,Tactical medicine / TCCC / TECC / APH,Verified — clear,NOT_IN_285_QUEUE,NOT_ASSESSED,REUSE_EXISTING_AUDIT_ONLY,NO
EV-1100,LOW_RELEVANCE,Tactical medicine / TCCC / TECC / APH,Verified — clear,NOT_IN_285_QUEUE,NOT_ASSESSED,REUSE_EXISTING_AUDIT_ONLY,NO
EV-1101,LOW_RELEVANCE,Tactical medicine / TCCC / TECC / APH,Verified — clear,NOT_IN_285_QUEUE,NOT_ASSESSED,REUSE_EXISTING_AUDIT_ONLY,NO
EV-1102,LOW_RELEVANCE,Tactical medicine / TCCC / TECC / APH,Verified — clear,NOT_IN_285_QUEUE,NOT_ASSESSED,REUSE_EXISTING_AUDIT_ONLY,NO
EV-1103,LOW_RELEVANCE,Tactical medicine / TCCC / TECC / APH,Verified — clear,NOT_IN_285_QUEUE,NOT_ASSESSED,REUSE_EXISTING_AUDIT_ONLY,NO
EV-1104,OUT_OF_SCOPE,General operational / occupational readiness,Verified — clear,NOT_IN_285_QUEUE,NOT_ASSESSED,REUSE_EXISTING_AUDIT_ONLY,NO
EV-1105,FULL_TEXT_REVIEW,Tactical medicine / TCCC / TECC / APH,Verified — clear,FULL_TEXT_UNAVAILABLE,NOT_YET_LOCALIZED,REUSE_EXISTING_AUDIT_ONLY,NO
EV-1106,OUT_OF_SCOPE,General operational / occupational readiness,Verified — clear,NOT_IN_285_QUEUE,NOT_ASSESSED,REUSE_EXISTING_AUDIT_ONLY,NO
EV-1107,FULL_TEXT_REVIEW,Musculoskeletal injury,Verified — clear,FULL_TEXT_UNAVAILABLE,NOT_YET_LOCALIZED,REUSE_EXISTING_AUDIT_ONLY,NO
EV-1108,OUT_OF_SCOPE,General operational / occupational readiness,Verified — clear,NOT_IN_285_QUEUE,NOT_ASSESSED,REUSE_EXISTING_AUDIT_ONLY,NO
EV-1109,OUT_OF_SCOPE,General operational / occupational readiness,Verified — clear,NOT_IN_285_QUEUE,NOT_ASSESSED,REUSE_EXISTING_AUDIT_ONLY,NO
EV-1110,FULL_TEXT_REVIEW,Sleep / fatigue / recovery,Verified — clear,LAWFUL_PMC_XML,NOT_YET_LOCALIZED,REUSE_EXISTING_AUDIT_ONLY,NO
EV-1111,DISCUSSION_ONLY,General operational / occupational readiness,Verified — clear,NOT_IN_285_QUEUE,NOT_ASSESSED,REUSE_EXISTING_AUDIT_ONLY,NO
EV-1112,OUT_OF_SCOPE,General operational / occupational readiness,Verified — clear,NOT_IN_285_QUEUE,NOT_ASSESSED,REUSE_EXISTING_AUDIT_ONLY,NO
EV-1113,OUT_OF_SCOPE,General operational / occupational readiness,Verified — clear,NOT_IN_285_QUEUE,NOT_ASSESSED,REUSE_EXISTING_AUDIT_ONLY,NO
EV-1114,DISCUSSION_ONLY,General operational / occupational readiness,Verified — clear,NOT_IN_285_QUEUE,NOT_ASSESSED,REUSE_EXISTING_AUDIT_ONLY,NO
EV-1115,OUT_OF_SCOPE,General operational / occupational readiness,Verified — clear,NOT_IN_285_QUEUE,NOT_ASSESSED,REUSE_EXISTING_AUDIT_ONLY,NO
EV-1116,OUT_OF_SCOPE,General operational / occupational readiness,Verified — clear,NOT_IN_285_QUEUE,NOT_ASSESSED,REUSE_EXISTING_AUDIT_ONLY,NO
EV-1117,DISCUSSION_ONLY,Tactical medicine / TCCC / TECC / APH,Pending,NOT_IN_285_QUEUE,NOT_ASSESSED,REUSE_EXISTING_AUDIT_ONLY,NO
EV-1118,OUT_OF_SCOPE,General operational / occupational readiness,Verified — clear,NOT_IN_285_QUEUE,NOT_ASSESSED,REUSE_EXISTING_AUDIT_ONLY,NO
EV-1119,FULL_TEXT_REVIEW,Tactical medicine / TCCC / TECC / APH,Verified — clear,FULL_TEXT_UNAVAILABLE,NOT_YET_LOCALIZED,REUSE_EXISTING_AUDIT_ONLY,NO
EV-1120,OUT_OF_SCOPE,General operational / occupational readiness,Verified — clear,NOT_IN_285_QUEUE,NOT_ASSESSED,REUSE_EXISTING_AUDIT_ONLY,NO
EV-1121,DISCUSSION_ONLY,General operational / occupational readiness,Verified — clear,NOT_IN_285_QUEUE,NOT_ASSESSED,REUSE_EXISTING_AUDIT_ONLY,NO
EV-1122,REPLACE_EXISTING_CANDIDATE,Cognition / firearm performance,Verified — clear,FULL_TEXT_UNAVAILABLE,NOT_YET_LOCALIZED,REUSE_EXISTING_AUDIT_ONLY,NO
EV-1123,LOW_RELEVANCE,Musculoskeletal injury,Verified — clear,NOT_IN_285_QUEUE,NOT_ASSESSED,REUSE_EXISTING_AUDIT_ONLY,NO
EV-1124,LOW_RELEVANCE,Musculoskeletal injury,Verified — clear,NOT_IN_285_QUEUE,NOT_ASSESSED,REUSE_EXISTING_AUDIT_ONLY,NO
EV-1125,OUT_OF_SCOPE,General operational / occupational readiness,Verified — clear,NOT_IN_285_QUEUE,NOT_ASSESSED,REUSE_EXISTING_AUDIT_ONLY,NO
EV-1126,OUT_OF_SCOPE,General operational / occupational readiness,Verified — clear,NOT_IN_285_QUEUE,NOT_ASSESSED,REUSE_EXISTING_AUDIT_ONLY,NO
EV-1127,LOW_RELEVANCE,Medical / cardiovascular readiness,Verified — clear,NOT_IN_285_QUEUE,NOT_ASSESSED,REUSE_EXISTING_AUDIT_ONLY,NO
EV-1128,FULL_TEXT_REVIEW,Musculoskeletal injury,Verified — clear,LAWFUL_PMC_XML,RESULT_LOCATED,REUSE_EXISTING_AUDIT_ONLY,NO
EV-1129,LOW_RELEVANCE,Tactical medicine / TCCC / TECC / APH,Verified — clear,NOT_IN_285_QUEUE,NOT_ASSESSED,REUSE_EXISTING_AUDIT_ONLY,NO
EV-1130,OUT_OF_SCOPE,General operational / occupational readiness,Verified — clear,NOT_IN_285_QUEUE,NOT_ASSESSED,REUSE_EXISTING_AUDIT_ONLY,NO
EV-1131,OUT_OF_SCOPE,General operational / occupational readiness,Verified — clear,NOT_IN_285_QUEUE,NOT_ASSESSED,REUSE_EXISTING_AUDIT_ONLY,NO
EV-1132,OUT_OF_SCOPE,General operational / occupational readiness,Verified — clear,NOT_IN_285_QUEUE,NOT_ASSESSED,REUSE_EXISTING_AUDIT_ONLY,NO
EV-1133,FULL_TEXT_REVIEW,Sleep / fatigue / recovery,Verified — clear,FULL_TEXT_UNAVAILABLE,NOT_YET_LOCALIZED,REUSE_EXISTING_AUDIT_ONLY,NO
EV-1134,LOW_RELEVANCE,Tactical medicine / TCCC / TECC / APH,Verified — clear,NOT_IN_285_QUEUE,NOT_ASSESSED,REUSE_EXISTING_AUDIT_ONLY,NO
EV-1135,DISCUSSION_ONLY,General operational / occupational readiness,Verified — clear,NOT_IN_285_QUEUE,NOT_ASSESSED,REUSE_EXISTING_AUDIT_ONLY,NO
EV-1136,DISCUSSION_ONLY,General operational / occupational readiness,Verified — clear,NOT_IN_285_QUEUE,NOT_ASSESSED,REUSE_EXISTING_AUDIT_ONLY,NO
EV-1137,DISCUSSION_ONLY,General operational / occupational readiness,Verified — clear,NOT_IN_285_QUEUE,NOT_ASSESSED,REUSE_EXISTING_AUDIT_ONLY,NO
EV-1138,DISCUSSION_ONLY,General operational / occupational readiness,Verified — clear,NOT_IN_285_QUEUE,NOT_ASSESSED,REUSE_EXISTING_AUDIT_ONLY,NO
EV-1139,DISCUSSION_ONLY,General operational / occupational readiness,Verified — clear,NOT_IN_285_QUEUE,NOT_ASSESSED,REUSE_EXISTING_AUDIT_ONLY,NO
EV-1140,FULL_TEXT_REVIEW,Tactical medicine / TCCC / TECC / APH,Verified — clear,FULL_TEXT_UNAVAILABLE,NOT_YET_LOCALIZED,REUSE_EXISTING_AUDIT_ONLY,NO
EV-1141,LOW_RELEVANCE,Tactical medicine / TCCC / TECC / APH,Verified — clear,NOT_IN_285_QUEUE,NOT_ASSESSED,REUSE_EXISTING_AUDIT_ONLY,NO
EV-1142,FULL_TEXT_REVIEW,Nutrition / shift work,Verified — clear,FULL_TEXT_UNAVAILABLE,NOT_YET_LOCALIZED,REUSE_EXISTING_AUDIT_ONLY,NO
EV-1143,FULL_TEXT_REVIEW,Musculoskeletal injury,Verified — clear,FULL_TEXT_UNAVAILABLE,NOT_YET_LOCALIZED,REUSE_EXISTING_AUDIT_ONLY,NO
EV-1144,OUT_OF_SCOPE,General operational / occupational readiness,Verified — clear,NOT_IN_285_QUEUE,NOT_ASSESSED,REUSE_EXISTING_AUDIT_ONLY,NO
EV-1145,FULL_TEXT_REVIEW,Musculoskeletal injury,Verified — clear,FULL_TEXT_UNAVAILABLE,NOT_YET_LOCALIZED,REUSE_EXISTING_AUDIT_ONLY,NO
EV-1146,LOW_RELEVANCE,General operational / occupational readiness,Verified — clear,NOT_IN_285_QUEUE,NOT_ASSESSED,REUSE_EXISTING_AUDIT_ONLY,NO
EV-1147,FULL_TEXT_REVIEW,Physical / academy readiness,Verified — clear,FULL_TEXT_UNAVAILABLE,NOT_YET_LOCALIZED,REUSE_EXISTING_AUDIT_ONLY,NO
EV-1148,FULL_TEXT_REVIEW,Physical / academy readiness,Verified — clear,FULL_TEXT_UNAVAILABLE,NOT_YET_LOCALIZED,REUSE_EXISTING_AUDIT_ONLY,NO
EV-1149,DISCUSSION_ONLY,General operational / occupational readiness,Verified — clear,NOT_IN_285_QUEUE,NOT_ASSESSED,REUSE_EXISTING_AUDIT_ONLY,NO
EV-1150,FULL_TEXT_REVIEW,Physical / academy readiness,Verified — clear,FULL_TEXT_UNAVAILABLE,NOT_YET_LOCALIZED,REUSE_EXISTING_AUDIT_ONLY,NO
EV-1151,FULL_TEXT_REVIEW,Physical / academy readiness,Verified — clear,FULL_TEXT_UNAVAILABLE,NOT_YET_LOCALIZED,REUSE_EXISTING_AUDIT_ONLY,NO
EV-1152,DISCUSSION_ONLY,General operational / occupational readiness,Verified — clear,NOT_IN_285_QUEUE,NOT_ASSESSED,REUSE_EXISTING_AUDIT_ONLY,NO
EV-1153,OUT_OF_SCOPE,Tactical medicine / TCCC / TECC / APH,Verified — clear,NOT_IN_285_QUEUE,NOT_ASSESSED,REUSE_EXISTING_AUDIT_ONLY,NO
EV-1154,DISCUSSION_ONLY,General operational / occupational readiness,Verified — clear,NOT_IN_285_QUEUE,NOT_ASSESSED,REUSE_EXISTING_AUDIT_ONLY,NO
EV-1155,DISCUSSION_ONLY,General operational / occupational readiness,Verified — clear,NOT_IN_285_QUEUE,NOT_ASSESSED,REUSE_EXISTING_AUDIT_ONLY,NO
EV-1156,DISCUSSION_ONLY,Physical / academy readiness,Verified — clear,NOT_IN_285_QUEUE,NOT_ASSESSED,REUSE_EXISTING_AUDIT_ONLY,NO
EV-1157,OUT_OF_SCOPE,General operational / occupational readiness,Verified — clear,NOT_IN_285_QUEUE,NOT_ASSESSED,REUSE_EXISTING_AUDIT_ONLY,NO
EV-1158,DISCUSSION_ONLY,General operational / occupational readiness,Verified — clear,NOT_IN_285_QUEUE,NOT_ASSESSED,REUSE_EXISTING_AUDIT_ONLY,NO
EV-1159,FULL_TEXT_REVIEW,Physical / academy readiness,Verified — clear,FULL_TEXT_UNAVAILABLE,NOT_YET_LOCALIZED,REUSE_EXISTING_AUDIT_ONLY,NO
EV-1160,DISCUSSION_ONLY,Physical / academy readiness,Verified — clear,NOT_IN_285_QUEUE,NOT_ASSESSED,REUSE_EXISTING_AUDIT_ONLY,NO
EV-1161,CONTEXT_ONLY,Tactical medicine / TCCC / TECC / APH,Verified — clear,NOT_IN_285_QUEUE,NOT_ASSESSED,REUSE_EXISTING_AUDIT_ONLY,NO
EV-1162,LOW_RELEVANCE,Load carriage / equipment burden,Verified — clear,NOT_IN_285_QUEUE,NOT_ASSESSED,REUSE_EXISTING_AUDIT_ONLY,NO
EV-1163,FULL_TEXT_REVIEW,Nutrition / shift work,Verified — clear,FULL_TEXT_UNAVAILABLE,NOT_YET_LOCALIZED,REUSE_EXISTING_AUDIT_ONLY,NO
EV-1164,LOW_RELEVANCE,Tactical medicine / TCCC / TECC / APH,Verified — clear,NOT_IN_285_QUEUE,NOT_ASSESSED,REUSE_EXISTING_AUDIT_ONLY,NO
EV-1165,FULL_TEXT_REVIEW,Tactical medicine / TCCC / TECC / APH,Verified — clear,FULL_TEXT_UNAVAILABLE,NOT_YET_LOCALIZED,REUSE_EXISTING_AUDIT_ONLY,NO
EV-1166,DISCUSSION_ONLY,General operational / occupational readiness,Verified — clear,NOT_IN_285_QUEUE,NOT_ASSESSED,REUSE_EXISTING_AUDIT_ONLY,NO
EV-1167,DISCUSSION_ONLY,General operational / occupational readiness,Verified — clear,NOT_IN_285_QUEUE,NOT_ASSESSED,REUSE_EXISTING_AUDIT_ONLY,NO
EV-1168,DISCUSSION_ONLY,General operational / occupational readiness,Verified — clear,NOT_IN_285_QUEUE,NOT_ASSESSED,REUSE_EXISTING_AUDIT_ONLY,NO
EV-1169,CONTEXT_ONLY,General operational / occupational readiness,Verified — clear,NOT_IN_285_QUEUE,NOT_ASSESSED,REUSE_EXISTING_AUDIT_ONLY,NO
EV-1170,OUT_OF_SCOPE,General operational / occupational readiness,Verified — clear,NOT_IN_285_QUEUE,NOT_ASSESSED,REUSE_EXISTING_AUDIT_ONLY,NO
EV-1171,INTEGRITY_BLOCK,Physical / academy readiness,BLOCKED,NOT_IN_285_QUEUE,NOT_ASSESSED,REUSE_EXISTING_AUDIT_ONLY,NO
EV-1172,OUT_OF_SCOPE,General operational / occupational readiness,Verified — clear,NOT_IN_285_QUEUE,NOT_ASSESSED,REUSE_EXISTING_AUDIT_ONLY,NO
EV-1173,OUT_OF_SCOPE,General operational / occupational readiness,Verified — clear,NOT_IN_285_QUEUE,NOT_ASSESSED,REUSE_EXISTING_AUDIT_ONLY,NO
EV-1174,OUT_OF_SCOPE,General operational / occupational readiness,Verified — clear,NOT_IN_285_QUEUE,NOT_ASSESSED,REUSE_EXISTING_AUDIT_ONLY,NO
EV-1175,LOW_RELEVANCE,Musculoskeletal injury,Verified — clear,NOT_IN_285_QUEUE,NOT_ASSESSED,REUSE_EXISTING_AUDIT_ONLY,NO
EV-1176,FULL_TEXT_REVIEW,Musculoskeletal injury,Verified — clear,FULL_TEXT_UNAVAILABLE,NOT_YET_LOCALIZED,REUSE_EXISTING_AUDIT_ONLY,NO
EV-1177,DISCUSSION_ONLY,General operational / occupational readiness,Verified — clear,NOT_IN_285_QUEUE,NOT_ASSESSED,REUSE_EXISTING_AUDIT_ONLY,NO
EV-1178,FULL_TEXT_REVIEW,Physical / academy readiness,Verified — clear,LAWFUL_PMC_XML,NOT_YET_LOCALIZED,REUSE_EXISTING_AUDIT_ONLY,NO
EV-1179,FULL_TEXT_REVIEW,Nutrition / shift work,Verified — clear,FULL_TEXT_UNAVAILABLE,NOT_YET_LOCALIZED,REUSE_EXISTING_AUDIT_ONLY,NO
EV-1180,LOW_RELEVANCE,Tactical medicine / TCCC / TECC / APH,Verified — clear,NOT_IN_285_QUEUE,NOT_ASSESSED,REUSE_EXISTING_AUDIT_ONLY,NO
EV-1181,FULL_TEXT_REVIEW,Tactical medicine / TCCC / TECC / APH,Verified — clear,FULL_TEXT_UNAVAILABLE,NOT_YET_LOCALIZED,REUSE_EXISTING_AUDIT_ONLY,NO
EV-1182,DISCUSSION_ONLY,General operational / occupational readiness,Verified — clear,NOT_IN_285_QUEUE,NOT_ASSESSED,REUSE_EXISTING_AUDIT_ONLY,NO
EV-1183,DISCUSSION_ONLY,General operational / occupational readiness,Verified — clear,NOT_IN_285_QUEUE,NOT_ASSESSED,REUSE_EXISTING_AUDIT_ONLY,NO
EV-1184,FULL_TEXT_REVIEW,Physical / academy readiness,Verified — clear,FULL_TEXT_UNAVAILABLE,NOT_YET_LOCALIZED,REUSE_EXISTING_AUDIT_ONLY,NO
EV-1185,FULL_TEXT_REVIEW,Physical / academy readiness,Verified — clear,FULL_TEXT_UNAVAILABLE,NOT_YET_LOCALIZED,REUSE_EXISTING_AUDIT_ONLY,NO
EV-1186,LOW_RELEVANCE,Tactical medicine / TCCC / TECC / APH,Verified — clear,NOT_IN_285_QUEUE,NOT_ASSESSED,REUSE_EXISTING_AUDIT_ONLY,NO
EV-1187,OUT_OF_SCOPE,General operational / occupational readiness,Verified — clear,NOT_IN_285_QUEUE,NOT_ASSESSED,REUSE_EXISTING_AUDIT_ONLY,NO
EV-1188,OUT_OF_SCOPE,General operational / occupational readiness,Verified — clear,NOT_IN_285_QUEUE,NOT_ASSESSED,REUSE_EXISTING_AUDIT_ONLY,NO
EV-1189,OUT_OF_SCOPE,General operational / occupational readiness,Verified — clear,NOT_IN_285_QUEUE,NOT_ASSESSED,REUSE_EXISTING_AUDIT_ONLY,NO
EV-1190,LOW_RELEVANCE,Tactical medicine / TCCC / TECC / APH,Verified — clear,NOT_IN_285_QUEUE,NOT_ASSESSED,REUSE_EXISTING_AUDIT_ONLY,NO
EV-1191,OUT_OF_SCOPE,General operational / occupational readiness,Verified — clear,NOT_IN_285_QUEUE,NOT_ASSESSED,REUSE_EXISTING_AUDIT_ONLY,NO
EV-1192,LOW_RELEVANCE,General operational / occupational readiness,Verified — clear,NOT_IN_285_QUEUE,NOT_ASSESSED,REUSE_EXISTING_AUDIT_ONLY,NO
EV-1193,FULL_TEXT_REVIEW,Musculoskeletal injury,Verified — clear,FULL_TEXT_UNAVAILABLE,NOT_YET_LOCALIZED,REUSE_EXISTING_AUDIT_ONLY,NO
EV-1194,FULL_TEXT_REVIEW,Tactical medicine / TCCC / TECC / APH,Verified — clear,FULL_TEXT_UNAVAILABLE,NOT_YET_LOCALIZED,REUSE_EXISTING_AUDIT_ONLY,NO
EV-1195,OUT_OF_SCOPE,General operational / occupational readiness,Verified — clear,NOT_IN_285_QUEUE,NOT_ASSESSED,REUSE_EXISTING_AUDIT_ONLY,NO
EV-1196,LOW_RELEVANCE,Tactical medicine / TCCC / TECC / APH,Verified — clear,NOT_IN_285_QUEUE,NOT_ASSESSED,REUSE_EXISTING_AUDIT_ONLY,NO
EV-1197,LOW_RELEVANCE,Sleep / fatigue / recovery,Verified — clear,NOT_IN_285_QUEUE,NOT_ASSESSED,REUSE_EXISTING_AUDIT_ONLY,NO
EV-1198,FULL_TEXT_REVIEW,Musculoskeletal injury,Verified — clear,FULL_TEXT_UNAVAILABLE,NOT_YET_LOCALIZED,REUSE_EXISTING_AUDIT_ONLY,NO
EV-1199,OUT_OF_SCOPE,General operational / occupational readiness,Verified — clear,NOT_IN_285_QUEUE,NOT_ASSESSED,REUSE_EXISTING_AUDIT_ONLY,NO
EV-1200,DISCUSSION_ONLY,General operational / occupational readiness,Verified — clear,NOT_IN_285_QUEUE,NOT_ASSESSED,REUSE_EXISTING_AUDIT_ONLY,NO
EV-1201,OUT_OF_SCOPE,General operational / occupational readiness,Verified — clear,NOT_IN_285_QUEUE,NOT_ASSESSED,REUSE_EXISTING_AUDIT_ONLY,NO
EV-1202,DISCUSSION_ONLY,General operational / occupational readiness,Verified — clear,NOT_IN_285_QUEUE,NOT_ASSESSED,REUSE_EXISTING_AUDIT_ONLY,NO
EV-1203,OUT_OF_SCOPE,General operational / occupational readiness,Verified — clear,NOT_IN_285_QUEUE,NOT_ASSESSED,REUSE_EXISTING_AUDIT_ONLY,NO
EV-1204,OUT_OF_SCOPE,General operational / occupational readiness,Verified — clear,NOT_IN_285_QUEUE,NOT_ASSESSED,REUSE_EXISTING_AUDIT_ONLY,NO
EV-1205,OUT_OF_SCOPE,General operational / occupational readiness,Verified — clear,NOT_IN_285_QUEUE,NOT_ASSESSED,REUSE_EXISTING_AUDIT_ONLY,NO
EV-1206,OUT_OF_SCOPE,General operational / occupational readiness,Verified — clear,NOT_IN_285_QUEUE,NOT_ASSESSED,REUSE_EXISTING_AUDIT_ONLY,NO
EV-1207,DISCUSSION_ONLY,General operational / occupational readiness,Verified — clear,NOT_IN_285_QUEUE,NOT_ASSESSED,REUSE_EXISTING_AUDIT_ONLY,NO
EV-1208,LOW_RELEVANCE,General operational / occupational readiness,Verified — clear,NOT_IN_285_QUEUE,NOT_ASSESSED,REUSE_EXISTING_AUDIT_ONLY,NO
EV-1209,FULL_TEXT_REVIEW,Tactical medicine / TCCC / TECC / APH,Verified — clear,FULL_TEXT_UNAVAILABLE,NOT_YET_LOCALIZED,REUSE_EXISTING_AUDIT_ONLY,NO
EV-1210,DISCUSSION_ONLY,General operational / occupational readiness,Verified — clear,NOT_IN_285_QUEUE,NOT_ASSESSED,REUSE_EXISTING_AUDIT_ONLY,NO
EV-1211,OUT_OF_SCOPE,General operational / occupational readiness,Verified — clear,NOT_IN_285_QUEUE,NOT_ASSESSED,REUSE_EXISTING_AUDIT_ONLY,NO
EV-1212,OUT_OF_SCOPE,General operational / occupational readiness,Verified — clear,NOT_IN_285_QUEUE,NOT_ASSESSED,REUSE_EXISTING_AUDIT_ONLY,NO
EV-1213,FULL_TEXT_REVIEW,Sleep / fatigue / recovery,Verified — clear,FULL_TEXT_UNAVAILABLE,NOT_YET_LOCALIZED,REUSE_EXISTING_AUDIT_ONLY,NO
EV-1214,DISCUSSION_ONLY,General operational / occupational readiness,Verified — clear,NOT_IN_285_QUEUE,NOT_ASSESSED,REUSE_EXISTING_AUDIT_ONLY,NO
EV-1215,DISCUSSION_ONLY,General operational / occupational readiness,Verified — clear,NOT_IN_285_QUEUE,NOT_ASSESSED,REUSE_EXISTING_AUDIT_ONLY,NO
EV-1216,FULL_TEXT_REVIEW,Physical / academy readiness,Verified — clear,FULL_TEXT_UNAVAILABLE,NOT_YET_LOCALIZED,REUSE_EXISTING_AUDIT_ONLY,NO
EV-1217,FULL_TEXT_REVIEW,Physical / academy readiness,Verified — clear,FULL_TEXT_UNAVAILABLE,NOT_YET_LOCALIZED,REUSE_EXISTING_AUDIT_ONLY,NO
EV-1218,OUT_OF_SCOPE,General operational / occupational readiness,Verified — clear,NOT_IN_285_QUEUE,NOT_ASSESSED,REUSE_EXISTING_AUDIT_ONLY,NO
EV-1219,DISCUSSION_ONLY,General operational / occupational readiness,Verified — clear,NOT_IN_285_QUEUE,NOT_ASSESSED,REUSE_EXISTING_AUDIT_ONLY,NO
EV-1220,OUT_OF_SCOPE,General operational / occupational readiness,Verified — clear,NOT_IN_285_QUEUE,NOT_ASSESSED,REUSE_EXISTING_AUDIT_ONLY,NO
EV-1221,OUT_OF_SCOPE,General operational / occupational readiness,Verified — clear,NOT_IN_285_QUEUE,NOT_ASSESSED,REUSE_EXISTING_AUDIT_ONLY,NO
EV-1222,LOW_RELEVANCE,Tactical medicine / TCCC / TECC / APH,Verified — clear,NOT_IN_285_QUEUE,NOT_ASSESSED,REUSE_EXISTING_AUDIT_ONLY,NO
EV-1223,OUT_OF_SCOPE,General operational / occupational readiness,Verified — clear,NOT_IN_285_QUEUE,NOT_ASSESSED,REUSE_EXISTING_AUDIT_ONLY,NO
EV-1224,OUT_OF_SCOPE,General operational / occupational readiness,Verified — clear,NOT_IN_285_QUEUE,NOT_ASSESSED,REUSE_EXISTING_AUDIT_ONLY,NO
EV-1225,DISCUSSION_ONLY,General operational / occupational readiness,Verified — clear,NOT_IN_285_QUEUE,NOT_ASSESSED,REUSE_EXISTING_AUDIT_ONLY,NO
EV-1226,FULL_TEXT_REVIEW,Sleep / fatigue / recovery,Verified — clear,FULL_TEXT_UNAVAILABLE,NOT_YET_LOCALIZED,REUSE_EXISTING_AUDIT_ONLY,NO
EV-1227,DISCUSSION_ONLY,General operational / occupational readiness,Verified — clear,NOT_IN_285_QUEUE,NOT_ASSESSED,REUSE_EXISTING_AUDIT_ONLY,NO
EV-1228,OUT_OF_SCOPE,General operational / occupational readiness,Verified — clear,NOT_IN_285_QUEUE,NOT_ASSESSED,REUSE_EXISTING_AUDIT_ONLY,NO
EV-1229,OUT_OF_SCOPE,General operational / occupational readiness,Verified — clear,NOT_IN_285_QUEUE,NOT_ASSESSED,REUSE_EXISTING_AUDIT_ONLY,NO
EV-1230,LOW_RELEVANCE,Tactical medicine / TCCC / TECC / APH,Verified — clear,NOT_IN_285_QUEUE,NOT_ASSESSED,REUSE_EXISTING_AUDIT_ONLY,NO
EV-1231,LOW_RELEVANCE,Tactical medicine / TCCC / TECC / APH,Verified — clear,NOT_IN_285_QUEUE,NOT_ASSESSED,REUSE_EXISTING_AUDIT_ONLY,NO
EV-1232,LOW_RELEVANCE,General operational / occupational readiness,Verified — clear,NOT_IN_285_QUEUE,NOT_ASSESSED,REUSE_EXISTING_AUDIT_ONLY,NO
EV-1233,OUT_OF_SCOPE,General operational / occupational readiness,Verified — clear,NOT_IN_285_QUEUE,NOT_ASSESSED,REUSE_EXISTING_AUDIT_ONLY,NO
EV-1234,DISCUSSION_ONLY,General operational / occupational readiness,Verified — clear,NOT_IN_285_QUEUE,NOT_ASSESSED,REUSE_EXISTING_AUDIT_ONLY,NO
EV-1235,FULL_TEXT_REVIEW,Musculoskeletal injury,Verified — clear,FULL_TEXT_UNAVAILABLE,NOT_YET_LOCALIZED,REUSE_EXISTING_AUDIT_ONLY,NO
EV-1236,FULL_TEXT_REVIEW,Musculoskeletal injury,Verified — clear,FULL_TEXT_UNAVAILABLE,NOT_YET_LOCALIZED,REUSE_EXISTING_AUDIT_ONLY,NO
EV-1237,LOW_RELEVANCE,General operational / occupational readiness,Verified — clear,NOT_IN_285_QUEUE,NOT_ASSESSED,REUSE_EXISTING_AUDIT_ONLY,NO
EV-1238,OUT_OF_SCOPE,General operational / occupational readiness,Verified — clear,NOT_IN_285_QUEUE,NOT_ASSESSED,REUSE_EXISTING_AUDIT_ONLY,NO
EV-1239,DISCUSSION_ONLY,General operational / occupational readiness,Verified — clear,NOT_IN_285_QUEUE,NOT_ASSESSED,REUSE_EXISTING_AUDIT_ONLY,NO
EV-1240,OUT_OF_SCOPE,General operational / occupational readiness,Verified — clear,NOT_IN_285_QUEUE,NOT_ASSESSED,REUSE_EXISTING_AUDIT_ONLY,NO
EV-1241,FULL_TEXT_REVIEW,Musculoskeletal injury,Verified — clear,FULL_TEXT_UNAVAILABLE,NOT_YET_LOCALIZED,REUSE_EXISTING_AUDIT_ONLY,NO
EV-1242,OUT_OF_SCOPE,General operational / occupational readiness,Verified — clear,NOT_IN_285_QUEUE,NOT_ASSESSED,REUSE_EXISTING_AUDIT_ONLY,NO
EV-1243,OUT_OF_SCOPE,General operational / occupational readiness,Verified — clear,NOT_IN_285_QUEUE,NOT_ASSESSED,REUSE_EXISTING_AUDIT_ONLY,NO
EV-1244,FULL_TEXT_REVIEW,Implementation science,Verified — clear,FULL_TEXT_UNAVAILABLE,NOT_YET_LOCALIZED,REUSE_EXISTING_AUDIT_ONLY,NO
EV-1245,FULL_TEXT_REVIEW,Cognition / firearm performance,Verified — clear,FULL_TEXT_UNAVAILABLE,NOT_YET_LOCALIZED,REUSE_EXISTING_AUDIT_ONLY,NO
EV-1246,DISCUSSION_ONLY,General operational / occupational readiness,Verified — clear,NOT_IN_285_QUEUE,NOT_ASSESSED,REUSE_EXISTING_AUDIT_ONLY,NO
EV-1247,OUT_OF_SCOPE,Tactical medicine / TCCC / TECC / APH,Verified — clear,NOT_IN_285_QUEUE,NOT_ASSESSED,REUSE_EXISTING_AUDIT_ONLY,NO
EV-1248,LOW_RELEVANCE,Tactical medicine / TCCC / TECC / APH,Verified — clear,NOT_IN_285_QUEUE,NOT_ASSESSED,REUSE_EXISTING_AUDIT_ONLY,NO
EV-1249,DISCUSSION_ONLY,General operational / occupational readiness,Verified — clear,NOT_IN_285_QUEUE,NOT_ASSESSED,REUSE_EXISTING_AUDIT_ONLY,NO
EV-1250,LOW_RELEVANCE,Tactical medicine / TCCC / TECC / APH,Verified — clear,NOT_IN_285_QUEUE,NOT_ASSESSED,REUSE_EXISTING_AUDIT_ONLY,NO
EV-1251,LOW_RELEVANCE,Tactical medicine / TCCC / TECC / APH,Verified — clear,NOT_IN_285_QUEUE,NOT_ASSESSED,REUSE_EXISTING_AUDIT_ONLY,NO
EV-1252,DISCUSSION_ONLY,General operational / occupational readiness,Verified — clear,NOT_IN_285_QUEUE,NOT_ASSESSED,REUSE_EXISTING_AUDIT_ONLY,NO
EV-1253,OUT_OF_SCOPE,General operational / occupational readiness,Verified — clear,NOT_IN_285_QUEUE,NOT_ASSESSED,REUSE_EXISTING_AUDIT_ONLY,NO
EV-1254,OUT_OF_SCOPE,General operational / occupational readiness,Verified — clear,NOT_IN_285_QUEUE,NOT_ASSESSED,REUSE_EXISTING_AUDIT_ONLY,NO
EV-1255,LOW_RELEVANCE,Tactical medicine / TCCC / TECC / APH,Verified — clear,NOT_IN_285_QUEUE,NOT_ASSESSED,REUSE_EXISTING_AUDIT_ONLY,NO
EV-1256,LOW_RELEVANCE,Tactical medicine / TCCC / TECC / APH,Verified — clear,NOT_IN_285_QUEUE,NOT_ASSESSED,REUSE_EXISTING_AUDIT_ONLY,NO
EV-1257,DISCUSSION_ONLY,General operational / occupational readiness,Verified — clear,NOT_IN_285_QUEUE,NOT_ASSESSED,REUSE_EXISTING_AUDIT_ONLY,NO
EV-1258,DISCUSSION_ONLY,Tactical medicine / TCCC / TECC / APH,Verified — clear,NOT_IN_285_QUEUE,NOT_ASSESSED,REUSE_EXISTING_AUDIT_ONLY,NO
EV-1259,OUT_OF_SCOPE,General operational / occupational readiness,Verified — clear,NOT_IN_285_QUEUE,NOT_ASSESSED,REUSE_EXISTING_AUDIT_ONLY,NO
EV-1260,DISCUSSION_ONLY,General operational / occupational readiness,Verified — clear,NOT_IN_285_QUEUE,NOT_ASSESSED,REUSE_EXISTING_AUDIT_ONLY,NO
EV-1261,DISCUSSION_ONLY,General operational / occupational readiness,Verified — clear,NOT_IN_285_QUEUE,NOT_ASSESSED,REUSE_EXISTING_AUDIT_ONLY,NO
EV-1262,OUT_OF_SCOPE,General operational / occupational readiness,Verified — clear,NOT_IN_285_QUEUE,NOT_ASSESSED,REUSE_EXISTING_AUDIT_ONLY,NO
EV-1263,DISCUSSION_ONLY,General operational / occupational readiness,Verified — clear,NOT_IN_285_QUEUE,NOT_ASSESSED,REUSE_EXISTING_AUDIT_ONLY,NO
EV-1264,DISCUSSION_ONLY,General operational / occupational readiness,Verified — clear,NOT_IN_285_QUEUE,NOT_ASSESSED,REUSE_EXISTING_AUDIT_ONLY,NO
EV-1265,DISCUSSION_ONLY,General operational / occupational readiness,Verified — clear,NOT_IN_285_QUEUE,NOT_ASSESSED,REUSE_EXISTING_AUDIT_ONLY,NO
EV-1266,LOW_RELEVANCE,Tactical medicine / TCCC / TECC / APH,Pending,NOT_IN_285_QUEUE,NOT_ASSESSED,REUSE_EXISTING_AUDIT_ONLY,NO
EV-1267,OUT_OF_SCOPE,General operational / occupational readiness,Verified — clear,NOT_IN_285_QUEUE,NOT_ASSESSED,REUSE_EXISTING_AUDIT_ONLY,NO
EV-1268,OUT_OF_SCOPE,General operational / occupational readiness,Verified — clear,NOT_IN_285_QUEUE,NOT_ASSESSED,REUSE_EXISTING_AUDIT_ONLY,NO
EV-1269,LOW_RELEVANCE,Physical / academy readiness,Verified — clear,NOT_IN_285_QUEUE,NOT_ASSESSED,REUSE_EXISTING_AUDIT_ONLY,NO
EV-1270,DISCUSSION_ONLY,General operational / occupational readiness,Verified — clear,NOT_IN_285_QUEUE,NOT_ASSESSED,REUSE_EXISTING_AUDIT_ONLY,NO
EV-1271,DISCUSSION_ONLY,General operational / occupational readiness,Verified — clear,NOT_IN_285_QUEUE,NOT_ASSESSED,REUSE_EXISTING_AUDIT_ONLY,NO
EV-1272,OUT_OF_SCOPE,General operational / occupational readiness,Verified — clear,NOT_IN_285_QUEUE,NOT_ASSESSED,REUSE_EXISTING_AUDIT_ONLY,NO
EV-1273,FULL_TEXT_REVIEW,Musculoskeletal injury,Verified — clear,FULL_TEXT_UNAVAILABLE,NOT_YET_LOCALIZED,REUSE_EXISTING_AUDIT_ONLY,NO
EV-1274,DISCUSSION_ONLY,General operational / occupational readiness,Verified — clear,NOT_IN_285_QUEUE,NOT_ASSESSED,REUSE_EXISTING_AUDIT_ONLY,NO
EV-1275,OUT_OF_SCOPE,General operational / occupational readiness,Verified — clear,NOT_IN_285_QUEUE,NOT_ASSESSED,REUSE_EXISTING_AUDIT_ONLY,NO
EV-1276,DISCUSSION_ONLY,General operational / occupational readiness,Verified — clear,NOT_IN_285_QUEUE,NOT_ASSESSED,REUSE_EXISTING_AUDIT_ONLY,NO
EV-1277,FULL_TEXT_REVIEW,Musculoskeletal injury,Verified — clear,FULL_TEXT_UNAVAILABLE,NOT_YET_LOCALIZED,REUSE_EXISTING_AUDIT_ONLY,NO
EV-1278,DISCUSSION_ONLY,General operational / occupational readiness,Verified — clear,NOT_IN_285_QUEUE,NOT_ASSESSED,REUSE_EXISTING_AUDIT_ONLY,NO
EV-1279,OUT_OF_SCOPE,General operational / occupational readiness,Verified — clear,NOT_IN_285_QUEUE,NOT_ASSESSED,REUSE_EXISTING_AUDIT_ONLY,NO
EV-1280,DISCUSSION_ONLY,General operational / occupational readiness,Verified — clear,NOT_IN_285_QUEUE,NOT_ASSESSED,REUSE_EXISTING_AUDIT_ONLY,NO
EV-1281,LOW_RELEVANCE,Tactical medicine / TCCC / TECC / APH,Verified — clear,NOT_IN_285_QUEUE,NOT_ASSESSED,REUSE_EXISTING_AUDIT_ONLY,NO
EV-1282,LOW_RELEVANCE,Tactical medicine / TCCC / TECC / APH,Verified — clear,NOT_IN_285_QUEUE,NOT_ASSESSED,REUSE_EXISTING_AUDIT_ONLY,NO
EV-1283,DISCUSSION_ONLY,General operational / occupational readiness,Verified — clear,NOT_IN_285_QUEUE,NOT_ASSESSED,REUSE_EXISTING_AUDIT_ONLY,NO
EV-1284,FULL_TEXT_REVIEW,Tactical medicine / TCCC / TECC / APH,Verified — clear,FULL_TEXT_UNAVAILABLE,NOT_YET_LOCALIZED,REUSE_EXISTING_AUDIT_ONLY,NO
EV-1285,LOW_RELEVANCE,Musculoskeletal injury,Verified — clear,NOT_IN_285_QUEUE,NOT_ASSESSED,REUSE_EXISTING_AUDIT_ONLY,NO
EV-1286,FULL_TEXT_REVIEW,Musculoskeletal injury,Verified — clear,FULL_TEXT_UNAVAILABLE,NOT_YET_LOCALIZED,REUSE_EXISTING_AUDIT_ONLY,NO
EV-1287,FULL_TEXT_REVIEW,Physical / academy readiness,Verified — clear,FULL_TEXT_UNAVAILABLE,NOT_YET_LOCALIZED,REUSE_EXISTING_AUDIT_ONLY,NO
EV-1288,DISCUSSION_ONLY,General operational / occupational readiness,Verified — clear,NOT_IN_285_QUEUE,NOT_ASSESSED,REUSE_EXISTING_AUDIT_ONLY,NO
EV-1289,OUT_OF_SCOPE,General operational / occupational readiness,Verified — clear,NOT_IN_285_QUEUE,NOT_ASSESSED,REUSE_EXISTING_AUDIT_ONLY,NO
EV-1290,OUT_OF_SCOPE,General operational / occupational readiness,Verified — clear,NOT_IN_285_QUEUE,NOT_ASSESSED,REUSE_EXISTING_AUDIT_ONLY,NO
EV-1291,DISCUSSION_ONLY,General operational / occupational readiness,Verified — clear,NOT_IN_285_QUEUE,NOT_ASSESSED,REUSE_EXISTING_AUDIT_ONLY,NO
EV-1292,OUT_OF_SCOPE,General operational / occupational readiness,Verified — clear,NOT_IN_285_QUEUE,NOT_ASSESSED,REUSE_EXISTING_AUDIT_ONLY,NO
EV-1293,OUT_OF_SCOPE,General operational / occupational readiness,Verified — clear,NOT_IN_285_QUEUE,NOT_ASSESSED,REUSE_EXISTING_AUDIT_ONLY,NO
EV-1294,LOW_RELEVANCE,Tactical medicine / TCCC / TECC / APH,Verified — clear,NOT_IN_285_QUEUE,NOT_ASSESSED,REUSE_EXISTING_AUDIT_ONLY,NO
EV-1295,CONTEXT_ONLY,General operational / occupational readiness,Verified — clear,NOT_IN_285_QUEUE,NOT_ASSESSED,REUSE_EXISTING_AUDIT_ONLY,NO
EV-1296,DISCUSSION_ONLY,General operational / occupational readiness,Verified — clear,NOT_IN_285_QUEUE,NOT_ASSESSED,REUSE_EXISTING_AUDIT_ONLY,NO
EV-1297,FULL_TEXT_REVIEW,Mental health / stress,Verified — clear,FULL_TEXT_UNAVAILABLE,NOT_YET_LOCALIZED,REUSE_EXISTING_AUDIT_ONLY,NO
EV-1298,OUT_OF_SCOPE,General operational / occupational readiness,Verified — clear,NOT_IN_285_QUEUE,NOT_ASSESSED,REUSE_EXISTING_AUDIT_ONLY,NO
EV-1299,OUT_OF_SCOPE,General operational / occupational readiness,Verified — clear,NOT_IN_285_QUEUE,NOT_ASSESSED,REUSE_EXISTING_AUDIT_ONLY,NO
EV-1300,OUT_OF_SCOPE,General operational / occupational readiness,Verified — clear,NOT_IN_285_QUEUE,NOT_ASSESSED,REUSE_EXISTING_AUDIT_ONLY,NO
EV-1301,FULL_TEXT_REVIEW,Implementation science,Verified — clear,LAWFUL_PMC_XML,RESULT_LOCATED,REUSE_EXISTING_AUDIT_ONLY,NO
EV-1302,DISCUSSION_ONLY,General operational / occupational readiness,Verified — clear,NOT_IN_285_QUEUE,NOT_ASSESSED,REUSE_EXISTING_AUDIT_ONLY,NO
EV-1303,FULL_TEXT_REVIEW,Tactical medicine / TCCC / TECC / APH,Verified — clear,FULL_TEXT_UNAVAILABLE,NOT_YET_LOCALIZED,REUSE_EXISTING_AUDIT_ONLY,NO
EV-1304,OUT_OF_SCOPE,General operational / occupational readiness,Verified — clear,NOT_IN_285_QUEUE,NOT_ASSESSED,REUSE_EXISTING_AUDIT_ONLY,NO
EV-1305,DISCUSSION_ONLY,General operational / occupational readiness,Verified — clear,NOT_IN_285_QUEUE,NOT_ASSESSED,REUSE_EXISTING_AUDIT_ONLY,NO
EV-1306,OUT_OF_SCOPE,General operational / occupational readiness,Verified — clear,NOT_IN_285_QUEUE,NOT_ASSESSED,REUSE_EXISTING_AUDIT_ONLY,NO
EV-1307,FULL_TEXT_REVIEW,Musculoskeletal injury,Verified — clear,FULL_TEXT_UNAVAILABLE,NOT_YET_LOCALIZED,REUSE_EXISTING_AUDIT_ONLY,NO
EV-1308,FULL_TEXT_REVIEW,Musculoskeletal injury,Verified — clear,FULL_TEXT_UNAVAILABLE,NOT_YET_LOCALIZED,REUSE_EXISTING_AUDIT_ONLY,NO
EV-1309,DISCUSSION_ONLY,General operational / occupational readiness,Verified — clear,NOT_IN_285_QUEUE,NOT_ASSESSED,REUSE_EXISTING_AUDIT_ONLY,NO
EV-1310,OUT_OF_SCOPE,General operational / occupational readiness,Verified — clear,NOT_IN_285_QUEUE,NOT_ASSESSED,REUSE_EXISTING_AUDIT_ONLY,NO
EV-1311,FULL_TEXT_REVIEW,Sleep / fatigue / recovery,Verified — clear,FULL_TEXT_UNAVAILABLE,NOT_YET_LOCALIZED,REUSE_EXISTING_AUDIT_ONLY,NO
EV-1312,DISCUSSION_ONLY,General operational / occupational readiness,Verified — clear,NOT_IN_285_QUEUE,NOT_ASSESSED,REUSE_EXISTING_AUDIT_ONLY,NO
EV-1313,DISCUSSION_ONLY,Physical / academy readiness,Verified — clear,NOT_IN_285_QUEUE,NOT_ASSESSED,REUSE_EXISTING_AUDIT_ONLY,NO
EV-1314,LOW_RELEVANCE,Tactical medicine / TCCC / TECC / APH,Verified — clear,NOT_IN_285_QUEUE,NOT_ASSESSED,REUSE_EXISTING_AUDIT_ONLY,NO
EV-1315,DISCUSSION_ONLY,General operational / occupational readiness,Verified — clear,NOT_IN_285_QUEUE,NOT_ASSESSED,REUSE_EXISTING_AUDIT_ONLY,NO
EV-1316,LOW_RELEVANCE,Monitoring / wearables,Verified — clear,NOT_IN_285_QUEUE,NOT_ASSESSED,REUSE_EXISTING_AUDIT_ONLY,NO
EV-1317,OUT_OF_SCOPE,General operational / occupational readiness,Verified — clear,NOT_IN_285_QUEUE,NOT_ASSESSED,REUSE_EXISTING_AUDIT_ONLY,NO
EV-1318,OUT_OF_SCOPE,General operational / occupational readiness,Verified — clear,NOT_IN_285_QUEUE,NOT_ASSESSED,REUSE_EXISTING_AUDIT_ONLY,NO
EV-1319,LOW_RELEVANCE,Tactical medicine / TCCC / TECC / APH,Verified — clear,NOT_IN_285_QUEUE,NOT_ASSESSED,REUSE_EXISTING_AUDIT_ONLY,NO
EV-1320,OUT_OF_SCOPE,General operational / occupational readiness,Verified — clear,NOT_IN_285_QUEUE,NOT_ASSESSED,REUSE_EXISTING_AUDIT_ONLY,NO
EV-1321,OUT_OF_SCOPE,General operational / occupational readiness,Verified — clear,NOT_IN_285_QUEUE,NOT_ASSESSED,REUSE_EXISTING_AUDIT_ONLY,NO
EV-1322,OUT_OF_SCOPE,General operational / occupational readiness,Verified — clear,NOT_IN_285_QUEUE,NOT_ASSESSED,REUSE_EXISTING_AUDIT_ONLY,NO
EV-1323,FULL_TEXT_REVIEW,Musculoskeletal injury,Verified — clear,FULL_TEXT_UNAVAILABLE,NOT_YET_LOCALIZED,REUSE_EXISTING_AUDIT_ONLY,NO
EV-1324,OUT_OF_SCOPE,General operational / occupational readiness,Verified — clear,NOT_IN_285_QUEUE,NOT_ASSESSED,REUSE_EXISTING_AUDIT_ONLY,NO
EV-1325,FULL_TEXT_REVIEW,Mental health / stress,Verified — clear,FULL_TEXT_UNAVAILABLE,NOT_YET_LOCALIZED,REUSE_EXISTING_AUDIT_ONLY,NO
EV-1326,OUT_OF_SCOPE,General operational / occupational readiness,Verified — clear,NOT_IN_285_QUEUE,NOT_ASSESSED,REUSE_EXISTING_AUDIT_ONLY,NO
EV-1327,LOW_RELEVANCE,General operational / occupational readiness,Verified — clear,NOT_IN_285_QUEUE,NOT_ASSESSED,REUSE_EXISTING_AUDIT_ONLY,NO
EV-1328,DISCUSSION_ONLY,General operational / occupational readiness,Verified — clear,NOT_IN_285_QUEUE,NOT_ASSESSED,REUSE_EXISTING_AUDIT_ONLY,NO
EV-1329,DISCUSSION_ONLY,General operational / occupational readiness,Verified — clear,NOT_IN_285_QUEUE,NOT_ASSESSED,REUSE_EXISTING_AUDIT_ONLY,NO
EV-1330,FULL_TEXT_REVIEW,Hydration / heat / thermoregulation,Verified — clear,FULL_TEXT_UNAVAILABLE,NOT_YET_LOCALIZED,REUSE_EXISTING_AUDIT_ONLY,NO
EV-1331,OUT_OF_SCOPE,General operational / occupational readiness,Verified — clear,NOT_IN_285_QUEUE,NOT_ASSESSED,REUSE_EXISTING_AUDIT_ONLY,NO
EV-1332,OUT_OF_SCOPE,General operational / occupational readiness,Verified — clear,NOT_IN_285_QUEUE,NOT_ASSESSED,REUSE_EXISTING_AUDIT_ONLY,NO
EV-1333,OUT_OF_SCOPE,General operational / occupational readiness,Verified — clear,NOT_IN_285_QUEUE,NOT_ASSESSED,REUSE_EXISTING_AUDIT_ONLY,NO
EV-1334,OUT_OF_SCOPE,General operational / occupational readiness,Verified — clear,NOT_IN_285_QUEUE,NOT_ASSESSED,REUSE_EXISTING_AUDIT_ONLY,NO
EV-1335,DISCUSSION_ONLY,General operational / occupational readiness,Verified — clear,NOT_IN_285_QUEUE,NOT_ASSESSED,REUSE_EXISTING_AUDIT_ONLY,NO
EV-1336,OUT_OF_SCOPE,General operational / occupational readiness,Verified — clear,NOT_IN_285_QUEUE,NOT_ASSESSED,REUSE_EXISTING_AUDIT_ONLY,NO
EV-1337,OUT_OF_SCOPE,General operational / occupational readiness,Verified — clear,NOT_IN_285_QUEUE,NOT_ASSESSED,REUSE_EXISTING_AUDIT_ONLY,NO
EV-1338,FULL_TEXT_REVIEW,Musculoskeletal injury,Verified — clear,FULL_TEXT_UNAVAILABLE,NOT_YET_LOCALIZED,REUSE_EXISTING_AUDIT_ONLY,NO
EV-1339,DISCUSSION_ONLY,General operational / occupational readiness,Verified — clear,NOT_IN_285_QUEUE,NOT_ASSESSED,REUSE_EXISTING_AUDIT_ONLY,NO
EV-1340,FULL_TEXT_REVIEW,Physical / academy readiness,Verified — clear,FULL_TEXT_UNAVAILABLE,NOT_YET_LOCALIZED,REUSE_EXISTING_AUDIT_ONLY,NO
EV-1341,OUT_OF_SCOPE,General operational / occupational readiness,Verified — clear,NOT_IN_285_QUEUE,NOT_ASSESSED,REUSE_EXISTING_AUDIT_ONLY,NO
EV-1342,OUT_OF_SCOPE,General operational / occupational readiness,Verified — clear,NOT_IN_285_QUEUE,NOT_ASSESSED,REUSE_EXISTING_AUDIT_ONLY,NO
EV-1343,LOW_RELEVANCE,Mental health / stress,Verified — clear,NOT_IN_285_QUEUE,NOT_ASSESSED,REUSE_EXISTING_AUDIT_ONLY,NO
EV-1344,LOW_RELEVANCE,Musculoskeletal injury,Verified — clear,NOT_IN_285_QUEUE,NOT_ASSESSED,REUSE_EXISTING_AUDIT_ONLY,NO
EV-1345,OUT_OF_SCOPE,General operational / occupational readiness,Verified — clear,NOT_IN_285_QUEUE,NOT_ASSESSED,REUSE_EXISTING_AUDIT_ONLY,NO
EV-1346,OUT_OF_SCOPE,General operational / occupational readiness,Verified — clear,NOT_IN_285_QUEUE,NOT_ASSESSED,REUSE_EXISTING_AUDIT_ONLY,NO
EV-1347,DISCUSSION_ONLY,General operational / occupational readiness,Verified — clear,NOT_IN_285_QUEUE,NOT_ASSESSED,REUSE_EXISTING_AUDIT_ONLY,NO
EV-1348,LOW_RELEVANCE,Physical / academy readiness,Verified — clear,NOT_IN_285_QUEUE,NOT_ASSESSED,REUSE_EXISTING_AUDIT_ONLY,NO
EV-1349,OUT_OF_SCOPE,General operational / occupational readiness,Verified — clear,NOT_IN_285_QUEUE,NOT_ASSESSED,REUSE_EXISTING_AUDIT_ONLY,NO
EV-1350,LOW_RELEVANCE,Tactical medicine / TCCC / TECC / APH,Verified — clear,NOT_IN_285_QUEUE,NOT_ASSESSED,REUSE_EXISTING_AUDIT_ONLY,NO
EV-1351,LOW_RELEVANCE,Mental health / stress,Verified — clear,NOT_IN_285_QUEUE,NOT_ASSESSED,REUSE_EXISTING_AUDIT_ONLY,NO
EV-1352,DISCUSSION_ONLY,General operational / occupational readiness,Verified — clear,NOT_IN_285_QUEUE,NOT_ASSESSED,REUSE_EXISTING_AUDIT_ONLY,NO
EV-1353,FULL_TEXT_REVIEW,Musculoskeletal injury,Verified — clear,FULL_TEXT_UNAVAILABLE,NOT_YET_LOCALIZED,REUSE_EXISTING_AUDIT_ONLY,NO
EV-1354,LOW_RELEVANCE,General operational / occupational readiness,Verified — clear,NOT_IN_285_QUEUE,NOT_ASSESSED,REUSE_EXISTING_AUDIT_ONLY,NO
EV-1355,OUT_OF_SCOPE,General operational / occupational readiness,Verified — clear,NOT_IN_285_QUEUE,NOT_ASSESSED,REUSE_EXISTING_AUDIT_ONLY,NO
EV-1356,DISCUSSION_ONLY,General operational / occupational readiness,Verified — clear,NOT_IN_285_QUEUE,NOT_ASSESSED,REUSE_EXISTING_AUDIT_ONLY,NO
EV-1357,OUT_OF_SCOPE,General operational / occupational readiness,Verified — clear,NOT_IN_285_QUEUE,NOT_ASSESSED,REUSE_EXISTING_AUDIT_ONLY,NO
EV-1358,OUT_OF_SCOPE,General operational / occupational readiness,Verified — clear,NOT_IN_285_QUEUE,NOT_ASSESSED,REUSE_EXISTING_AUDIT_ONLY,NO
EV-1359,OUT_OF_SCOPE,General operational / occupational readiness,Verified — clear,NOT_IN_285_QUEUE,NOT_ASSESSED,REUSE_EXISTING_AUDIT_ONLY,NO
EV-1360,OUT_OF_SCOPE,General operational / occupational readiness,Verified — clear,NOT_IN_285_QUEUE,NOT_ASSESSED,REUSE_EXISTING_AUDIT_ONLY,NO
EV-1361,OUT_OF_SCOPE,General operational / occupational readiness,Verified — clear,NOT_IN_285_QUEUE,NOT_ASSESSED,REUSE_EXISTING_AUDIT_ONLY,NO
EV-1362,OUT_OF_SCOPE,General operational / occupational readiness,Verified — clear,NOT_IN_285_QUEUE,NOT_ASSESSED,REUSE_EXISTING_AUDIT_ONLY,NO
EV-1363,DISCUSSION_ONLY,General operational / occupational readiness,Verified — clear,NOT_IN_285_QUEUE,NOT_ASSESSED,REUSE_EXISTING_AUDIT_ONLY,NO
EV-1364,DISCUSSION_ONLY,General operational / occupational readiness,Verified — clear,NOT_IN_285_QUEUE,NOT_ASSESSED,REUSE_EXISTING_AUDIT_ONLY,NO
EV-1365,LOW_RELEVANCE,Tactical medicine / TCCC / TECC / APH,Verified — clear,NOT_IN_285_QUEUE,NOT_ASSESSED,REUSE_EXISTING_AUDIT_ONLY,NO
EV-1366,OUT_OF_SCOPE,General operational / occupational readiness,Verified — clear,NOT_IN_285_QUEUE,NOT_ASSESSED,REUSE_EXISTING_AUDIT_ONLY,NO
EV-1367,OUT_OF_SCOPE,General operational / occupational readiness,Verified — clear,NOT_IN_285_QUEUE,NOT_ASSESSED,REUSE_EXISTING_AUDIT_ONLY,NO
EV-1368,DISCUSSION_ONLY,General operational / occupational readiness,Verified — clear,NOT_IN_285_QUEUE,NOT_ASSESSED,REUSE_EXISTING_AUDIT_ONLY,NO
EV-1369,DISCUSSION_ONLY,General operational / occupational readiness,Verified — clear,NOT_IN_285_QUEUE,NOT_ASSESSED,REUSE_EXISTING_AUDIT_ONLY,NO
EV-1370,OUT_OF_SCOPE,General operational / occupational readiness,Verified — clear,NOT_IN_285_QUEUE,NOT_ASSESSED,REUSE_EXISTING_AUDIT_ONLY,NO
EV-1371,LOW_RELEVANCE,General operational / occupational readiness,Verified — clear,NOT_IN_285_QUEUE,NOT_ASSESSED,REUSE_EXISTING_AUDIT_ONLY,NO
EV-1372,DISCUSSION_ONLY,Tactical medicine / TCCC / TECC / APH,Verified — clear,NOT_IN_285_QUEUE,NOT_ASSESSED,REUSE_EXISTING_AUDIT_ONLY,NO
EV-1373,DISCUSSION_ONLY,General operational / occupational readiness,Verified — clear,NOT_IN_285_QUEUE,NOT_ASSESSED,REUSE_EXISTING_AUDIT_ONLY,NO
EV-1374,DISCUSSION_ONLY,General operational / occupational readiness,Verified — clear,NOT_IN_285_QUEUE,NOT_ASSESSED,REUSE_EXISTING_AUDIT_ONLY,NO
EV-1375,DISCUSSION_ONLY,General operational / occupational readiness,Verified — clear,NOT_IN_285_QUEUE,NOT_ASSESSED,REUSE_EXISTING_AUDIT_ONLY,NO
EV-1376,DISCUSSION_ONLY,General operational / occupational readiness,Verified — clear,NOT_IN_285_QUEUE,NOT_ASSESSED,REUSE_EXISTING_AUDIT_ONLY,NO
EV-1377,FULL_TEXT_REVIEW,Cognition / firearm performance,Verified — clear,FULL_TEXT_UNAVAILABLE,NOT_YET_LOCALIZED,REUSE_EXISTING_AUDIT_ONLY,NO
EV-1378,OUT_OF_SCOPE,General operational / occupational readiness,Verified — clear,NOT_IN_285_QUEUE,NOT_ASSESSED,REUSE_EXISTING_AUDIT_ONLY,NO
EV-1379,INTEGRITY_BLOCK,Cognition / firearm performance,BLOCKED,NOT_IN_285_QUEUE,NOT_ASSESSED,REUSE_EXISTING_AUDIT_ONLY,NO
EV-1380,DISCUSSION_ONLY,General operational / occupational readiness,Verified — clear,NOT_IN_285_QUEUE,NOT_ASSESSED,REUSE_EXISTING_AUDIT_ONLY,NO
EV-1381,LOW_RELEVANCE,Sleep / fatigue / recovery,Verified — clear,NOT_IN_285_QUEUE,NOT_ASSESSED,REUSE_EXISTING_AUDIT_ONLY,NO
EV-1382,DISCUSSION_ONLY,Sleep / fatigue / recovery,Verified — clear,NOT_IN_285_QUEUE,NOT_ASSESSED,REUSE_EXISTING_AUDIT_ONLY,NO
EV-1383,DISCUSSION_ONLY,General operational / occupational readiness,Verified — clear,NOT_IN_285_QUEUE,NOT_ASSESSED,REUSE_EXISTING_AUDIT_ONLY,NO
EV-1384,LOW_RELEVANCE,General operational / occupational readiness,Verified — clear,NOT_IN_285_QUEUE,NOT_ASSESSED,REUSE_EXISTING_AUDIT_ONLY,NO
EV-1385,DISCUSSION_ONLY,General operational / occupational readiness,Verified — clear,NOT_IN_285_QUEUE,NOT_ASSESSED,REUSE_EXISTING_AUDIT_ONLY,NO
EV-1386,OUT_OF_SCOPE,General operational / occupational readiness,Verified — clear,NOT_IN_285_QUEUE,NOT_ASSESSED,REUSE_EXISTING_AUDIT_ONLY,NO
EV-1387,LOW_RELEVANCE,Musculoskeletal injury,Verified — clear,NOT_IN_285_QUEUE,NOT_ASSESSED,REUSE_EXISTING_AUDIT_ONLY,NO
EV-1388,OUT_OF_SCOPE,General operational / occupational readiness,Verified — clear,NOT_IN_285_QUEUE,NOT_ASSESSED,REUSE_EXISTING_AUDIT_ONLY,NO
EV-1389,OUT_OF_SCOPE,General operational / occupational readiness,Verified — clear,NOT_IN_285_QUEUE,NOT_ASSESSED,REUSE_EXISTING_AUDIT_ONLY,NO
EV-1390,FULL_TEXT_REVIEW,Musculoskeletal injury,Verified — clear,FULL_TEXT_UNAVAILABLE,NOT_YET_LOCALIZED,REUSE_EXISTING_AUDIT_ONLY,NO
EV-1391,DISCUSSION_ONLY,General operational / occupational readiness,Verified — clear,NOT_IN_285_QUEUE,NOT_ASSESSED,REUSE_EXISTING_AUDIT_ONLY,NO
EV-1392,FULL_TEXT_REVIEW,Physical / academy readiness,Verified — clear,FULL_TEXT_UNAVAILABLE,NOT_YET_LOCALIZED,REUSE_EXISTING_AUDIT_ONLY,NO
EV-1393,DISCUSSION_ONLY,General operational / occupational readiness,Verified — clear,NOT_IN_285_QUEUE,NOT_ASSESSED,REUSE_EXISTING_AUDIT_ONLY,NO
EV-1394,DISCUSSION_ONLY,General operational / occupational readiness,Verified — clear,NOT_IN_285_QUEUE,NOT_ASSESSED,REUSE_EXISTING_AUDIT_ONLY,NO
EV-1395,DISCUSSION_ONLY,General operational / occupational readiness,Verified — clear,NOT_IN_285_QUEUE,NOT_ASSESSED,REUSE_EXISTING_AUDIT_ONLY,NO
EV-1396,OUT_OF_SCOPE,General operational / occupational readiness,Verified — clear,NOT_IN_285_QUEUE,NOT_ASSESSED,REUSE_EXISTING_AUDIT_ONLY,NO
EV-1397,LOW_RELEVANCE,Medical / cardiovascular readiness,Verified — clear,NOT_IN_285_QUEUE,NOT_ASSESSED,REUSE_EXISTING_AUDIT_ONLY,NO
EV-1398,DISCUSSION_ONLY,General operational / occupational readiness,Verified — clear,NOT_IN_285_QUEUE,NOT_ASSESSED,REUSE_EXISTING_AUDIT_ONLY,NO
EV-1399,LOW_RELEVANCE,Tactical medicine / TCCC / TECC / APH,Verified — clear,NOT_IN_285_QUEUE,NOT_ASSESSED,REUSE_EXISTING_AUDIT_ONLY,NO
EV-1400,FULL_TEXT_REVIEW,Physical / academy readiness,Verified — clear,FULL_TEXT_UNAVAILABLE,NOT_YET_LOCALIZED,REUSE_EXISTING_AUDIT_ONLY,NO
EV-1401,OUT_OF_SCOPE,General operational / occupational readiness,Verified — clear,NOT_IN_285_QUEUE,NOT_ASSESSED,REUSE_EXISTING_AUDIT_ONLY,NO
EV-1402,OUT_OF_SCOPE,General operational / occupational readiness,Verified — clear,NOT_IN_285_QUEUE,NOT_ASSESSED,REUSE_EXISTING_AUDIT_ONLY,NO
EV-1403,OUT_OF_SCOPE,General operational / occupational readiness,Verified — clear,NOT_IN_285_QUEUE,NOT_ASSESSED,REUSE_EXISTING_AUDIT_ONLY,NO
EV-1404,OUT_OF_SCOPE,General operational / occupational readiness,Verified — clear,NOT_IN_285_QUEUE,NOT_ASSESSED,REUSE_EXISTING_AUDIT_ONLY,NO
EV-1405,DISCUSSION_ONLY,General operational / occupational readiness,Verified — clear,NOT_IN_285_QUEUE,NOT_ASSESSED,REUSE_EXISTING_AUDIT_ONLY,NO
EV-1406,DISCUSSION_ONLY,General operational / occupational readiness,Verified — clear,NOT_IN_285_QUEUE,NOT_ASSESSED,REUSE_EXISTING_AUDIT_ONLY,NO
EV-1407,OUT_OF_SCOPE,General operational / occupational readiness,Verified — clear,NOT_IN_285_QUEUE,NOT_ASSESSED,REUSE_EXISTING_AUDIT_ONLY,NO
EV-1408,FULL_TEXT_REVIEW,Musculoskeletal injury,Verified — clear,FULL_TEXT_UNAVAILABLE,NOT_YET_LOCALIZED,REUSE_EXISTING_AUDIT_ONLY,NO
EV-1409,OUT_OF_SCOPE,General operational / occupational readiness,Verified — clear,NOT_IN_285_QUEUE,NOT_ASSESSED,REUSE_EXISTING_AUDIT_ONLY,NO
EV-1410,DISCUSSION_ONLY,General operational / occupational readiness,Verified — clear,NOT_IN_285_QUEUE,NOT_ASSESSED,REUSE_EXISTING_AUDIT_ONLY,NO
EV-1411,LOW_RELEVANCE,Tactical medicine / TCCC / TECC / APH,Verified — clear,NOT_IN_285_QUEUE,NOT_ASSESSED,REUSE_EXISTING_AUDIT_ONLY,NO
EV-1412,OUT_OF_SCOPE,General operational / occupational readiness,Verified — clear,NOT_IN_285_QUEUE,NOT_ASSESSED,REUSE_EXISTING_AUDIT_ONLY,NO
EV-1413,OUT_OF_SCOPE,General operational / occupational readiness,Verified — clear,NOT_IN_285_QUEUE,NOT_ASSESSED,REUSE_EXISTING_AUDIT_ONLY,NO
EV-1414,LOW_RELEVANCE,General operational / occupational readiness,Verified — clear,NOT_IN_285_QUEUE,NOT_ASSESSED,REUSE_EXISTING_AUDIT_ONLY,NO
EV-1415,FULL_TEXT_REVIEW,Physical / academy readiness,Verified — clear,FULL_TEXT_UNAVAILABLE,NOT_YET_LOCALIZED,REUSE_EXISTING_AUDIT_ONLY,NO
EV-1416,DISCUSSION_ONLY,General operational / occupational readiness,Verified — clear,NOT_IN_285_QUEUE,NOT_ASSESSED,REUSE_EXISTING_AUDIT_ONLY,NO
EV-1417,FULL_TEXT_REVIEW,Musculoskeletal injury,Verified — clear,FULL_TEXT_UNAVAILABLE,NOT_YET_LOCALIZED,REUSE_EXISTING_AUDIT_ONLY,NO
EV-1418,OUT_OF_SCOPE,General operational / occupational readiness,Verified — clear,NOT_IN_285_QUEUE,NOT_ASSESSED,REUSE_EXISTING_AUDIT_ONLY,NO
EV-1419,DISCUSSION_ONLY,General operational / occupational readiness,Verified — clear,NOT_IN_285_QUEUE,NOT_ASSESSED,REUSE_EXISTING_AUDIT_ONLY,NO
EV-1420,OUT_OF_SCOPE,General operational / occupational readiness,Verified — clear,NOT_IN_285_QUEUE,NOT_ASSESSED,REUSE_EXISTING_AUDIT_ONLY,NO
EV-1421,DISCUSSION_ONLY,General operational / occupational readiness,Verified — clear,NOT_IN_285_QUEUE,NOT_ASSESSED,REUSE_EXISTING_AUDIT_ONLY,NO
EV-1422,OUT_OF_SCOPE,General operational / occupational readiness,Verified — clear,NOT_IN_285_QUEUE,NOT_ASSESSED,REUSE_EXISTING_AUDIT_ONLY,NO
EV-1423,DISCUSSION_ONLY,General operational / occupational readiness,Verified — clear,NOT_IN_285_QUEUE,NOT_ASSESSED,REUSE_EXISTING_AUDIT_ONLY,NO
EV-1424,OUT_OF_SCOPE,General operational / occupational readiness,Verified — clear,NOT_IN_285_QUEUE,NOT_ASSESSED,REUSE_EXISTING_AUDIT_ONLY,NO
EV-1425,OUT_OF_SCOPE,General operational / occupational readiness,Verified — clear,NOT_IN_285_QUEUE,NOT_ASSESSED,REUSE_EXISTING_AUDIT_ONLY,NO
EV-1426,FULL_TEXT_REVIEW,Musculoskeletal injury,Verified — clear,FULL_TEXT_UNAVAILABLE,NOT_YET_LOCALIZED,REUSE_EXISTING_AUDIT_ONLY,NO
EV-1427,DISCUSSION_ONLY,General operational / occupational readiness,Verified — clear,NOT_IN_285_QUEUE,NOT_ASSESSED,REUSE_EXISTING_AUDIT_ONLY,NO
EV-1428,FULL_TEXT_REVIEW,Physical / academy readiness,Verified — clear,FULL_TEXT_UNAVAILABLE,NOT_YET_LOCALIZED,REUSE_EXISTING_AUDIT_ONLY,NO
EV-1429,FULL_TEXT_REVIEW,Medical / cardiovascular readiness,Verified — clear,FULL_TEXT_UNAVAILABLE,NOT_YET_LOCALIZED,REUSE_EXISTING_AUDIT_ONLY,NO
EV-1430,DISCUSSION_ONLY,General operational / occupational readiness,Verified — clear,NOT_IN_285_QUEUE,NOT_ASSESSED,REUSE_EXISTING_AUDIT_ONLY,NO
EV-1431,LOW_RELEVANCE,Musculoskeletal injury,Verified — clear,NOT_IN_285_QUEUE,NOT_ASSESSED,REUSE_EXISTING_AUDIT_ONLY,NO
EV-1432,OUT_OF_SCOPE,General operational / occupational readiness,Verified — clear,NOT_IN_285_QUEUE,NOT_ASSESSED,REUSE_EXISTING_AUDIT_ONLY,NO
EV-1433,LOW_RELEVANCE,Sleep / fatigue / recovery,Verified — clear,NOT_IN_285_QUEUE,NOT_ASSESSED,REUSE_EXISTING_AUDIT_ONLY,NO
EV-1434,OUT_OF_SCOPE,General operational / occupational readiness,Verified — clear,NOT_IN_285_QUEUE,NOT_ASSESSED,REUSE_EXISTING_AUDIT_ONLY,NO
EV-1435,OUT_OF_SCOPE,General operational / occupational readiness,Verified — clear,NOT_IN_285_QUEUE,NOT_ASSESSED,REUSE_EXISTING_AUDIT_ONLY,NO
EV-1436,OUT_OF_SCOPE,General operational / occupational readiness,Verified — clear,NOT_IN_285_QUEUE,NOT_ASSESSED,REUSE_EXISTING_AUDIT_ONLY,NO
EV-1437,DISCUSSION_ONLY,General operational / occupational readiness,Verified — clear,NOT_IN_285_QUEUE,NOT_ASSESSED,REUSE_EXISTING_AUDIT_ONLY,NO
EV-1438,FULL_TEXT_REVIEW,Medical / cardiovascular readiness,Verified — clear,FULL_TEXT_UNAVAILABLE,NOT_YET_LOCALIZED,REUSE_EXISTING_AUDIT_ONLY,NO
EV-1439,OUT_OF_SCOPE,General operational / occupational readiness,Verified — clear,NOT_IN_285_QUEUE,NOT_ASSESSED,REUSE_EXISTING_AUDIT_ONLY,NO
EV-1440,FULL_TEXT_REVIEW,Physical / academy readiness,Verified — clear,FULL_TEXT_UNAVAILABLE,NOT_YET_LOCALIZED,REUSE_EXISTING_AUDIT_ONLY,NO
EV-1441,OUT_OF_SCOPE,General operational / occupational readiness,Verified — clear,NOT_IN_285_QUEUE,NOT_ASSESSED,REUSE_EXISTING_AUDIT_ONLY,NO
EV-1442,OUT_OF_SCOPE,General operational / occupational readiness,Verified — clear,NOT_IN_285_QUEUE,NOT_ASSESSED,REUSE_EXISTING_AUDIT_ONLY,NO
EV-1443,DISCUSSION_ONLY,General operational / occupational readiness,Verified — clear,NOT_IN_285_QUEUE,NOT_ASSESSED,REUSE_EXISTING_AUDIT_ONLY,NO
EV-1444,LOW_RELEVANCE,Musculoskeletal injury,Verified — clear,NOT_IN_285_QUEUE,NOT_ASSESSED,REUSE_EXISTING_AUDIT_ONLY,NO
EV-1445,DISCUSSION_ONLY,General operational / occupational readiness,Verified — clear,NOT_IN_285_QUEUE,NOT_ASSESSED,REUSE_EXISTING_AUDIT_ONLY,NO
EV-1446,OUT_OF_SCOPE,General operational / occupational readiness,Verified — clear,NOT_IN_285_QUEUE,NOT_ASSESSED,REUSE_EXISTING_AUDIT_ONLY,NO
EV-1447,OUT_OF_SCOPE,General operational / occupational readiness,Verified — clear,NOT_IN_285_QUEUE,NOT_ASSESSED,REUSE_EXISTING_AUDIT_ONLY,NO
EV-1448,DISCUSSION_ONLY,General operational / occupational readiness,Verified — clear,NOT_IN_285_QUEUE,NOT_ASSESSED,REUSE_EXISTING_AUDIT_ONLY,NO
EV-1449,DISCUSSION_ONLY,General operational / occupational readiness,Verified — clear,NOT_IN_285_QUEUE,NOT_ASSESSED,REUSE_EXISTING_AUDIT_ONLY,NO
EV-1450,OUT_OF_SCOPE,General operational / occupational readiness,Verified — clear,NOT_IN_285_QUEUE,NOT_ASSESSED,REUSE_EXISTING_AUDIT_ONLY,NO
EV-1451,LOW_RELEVANCE,Physical / academy readiness,Verified — clear,NOT_IN_285_QUEUE,NOT_ASSESSED,REUSE_EXISTING_AUDIT_ONLY,NO
EV-1452,LOW_RELEVANCE,Musculoskeletal injury,Verified — clear,NOT_IN_285_QUEUE,NOT_ASSESSED,REUSE_EXISTING_AUDIT_ONLY,NO
EV-1453,OUT_OF_SCOPE,General operational / occupational readiness,Verified — clear,NOT_IN_285_QUEUE,NOT_ASSESSED,REUSE_EXISTING_AUDIT_ONLY,NO
EV-1454,DISCUSSION_ONLY,General operational / occupational readiness,Verified — clear,NOT_IN_285_QUEUE,NOT_ASSESSED,REUSE_EXISTING_AUDIT_ONLY,NO
EV-1455,LOW_RELEVANCE,Physical / academy readiness,Verified — clear,NOT_IN_285_QUEUE,NOT_ASSESSED,REUSE_EXISTING_AUDIT_ONLY,NO
EV-1456,DISCUSSION_ONLY,General operational / occupational readiness,Verified — clear,NOT_IN_285_QUEUE,NOT_ASSESSED,REUSE_EXISTING_AUDIT_ONLY,NO
EV-1457,REPLACE_EXISTING_CANDIDATE,Physical / academy readiness,Yes,FULL_TEXT_UNAVAILABLE,NOT_YET_LOCALIZED,REUSE_EXISTING_AUDIT_ONLY,NO
EV-1458,REPLACE_EXISTING_CANDIDATE,Physical / academy readiness,Yes,LAWFUL_PMC_XML,RESULT_LOCATED,REUSE_EXISTING_AUDIT_ONLY,NO
EV-1459,LOW_RELEVANCE,Load carriage / equipment burden,Yes,NOT_IN_285_QUEUE,NOT_ASSESSED,REUSE_EXISTING_AUDIT_ONLY,NO
EV-1460,FULL_TEXT_REVIEW,Sleep / fatigue / recovery,Yes,LAWFUL_PMC_XML,NOT_YET_LOCALIZED,REUSE_EXISTING_AUDIT_ONLY,NO
EV-1461,FULL_TEXT_REVIEW,Sleep / fatigue / recovery,Yes,LAWFUL_PMC_XML,RESULT_LOCATED,REUSE_EXISTING_AUDIT_ONLY,NO
EV-1462,REPLACE_EXISTING_CANDIDATE,Nutrition / shift work,Yes,FULL_TEXT_UNAVAILABLE,NOT_YET_LOCALIZED,REUSE_EXISTING_AUDIT_ONLY,NO
EV-1463,FULL_TEXT_REVIEW,Medical / cardiovascular readiness,Yes,FULL_TEXT_UNAVAILABLE,NOT_YET_LOCALIZED,REUSE_EXISTING_AUDIT_ONLY,NO
EV-1464,FULL_TEXT_REVIEW,Sleep / fatigue / recovery,Yes,FULL_TEXT_UNAVAILABLE,NOT_YET_LOCALIZED,REUSE_EXISTING_AUDIT_ONLY,NO
EV-1465,FULL_TEXT_REVIEW,Sleep / fatigue / recovery,Yes,FULL_TEXT_UNAVAILABLE,NOT_YET_LOCALIZED,REUSE_EXISTING_AUDIT_ONLY,NO
EV-1466,FULL_TEXT_REVIEW,Musculoskeletal injury,Yes,FULL_TEXT_UNAVAILABLE,NOT_YET_LOCALIZED,REUSE_EXISTING_AUDIT_ONLY,NO
EV-1467,FULL_TEXT_REVIEW,Musculoskeletal injury,Yes,LAWFUL_PMC_XML,NOT_YET_LOCALIZED,REUSE_EXISTING_AUDIT_ONLY,NO
EV-1468,LOW_RELEVANCE,General operational / occupational readiness,Yes,NOT_IN_285_QUEUE,NOT_ASSESSED,REUSE_EXISTING_AUDIT_ONLY,NO
EV-1469,LOW_RELEVANCE,General operational / occupational readiness,Yes,NOT_IN_285_QUEUE,NOT_ASSESSED,REUSE_EXISTING_AUDIT_ONLY,NO
EV-1470,DISCUSSION_ONLY,General operational / occupational readiness,Identifier limited / official source,NOT_IN_285_QUEUE,NOT_ASSESSED,REUSE_EXISTING_AUDIT_ONLY,NO
EV-1471,ALREADY_CITED,Nutrition / shift work,Yes,NOT_IN_285_QUEUE,NOT_ASSESSED,REUSE_EXISTING_AUDIT_ONLY,NO
EV-1472,ALREADY_CITED,Nutrition / shift work,Yes,NOT_IN_285_QUEUE,NOT_ASSESSED,REUSE_EXISTING_AUDIT_ONLY,NO
EV-1473,ALREADY_CITED,Cognition / firearm performance,Yes,NOT_IN_285_QUEUE,NOT_ASSESSED,REUSE_EXISTING_AUDIT_ONLY,NO
EV-1474,ALREADY_CITED,Cognition / firearm performance,Yes,NOT_IN_285_QUEUE,NOT_ASSESSED,REUSE_EXISTING_AUDIT_ONLY,NO
EV-1475,ALREADY_CITED,Tactical medicine / TCCC / TECC / APH,Yes,NOT_IN_285_QUEUE,NOT_ASSESSED,REUSE_EXISTING_AUDIT_ONLY,NO
EV-1476,ALREADY_CITED,Tactical medicine / TCCC / TECC / APH,Yes,NOT_IN_285_QUEUE,NOT_ASSESSED,REUSE_EXISTING_AUDIT_ONLY,NO
EV-1477,ALREADY_CITED,Tactical medicine / TCCC / TECC / APH,Identifier limited / official source,NOT_IN_285_QUEUE,NOT_ASSESSED,REUSE_EXISTING_AUDIT_ONLY,NO
EV-1478,ALREADY_CITED,Implementation science,Yes,NOT_IN_285_QUEUE,NOT_ASSESSED,REUSE_EXISTING_AUDIT_ONLY,NO
EV-1479,ALREADY_CITED,Implementation science,Yes,NOT_IN_285_QUEUE,NOT_ASSESSED,REUSE_EXISTING_AUDIT_ONLY,NO
EV-1480,ALREADY_CITED,General operational / occupational readiness,Yes,NOT_IN_285_QUEUE,NOT_ASSESSED,REUSE_EXISTING_AUDIT_ONLY,NO
EV-1481,ALREADY_CITED,Physical / academy readiness,Yes,NOT_IN_285_QUEUE,NOT_ASSESSED,REUSE_EXISTING_AUDIT_ONLY,NO
EV-1482,ALREADY_CITED,Implementation science,Yes,NOT_IN_285_QUEUE,NOT_ASSESSED,REUSE_EXISTING_AUDIT_ONLY,NO
EV-1483,ALREADY_CITED,Nutrition / shift work,CLEAR_METADATA_ONLY; FULLTEXT_PENDING,NOT_IN_285_QUEUE,NOT_ASSESSED,REUSE_EXISTING_AUDIT_ONLY,NO
EV-1484,ALREADY_CITED,Medical / cardiovascular readiness,CLEAR,NOT_IN_285_QUEUE,NOT_ASSESSED,REUSE_EXISTING_AUDIT_ONLY,NO
